core_temp,hyd_pressure,voltage_draw,sync_rate,coolant_level,vibration,operating_hours,failure
57.45,1475.3,597.8,92.96,51.2,3.024,4349.9,1
65.68,1126.4,618.4,85.02,322.4,7.373,4460.8,1
54.74,1884.5,424.5,78.4,498.5,3.805,3588.2,0
40.29,1210.2,480.2,83.17,253.4,4.396,936.2,0
54.55,1717.8,576.0,99.16,370.9,1.593,447.7,0
53.84,1781.5,594.5,93.62,149.5,1.294,659.8,0
78.6,1782.1,605.5,99.85,373.5,3.413,4654.2,0
60.76,2042.3,697.7,93.24,98.6,0.485,4106.2,0
69.18,1550.2,468.4,92.45,104.1,2.256,4593.0,1
66.26,1448.3,553.8,100.0,119.3,7.15,3416.4,0
78.27,1029.7,582.5,80.0,487.6,2.594,4279.5,0
71.61,1803.7,568.7,91.57,499.6,4.694,1295.1,0
48.11,1391.8,494.2,87.28,183.9,3.431,4393.6,0
68.09,1853.5,591.0,99.02,,3.44,3091.6,0
55.09,2356.7,339.2,100.0,106.9,2.161,2569.2,0
34.05,1970.4,490.0,88.66,127.7,2.257,1839.2,0
83.6,1027.7,315.1,84.88,357.0,1.033,4406.6,0
36.22,1392.3,592.0,82.5,258.2,5.587,635.0,0
51.29,1342.1,632.5,99.45,245.4,3.862,3922.1,0
-5.047228439927288,1146.6,485.3,81.26,82.3,0.786,718.6,0
57.83,1677.2,471.1,90.89,144.0,0.371,1117.4,0
48.63,1676.4,515.1,94.48,240.7,0.213,2967.1,0
43.02,1661.2,635.0,96.06,435.2,0.816,1216.2,0
45.85,1175.8,483.8,88.6,140.0,1.371,3365.2,0
89.56,1540.4,551.7,85.9,381.7,4.928,1274.0,0
69.71,1869.0,624.0,100.0,227.1,0.627,273.2,0
78.16,904.6,568.1,89.64,448.8,5.547,1105.2,0
80.88,2190.9,571.4,100.0,412.7,1.854,4722.1,0
57.49,1701.0,441.3,,122.2,0.914,2630.9,0
36.33,1528.2,614.6,83.8,432.9,2.794,4463.7,0
60.7,1050.7,396.8,86.93,470.8,2.754,1257.8,0
86.66,1749.5,415.0,,207.4,1.876,2757.8,0
58.07,1576.3,522.0,98.29,51.1,3.935,4170.8,1
33.11,1950.9,413.9,86.55,359.6,4.633,4139.4,0
54.12,990.0,297.6,87.73,372.1,1.773,1739.9,0
62.47,1639.7,340.2,89.88,265.8,1.858,1626.3,0
64.53,909.8,402.2,96.99,367.4,2.44,1128.2,0
72.74,1736.9,613.7,85.17,92.4,4.955,1610.6,1
51.76,1330.2,479.2,94.08,203.0,3.128,1529.4,0
61.12,1151.0,493.1,87.73,223.9,4.281,2123.5,0
47.49,1419.7,470.8,100.0,387.5,,1595.0,0
65.78,1152.8,447.0,,117.0,2.356,2848.3,0
73.9,1303.9,612.6,99.45,272.8,3.629,1387.7,0
42.79,2266.4,632.3,80.89,238.6,1.48,2107.9,0
70.76,1411.9,765.8,88.65,352.8,1.814,641.1,0
57.42,1900.7,533.6,94.58,148.0,4.94,102.8,0
59.92,576.0,594.5,92.61,263.5,5.268,1743.4,0
71.72,1468.3,470.4,100.0,313.2,1.95,2840.8,0
77.24,1662.1,473.8,96.89,214.1,3.423,1650.6,0
100.9,2129.6,279.0,82.03,67.3,4.606,484.1,1
76.15,1621.0,585.6,91.8,334.8,4.086,1646.4,0
61.72,1394.2,563.5,100.0,281.1,3.14,2135.7,0
70.86,1049.9,420.2,83.06,384.1,4.895,3203.1,0
60.86,1337.5,460.6,88.98,87.1,2.078,1046.3,0
65.71,1356.1,514.7,90.99,253.6,0.33,4734.4,0
66.32,1568.5,569.2,100.0,391.9,2.584,3171.1,1
41.3,896.2,441.8,97.72,367.9,3.815,4433.8,0
66.86,1708.3,691.2,83.55,490.6,2.187,617.3,0
53.45,1426.2,484.6,95.72,180.4,4.442,137.0,0
72.17,1990.1,413.9,97.99,269.8,,2343.8,0
60.22,1334.2,479.5,86.65,281.5,5.444,4839.2,0
83.63,1514.9,620.8,94.44,188.8,0.385,4266.2,0
59.33,1840.8,391.6,85.05,265.0,6.291,1612.3,0
42.43,1468.6,579.7,93.86,397.1,1.083,1014.6,0
65.53,1709.8,555.3,100.0,279.8,2.706,4969.0,0
65.29,1348.6,510.5,92.83,122.2,0.762,3130.4,0
48.88,1034.5,565.6,86.44,91.7,5.657,4814.2,1
61.73,1948.3,628.6,93.27,390.8,1.233,4934.2,0
68.01,1651.8,432.2,92.63,90.4,4.082,58.3,1
66.79,2374.4,634.6,100.0,465.7,0.1,1821.2,0
76.49,1718.9,252.6,85.42,299.9,2.762,4412.8,1
90.35,2009.0,544.8,91.48,389.6,4.282,3561.8,1
48.46,1213.0,189.3,92.85,292.7,2.312,2583.0,1
71.69,1669.8,433.7,93.74,150.0,0.757,4564.9,0
83.98,1947.9,351.9,79.35,378.3,3.376,3554.8,1
48.64,1326.4,748.2,91.62,344.8,1.236,4489.1,0
62.4,1185.3,492.8,92.27,478.8,1.685,1906.4,0
79.19,1473.0,414.3,87.69,330.6,,916.7,0
65.26,2842.9,526.8,93.58,407.7,2.785,4561.5,0
40.86,828.0,393.8,85.4,404.1,4.978,241.5,0
95.42,1505.0,537.7,80.35,202.3,4.106,2055.5,0
72.21,1605.7,678.7,80.68,155.5,5.722,3121.3,1
63.93,1205.9,517.9,96.54,163.2,2.446,3329.5,0
76.43,2248.0,731.2,98.92,483.8,0.833,2130.1,0
66.07,1993.5,622.4,100.0,167.0,5.573,78.5,0
67.96,1697.2,419.4,88.3,318.9,3.989,501.5,0
41.34,1598.4,417.7,87.53,201.2,2.009,4344.4,0
58.4,1123.2,550.8,99.35,253.3,2.1,2719.3,0
48.71,1468.3,342.7,99.4,289.7,5.834,1665.2,0
45.77,1448.9,101.9,95.37,148.3,4.121,2487.4,0
53.45,1148.9,373.7,77.96,322.5,2.25,3454.2,0
65.37,1146.8,548.3,88.87,80.6,3.398,4964.5,1
72.54,1311.7,662.3,87.19,366.5,6.439,1843.6,0
53.98,1696.3,384.1,95.78,252.8,4.237,2343.8,0
72.15,1963.3,497.4,87.99,232.1,4.461,4098.1,1
32.99,2354.1,378.3,99.26,81.5,1.752,1772.0,0
47.08,1777.6,541.1,88.1,134.5,,345.2,0
25.96,2231.5,370.2,94.15,204.2,3.014,1196.8,0
60.96,1870.5,603.9,100.0,493.4,3.369,3556.4,0
75.55,1345.4,603.9,86.41,64.8,4.552,4127.5,1
41.99,1517.8,336.6,94.12,297.9,2.746,2796.8,0
75.95,1085.8,475.7,76.68,307.7,5.017,2341.5,0
68.68,1974.5,670.7,94.14,309.0,4.451,4189.4,0
58.11,1424.9,391.0,100.0,74.7,,256.3,0
57.31,1954.0,534.6,97.48,299.7,5.297,4983.9,1
68.18,1329.2,390.3,91.46,250.3,,4344.6,0
58.66,1290.2,305.3,75.2,211.6,4.972,4987.2,1
108.3,1422.0,574.8,85.25,140.7,0.604,821.1,0
62.65,2329.1,370.0,98.9,250.8,1.032,1605.0,0
41.47,2066.6,722.2,100.0,385.8,0.44,796.5,0
85.98,1506.8,462.9,85.89,479.1,1.949,2549.6,0
65.23,1685.8,503.4,99.8,65.1,1.864,1487.6,0
73.74,1706.0,425.1,86.96,155.5,4.607,735.0,0
60.51,1462.9,381.0,90.45,99.5,1.16,3089.1,0
71.07,1719.4,451.9,99.06,393.6,2.728,2766.0,0
32.15,1736.3,450.0,84.67,276.3,1.567,3504.3,0
66.42,1278.9,569.9,83.36,388.3,1.222,20.3,0
,2089.1,466.7,88.79,195.3,0.103,3039.0,1
78.13,1894.7,396.8,91.14,162.6,1.53,2435.4,0
10.44,1148.7,692.8,91.86,57.3,4.758,935.0,0
40.28,1602.4,357.0,94.69,255.3,7.451,844.1,0
78.68,2105.1,442.3,94.8,281.6,0.277,3186.3,0
58.26,1960.9,459.5,88.29,,7.777,1011.8,0
68.38,2003.7,447.5,91.78,281.2,0.447,2036.0,0
99.68,1579.7,439.7,95.57,291.0,1.505,1461.6,0
73.18,1352.1,627.1,82.88,456.3,,284.7,0
85.45,2145.4,428.0,100.0,445.2,0.065,3125.2,0
59.24,1749.3,646.0,99.95,177.5,3.666,4876.0,0
72.11,1594.3,595.3,88.58,156.1,3.115,448.5,0
62.21,1456.7,642.7,95.61,399.3,7.419,3520.8,0
74.49,1517.1,397.9,86.06,370.4,6.123,104.4,0
28.01,1868.9,596.1,98.24,,3.039,4847.4,0
85.89,1553.8,570.2,95.79,127.5,3.817,4713.9,0
55.91,1306.3,573.1,83.76,241.3,,2688.4,0
28.59,1549.7,632.6,95.18,242.1,6.251,2726.8,0
,1891.0,514.3,100.0,435.1,5.326,1604.1,1
57.18,1512.3,483.7,97.75,209.0,5.052,3733.1,0
48.12,1441.3,574.2,81.07,497.2,3.508,934.4,0
30.17,1773.7,524.7,84.46,135.5,5.506,2706.3,0
,1372.0,546.4,100.0,471.4,0.214,4980.3,0
74.92,1907.8,382.6,100.0,204.4,1.488,2142.6,0
81.31,1238.3,477.5,100.0,397.1,2.12,35.8,0
73.08,862.2,571.9,84.4,315.3,3.093,290.7,0
67.93,1780.9,493.3,100.0,115.8,4.584,3299.8,1
45.23,1849.8,393.4,,289.7,5.094,3559.1,0
80.2,2014.5,540.9,95.54,87.1,0.361,1378.5,0
77.99,2042.7,551.5,88.05,466.4,3.227,784.3,0
76.58,1390.2,525.0,96.93,54.3,1.462,2754.6,1
52.64,1959.2,519.7,98.78,317.2,4.488,1156.7,0
68.58,2490.3,342.8,75.85,334.3,2.271,3502.4,1
55.37,1683.7,560.7,93.25,113.3,2.851,2271.5,0
71.21,1681.0,520.2,87.22,428.9,3.553,2883.1,0
52.5,1798.8,416.2,96.55,,,4087.2,1
73.66,1604.5,456.1,91.99,137.8,6.421,3611.3,1
89.81,1412.4,476.1,88.46,355.2,1.206,4990.9,0
68.48,1909.9,489.7,96.8,282.5,3.643,877.4,0
60.18,1987.9,497.8,100.0,77.0,3.055,3810.9,0
68.17,2058.9,536.6,91.79,365.4,4.195,2581.1,0
60.66,1671.2,407.2,99.62,446.0,8.453,1440.5,0
41.86,1105.6,716.9,98.24,429.8,4.519,1088.3,0
67.96,2099.5,624.5,95.17,498.6,5.633,3882.8,0
103.81,1490.9,484.0,100.0,66.4,4.919,375.5,1
70.07,1404.2,446.4,97.04,330.7,5.371,1721.5,0
49.02,1903.6,630.4,99.36,97.5,3.508,3180.7,0
61.45,2137.4,442.6,97.0,467.2,3.638,4231.5,0
,1740.5,618.2,98.54,467.3,0.675,2044.1,0
60.75,1529.8,531.5,97.96,61.0,5.723,3433.8,1
59.68,2101.2,601.6,96.62,,1.141,4789.8,0
74.72,1189.8,481.1,90.88,229.7,5.035,3020.4,0
42.33,2377.9,552.2,88.57,399.4,4.779,1090.5,0
55.48,1155.7,678.3,84.17,413.7,0.678,1534.9,0
52.09,1229.0,550.4,82.23,135.3,2.457,1104.0,0
74.33,955.7,700.6,99.55,414.8,1.324,3277.6,0
46.48,1859.3,445.7,88.61,442.8,4.337,4391.8,0
58.28,1384.7,585.4,97.51,262.7,5.067,2654.6,0
53.38,1570.1,493.3,100.0,375.2,0.854,4333.1,0
41.89,1585.2,446.8,96.92,88.5,1.189,3216.7,0
43.27,1390.3,626.2,79.56,180.4,3.668,1901.9,0
56.01,1962.2,716.6,92.8,278.9,4.955,2688.7,0
94.06,1475.0,385.8,,262.4,8.697,4422.8,0
66.72,1511.3,444.2,89.19,274.2,3.875,1028.6,0
74.38,1638.0,320.4,83.14,497.4,1.36,4146.1,0
84.8,1364.9,492.5,80.74,365.8,4.085,2235.4,0
98.24,1802.0,556.1,93.42,404.4,6.09,4979.4,0
43.23,1968.1,541.9,,182.6,2.43,4196.2,0
42.56,1131.3,458.9,86.56,115.7,1.576,1742.7,0
62.88,1802.4,468.7,89.25,71.1,2.478,1053.8,1
79.11,1932.8,281.5,93.47,195.2,6.588,967.4,1
53.97,1784.6,488.3,98.76,457.0,1.965,884.8,0
81.2,1690.0,509.2,89.37,432.2,2.725,4501.0,0
63.8,1692.5,711.9,85.72,239.9,3.557,3701.5,0
41.19,1499.9,396.4,94.94,374.8,1.191,1273.1,0
67.92,1195.8,517.9,93.14,382.3,6.086,1371.1,0
63.19,1469.3,513.5,97.93,60.3,0.36,904.8,0
57.88,1207.2,485.3,92.26,136.3,9.238,4466.7,1
53.4,1100.7,618.7,97.18,225.6,3.363,2210.3,0
97.05,1255.5,641.0,91.01,313.1,4.376,2230.2,0
46.94,950.8,619.2,100.0,317.2,0.706,1274.3,0
,1174.9,576.7,82.44,112.5,0.031,701.9,0
43.04,1127.7,399.6,95.16,81.6,3.657,3801.9,0
103.59,1113.3,572.8,73.72,467.3,0.382,282.8,0
70.99,1559.0,265.8,88.07,488.3,6.044,3480.3,0
64.76,1395.1,382.6,96.97,464.4,6.023,1401.9,0
60.55,1128.3,496.6,79.35,315.0,,1984.5,0
66.99,1368.8,632.2,100.0,375.8,2.318,3324.5,0
58.34,1151.7,545.6,99.1,194.9,1.655,651.7,0
70.37,1415.8,438.9,100.0,100.8,5.036,485.8,0
48.05,1573.3,443.3,87.22,204.6,2.098,3682.8,0
81.73,1342.0,496.2,88.95,151.4,2.154,2140.9,0
55.77,2691.0,466.0,78.45,258.2,4.941,950.2,0
50.25,1967.4,630.0,100.0,165.8,2.327,4686.4,0
87.48,1481.5,582.6,96.74,283.0,3.996,1200.0,0
75.31,1857.0,622.6,100.0,314.0,2.548,784.5,0
58.13,2415.5,480.5,96.73,283.7,0.456,3772.0,0
95.98,1818.1,670.6,94.09,58.3,3.055,3808.5,1
70.97,1846.6,595.1,100.0,203.2,1.551,3904.3,0
72.59,1458.0,521.1,94.35,251.5,1.405,507.2,0
36.73,1550.4,656.0,87.78,444.5,0.022,475.6,0
48.22,1714.8,591.6,90.83,145.7,7.624,332.4,0
88.28,1753.3,573.5,91.36,315.5,4.591,1155.7,0
87.92,2222.8,428.1,93.75,341.4,5.931,3852.0,1
64.27,1430.5,546.3,94.36,87.4,6.78,3079.5,1
63.61,1428.0,374.7,92.41,270.6,0.618,2148.7,0
58.51,2064.8,527.5,90.1,298.1,4.09,3306.5,0
60.72,1669.1,645.3,100.0,127.0,3.262,1851.9,0
39.21,1772.2,229.0,99.08,104.7,1.633,2287.3,0
55.55,1133.4,523.5,87.6,216.5,1.599,4407.1,0
51.95,1424.8,511.5,90.17,214.6,1.668,3909.5,0
58.89,1054.7,594.1,94.86,425.6,6.094,2003.9,0
64.74,1649.5,393.1,79.93,454.2,4.341,4556.5,1
66.86,326.2,590.6,100.0,104.8,3.409,4922.7,0
64.75,1095.2,629.7,86.14,235.7,4.923,4541.9,0
41.81,1438.9,460.9,87.69,390.5,1.66,4453.4,0
64.86,1367.6,305.9,93.42,171.9,2.515,4345.6,0
79.33,1794.9,523.4,92.31,244.3,3.205,7.9,0
35.8,14291.882352050467,439.5,96.06,126.7,2.709,3122.7,0
51.44,1806.1,404.2,88.22,452.7,3.226,1715.3,0
77.48,1386.0,593.5,82.45,366.1,2.316,2215.4,0
-25.407577785211387,1364.0,463.3,91.13,274.9,4.023,3676.9,0
64.7,2173.1,270.6,,318.4,1.815,2358.3,1
47.69,1808.0,468.7,82.63,133.0,0.126,563.1,0
63.46,1925.8,518.1,100.0,422.0,6.556,1283.8,1
61.89,877.4,447.5,83.3,189.4,0.026,677.2,0
60.02,2855.5,341.5,88.76,402.0,3.988,3407.3,0
59.27,2389.1,391.1,84.62,181.8,2.289,4234.2,0
56.41,1717.2,409.9,78.98,139.6,3.89,1478.9,0
87.3,1158.2,556.1,87.98,172.0,1.561,12.7,0
,1660.3,550.3,100.0,256.1,1.943,1013.8,0
31.94,1763.0,412.3,84.28,,3.37,283.6,0
68.73,1749.2,423.6,97.25,98.8,3.77,111.4,0
61.28,1748.9,481.5,99.1,69.6,0.8,2899.1,0
89.43,1516.3,463.6,94.76,339.2,2.992,4226.4,0
81.88,1726.3,494.0,100.0,202.0,6.521,2291.6,0
58.7,1958.6,473.1,92.18,397.9,5.92,4182.5,0
65.36,927.9,388.9,99.07,339.2,3.013,2168.5,0
52.74,2015.9,523.8,95.24,210.9,4.16,4087.5,0
56.14,1186.8,445.7,91.98,429.8,4.888,793.8,0
46.65,2105.4,732.4,83.78,496.5,6.106,956.1,0
31.61,1961.4,445.7,93.51,273.8,0.984,981.6,0
66.37,954.4,687.9,98.82,265.5,4.513,30.6,0
73.94,2491.7,341.1,85.27,491.2,2.225,1450.3,0
74.52,1962.9,330.5,92.76,332.0,0.805,2545.1,0
60.51,1926.0,437.7,98.7,339.4,,3734.5,0
86.06,1870.2,617.9,81.78,158.3,1.174,1066.7,0
61.06,871.6,539.3,96.57,251.8,4.274,4596.1,0
63.69,1747.7,448.1,96.7,105.2,4.012,3295.5,0
55.79,2039.2,360.8,96.29,489.6,5.586,307.4,0
39.0,1441.3,273.7,96.37,397.6,3.479,3926.9,0
62.35,1431.3,514.3,93.98,202.7,3.806,1427.5,1
37.36,1231.1,430.8,100.0,333.3,1.792,1483.7,0
,1073.2,444.3,100.0,379.1,1.749,198.0,0
58.07,1083.8,596.9,80.13,376.4,4.994,1846.4,0
69.58,1707.4,508.1,96.88,417.5,4.147,2582.4,0
55.57,1872.9,608.3,96.72,189.0,2.217,468.3,0
97.28,1831.8,604.2,88.34,260.8,5.84,3784.7,1
49.85,1204.6,426.2,86.58,150.8,2.555,3406.6,0
44.2,2094.8,583.4,93.86,281.3,3.948,3533.4,0
48.73,999.8,585.5,89.44,132.3,7.214,1588.2,0
52.12,1535.4,299.6,100.0,198.7,7.422,4704.0,0
48.3,902.8,620.2,89.26,,5.49,2018.9,0
41.96,1407.3,347.9,94.81,342.7,3.005,3342.9,0
47.65,1223.9,473.9,88.71,150.0,2.009,3601.0,0
49.35,1876.0,497.3,89.3,200.1,1.194,4873.3,0
67.77,745.3,614.1,89.28,210.8,7.247,838.6,0
49.97,1560.1,665.4,93.76,230.8,5.73,460.9,0
73.17,1693.9,383.8,93.9,316.2,3.534,1450.4,0
57.22,2181.7,562.8,100.0,436.2,0.056,2782.8,0
47.13,1147.3,460.4,80.74,426.6,0.652,71.6,0
87.15,1167.2,509.4,94.85,289.2,4.746,1652.9,0
44.35,1821.9,660.9,84.62,52.0,5.656,1093.6,1
37.5,2002.4,320.8,88.72,282.3,,438.7,0
70.47,1652.8,379.0,94.53,274.1,3.959,3194.1,0
71.45,1043.7,536.1,89.39,103.9,2.544,768.0,0
43.96,1839.7,497.3,96.9,356.8,0.097,4248.8,0
95.24,1851.2,721.9,100.0,238.0,1.0,3897.6,0
67.86,1502.9,548.5,98.83,456.8,4.997,3585.8,0
86.96,2175.1,607.9,97.58,252.5,1.834,3384.4,0
71.48,1097.8,576.2,100.0,235.0,1.46,2261.4,0
50.62,2120.4,436.8,92.0,404.1,1.42,2276.9,0
55.54,1027.0,304.8,92.99,217.4,6.439,1050.0,0
39.72,1533.4,483.2,96.0,187.9,4.954,4271.9,0
46.73,2351.7,530.3,85.94,245.4,0.266,1809.1,0
67.06,791.4,144.0,93.63,405.6,7.303,906.1,0
56.41,1516.2,659.0,100.0,251.1,2.59,4290.8,0
59.58,1777.1,297.4,87.78,105.0,,1996.5,1
74.8,1322.3,488.8,94.77,436.0,1.277,1464.8,0
43.98,1752.2,639.8,93.04,462.4,2.764,231.5,0
26.14,1837.9,514.7,97.6,279.6,2.011,4044.2,0
82.51,1663.3,443.0,94.89,191.9,3.056,257.4,0
56.09,1527.5,493.5,89.56,459.6,5.345,279.8,0
44.82,1715.5,440.4,100.0,,1.17,2868.0,0
31.8,1815.4,693.2,97.03,391.8,0.716,4791.0,0
50.57,1034.7,320.6,94.75,370.4,0.825,3082.0,0
62.83,1788.6,478.4,85.3,270.5,2.017,3276.8,0
,1009.6,484.5,,,3.808,4346.9,0
34.43,1142.4,365.6,,261.4,3.604,4841.3,0
69.2,2011.8,547.5,100.0,120.2,0.215,3027.8,0
64.57,1637.5,455.3,90.87,110.5,,3657.0,1
50.72,2557.7,435.8,89.24,494.9,6.009,74.4,0
60.97,1183.7,456.9,89.09,377.2,1.156,4169.5,0
78.09,1552.8,592.8,82.63,296.1,4.968,4407.7,1
81.86,1613.5,542.5,95.58,346.8,5.378,2723.4,0
45.18,1953.7,479.0,90.77,222.5,6.558,2445.8,0
68.61,1546.7,768.5,92.5,329.8,4.387,2881.7,0
48.36,2073.9,366.8,99.81,313.8,1.418,3941.6,0
49.6,1622.3,554.5,84.61,252.9,5.137,4799.3,0
99.45,1581.4,666.2,94.19,191.1,3.039,4598.3,0
73.39,1620.5,583.6,90.31,124.9,1.722,4847.6,0
55.96,1156.0,593.6,92.09,490.2,4.863,4518.2,0
68.07,1968.7,667.9,88.92,157.6,4.121,1048.7,0
86.77,2088.7,651.4,97.38,62.2,5.686,1995.1,1
67.1,1762.6,653.4,89.22,157.1,5.323,3409.0,1
53.48,1633.1,512.9,91.61,379.4,0.565,4018.5,0
43.07,2319.4,566.8,96.28,88.3,4.045,4972.2,0
66.92,1449.7,528.8,82.15,383.1,2.32,553.0,0
88.4,1502.3,641.8,92.42,117.9,2.855,2433.8,1
64.25,1679.5,518.3,83.92,323.6,0.042,402.8,0
61.0,1651.5,530.0,100.0,271.8,5.072,3139.4,0
49.23,1061.3,594.2,95.25,442.8,1.229,3200.9,0
61.16,2128.0,485.3,88.24,157.6,2.719,154.2,0
58.53,1572.3,463.5,87.42,380.8,0.478,3917.3,0
71.18,1837.7,397.0,100.0,95.1,3.578,1750.7,1
70.31,1918.9,571.5,92.13,231.0,0.979,2125.7,0
68.44,1724.7,583.9,99.32,122.0,,2770.3,0
42.51,1607.3,386.0,89.58,88.5,0.184,4643.9,0
75.86,1577.5,489.5,97.13,172.8,3.221,737.5,0
63.17,1003.3,414.5,97.77,235.9,4.003,2697.8,0
50.94,1705.6,599.2,,121.3,6.856,3672.4,1
67.64,1786.3,375.0,87.44,428.3,7.221,678.3,0
35.59,1480.7,504.0,100.0,309.9,0.717,4751.0,0
55.74,2355.6,604.5,88.25,235.8,3.91,1822.8,0
86.53,1792.5,711.2,99.79,64.4,1.551,267.6,1
60.88,1608.5,446.7,80.08,65.4,3.315,1065.6,1
61.66,1278.7,606.2,84.62,254.2,2.111,4009.0,0
81.89,1080.2,327.4,83.18,,2.798,2732.7,0
57.48,1819.2,330.3,80.11,62.4,1.45,2823.9,1
91.54,2028.4,569.5,78.16,474.1,3.896,2348.0,0
61.04,1647.5,476.8,91.2,91.6,3.87,3092.6,1
31.2,1137.9,809.7,92.98,60.1,5.199,1026.6,0
55.12,1914.4,551.8,77.79,248.3,2.153,4397.8,1
59.49,2033.0,550.4,88.12,240.4,5.298,419.1,0
43.33,1248.8,483.8,90.65,177.1,6.175,924.0,0
50.6,994.6,627.7,97.94,210.7,3.268,2172.2,0
66.75,1074.0,393.8,90.65,279.2,6.228,1576.8,0
69.13,1521.0,304.9,88.52,141.3,4.056,4151.9,1
8.43,2361.8,614.5,90.17,141.3,3.385,3520.5,0
60.16,944.7,480.5,91.47,96.8,4.11,3456.7,0
65.48,1746.2,532.3,88.24,368.6,0.281,2823.5,0
60.09,1827.2,435.2,93.9,213.8,0.828,3514.2,0
60.95,1788.7,626.2,100.0,237.0,5.18,4738.4,0
38.77,1331.8,363.8,90.42,334.6,1.17,1601.9,0
64.11,2189.4,658.0,94.87,205.0,0.116,2600.5,0
88.55,2078.9,478.3,92.14,53.5,5.179,3576.7,1
77.66,1492.4,545.4,92.48,224.1,3.154,2075.2,0
89.63,1529.6,419.0,89.6,235.4,1.274,2273.7,0
91.71,1954.9,368.9,99.82,167.0,0.939,96.4,0
68.73,2021.5,335.7,94.51,360.2,2.239,699.1,0
75.67,1890.4,600.2,95.73,227.4,7.615,4308.5,0
72.01,1713.2,639.2,98.51,83.0,4.242,4337.2,1
45.27,915.5,411.4,100.0,277.7,0.616,1127.5,0
36.08,1331.6,559.4,83.41,159.9,4.216,1105.4,0
66.37,1529.7,585.1,88.55,334.9,2.443,2083.4,0
74.02,1438.1,656.2,82.4,75.4,3.676,2719.2,1
77.72,1892.0,620.8,100.0,342.5,3.432,956.7,0
67.6,1691.0,508.8,86.61,212.3,5.403,4822.6,1
65.45,1589.9,493.5,97.21,146.8,4.5,105.6,0
80.24,2351.7,530.6,96.94,134.7,2.681,1955.2,0
54.52,2156.2,463.8,98.89,238.9,6.216,345.6,0
57.68,1459.4,443.1,91.81,318.3,4.646,33.7,0
74.78,2414.5,250.8,89.19,448.6,3.762,558.3,0
100.52,1318.7,628.7,87.51,147.0,3.141,387.5,0
99.87,1237.7,542.5,93.02,301.1,1.201,2437.8,0
50.87,1372.5,556.9,88.3,117.1,2.904,2189.1,0
31.98,1624.4,528.9,87.21,449.0,3.562,687.1,0
58.98,1987.0,551.4,100.0,157.2,1.356,491.8,0
83.02,1766.2,623.6,92.32,143.0,2.624,3116.0,0
44.79,1580.2,789.7,100.0,229.4,7.042,4730.0,0
77.72,1866.2,511.6,100.0,440.8,4.899,1861.4,0
62.81,1394.4,393.7,94.19,102.5,0.771,4304.5,0
45.0,1831.6,603.1,90.73,309.8,0.52,2309.9,0
67.52,1388.5,441.7,89.33,162.3,4.211,1440.7,0
72.69,1588.1,534.7,100.0,325.1,1.207,4073.4,0
73.78,2112.4,429.6,99.79,454.0,2.346,4502.4,0
58.92,2322.3,577.8,80.87,83.9,5.153,1853.6,1
79.37,1418.3,405.8,100.0,426.8,2.041,2902.9,0
56.24,2117.3,664.1,100.0,380.4,,2472.6,0
66.93,1352.8,707.8,88.79,449.2,1.34,2108.8,0
62.23,1430.6,400.4,96.24,443.7,2.694,1221.7,0
67.21,1620.2,544.6,90.76,406.0,6.498,425.6,0
52.27,1647.1,421.1,88.95,420.3,1.348,362.8,0
60.93,1542.6,496.1,97.69,432.9,2.417,450.3,0
32.75,2527.9,548.1,85.94,389.3,3.393,2215.9,0
65.58,1790.8,457.0,93.89,181.3,2.35,2455.8,0
60.42,1681.3,479.3,100.0,211.0,6.432,2423.2,0
42.8,2047.6,557.0,82.57,171.7,4.31,2355.8,0
77.05,1249.1,508.8,100.0,52.2,0.572,4870.2,0
58.47,1841.0,456.8,75.85,244.7,2.898,1307.4,0
42.76,3016.9,615.7,100.0,446.3,0.745,4875.3,0
59.31,12218.283736540712,628.0,89.33,211.1,6.543,4973.1,1
69.69,1858.7,406.7,95.74,471.0,2.416,1045.1,0
82.66,1791.9,613.3,78.7,283.5,0.688,2361.0,0
83.49,2221.6,865.7,100.0,153.7,4.277,2051.8,1
69.99,1428.6,573.6,91.54,63.7,3.646,2585.4,1
85.93,1424.5,487.9,96.88,492.8,0.759,1455.3,1
57.46,1407.9,469.8,91.38,368.8,,262.4,0
59.76,1857.6,326.2,100.0,327.1,6.444,2808.6,0
38.09,2066.4,384.5,,208.1,2.704,2295.6,0
68.35,1742.9,351.1,86.95,319.6,0.45,4256.9,0
48.4,1372.9,350.4,92.25,123.4,4.464,2618.5,0
60.96,1901.5,486.4,98.71,253.5,1.162,4318.5,0
,1989.6,576.7,81.94,499.8,4.585,2016.3,0
69.46,1395.1,460.0,95.3,290.2,3.732,2239.7,1
102.76,2033.2,489.1,92.91,384.6,4.636,2632.8,1
62.66,1744.0,496.4,100.0,160.7,4.598,707.5,0
55.55,1648.7,552.4,100.0,280.5,1.177,3372.4,0
57.22,1323.4,576.8,93.74,99.9,0.815,4288.4,0
58.31,1924.1,834.5,98.89,162.8,5.578,4547.6,0
67.29,1166.0,568.4,82.02,51.4,1.301,2058.8,1
50.03,2048.4,453.0,100.0,125.7,,3272.5,0
53.26,1442.1,629.6,84.44,85.8,1.08,1601.2,0
71.23,1592.6,546.0,100.0,260.4,0.531,2167.9,0
72.01,1212.0,593.0,91.26,99.2,3.429,4370.5,1
65.92,1720.0,723.9,80.41,329.9,1.395,1676.9,0
62.29,1830.5,506.1,100.0,62.7,6.607,1916.8,1
56.28,1785.4,488.8,92.61,89.1,2.328,3846.2,0
81.48,1784.7,552.5,92.03,483.4,6.007,1260.6,0
63.18,2405.3,559.5,91.06,404.7,2.274,3586.4,0
48.17,1364.4,387.0,100.0,399.2,0.308,3866.2,0
44.79,1989.5,609.6,92.34,325.6,0.885,1298.6,0
54.8,1544.6,541.5,84.14,459.0,2.88,2561.9,0
67.47,2027.4,777.6,100.0,423.0,1.807,2925.0,0
94.08,1802.0,531.5,95.52,115.6,3.299,3466.9,1
52.93,1504.2,431.8,99.54,72.6,4.637,1300.5,1
37.09,1768.5,520.2,95.8,221.2,6.812,3587.3,0
70.2,1448.2,451.3,89.06,388.9,0.541,1166.9,0
57.9,1996.3,704.4,97.58,205.7,3.39,3674.9,0
46.99,944.1,407.7,100.0,275.8,2.925,2320.1,0
,1655.5,539.7,89.98,354.2,0.888,4060.5,1
47.71,998.5,461.0,86.81,163.5,5.912,4193.4,0
58.36,2114.4,535.7,85.49,186.5,2.836,2370.8,0
65.95,1016.5,361.8,77.41,135.4,0.217,235.0,0
51.84,1281.8,585.0,100.0,86.0,4.409,3672.8,0
61.84,1731.6,608.8,97.46,218.4,3.517,4308.5,0
69.57,1578.2,422.3,91.88,230.0,1.355,2428.2,0
65.35,1697.2,682.7,100.0,188.4,1.302,4361.9,0
60.14,1772.5,678.8,86.51,71.1,4.071,2206.7,1
85.89,2291.9,574.6,93.57,103.1,0.861,306.4,0
52.26,1582.4,673.9,85.36,202.3,4.955,1366.0,0
63.34,1485.6,397.4,100.0,466.3,0.042,3496.9,0
,1950.8,545.9,89.81,108.1,0.837,1697.3,1
51.92,795.2,495.2,84.19,302.2,1.524,4459.5,0
43.32,1171.5,350.8,100.0,168.8,5.437,1132.0,0
73.84,1219.3,577.1,92.93,497.2,0.075,2482.1,0
93.65,1412.1,558.3,100.0,210.1,0.273,737.3,0
59.53,2271.3,549.3,92.7,110.1,2.589,1832.7,0
72.12,958.1,497.2,91.71,374.1,1.285,1761.2,0
51.07,10621.244191369631,518.9,100.0,438.6,2.201,1763.6,0
36.97,568.7,469.5,94.19,158.0,6.181,620.3,0
45.75,2109.9,486.6,100.0,399.1,5.08,2807.6,0
42.8,1670.3,369.0,92.68,137.7,5.342,4548.5,1
26.24,1500.3,711.0,91.52,427.3,4.578,1311.0,0
76.18,1657.7,628.2,90.51,68.1,5.2,3723.3,1
53.56,1954.6,532.7,91.81,71.8,1.11,3937.0,0
52.93,1575.1,502.3,83.16,495.8,3.626,3842.7,0
68.26,2329.5,557.7,84.27,290.5,6.499,1600.0,0
44.66,2122.6,547.1,94.78,281.4,3.768,1290.9,0
67.04,1026.6,657.8,91.16,361.7,5.883,2465.8,0
45.6,1547.0,550.0,82.75,448.4,0.471,4777.1,0
,1280.7,387.5,84.4,379.9,5.795,383.5,0
56.01,14536.669133141217,517.8,100.0,451.6,9.593,1942.9,0
70.14,741.5,404.5,100.0,155.8,1.469,4771.0,0
65.01,2249.2,554.1,97.89,193.6,3.033,1576.5,0
66.54,1787.5,511.3,91.17,202.1,,1249.3,0
76.24,1482.1,451.7,100.0,254.4,0.724,2976.7,0
41.11,1963.9,645.7,87.98,248.3,2.759,1610.5,0
69.71,1335.0,728.0,95.98,361.0,0.083,4593.2,0
10.63,1924.8,347.7,97.6,238.1,1.985,4133.1,0
63.27,1417.2,599.0,89.74,476.8,0.515,2053.8,0
83.26,1736.5,411.6,100.0,349.7,0.599,4951.3,0
64.68,1344.4,455.9,84.93,198.4,2.219,2585.0,0
76.54,1780.6,529.7,83.37,164.6,1.774,4456.8,1
64.16,2004.3,477.2,89.33,423.3,2.999,4837.4,0
62.85,1931.7,561.2,96.33,52.8,,3613.7,1
88.58,1693.0,505.1,90.65,439.1,1.913,1421.6,0
57.93,786.8,476.1,93.31,359.9,5.287,3689.2,0
85.5,1631.9,499.1,96.26,196.1,2.437,4526.9,0
,1626.8,416.0,100.0,53.7,,1074.5,0
42.64,1799.9,526.5,83.68,211.2,3.908,769.2,0
21.6,1233.7,602.1,82.01,198.8,3.866,3970.0,0
61.88,1756.3,328.3,95.83,281.2,4.324,25.0,0
86.68,1208.0,433.5,96.56,447.7,6.869,3642.2,0
,1383.5,498.3,90.21,161.0,0.705,1373.2,0
81.49,1374.3,466.9,95.11,345.2,4.488,1607.8,0
51.52,695.3,421.7,100.0,253.7,2.352,3971.7,0
73.73,1785.8,597.1,94.16,274.3,1.412,2912.4,0
45.72,1317.7,525.5,86.36,131.0,3.208,4873.8,0
60.76,943.7,420.2,83.49,162.8,4.05,1756.9,0
18.4,1217.7,583.8,92.45,,0.773,3864.4,0
56.64,1326.8,508.7,99.26,156.7,8.287,3739.2,0
43.15,2134.4,695.4,100.0,,5.414,772.8,0
44.74,2749.3,376.3,100.0,316.0,4.349,4590.1,0
77.56,1575.5,516.1,87.49,114.7,1.798,4257.7,1
72.57,1279.6,559.1,,397.8,3.615,2829.2,0
57.5,1608.5,417.2,82.22,112.3,3.527,3157.2,1
72.64,1962.6,590.6,90.27,100.2,4.883,1644.6,1
59.72,1836.1,328.7,88.54,239.8,1.174,3361.9,0
-17.543157226334486,1639.7,414.8,85.91,383.4,5.172,3596.0,0
-27.21024994063945,1932.2,463.7,88.35,461.8,0.629,2753.4,0
77.74,1933.6,386.8,90.07,121.8,3.565,1.3,0
47.88,1346.7,536.8,100.0,223.4,1.551,2011.6,0
33.67,1738.2,760.1,88.5,214.5,2.152,3538.8,0
49.37,1888.2,497.5,100.0,449.1,7.613,3403.3,0
82.67,1314.9,477.3,84.25,159.5,0.854,2076.1,0
37.66,1092.0,553.2,76.65,479.2,1.183,3978.0,0
71.57,1852.2,425.4,85.41,350.0,1.892,1583.8,0
79.11,1278.5,805.3,100.0,396.3,0.559,3060.9,0
66.89,11414.71608373373,598.4,96.04,191.6,0.917,3126.7,0
41.4,1720.7,674.7,91.2,494.5,0.842,4319.7,0
42.15,1480.9,627.1,100.0,204.3,2.69,2994.4,0
56.2,1929.8,500.4,99.17,251.3,,3227.6,0
64.4,1404.8,542.3,89.95,305.7,6.33,123.6,0
66.59,1612.7,575.1,87.97,301.1,2.202,2211.0,0
64.88,1315.8,473.1,90.12,378.4,4.101,213.5,0
69.97,1364.8,485.6,89.38,212.4,2.122,3315.4,0
54.68,1576.4,570.1,100.0,93.7,2.081,2033.2,0
75.61,1978.7,580.0,88.68,328.5,,3917.9,1
48.31,2147.7,527.0,87.56,,4.392,395.5,1
42.61,823.8,456.5,100.0,318.2,3.068,639.3,0
71.41,2034.2,323.3,99.82,492.3,2.865,797.7,0
51.44,1454.1,562.7,100.0,471.7,3.058,4373.6,0
,1570.8,676.2,85.21,283.1,4.38,3400.6,0
64.12,1994.5,649.0,86.82,358.5,6.779,1867.3,0
78.62,1608.6,473.2,92.16,245.6,3.989,2607.6,0
65.21,2030.9,602.0,90.38,345.5,3.25,2160.8,0
54.24,1657.3,636.1,95.75,155.4,3.389,2730.1,0
78.43,1376.9,298.8,100.0,160.7,7.169,2506.1,1
37.7,2090.0,422.5,89.14,266.2,4.101,742.7,0
88.71,985.1,343.7,80.2,231.1,3.327,4080.0,1
63.71,1444.6,748.9,79.68,308.2,5.223,268.2,0
78.73,2026.6,463.6,92.69,80.7,1.397,1847.8,0
57.24,1464.3,380.0,86.31,67.1,3.757,1763.5,1
68.54,1166.8,431.8,83.88,493.8,2.756,2395.8,0
67.83,1193.1,586.7,90.54,65.0,1.946,2773.5,1
75.2,1603.6,504.3,96.85,283.9,1.812,587.9,1
63.03,1806.1,557.1,99.58,184.5,2.129,844.1,0
73.75,2029.8,460.2,94.77,302.0,4.176,4847.7,0
64.54,1056.2,563.2,82.03,160.8,3.375,3203.1,0
55.3,1766.7,460.9,92.16,243.0,4.177,1492.6,0
71.28,1438.9,388.2,99.65,167.1,5.583,971.5,0
52.0,1210.2,678.1,91.24,264.2,3.092,1961.2,0
61.43,1489.2,557.7,89.55,326.5,0.453,1116.1,0
58.76,987.4,523.2,89.05,382.1,3.418,2676.8,0
71.63,1940.5,669.4,91.92,372.3,6.038,2295.3,0
66.29,1048.7,517.4,100.0,153.5,1.446,2346.5,0
56.09,1439.4,507.3,91.96,355.4,4.649,1003.4,0
46.8,1337.4,600.1,92.99,83.1,2.772,1785.9,0
92.16,1599.9,552.8,91.79,115.8,1.161,1086.3,0
52.86,1370.5,417.0,89.92,307.2,5.717,3953.0,0
42.02,1649.2,348.5,94.42,385.9,4.541,3633.9,0
84.21,2119.7,470.0,79.9,389.8,4.395,2304.5,1
92.74,1757.0,411.8,89.79,401.8,5.967,3151.9,0
64.91,2087.7,575.9,86.07,288.7,2.757,3909.5,0
92.63,1662.2,352.5,93.49,199.1,2.605,1795.0,0
72.79,2172.4,641.5,92.01,397.4,3.181,4890.1,0
74.5,1384.7,260.6,100.0,368.6,5.151,424.2,0
68.83,2542.3,547.3,91.24,392.2,4.402,872.4,0
59.62,1168.2,501.5,89.72,256.8,5.266,4081.2,0
53.11,1500.7,472.7,90.38,237.1,2.55,2536.1,0
67.61,2138.9,475.9,89.61,128.7,4.134,4114.0,1
71.67,2385.7,474.8,81.49,407.3,5.886,973.7,0
59.18,1373.9,457.6,92.83,499.0,3.109,1649.3,0
70.41,1169.5,285.7,100.0,237.3,4.123,1308.3,0
75.19,1767.9,345.6,100.0,215.8,3.82,740.5,0
64.07,1922.7,721.2,84.58,388.7,0.824,4689.2,0
87.15,1636.9,427.9,100.0,414.6,1.837,3957.7,0
73.6,890.2,558.6,97.5,,1.499,2145.4,1
93.49,1835.0,539.7,,63.7,3.361,87.4,1
66.29,1768.7,660.1,100.0,339.8,1.78,3553.4,0
78.7,1978.7,516.1,94.82,63.6,3.829,991.0,1
82.66,1635.4,545.4,100.0,115.2,5.583,2267.4,1
64.23,1693.0,713.3,93.33,278.5,3.063,4386.0,0
72.41,1843.2,479.7,,343.2,0.687,1228.0,0
53.73,1173.8,387.8,79.52,475.3,0.82,1248.0,0
60.68,1889.9,515.5,86.71,71.3,6.57,1516.4,1
58.76,1844.4,572.7,98.78,426.2,4.394,299.8,0
63.58,2147.3,563.0,100.0,79.4,2.118,4818.4,0
44.41,1659.3,590.2,92.36,175.9,3.708,1546.3,0
69.53,2286.3,355.8,100.0,346.4,5.047,552.1,0
83.04,1733.5,462.7,88.19,179.1,3.0,698.7,0
43.56,1429.1,495.9,92.75,279.3,5.249,569.0,0
63.7,1787.7,459.9,81.78,274.5,2.295,3742.9,0
78.29,939.6,696.8,100.0,239.3,6.238,2336.2,0
52.95,1797.6,513.6,93.06,336.5,0.863,819.5,0
80.92,1676.1,454.4,92.43,260.6,,2885.7,0
53.87,1763.7,543.1,100.0,203.6,0.455,995.1,0
72.76,1779.3,257.2,93.19,490.6,,1619.9,0
50.96,1638.0,543.2,96.83,238.6,1.816,4213.6,0
43.46,1161.9,468.0,88.21,51.2,2.546,3110.4,1
53.68,1498.7,570.5,83.61,436.0,5.138,3265.6,0
48.37,1827.9,429.1,87.36,188.9,8.31,3521.0,1
58.29,1627.4,605.0,85.49,86.7,3.256,1812.0,1
76.22,1803.8,491.8,100.0,123.0,2.066,4525.0,0
69.19,1504.7,545.5,100.0,366.2,6.219,1297.7,0
90.71,2376.1,544.3,86.04,372.0,0.95,2886.2,0
84.04,1750.2,642.2,90.16,117.9,7.4,2558.2,1
39.52,2107.4,616.1,100.0,226.2,3.228,283.5,0
84.11,2082.5,333.5,100.0,368.0,3.418,1786.9,0
70.15,1251.1,614.9,100.0,371.5,2.777,674.2,0
76.21,1573.4,431.4,84.99,410.6,8.29,4846.0,1
51.09,1266.9,438.2,83.73,177.1,4.579,387.2,0
92.78,1709.2,555.7,93.88,433.9,0.375,3099.2,0
57.72,1956.5,404.1,86.69,90.8,5.458,994.8,1
52.98,1231.1,397.7,74.38,466.1,5.646,2097.1,0
92.33,1510.8,508.9,95.44,382.2,3.046,1358.0,0
58.4,1559.5,426.5,97.73,102.2,6.57,2670.8,1
63.4,1277.8,447.0,87.39,122.4,3.871,584.6,0
86.93,1263.6,485.7,94.36,473.2,1.716,4236.2,0
55.01,1285.1,391.7,98.15,316.0,,1174.3,0
46.89,1288.3,540.4,93.3,320.4,6.475,800.5,0
84.56,993.5,464.9,84.5,352.7,4.725,3833.1,0
82.73,2061.3,602.2,100.0,428.7,3.528,549.6,0
55.66,1427.1,719.3,100.0,360.7,6.468,3310.4,0
49.38,1662.0,707.3,94.58,428.0,0.23,4370.5,0
44.1,783.7,372.9,85.16,222.9,1.035,4418.5,0
64.02,1607.2,573.3,95.15,369.8,0.527,3338.3,0
64.76,2156.4,430.3,100.0,466.9,,3829.0,0
81.01,1919.0,551.8,99.48,419.7,1.768,1503.9,0
80.81,1286.3,682.9,100.0,457.8,3.791,1825.9,0
87.84,1863.2,603.9,100.0,428.9,,4538.7,0
65.58,1311.4,650.4,88.81,265.9,1.331,4037.7,0
45.87,1683.4,450.5,87.4,188.7,4.165,3150.1,0
88.94,1469.1,624.2,98.02,298.5,4.342,3782.4,0
59.72,1121.8,590.4,81.36,232.6,3.637,2062.2,0
77.66,953.9,476.9,93.05,,0.1,2256.5,0
67.62,1618.0,363.5,94.64,452.7,1.694,1583.1,0
81.58,1700.5,414.5,96.26,392.3,4.353,2896.3,0
57.07,1851.3,753.0,83.31,475.3,0.305,4618.6,0
,1779.1,586.5,100.0,275.4,1.53,3771.2,0
72.16,1389.6,650.6,,258.7,2.185,716.2,0
57.72,1602.1,473.0,88.32,255.3,3.843,663.2,0
61.62,1360.1,529.3,94.03,480.2,3.52,3737.9,0
62.31,1006.9,633.0,98.56,460.9,0.329,1383.3,0
64.23,956.4,610.5,82.63,212.2,2.524,888.5,0
,1281.0,329.8,100.0,192.1,1.961,3640.2,0
49.87,1735.2,523.2,82.23,,0.091,2145.6,0
55.66,1911.8,505.5,80.92,311.1,4.514,2491.7,0
51.03,1030.8,476.8,79.16,246.3,,257.9,0
68.55,2184.0,606.7,89.23,375.6,8.736,3758.3,0
65.83,1660.2,691.4,82.42,208.1,3.533,4130.8,1
64.05,1071.2,578.9,93.52,477.3,3.917,1412.3,0
15.17,1274.6,571.5,100.0,234.7,6.195,1900.6,0
76.36,1434.2,612.2,100.0,496.0,3.107,3294.4,0
53.21,1981.9,451.0,98.16,259.5,3.652,378.4,1
86.08,982.3,577.3,98.6,328.7,2.297,1297.1,0
83.57,2171.0,563.9,90.55,282.0,,3065.1,1
83.8,2143.9,359.2,93.12,82.8,1.488,3642.6,1
36.2,1234.7,501.1,77.1,173.4,4.079,1311.8,0
74.51,1748.0,518.1,100.0,248.1,1.779,2873.7,0
65.53,1863.3,469.7,92.16,174.2,2.041,2214.3,0
44.34,1760.8,523.4,92.53,54.8,0.027,143.3,0
56.24,1237.1,460.3,86.54,246.2,2.129,370.3,0
121.7,1110.5,535.3,99.98,163.9,5.139,4257.7,0
77.54,2104.5,567.2,91.55,316.4,3.668,4428.3,0
86.07,1562.8,549.3,91.6,492.5,0.601,967.7,0
49.46,1583.2,424.8,,291.5,3.366,2524.0,0
71.06,1612.4,645.6,98.45,495.3,0.796,44.9,0
88.2,2214.8,635.6,88.6,171.1,4.355,3469.5,1
69.43,1823.1,541.2,89.81,356.0,0.904,1405.7,0
36.7,1757.0,531.4,100.0,325.2,0.699,1703.2,1
67.48,2161.2,105.1,91.09,,6.215,4540.9,1
59.0,2400.7,445.0,83.86,245.4,3.891,223.3,0
78.96,1451.5,420.9,82.24,411.8,5.919,2461.2,0
67.75,1066.4,643.9,94.61,182.0,3.346,283.8,0
35.93,973.6,502.4,89.63,470.1,5.008,885.5,0
62.72,1987.8,518.7,87.76,432.0,0.41,3554.0,0
61.87,1637.9,696.8,100.0,260.8,1.48,4717.9,0
61.84,1927.1,458.6,100.0,449.6,,1816.6,0
46.42,1715.0,605.1,85.01,453.4,1.564,3851.4,0
61.63,1246.7,556.8,90.59,230.7,1.415,1333.6,0
65.29,1554.4,766.9,100.0,255.8,3.607,272.9,0
87.78,1750.6,633.0,96.38,231.0,0.371,1970.2,0
52.7,662.8,544.2,96.72,,3.743,2781.5,0
-38.974571360575155,1783.2,377.3,92.24,165.4,2.463,3089.4,0
72.11,1666.5,312.4,100.0,57.6,3.462,1174.3,1
59.85,1140.1,582.9,89.48,490.3,2.585,2351.0,0
76.99,1766.0,379.5,90.39,267.4,5.001,1515.7,0
46.84,1641.8,520.9,93.25,262.0,5.028,3186.8,0
38.33,1369.8,561.0,94.12,396.8,6.044,1494.8,0
,1480.2,588.5,,371.0,2.329,3604.7,0
64.17,1567.6,490.5,94.55,338.4,2.913,2732.1,0
59.96,2474.3,465.7,93.97,226.9,4.357,1909.1,0
84.75,1350.2,460.2,100.0,296.1,6.706,1789.3,0
72.68,1830.7,460.5,94.51,363.0,3.721,428.5,0
50.98,1826.0,519.8,95.85,149.5,1.376,3477.8,0
94.98,1125.0,459.1,,358.0,2.857,559.4,0
71.94,2021.3,579.0,97.63,270.1,2.214,4218.3,0
55.41,1186.5,398.7,88.61,231.8,2.413,2560.7,0
82.32,1813.3,480.4,100.0,427.7,0.524,723.8,0
58.64,1431.1,395.5,82.9,109.8,2.249,4846.0,1
42.49,1571.3,405.5,98.79,353.2,2.16,1236.6,0
42.77,1100.5,553.1,100.0,306.9,1.321,1578.2,0
49.13,1649.9,461.6,95.58,458.5,0.426,1050.1,0
79.06,1001.3,512.2,93.08,139.9,4.002,4070.4,0
58.07,1422.8,464.2,95.66,229.3,4.81,1714.7,0
51.46,1771.9,645.4,97.1,445.4,3.222,2249.2,0
38.5,1832.9,542.6,98.53,141.1,3.681,1497.4,0
70.74,1271.3,521.6,100.0,270.9,1.741,4681.6,0
42.49,1526.7,664.2,87.54,116.6,2.596,3117.3,0
53.52,2282.7,387.6,94.38,185.4,1.848,1953.4,0
83.44,1951.2,402.5,90.99,339.3,1.426,4424.4,0
56.18,1832.8,464.2,77.87,214.8,5.249,133.3,0
60.48,1682.7,481.8,96.61,185.7,5.912,3612.1,0
59.89,11001.416868861676,444.5,79.4,425.8,4.606,1443.5,0
66.13,1157.3,397.9,85.01,291.0,3.479,3634.0,0
50.9,1796.6,426.6,100.0,182.9,4.632,4879.3,0
65.58,1541.5,341.3,76.83,273.1,1.044,2124.8,0
55.92,935.4,485.9,89.45,499.9,2.162,3598.6,0
68.06,1021.6,588.2,82.58,65.1,7.334,2074.6,1
48.58,1395.9,526.2,94.92,361.6,0.319,4867.9,0
73.19,831.8,558.7,95.25,422.0,5.309,473.7,0
58.24,1081.8,421.7,87.54,205.9,,1463.8,0
74.44,2219.2,434.5,98.87,273.8,1.35,3445.3,0
88.0,1917.9,614.2,100.0,463.6,2.454,2662.2,0
91.84,1526.7,510.6,89.98,249.5,2.252,3356.8,0
82.78,1220.5,332.6,78.81,198.1,3.727,3182.2,1
61.96,1200.2,393.9,95.95,337.2,2.699,1670.9,0
82.75,1648.1,656.7,80.1,418.7,3.991,4322.0,0
64.71,1943.8,726.9,94.12,396.6,0.813,393.9,0
,559.0,354.7,91.25,79.1,1.073,609.7,0
45.03,1404.8,706.6,92.44,112.5,1.743,1549.1,0
53.27,1600.1,559.6,82.29,97.7,6.358,4419.6,1
110.59,1245.2,489.5,89.95,138.2,2.527,2773.7,1
70.05,2186.0,520.1,97.7,202.9,2.62,2282.9,0
30.86,1754.5,646.3,93.03,460.2,1.073,254.0,0
53.79,987.5,469.6,90.05,,3.186,1152.9,0
46.06,1584.6,333.7,97.21,330.4,2.856,2226.4,0
53.33,1650.0,437.1,89.3,76.8,3.956,1351.6,0
40.09,2076.6,609.0,84.24,115.7,0.164,2904.7,0
80.8,2015.7,478.4,94.58,,2.293,3422.9,1
52.48,1539.7,542.5,89.4,392.0,1.437,2844.0,0
54.45,476.0,556.3,87.87,82.2,0.279,2433.4,0
41.88,1494.5,596.4,92.38,65.3,1.45,2919.7,0
61.56,1774.3,656.5,100.0,,1.916,3146.7,0
73.28,1156.1,544.0,96.17,85.0,0.962,1092.7,0
55.93,940.7,406.9,100.0,488.0,5.202,300.0,0
62.73,2239.3,452.0,89.4,81.9,1.827,2237.0,1
75.73,2189.2,690.4,100.0,67.4,2.519,2822.0,1
62.77,1317.7,442.2,,306.6,,800.0,0
52.9,1607.4,686.8,91.6,140.5,1.965,1010.2,0
73.2,1307.6,421.5,95.67,497.6,0.913,2207.7,0
67.65,1462.0,627.0,85.28,248.3,2.654,2081.5,0
53.2,1428.0,536.5,87.05,434.2,4.493,3079.8,0
45.76,1625.3,247.1,89.63,174.9,2.779,1513.1,0
68.35,2542.1,533.1,86.77,438.1,3.316,3609.5,0
45.04,1711.4,666.5,97.05,154.8,4.962,1743.8,1
72.23,1350.7,790.2,100.0,164.2,3.016,663.7,0
57.07,1275.2,571.6,82.11,299.2,2.454,872.5,0
40.9,1301.5,646.6,92.41,476.0,3.924,4961.3,0
53.18,1233.4,457.4,93.91,304.9,0.636,4479.7,0
46.68,1974.3,363.9,88.8,284.3,0.116,2547.8,0
76.29,1088.9,502.9,90.32,209.7,0.661,636.5,0
56.35,2438.6,516.6,98.66,375.7,4.438,2663.8,0
62.9,488.5,697.0,86.41,438.5,1.688,2898.7,0
85.44,1397.2,673.9,88.12,413.9,5.747,4085.9,0
86.33,1725.5,507.6,87.13,334.0,6.648,1074.8,0
77.2,1037.6,466.8,88.29,118.7,0.278,1049.7,0
57.96,2186.1,399.0,94.15,286.7,2.759,2134.0,0
73.8,1193.0,530.8,77.95,135.5,5.262,875.7,0
34.02,1394.4,407.6,100.0,397.9,6.153,3895.6,0
51.32,1708.6,755.5,92.89,446.6,2.788,2434.0,0
54.3,1237.1,322.4,90.8,162.0,3.464,2528.8,0
73.49,2007.6,511.9,98.06,95.3,3.915,1364.7,1
65.39,2584.8,623.6,86.78,413.9,2.404,258.3,0
45.29,1923.7,532.3,90.91,90.2,3.9,916.5,0
99.43,1885.3,528.3,99.09,173.9,1.541,1086.4,0
77.48,2375.3,611.7,86.94,201.7,3.35,2855.7,0
52.15,1579.7,509.9,96.79,279.2,0.472,2729.5,1
61.93,1584.4,479.0,84.04,349.3,2.275,256.5,0
86.26,979.5,515.0,86.73,279.9,9.244,2708.6,1
75.66,1404.1,513.6,95.66,190.2,5.368,560.0,0
64.85,1889.6,651.0,86.94,471.8,1.314,1286.0,0
55.96,2543.1,513.2,95.14,145.4,1.853,13.8,0
55.01,1654.8,364.6,89.2,108.1,3.853,3011.5,1
49.95,1911.0,502.4,89.01,217.4,2.542,3859.6,1
42.18,1927.9,369.1,94.81,370.6,1.473,1977.8,0
71.25,1489.1,629.8,100.0,256.0,7.039,3107.0,0
109.03,1568.0,581.8,86.74,64.2,3.86,2713.9,1
75.41,1524.2,340.8,92.87,357.9,3.104,4614.4,0
65.18,1394.7,559.1,76.02,108.9,3.382,1670.4,0
62.43,1619.5,562.6,94.95,491.6,4.041,3392.0,0
74.62,1465.7,687.3,89.98,253.3,8.096,2500.9,0
41.74,1677.1,675.0,93.47,,0.77,1668.2,0
64.22,1605.6,211.6,96.75,219.1,3.843,4750.5,0
67.13,1520.5,517.5,84.78,179.7,1.574,3327.1,0
55.54,1670.6,402.2,94.73,483.3,2.063,1231.1,0
65.13,1075.6,346.5,83.56,207.7,1.835,1988.1,0
67.19,1261.9,700.0,97.36,414.9,1.326,1043.2,0
57.78,969.3,370.1,88.18,470.8,4.834,4177.1,0
60.41,1572.9,561.8,89.85,124.1,8.898,2541.3,1
48.01,2303.4,762.5,98.76,68.7,3.973,2180.7,1
59.86,1988.6,482.5,78.26,314.8,3.01,1890.3,0
,1115.8,688.1,84.09,422.3,,4952.0,0
63.79,1596.1,607.6,91.13,493.0,0.446,4997.1,0
55.08,1897.9,428.5,100.0,359.6,2.32,768.9,0
56.57,1357.6,341.0,92.6,102.0,3.792,4277.4,1
78.46,1300.8,329.7,97.53,227.2,8.466,2064.2,0
59.3,1256.5,435.0,90.01,166.4,2.597,836.1,0
56.21,1769.7,511.6,100.0,330.5,4.259,4933.6,0
66.7,1116.4,642.6,83.21,255.5,3.813,776.6,0
64.94,1578.9,470.1,87.96,203.7,2.607,3689.4,0
81.01,1719.3,736.5,88.62,280.9,,3334.4,0
64.66,9078.538265040943,343.1,99.38,,2.445,1395.5,0
68.38,1407.2,606.0,97.82,264.5,2.179,4655.9,0
66.85,1577.3,665.1,93.8,326.8,10.819,170.7,0
64.03,1883.8,540.6,94.05,146.2,2.592,633.0,0
69.1,1765.4,456.8,,479.8,1.656,4902.9,0
61.15,1194.9,488.4,88.78,344.3,4.51,1678.3,0
18.86,1055.8,512.9,96.03,55.8,2.745,1511.4,0
53.34,1451.9,494.2,97.08,267.1,2.396,451.6,0
69.4,1897.2,385.2,92.51,79.0,3.931,2940.8,1
61.14,1884.7,600.3,100.0,187.2,1.372,3111.1,0
56.99,1454.0,400.6,90.41,170.9,3.554,4758.1,0
40.4,1073.2,357.5,93.3,143.6,0.283,3480.4,0
74.12,1703.1,454.4,98.47,,5.248,1278.8,0
41.78,1321.7,583.6,87.52,378.5,4.04,291.8,0
,1376.0,447.2,94.55,234.3,1.194,221.1,0
,1606.3,475.3,100.0,97.4,5.49,699.2,0
53.72,1446.0,494.5,100.0,221.4,2.162,2380.9,0
46.89,1519.7,468.0,98.18,415.5,1.797,124.7,0
73.86,1830.0,312.1,88.94,138.5,7.407,4.8,1
74.63,2331.1,612.1,94.97,467.3,2.467,2.1,0
79.97,1733.6,835.0,85.13,75.3,5.417,1371.0,1
89.72,816.2,658.8,90.5,223.8,0.383,1613.0,0
63.13,1489.4,427.8,88.65,484.2,4.559,155.0,0
32.15,1743.4,321.7,92.87,89.1,2.445,273.5,0
55.65,1885.0,598.1,100.0,481.9,1.54,1548.5,0
41.87,1142.5,485.8,94.94,418.3,2.69,3501.6,0
77.66,1215.6,493.9,91.25,225.2,,44.0,0
98.66,2253.8,510.3,74.45,138.4,,495.3,1
36.2,1560.0,612.5,82.14,424.8,2.059,2923.3,0
13.25,1315.0,502.6,100.0,321.9,5.148,2242.1,0
,964.1,655.0,89.32,90.9,2.632,735.2,1
83.02,1740.0,582.8,85.79,208.3,2.42,4113.6,0
39.06,1590.3,595.5,86.99,95.5,1.644,1006.0,0
61.24,1474.0,457.7,94.07,51.5,0.874,521.2,1
44.03,1525.0,580.5,97.19,367.1,1.526,4633.6,0
41.16,1874.9,615.5,85.59,493.8,4.754,3450.0,0
57.1,1465.2,718.0,88.62,411.6,1.606,3919.3,0
65.0,1923.3,671.9,90.79,267.6,2.861,370.2,0
56.35,1975.4,620.0,94.49,123.2,2.177,3348.4,0
38.81,1872.3,731.5,92.28,300.8,2.213,3916.9,0
66.66,1514.2,570.6,95.41,399.2,2.622,3691.7,0
27.88,1347.4,461.0,98.55,113.4,2.306,2512.0,0
92.86,1455.4,408.7,88.38,459.6,2.355,4136.4,0
54.28,2062.3,513.5,95.79,205.3,5.66,2367.9,0
68.88,659.3,394.1,87.45,399.7,0.279,3586.7,0
28.48,868.6,328.2,97.12,91.1,4.37,3839.4,0
49.11,1571.1,623.1,98.73,,4.756,2438.1,0
87.29,1882.6,512.3,90.67,267.7,4.041,3822.2,0
-9.89969523055921,1327.9,573.1,89.12,421.9,0.672,4541.0,0
42.76,1290.3,602.4,85.94,177.5,2.013,2071.0,0
70.15,1108.9,589.1,94.75,471.2,2.445,4413.3,0
56.97,1721.5,336.4,72.97,266.0,2.905,105.1,0
65.58,1568.4,504.9,100.0,,4.043,4880.2,0
79.4,1869.8,323.9,,368.0,2.747,2605.2,0
70.48,1633.3,585.2,100.0,375.0,3.858,4697.9,0
39.47,1843.4,370.6,99.89,169.7,2.029,4838.5,0
61.56,1104.6,526.2,94.75,182.3,1.696,1839.3,0
63.95,2066.2,617.4,92.2,499.2,4.482,2523.6,0
77.52,2160.4,516.9,95.5,400.2,2.81,3519.8,0
67.24,928.2,455.9,93.02,398.5,8.309,1568.2,0
82.71,2086.9,449.0,88.74,160.6,0.844,2220.3,0
69.05,1306.4,541.2,100.0,350.6,1.969,3606.2,1
86.04,469.9,696.4,100.0,153.5,2.962,1032.0,0
82.14,2039.8,579.9,97.71,349.3,0.227,3736.2,0
53.45,1410.2,567.1,91.76,122.6,3.9,2446.4,0
63.19,1126.3,508.5,92.24,277.8,4.778,3384.9,0
47.46,2114.0,707.8,83.99,145.4,5.024,4330.1,1
58.04,2288.1,413.0,98.23,357.9,1.284,769.9,0
69.56,1885.0,515.0,93.14,455.1,3.494,3164.9,0
68.29,1401.2,573.0,91.48,207.0,0.793,3605.7,0
48.4,1264.9,468.0,95.37,495.0,0.43,131.7,0
52.34,1567.8,408.8,100.0,290.4,3.72,1110.2,0
94.68,1482.3,405.4,,78.2,7.131,4281.6,1
50.27,1511.9,464.2,98.85,384.2,5.778,2468.2,0
60.81,1594.0,558.0,95.96,394.5,3.673,2962.5,0
29.74,896.5,427.5,97.68,291.4,3.132,4677.4,0
68.45,1822.6,518.2,82.27,439.3,3.252,3153.4,0
47.15,1990.4,555.7,75.8,251.1,3.515,23.2,0
50.13,1459.0,296.9,81.26,125.6,5.375,3155.5,1
113.36,1649.8,411.5,96.77,217.5,1.899,222.3,0
,2019.5,491.3,82.15,438.1,4.65,4540.9,1
51.0,1848.6,560.5,100.0,481.1,1.784,2597.6,0
77.29,1422.7,391.0,97.45,380.4,7.618,3566.1,0
49.88,1244.7,490.4,87.86,245.7,7.511,1793.3,0
88.72,1495.5,449.7,89.11,,5.108,1200.8,0
40.99,1897.7,428.7,93.3,265.4,4.602,4938.4,0
71.14,1961.7,468.3,100.0,127.9,2.066,938.5,0
57.22,1416.4,407.0,100.0,440.3,5.294,2989.3,0
110.32,1618.6,575.5,90.43,182.4,0.943,1429.9,0
65.72,1795.3,521.7,92.57,424.7,5.151,344.1,0
60.64,2041.1,428.9,90.69,411.5,1.477,62.3,0
78.68,1859.2,320.4,88.17,243.2,5.799,2630.3,1
,1599.2,462.4,95.38,134.4,1.232,1113.3,0
57.68,1181.2,653.1,91.14,413.5,1.036,3362.2,0
100.27,1217.5,580.9,88.94,387.6,2.733,2406.7,0
,1704.6,457.4,99.9,298.0,4.86,1690.6,0
81.43,1503.4,283.9,91.41,351.4,3.321,1701.9,0
52.66,2096.3,609.6,92.99,72.3,0.026,2928.5,0
68.18,1464.3,324.3,90.06,259.2,4.253,1111.9,0
41.61,1223.6,601.1,91.27,235.9,4.473,1144.4,0
76.75,1432.2,520.9,89.28,274.6,4.457,1247.7,0
80.49,1446.0,576.6,94.52,330.6,0.724,4762.0,0
78.9,1930.1,541.1,69.99,,1.973,1997.1,1
100.37,1691.1,507.3,99.38,59.3,1.827,4461.0,1
55.5,1703.1,313.6,86.4,267.8,5.095,891.0,0
76.54,1222.6,751.9,100.0,357.8,3.723,256.3,0
64.03,1294.9,400.8,86.87,438.3,6.39,3795.1,0
65.89,1540.2,582.8,100.0,306.9,4.443,1290.1,0
97.32,1424.8,612.5,92.95,377.8,0.774,2457.3,0
48.31,1789.2,481.5,97.71,225.2,3.923,900.4,0
60.35,1181.6,432.2,85.34,482.9,6.176,3772.0,0
74.51,1973.2,518.7,99.81,476.1,3.928,1334.2,0
52.26,1444.1,431.5,85.24,57.0,1.2,3870.0,1
53.95,1813.9,579.7,94.8,188.5,0.871,3405.2,0
61.36,1052.0,521.2,99.57,109.5,5.546,291.1,0
73.91,2062.9,539.9,92.62,407.2,2.512,1994.7,0
60.16,1470.7,474.4,91.92,469.2,0.163,1142.2,0
47.02,1546.1,485.8,100.0,290.8,0.562,35.9,0
43.49,750.8,667.1,97.28,445.1,2.42,4784.4,0
,1884.9,463.7,85.21,475.5,0.875,4629.3,0
58.95,1375.1,266.5,81.14,66.8,3.214,3364.2,1
55.23,1840.4,571.7,85.12,395.3,5.188,2021.6,0
51.17,1712.1,466.8,94.41,129.6,4.572,1045.8,0
,2159.2,418.4,87.72,423.4,2.481,1236.9,0
90.41,2038.7,311.6,90.47,353.8,6.387,1378.2,1
72.83,940.2,565.7,97.79,377.7,2.265,1408.2,0
28.86,1109.0,541.3,82.71,79.7,4.149,3357.4,0
49.75,2018.0,472.5,99.86,164.8,4.28,3455.0,0
77.73,2404.9,625.2,81.65,307.5,1.414,3614.3,0
57.5,1724.8,401.5,85.9,176.5,0.36,1848.3,1
88.51,1138.6,564.3,91.54,,3.041,1555.5,0
72.19,1772.9,446.7,100.0,123.1,4.128,2797.5,0
58.72,1791.5,630.8,99.89,497.8,6.856,4281.0,0
48.19,1313.4,569.7,,451.1,2.421,3938.4,0
56.48,1177.4,588.3,99.58,454.9,5.599,3277.0,0
72.16,2099.3,380.7,98.81,201.0,0.346,2993.0,0
,1780.6,707.5,93.7,173.1,1.492,1773.2,0
31.16,1005.1,551.4,82.36,388.0,2.539,4011.7,0
69.88,1797.3,861.8,83.36,457.2,3.519,987.1,0
63.35,1505.0,657.6,99.12,450.9,0.055,4592.8,0
80.1,1578.4,458.4,90.92,145.4,2.111,1426.4,0
55.84,1403.7,617.4,92.59,472.0,2.961,1984.4,0
54.81,1583.6,546.6,92.76,241.4,2.35,3850.9,0
73.3,1099.8,661.0,87.14,165.5,4.131,3443.4,1
62.85,1788.2,417.2,87.31,261.8,2.416,2110.4,0
51.61,2355.6,444.9,100.0,56.0,5.368,1044.2,1
26.14,1829.8,232.8,100.0,280.1,5.052,4107.6,0
55.37,1912.4,381.6,100.0,259.1,1.809,4632.1,0
71.93,1571.0,420.1,89.1,370.8,1.591,4162.8,0
77.2,1572.1,552.5,99.89,354.6,3.099,1108.1,0
44.34,1741.1,665.5,98.93,471.4,1.92,2866.0,0
63.0,1804.3,702.7,94.53,55.9,3.159,1116.7,1
63.51,1670.5,608.5,98.87,210.3,0.751,1525.6,0
39.43,1579.8,522.4,88.19,294.5,3.314,207.1,0
67.44,1949.6,345.7,86.81,158.2,2.388,4840.9,1
79.39,1839.7,643.3,80.01,481.8,1.136,3607.1,0
41.01,1904.2,423.1,89.96,378.5,5.871,3649.0,0
70.97,1333.3,666.5,92.22,238.7,1.315,1336.0,0
62.92,1787.9,423.6,80.85,160.9,0.271,4427.8,0
59.26,1339.0,433.6,90.1,320.9,1.84,2092.1,0
76.09,1274.1,569.3,90.53,292.7,2.467,3775.2,0
54.03,2058.6,633.4,92.47,393.4,5.686,2405.9,0
72.11,1974.5,469.9,99.57,437.7,2.32,630.3,0
35.79,1611.4,534.5,87.17,135.4,5.792,4102.9,0
58.28,1802.6,229.7,90.46,92.1,4.481,2292.2,1
77.88,1578.1,596.2,86.55,255.3,5.703,1269.3,0
85.02,1474.1,449.0,94.9,127.4,2.461,1406.9,0
63.55,1794.7,728.0,90.52,102.7,1.251,2374.4,0
48.25,1801.6,747.0,96.07,128.4,3.716,1921.3,0
45.87,1219.6,451.9,100.0,462.5,0.974,4995.2,0
51.12,2236.1,539.6,91.92,276.2,3.009,699.7,0
82.92,1717.7,402.0,96.57,427.2,0.076,173.7,0
51.89,1623.0,455.9,94.6,139.4,,3270.9,0
109.68,1632.0,744.8,84.91,249.6,0.75,2004.0,0
45.24,1748.8,305.4,84.56,465.2,,1476.8,0
90.86,1228.8,167.5,100.0,418.5,4.5,3444.0,0
50.01,1826.6,570.0,87.32,80.8,4.809,3444.8,1
84.44,2132.9,535.8,94.0,280.9,5.678,106.3,1
32.63,1302.1,376.9,82.75,285.8,0.627,1183.4,0
78.17,1448.2,615.2,83.46,143.6,3.754,1672.7,0
70.17,1346.7,515.2,91.74,94.2,4.422,1516.6,0
60.41,1594.3,459.5,89.8,302.7,4.612,985.8,0
73.27,1328.5,589.9,95.14,145.8,5.04,3914.5,0
58.44,1694.4,386.7,90.46,395.8,0.364,4455.1,0
91.16,1398.9,688.5,91.71,498.1,2.331,3530.3,0
49.36,1642.5,524.8,92.87,338.1,1.835,322.3,0
43.73,1670.3,492.7,99.37,434.9,5.133,549.9,0
103.16,1827.7,542.6,,284.7,5.293,1387.8,0
67.95,1752.8,359.4,100.0,167.6,3.791,607.2,0
85.39,1294.0,507.6,93.14,271.4,5.201,1085.3,0
64.64,817.4,386.4,93.58,233.0,2.771,2014.6,0
78.16,1354.3,261.9,83.7,211.7,5.462,2000.8,0
45.15,1704.0,495.0,82.24,311.2,3.028,2182.4,1
55.17,2113.5,580.7,89.86,171.7,3.27,4425.3,0
60.52,1578.5,508.9,97.93,474.7,4.235,2846.1,0
57.17,1897.5,398.3,100.0,343.9,0.037,4877.7,0
52.98,1125.3,541.5,89.64,63.1,0.25,1618.8,0
63.63,1210.3,682.3,96.71,306.6,0.795,505.3,0
42.62,1966.5,688.6,86.19,362.1,2.879,3638.8,0
55.0,1115.2,584.9,85.71,121.5,1.074,1936.0,0
82.02,2361.5,791.3,84.89,,7.299,4676.8,1
59.88,790.3,772.0,97.09,304.4,0.503,414.7,0
85.66,1768.4,617.5,80.38,186.1,2.742,1574.0,0
35.11,1541.8,529.1,90.73,51.4,2.803,2082.7,0
75.95,1807.8,508.3,99.42,363.7,5.536,4640.7,0
74.68,1447.9,465.2,100.0,147.6,1.416,1758.9,0
89.36,2032.2,417.0,88.55,286.9,2.353,2215.1,0
42.03,1586.4,606.2,98.83,317.2,1.978,1194.1,0
60.27,1404.9,469.9,86.3,97.0,2.865,2473.7,0
70.37,1282.6,373.7,93.51,441.2,6.368,3731.6,0
55.01,1454.8,428.3,93.07,197.3,2.464,39.0,0
88.57,1475.6,501.2,86.8,122.6,2.864,1711.4,0
-20.1094678779562,2067.1,673.2,85.38,243.2,3.118,1586.8,0
79.93,1300.7,515.0,97.67,228.1,4.512,1330.8,0
61.99,1013.1,554.0,96.34,344.1,1.27,4100.8,0
82.76,1138.8,414.2,92.54,185.4,3.095,290.4,0
76.07,1858.3,606.2,85.99,348.0,3.733,2035.8,0
56.07,1243.2,524.7,92.12,293.2,5.278,3905.6,0
,1693.1,553.8,87.92,367.6,5.301,3262.5,0
53.39,1604.0,678.6,86.86,479.9,0.614,978.6,0
57.05,982.0,479.2,93.94,494.4,3.575,594.0,0
49.96,992.9,740.8,100.0,315.7,1.611,1091.6,0
58.51,1098.8,389.7,97.04,315.8,1.28,2953.9,0
,1178.5,693.7,93.66,373.7,0.941,3306.0,0
74.02,2047.1,688.1,86.71,50.7,0.488,874.2,1
75.01,1460.7,391.3,88.12,433.7,5.677,2372.0,0
50.29,1412.3,520.6,83.35,311.6,3.217,1209.7,0
51.03,1253.6,609.4,81.02,357.7,1.733,1083.4,0
70.12,1528.1,316.5,100.0,380.9,4.662,1711.5,0
76.44,2063.3,465.7,86.13,326.5,4.724,3069.7,1
65.69,1602.5,503.5,100.0,113.3,4.496,912.9,0
67.22,1643.1,514.4,90.16,487.1,4.005,198.0,0
51.83,2255.6,228.2,100.0,395.2,0.102,3792.5,0
50.26,1507.0,436.3,100.0,438.9,2.151,1259.5,0
30.3,1634.1,527.8,85.6,109.8,0.152,4400.5,0
83.65,1030.5,437.6,93.14,467.5,0.773,611.5,0
73.06,2006.6,370.5,81.64,226.8,2.179,2517.1,0
71.46,1986.2,377.9,100.0,300.9,1.716,2430.8,0
62.85,1318.0,549.0,92.54,423.3,0.318,2138.4,0
78.88,1459.1,426.9,99.97,62.3,0.649,2421.3,1
41.93,1387.5,458.8,89.96,196.5,0.012,1753.7,0
64.9,1650.9,545.1,94.61,51.9,1.694,4004.8,1
63.0,1964.4,601.6,92.05,67.8,4.777,4423.9,1
54.02,2331.7,637.7,100.0,450.9,1.688,1537.6,0
66.87,1695.1,655.3,99.11,233.4,1.866,2021.6,0
35.94,2035.4,489.5,90.15,130.6,0.087,3825.3,0
49.35,1720.1,503.5,92.32,183.7,5.616,4020.3,1
54.16,1831.4,566.0,95.28,390.9,1.074,152.6,0
68.06,1661.7,458.0,90.77,229.7,1.997,4483.3,0
82.08,1678.7,533.2,81.91,296.5,2.934,87.4,1
79.76,1792.7,662.9,88.96,424.9,1.604,4953.0,0
80.06,1594.2,623.4,81.11,348.6,2.235,991.7,0
,1410.0,494.6,100.0,83.2,0.25,1280.0,0
100.21,880.4,585.7,94.81,345.0,4.002,2830.7,0
82.52,699.7,529.1,100.0,251.2,0.274,756.2,0
46.64,1914.2,496.1,85.44,277.4,3.797,3527.3,0
45.51,1757.4,655.4,100.0,387.0,2.021,3628.4,0
47.61,1102.1,421.3,100.0,296.9,4.398,2378.3,1
71.42,1800.3,819.6,96.87,184.0,0.87,1280.9,0
51.1,1714.9,620.1,93.45,83.5,4.24,4273.5,1
77.17,1594.3,506.6,90.45,359.2,2.288,4203.9,0
31.51,1232.2,470.2,80.27,417.7,0.489,1975.3,0
46.81,1486.8,613.3,94.57,85.6,4.609,4154.9,0
65.58,1575.6,533.3,90.6,104.7,1.652,4478.8,1
73.9,1797.9,611.5,97.69,,3.729,232.7,0
73.94,2007.5,438.0,77.29,105.5,4.468,4840.6,1
97.63,1870.8,518.7,93.41,217.7,0.832,3129.3,0
72.1,1283.8,531.3,94.68,304.5,0.605,3264.6,0
53.97,1545.7,481.5,97.65,297.8,4.071,1218.3,0
71.55,2109.4,482.2,94.51,335.1,5.662,1898.0,0
40.34,1971.3,641.0,97.24,361.7,1.85,4308.2,0
57.45,1295.4,442.7,86.47,87.5,1.583,1122.5,0
74.95,1948.8,771.7,88.19,303.8,3.87,4047.6,0
62.17,2187.0,512.9,86.13,154.1,0.966,3948.6,0
33.92,887.0,434.5,96.09,190.9,6.774,632.3,0
71.62,1928.1,400.1,89.06,365.0,4.565,2313.5,0
68.83,1609.4,454.3,98.3,107.7,,1327.2,0
58.87,888.7,605.3,83.26,124.2,2.83,1053.6,0
49.0,1655.2,748.2,92.06,58.0,2.029,1961.7,1
96.35,845.9,462.3,95.65,100.0,4.041,143.2,1
90.99,1649.3,573.6,90.31,124.9,2.665,2646.2,1
43.04,1127.7,399.6,95.16,81.6,3.657,3801.9,0
74.96,1550.6,496.6,100.0,359.8,0.137,1963.8,0
63.82,2196.2,589.9,100.0,165.8,5.082,4282.5,0
76.27,1512.6,574.6,88.65,102.3,3.859,3621.9,1
39.79,1673.5,613.3,99.67,60.1,2.212,4907.1,0
80.94,1330.3,594.8,90.71,453.4,3.934,4856.3,0
71.44,1367.4,366.6,98.34,416.7,0.679,249.5,0
48.19,2275.4,562.5,91.15,89.2,0.146,4173.4,0
46.69,1361.3,653.2,95.9,399.0,1.009,3885.0,0
54.79,1371.4,300.7,97.94,131.7,2.654,1418.9,0
54.65,1794.1,439.9,100.0,423.0,2.879,1214.0,0
73.65,2165.9,645.9,96.3,132.3,3.471,4061.3,1
61.26,1489.2,591.2,92.5,110.6,2.764,1890.9,0
43.17,1529.3,545.7,94.61,423.3,5.552,657.5,0
61.54,1057.8,544.3,100.0,253.4,5.681,3265.8,0
92.9,1050.6,650.7,92.26,245.2,4.343,3050.4,0
62.08,1508.4,506.4,98.5,492.4,1.273,2813.0,0
66.02,1389.8,552.4,100.0,266.7,3.662,2759.8,0
62.64,1835.1,552.6,93.34,200.8,0.599,1980.1,0
65.16,2515.2,500.5,100.0,302.6,2.329,4751.3,0
54.44,1727.8,530.3,83.39,,3.628,3356.5,0
,1990.5,645.7,100.0,213.5,,1135.6,0
50.86,2258.7,748.8,92.83,153.2,0.698,4004.1,0
89.94,1893.6,527.2,89.88,477.5,2.451,1797.4,0
41.75,1550.0,321.4,89.8,418.5,2.265,3448.6,0
,1784.4,408.4,87.07,58.4,5.32,4618.8,1
39.19,1839.2,649.6,93.31,430.2,4.292,1800.4,0
80.59,1258.6,486.4,89.13,390.6,5.509,3434.4,0
44.88,1718.2,502.2,100.0,493.1,0.76,1287.4,0
45.54,1720.1,387.0,,354.3,1.668,147.8,0
99.84,1356.9,628.9,92.61,218.1,2.689,2765.7,0
58.33,1359.6,554.5,88.55,364.1,2.151,2155.1,0
64.92,1584.0,669.5,97.4,392.5,5.254,1653.2,0
68.86,1208.3,583.1,92.78,235.3,2.678,18.7,0
69.45,1634.1,455.0,100.0,459.0,3.197,4913.3,0
50.05,2032.9,645.0,97.4,298.9,3.819,1671.8,0
48.3,1141.5,460.8,94.87,,2.954,4810.9,0
58.11,2027.6,539.1,99.6,268.7,5.679,3755.9,0
44.59,2117.7,436.7,94.7,326.6,2.618,2602.7,0
38.85,1067.6,558.7,95.53,408.6,0.996,4251.6,0
58.28,1632.3,361.8,90.53,399.4,3.834,1270.8,0
26.42,1564.3,554.7,91.08,447.4,,4066.3,0
56.93,1660.8,414.4,89.28,358.3,,237.7,0
66.69,1353.2,413.8,86.1,340.3,0.643,1248.2,0
63.7,1352.7,468.5,100.0,482.5,0.538,3705.0,0
33.25,2327.8,526.4,85.48,253.3,2.192,3360.1,0
66.63,1625.4,553.8,100.0,276.8,1.133,3357.8,0
60.36,2006.4,724.1,93.51,153.6,3.097,4435.1,1
56.35,2586.2,496.4,92.0,294.9,0.07,499.3,0
,1619.0,503.2,100.0,181.7,5.739,3269.8,0
51.61,963.6,307.8,87.7,459.7,2.01,2378.4,0
-35.06114985651354,1528.5,501.9,84.51,461.3,3.122,1243.0,0
55.62,1527.8,476.5,95.24,462.5,1.574,3547.3,0
96.15,1782.8,475.1,89.41,261.0,4.591,2573.8,0
47.73,1691.6,519.4,88.72,311.8,5.796,4521.2,0
92.68,1077.7,744.7,87.51,358.4,2.994,4674.6,0
84.43,1717.5,552.9,99.98,117.7,2.048,481.8,0
38.72,1074.6,566.6,97.37,413.6,5.827,3360.7,0
60.04,1792.8,652.1,94.22,461.5,4.356,3521.6,0
75.38,1321.7,578.6,,140.5,1.881,1321.1,0
33.7,1755.2,654.3,100.0,363.1,4.42,3602.9,0
63.97,577.8,647.6,94.51,107.9,3.908,550.7,0
67.53,1329.9,459.2,86.54,349.2,4.185,1953.6,0
63.28,2140.7,466.7,100.0,317.6,2.504,4833.4,0
49.22,1487.2,516.1,95.21,430.3,1.942,1959.6,0
65.45,1666.6,509.9,100.0,236.6,0.457,1675.4,0
56.38,2059.6,474.8,96.31,340.9,2.342,55.2,0
62.78,2031.6,617.6,98.0,108.4,1.298,1233.6,0
70.25,1977.3,571.5,97.72,128.2,2.713,1625.7,0
98.55,2317.9,721.5,85.22,419.4,6.986,1743.2,1
64.18,1846.4,294.8,,360.1,4.883,1691.7,0
61.45,1420.6,395.6,97.89,238.5,2.726,1847.7,0
59.46,1163.7,668.6,94.19,372.8,8.33,513.8,0
55.65,1042.2,387.5,98.78,481.8,3.715,4311.8,0
66.87,1331.2,614.1,74.49,137.9,5.446,3306.3,1
75.63,2038.7,409.5,84.39,417.3,5.561,3743.8,1
47.91,2089.2,493.8,94.25,400.0,3.361,8.2,0
52.37,1716.5,195.5,91.27,443.5,1.679,2830.8,0
63.71,2113.1,667.1,86.39,131.7,1.011,788.5,0
44.7,1067.2,652.6,94.93,94.4,1.151,551.9,0
,2321.2,584.7,86.04,427.6,0.863,3492.3,0
66.47,1131.1,674.6,98.6,127.6,3.173,2985.3,0
45.38,1183.8,601.5,95.41,126.5,1.464,2037.4,0
68.2,1400.7,461.9,86.49,51.6,3.275,3329.6,1
,1890.7,595.9,94.75,462.7,2.397,4571.8,0
69.94,1883.6,145.4,90.96,259.9,1.634,1890.8,0
94.54,1528.2,497.0,94.67,347.5,6.584,1173.3,0
87.18,2207.6,827.8,88.19,69.4,1.793,520.3,1
55.41,1819.2,482.1,86.73,144.2,4.526,4743.7,1
,1840.4,534.7,85.58,197.6,4.913,599.5,0
52.81,1004.5,663.0,88.48,109.1,0.575,818.1,0
50.12,1006.7,396.5,86.4,488.7,0.801,688.8,0
77.2,1279.1,585.0,82.99,183.2,3.266,1635.6,0
63.66,2357.3,622.9,90.55,310.8,1.492,2257.9,0
45.33,1628.6,612.6,96.49,87.6,3.994,1402.8,0
35.81,1984.9,481.2,89.26,432.0,0.508,305.0,0
52.03,1654.2,475.6,96.93,458.9,3.231,1334.8,0
63.53,1542.6,400.6,86.18,490.8,3.535,2244.4,0
69.04,1314.6,581.2,100.0,,3.251,3249.5,0
103.25,1358.0,512.6,92.88,220.3,1.518,1725.4,0
72.88,1538.5,456.7,80.69,276.4,0.947,4446.8,0
34.97,1909.2,484.3,86.3,455.5,3.991,931.2,0
66.45,1758.2,509.1,86.57,75.9,0.164,2799.9,0
89.79,1641.7,390.6,86.44,440.7,2.712,2732.5,0
66.74,696.9,452.5,83.5,460.7,4.308,3129.4,0
66.29,2116.0,549.2,97.19,393.0,1.146,2849.6,0
43.14,1347.6,396.9,87.35,131.7,4.714,1688.5,0
78.72,2164.9,481.3,83.08,422.3,5.053,2789.2,1
91.6,1060.0,490.8,,164.8,4.661,4020.7,0
47.3,1160.2,472.7,85.97,256.5,2.95,3859.3,0
71.11,1730.4,516.9,87.19,209.2,0.845,144.2,0
76.75,1529.0,510.5,100.0,409.8,4.049,3277.8,0
,2148.7,427.7,82.89,211.3,4.408,4423.8,1
73.04,1655.5,395.0,93.62,364.3,5.094,4221.5,0
44.18,1303.8,623.4,95.23,493.4,2.976,1011.6,0
60.24,1979.4,466.4,88.24,194.5,4.048,1371.1,0
67.35,1525.7,490.8,98.99,,2.468,141.2,0
79.79,1764.8,528.3,98.79,295.6,5.783,2068.2,0
48.98,817.3,321.8,95.23,121.1,5.399,3116.8,0
60.75,1461.2,566.6,92.32,362.2,2.297,3850.9,0
79.37,971.4,468.6,100.0,74.3,6.382,4117.4,1
68.23,2387.3,680.2,86.4,146.9,0.603,2295.4,0
70.79,1491.9,498.9,95.17,413.0,2.792,1268.8,0
83.16,1829.5,497.6,97.32,456.3,2.854,590.9,0
62.31,1530.0,555.1,100.0,182.5,3.834,473.0,0
73.21,1697.8,493.1,,235.4,1.144,3671.5,0
54.95,1624.9,619.4,84.99,321.4,2.911,4018.4,0
77.3,1311.9,568.1,96.82,213.8,1.423,4877.9,0
45.94,808.0,408.7,83.09,410.0,1.711,1314.5,0
65.81,1775.9,691.0,92.96,193.4,5.918,3842.0,1
62.98,1185.5,588.2,89.75,453.3,3.399,3849.5,0
75.76,1656.3,680.1,93.64,216.0,4.142,3619.0,0
89.19,1632.7,381.0,97.55,232.5,4.003,225.1,0
49.4,1282.3,585.7,93.37,451.2,0.384,495.8,0
73.31,1127.3,410.0,95.42,166.0,,482.4,0
77.1,1506.4,468.1,92.23,118.4,3.881,364.7,0
85.43,1218.0,432.8,94.52,116.2,1.27,1007.5,0
43.19,1656.5,515.9,98.72,284.1,7.035,4852.4,0
35.31,2412.4,291.1,,494.2,1.87,549.3,0
76.17,1897.2,711.6,100.0,167.3,3.411,3691.8,0
61.21,1027.2,312.3,95.2,411.2,2.048,799.0,0
70.33,1544.5,590.2,80.51,61.6,4.19,4304.8,1
89.63,1075.5,612.6,88.22,181.6,4.487,2316.4,0
40.56,1593.4,490.7,83.19,416.4,1.007,622.8,1
52.64,1353.2,454.0,88.68,279.0,,3846.9,0
87.88,1994.5,493.7,100.0,141.8,2.644,2013.6,0
88.79,1975.8,608.1,88.28,198.7,5.537,3232.0,1
39.19,2155.6,462.0,87.83,485.3,5.187,1573.3,0
97.42,1317.2,388.7,100.0,279.9,3.727,4043.7,0
53.32,1682.7,537.1,86.64,211.2,0.609,2241.6,0
28.25,2169.3,393.5,89.36,222.8,3.835,458.2,0
,1604.3,440.4,92.92,203.3,5.034,549.5,1
59.6,1766.6,450.4,100.0,123.5,1.874,4328.4,0
52.62,1556.4,686.0,95.83,333.8,7.347,1886.6,0
38.37,1505.1,558.9,88.97,112.3,3.334,3872.1,0
44.8,973.2,628.8,95.56,392.2,1.277,2080.3,0
61.37,1576.2,588.6,83.38,402.7,2.787,4675.9,0
59.18,1090.5,670.7,97.49,434.6,1.242,4132.8,0
45.8,55.6,551.9,84.97,204.3,1.024,1617.3,0
39.19,1682.0,574.9,100.0,113.4,,4717.0,0
78.64,1585.0,531.2,91.16,392.5,6.134,4953.8,0
57.86,1912.3,588.4,92.27,53.2,5.635,4404.7,1
44.47,1582.7,541.9,96.01,460.5,4.234,2218.8,0
68.32,1744.0,624.9,84.9,86.3,3.494,3981.4,1
65.8,1922.3,633.8,83.34,194.2,2.474,3839.8,0
61.37,1141.0,224.3,100.0,103.2,5.092,4355.5,0
67.56,1592.0,541.6,82.51,56.1,5.29,1520.1,1
28.27,1363.8,658.6,94.65,433.2,2.698,4166.0,0
71.29,1509.3,309.5,88.72,380.9,6.752,1063.4,0
90.1,1741.9,645.4,90.36,452.2,4.019,991.2,0
70.8,1529.8,706.2,90.59,,2.649,2740.6,0
63.44,1871.3,707.5,93.45,216.4,2.8,4267.2,0
64.87,2010.0,308.1,90.15,186.0,0.706,379.8,0
,1151.3,498.9,97.68,87.9,1.713,2149.5,0
,1548.1,669.5,100.0,89.8,0.317,3615.7,0
38.51,1506.7,676.0,97.59,210.8,4.977,3376.4,0
58.82,1105.9,590.7,88.02,307.2,1.196,4739.1,0
60.32,1820.2,608.1,97.31,289.6,0.416,352.2,0
48.97,1946.3,547.8,90.7,421.9,3.915,4483.9,0
60.38,1981.1,526.8,75.9,115.7,2.424,4336.5,1
51.18,1898.9,511.6,97.77,84.0,3.939,2815.0,0
55.68,1814.1,367.0,99.76,145.5,4.698,3454.2,0
74.05,1110.5,487.8,89.4,418.8,4.535,3326.9,0
58.9,1418.4,535.1,92.72,321.0,2.083,4485.8,0
67.0,1544.4,565.6,94.17,242.5,1.5,1026.7,0
90.16,1684.9,244.2,98.37,386.8,4.567,2612.4,0
63.62,1670.6,561.0,82.68,64.8,3.589,3061.0,1
32.17,1028.8,595.3,87.5,348.4,1.662,2506.2,0
63.14,1545.3,384.0,100.0,421.9,0.034,299.1,0
35.63,1933.8,427.5,100.0,498.7,,3305.4,0
48.54,1734.9,492.3,100.0,494.7,2.598,788.5,0
80.32,1151.3,676.3,85.28,344.7,1.766,3142.9,0
70.9,1651.8,560.8,100.0,470.3,3.359,474.9,0
58.85,2431.4,643.8,99.98,92.5,3.272,1214.4,0
61.62,1454.3,546.2,97.13,385.0,2.403,3557.6,0
70.14,1790.2,508.3,100.0,431.1,3.77,1535.5,0
54.76,1518.8,595.5,100.0,,7.361,375.4,0
54.02,1850.1,310.1,77.0,217.2,0.112,4803.8,1
87.43,2141.9,708.0,,444.7,0.991,1028.2,0
62.8,2470.3,507.7,94.23,122.3,2.578,12.6,0
45.91,1558.8,567.1,93.58,144.5,5.43,646.1,0
52.51,1596.4,547.3,89.08,,3.741,611.6,0
,2013.3,516.6,96.19,401.7,4.139,2228.8,0
59.36,2928.0,602.3,95.57,365.0,0.21,4640.1,0
61.24,1359.5,689.2,88.98,347.2,5.022,442.6,0
77.47,1721.0,475.7,92.68,349.3,5.585,2880.4,0
65.61,1798.1,431.2,85.66,356.6,0.136,3126.3,0
63.44,1659.8,400.6,96.47,136.7,3.78,3130.3,0
53.41,1650.6,390.9,92.95,161.2,3.959,4789.9,0
35.39,1709.4,521.0,,150.2,5.678,3358.1,0
68.35,2133.4,607.6,98.83,138.1,2.064,4048.9,0
43.81,993.1,628.9,,289.1,0.266,4154.7,0
71.57,1068.4,610.7,100.0,167.6,1.08,3939.5,0
35.0,1772.1,638.5,88.11,405.1,1.684,3855.8,0
56.39,2087.8,221.7,85.51,373.1,8.383,1992.7,1
88.61,1549.4,396.2,93.46,440.9,4.375,4789.5,0
58.63,1400.9,630.5,84.92,116.3,3.536,2238.8,0
95.33,1778.2,570.8,83.09,91.9,2.813,823.6,1
32.43,1799.2,617.5,,261.7,5.118,4215.5,0
84.76,1477.8,489.3,97.64,353.2,2.781,3175.8,0
76.91,1037.1,682.0,97.23,442.2,1.145,4970.4,0
43.13,1476.5,414.1,,496.0,1.971,2036.2,0
71.99,1100.8,569.6,,484.6,2.842,2821.6,0
48.19,1590.3,604.2,89.48,463.0,1.078,4367.6,0
60.57,1593.6,486.2,84.0,278.3,0.592,2823.9,0
57.48,2093.5,463.2,99.95,318.3,,2659.9,0
108.43,1963.9,525.8,100.0,198.9,2.28,474.8,0
62.79,1351.5,511.7,97.34,420.6,3.102,37.5,0
67.36,1474.5,349.5,100.0,119.5,0.589,3294.7,0
51.67,1034.2,452.7,100.0,304.5,,245.0,0
79.02,1711.3,446.3,82.4,476.8,3.226,1606.0,0
48.73,1604.6,612.3,94.71,316.7,2.991,933.3,0
79.63,1109.1,494.1,88.98,108.8,,4672.8,1
47.3,1124.2,597.5,91.33,421.3,0.212,3064.8,0
61.02,1273.1,447.8,98.07,421.2,7.258,4861.4,0
63.35,1905.5,431.8,94.27,357.7,4.929,1151.3,0
76.04,2391.3,443.3,91.93,252.3,3.218,175.0,0
62.56,1708.6,763.7,86.12,284.8,2.741,2726.8,0
,1205.2,588.5,,205.9,1.104,1633.8,0
95.27,1571.4,322.9,87.79,228.3,3.805,3079.3,1
71.31,1310.5,591.0,100.0,76.3,1.687,961.9,0
57.1,1787.9,585.3,92.73,321.7,8.537,1108.0,0
47.0,1625.8,420.2,93.07,280.5,6.516,4705.1,0
45.7,1504.1,468.4,96.56,296.4,8.026,1353.7,0
,1618.0,754.0,92.14,428.0,0.008,4112.3,0
44.85,941.8,468.7,95.04,477.6,,2279.4,0
62.94,1901.8,451.6,82.09,468.8,1.016,2057.5,0
46.67,1498.9,473.8,100.0,425.4,2.459,1037.1,0
76.34,1256.2,601.7,85.35,64.8,0.367,2541.3,1
86.13,1653.9,454.2,87.48,57.9,7.814,2182.6,1
11.31,1720.2,360.1,89.37,344.5,0.882,3311.6,0
87.25,1615.2,714.1,82.91,115.3,5.12,1743.3,1
74.19,1624.8,627.2,100.0,398.9,4.192,3940.9,0
72.51,2159.1,529.3,79.21,171.6,3.359,1671.1,0
,1758.5,414.7,92.89,155.7,2.875,4033.3,0
56.64,2030.6,269.5,98.94,287.9,7.531,2877.1,0
82.49,1763.9,602.9,90.38,237.2,5.958,3837.9,1
53.62,1301.7,539.2,88.25,52.3,4.879,1661.9,1
66.6,1897.2,608.3,93.91,168.3,2.881,4665.4,0
67.63,1928.7,645.4,94.36,205.9,5.747,2246.0,0
75.74,951.2,748.5,83.82,65.7,2.366,1626.2,1
68.17,2410.1,368.4,98.5,360.3,3.445,4334.0,0
74.51,1661.3,730.6,,312.8,3.411,522.4,0
39.36,1416.6,623.4,96.25,195.5,2.385,1123.5,0
91.87,2118.3,608.0,83.35,414.6,3.775,4593.2,1
83.16,1728.5,380.5,100.0,86.6,2.048,1096.4,1
65.7,1280.2,508.4,82.75,378.2,4.989,1715.9,0
73.8,1524.4,414.5,,135.0,0.486,922.5,0
60.96,1075.8,572.1,85.39,79.7,3.345,1818.6,0
88.6,1627.8,485.1,90.7,378.4,0.355,4481.3,0
80.25,1002.1,580.0,100.0,374.8,1.485,3772.9,0
66.28,1139.8,492.6,88.37,393.2,1.419,3022.4,0
56.9,1965.7,413.0,87.43,112.0,4.731,3332.3,1
67.13,1809.2,483.8,100.0,241.0,3.922,609.4,0
52.69,1449.8,597.1,95.18,283.6,3.018,4645.3,0
49.67,1492.1,529.9,93.96,214.9,5.958,2773.7,0
81.8,1341.2,509.3,90.78,143.7,3.564,2690.3,0
71.51,1817.3,506.7,95.37,490.1,7.197,3152.6,0
76.84,1419.7,441.0,95.23,429.5,5.255,4453.0,0
39.18,1733.3,431.2,93.61,443.1,3.913,3577.6,0
52.33,2035.5,256.5,98.02,222.9,6.273,642.3,0
82.81,1431.3,500.6,86.94,90.8,5.662,1144.1,1
65.69,1364.9,495.9,100.0,98.6,3.245,1459.1,0
81.7,973.5,442.1,97.41,131.2,3.108,1829.1,0
38.85,1743.7,370.4,94.25,68.8,6.654,3637.9,1
56.26,908.0,530.8,92.51,343.4,3.529,130.1,0
38.51,1528.3,275.9,98.81,278.1,3.619,2538.7,0
40.27,1225.3,531.2,92.0,150.9,2.151,4746.9,0
54.44,1180.1,568.8,94.42,116.7,1.389,4246.4,0
62.42,1735.9,718.2,94.83,98.4,6.177,2155.5,1
64.81,2091.9,474.4,93.34,293.1,2.841,4863.4,0
46.06,1790.6,429.2,92.25,125.3,1.661,934.7,0
58.16,1185.0,329.5,95.03,71.8,4.268,851.6,0
72.11,1709.7,554.0,95.67,292.0,1.066,1417.7,0
44.04,1510.2,585.8,84.63,372.2,5.329,3909.8,0
55.87,1676.4,436.5,94.42,144.7,6.62,4280.1,1
63.32,1536.4,568.8,100.0,257.1,2.351,2883.3,0
58.83,1298.4,516.4,95.99,53.6,1.357,1487.3,0
65.39,2083.2,671.1,83.69,107.2,5.619,3402.9,1
63.78,1804.8,481.3,75.19,298.2,5.684,1810.4,1
,1372.1,565.7,89.87,305.5,5.779,3056.0,0
63.29,1589.9,638.2,89.32,215.7,2.986,4886.6,0
38.51,998.7,499.5,98.72,200.2,6.578,1286.2,0
70.07,1586.5,334.4,93.17,315.4,2.89,2243.7,0
81.0,1522.7,380.8,80.64,149.6,1.471,3730.2,1
41.58,1408.7,436.7,79.89,311.9,4.29,1655.9,0
36.38,2288.1,632.6,99.71,256.4,5.34,2707.8,0
,1573.9,576.1,86.35,168.4,1.744,1967.7,0
,1924.7,466.2,82.58,322.6,2.878,836.4,0
67.15,1635.5,375.6,91.89,73.4,2.193,2227.0,1
70.98,2115.3,565.1,94.27,385.0,3.851,2472.5,0
69.53,1985.8,556.1,90.49,353.4,5.417,1679.0,0
61.93,2281.8,506.1,100.0,444.5,3.146,2563.1,0
65.4,1776.3,313.4,76.54,409.0,4.186,379.0,0
70.9,1449.4,525.4,96.28,313.9,5.65,2684.2,0
32.79,1374.0,520.8,86.15,311.5,0.894,2825.0,0
71.12,1309.8,602.5,94.9,200.5,2.344,2798.8,0
80.29,1154.5,631.5,100.0,422.1,0.504,886.1,0
71.2,1628.5,469.7,93.63,193.7,1.81,2299.8,0
64.23,1630.8,562.3,100.0,357.4,2.02,2161.7,0
44.88,1301.9,546.3,95.62,231.1,4.517,3124.2,0
45.38,1785.1,444.9,83.34,143.6,1.074,3645.4,0
40.45,1702.4,576.0,87.09,95.6,6.765,5.7,0
58.83,1280.1,494.4,92.71,,,2418.7,0
40.48,1869.5,475.2,92.74,260.0,3.102,4219.9,1
66.31,1067.4,343.5,86.74,291.3,3.462,2876.2,0
87.68,1331.4,433.8,86.55,308.2,2.633,2413.7,0
52.66,1252.0,548.0,89.16,373.4,1.302,2352.0,0
74.61,1717.1,398.4,98.5,112.4,0.716,2901.6,0
68.99,1586.5,490.8,89.15,420.2,6.385,2312.1,0
55.01,2206.1,453.4,90.0,,0.167,999.3,0
61.29,1379.2,448.7,81.96,322.7,2.746,666.5,0
69.08,1807.4,622.4,97.09,,4.03,3087.8,1
73.83,981.4,622.6,96.38,473.1,4.534,4430.4,0
83.83,2165.5,619.4,96.63,465.8,6.202,2047.5,0
72.21,1074.5,819.8,97.34,491.7,4.99,2910.6,0
58.2,1152.3,657.6,91.92,184.0,2.45,272.5,0
63.61,1621.1,409.8,80.55,433.3,1.298,175.1,1
,1313.7,513.4,89.27,423.8,1.95,1963.2,0
72.37,1470.3,608.5,96.2,134.4,0.679,4449.9,0
58.02,1638.6,646.0,89.53,151.2,1.071,880.4,0
60.01,1816.3,504.7,83.52,409.7,4.093,4657.0,0
77.45,2218.3,602.7,87.8,290.2,2.135,3437.7,0
43.14,1812.8,375.2,92.94,348.7,6.321,2746.7,0
76.9,1915.8,413.2,94.31,,3.043,2767.2,0
50.4,1407.9,377.5,88.88,182.3,3.248,822.1,0
,1257.1,576.7,96.57,288.3,1.42,780.6,0
91.74,1583.4,594.8,83.38,303.7,5.147,1979.0,0
35.01,1152.3,328.9,79.18,279.1,0.587,1761.3,0
97.34,1506.1,460.2,100.0,245.8,7.06,3851.8,0
65.82,1733.3,674.7,100.0,193.8,0.942,2573.3,0
61.97,1832.4,282.2,89.09,304.9,1.541,2848.0,0
73.23,1517.0,617.5,73.39,171.9,1.983,885.6,0
88.25,1039.3,556.6,98.72,116.8,,8.7,0
48.87,1941.8,478.0,81.82,170.6,0.354,4754.3,0
31.54,1398.3,588.0,92.85,221.6,4.012,3354.0,0
67.95,1853.5,607.8,100.0,74.6,3.804,4043.9,1
38.59,1473.2,697.7,100.0,285.5,4.49,4189.3,0
89.03,1365.6,423.3,95.25,454.2,4.818,980.3,0
76.01,1420.6,531.0,97.08,419.5,5.982,66.4,0
58.96,933.6,475.2,,357.7,3.26,4053.2,0
68.54,1863.7,580.4,90.48,100.0,0.977,3838.6,0
54.99,1613.7,517.0,81.49,230.5,4.172,3380.0,0
43.48,1521.3,313.8,93.91,200.0,3.158,4754.1,0
51.32,10261.313111863647,801.4,82.31,496.1,3.939,619.7,0
64.93,1276.1,519.1,95.23,321.2,3.829,2627.5,0
71.03,2086.6,365.7,86.38,178.5,4.522,506.5,0
70.55,1127.4,625.7,90.48,328.5,2.492,118.4,0
,1634.1,516.0,100.0,167.6,1.505,1938.6,0
54.31,1694.2,692.8,94.45,159.5,1.075,3156.8,0
62.64,1272.0,529.2,99.29,154.5,5.656,4145.5,0
66.24,1245.8,446.0,83.71,216.7,5.038,3996.9,0
58.25,1743.1,522.1,94.01,284.5,1.425,1539.0,0
73.84,1815.1,656.9,98.01,401.6,2.677,3440.2,0
44.35,1914.3,733.5,95.35,264.2,0.037,2945.3,0
65.25,1357.1,417.3,93.25,383.8,4.37,2504.1,0
39.25,1513.1,393.3,90.22,82.2,4.728,4946.9,1
70.42,2180.1,495.4,86.81,211.4,3.169,3999.3,1
57.83,1361.0,481.3,94.93,205.8,5.859,24.5,0
48.95,2595.6,506.9,97.65,76.6,5.739,2472.0,1
40.68,1302.8,576.7,81.53,235.8,4.735,1859.0,0
58.13,1230.2,439.1,88.87,205.4,2.675,2042.9,0
67.65,1514.8,430.8,94.38,253.3,5.161,1867.7,0
69.18,1418.2,369.7,90.31,387.0,1.084,1989.4,0
21.81,1815.9,664.0,93.47,182.1,1.706,3098.8,0
42.46,1783.1,603.8,94.08,175.3,8.251,2748.0,0
48.19,1636.9,726.0,87.2,400.6,0.852,2542.1,0
,1392.2,402.0,100.0,92.4,1.785,1516.9,0
62.15,1581.4,602.0,82.6,277.3,2.399,3534.9,0
60.41,1575.6,668.6,94.74,384.1,4.4,4148.6,0
60.3,2352.7,384.3,92.18,343.1,1.546,3893.1,0
72.71,1263.0,428.8,92.66,177.7,3.321,1626.3,0
79.31,1359.6,532.8,97.12,254.0,3.567,3627.6,0
49.78,1869.2,594.4,84.58,160.5,4.142,1642.4,0
25.45,1931.2,454.2,88.18,458.6,2.42,2047.7,0
79.65,1501.5,321.1,86.62,196.2,4.787,2254.0,0
61.84,1774.3,421.6,73.98,478.6,3.14,263.6,0
68.37,1602.1,688.0,98.26,141.2,4.451,4008.7,0
55.35,1532.8,672.1,,470.0,3.501,3004.1,0
58.73,1911.3,584.3,97.67,88.4,0.665,4799.3,0
37.86,773.9,600.6,100.0,125.5,8.161,3542.8,0
67.53,1505.7,721.7,99.42,147.2,2.964,3706.6,0
85.82,1832.8,721.3,94.04,221.9,6.708,3083.7,1
61.06,1664.5,626.2,96.55,382.5,2.821,774.9,0
65.77,2165.6,494.3,84.51,271.4,0.079,4574.3,0
69.44,1198.3,590.2,91.98,363.8,1.61,1017.8,0
25.55,1033.9,382.6,95.06,448.0,4.658,2465.5,0
66.19,1509.7,591.0,86.17,244.6,1.339,111.5,0
55.96,2148.5,548.6,100.0,457.0,1.449,1774.5,0
77.87,1830.2,670.2,,381.6,,3470.7,0
59.73,1303.6,501.7,99.51,134.3,3.49,1450.9,0
78.45,1292.5,420.2,89.16,154.8,5.28,1978.4,0
49.54,1437.0,377.6,94.73,91.4,2.955,481.5,1
48.68,1003.6,585.3,76.58,370.5,8.519,957.3,0
79.56,1601.3,608.9,92.33,90.0,2.256,4436.5,1
57.32,829.3,513.6,91.58,159.0,0.084,3089.9,0
55.89,1592.9,450.5,87.53,252.3,2.995,2482.6,0
49.69,1745.2,431.3,95.14,243.2,,2950.3,0
48.7,2064.7,595.4,84.39,154.2,2.453,2296.2,0
51.79,1101.5,566.6,95.82,495.3,1.733,4104.9,0
72.26,1773.7,446.0,88.05,169.2,3.781,2452.2,0
78.69,1307.3,423.9,82.27,351.8,3.962,2558.4,0
45.26,1173.1,523.9,100.0,179.9,1.464,3443.6,0
82.8,2035.5,637.8,100.0,371.4,2.212,1163.9,0
78.32,1724.9,519.3,87.63,278.3,3.178,2451.3,0
56.39,1588.2,571.8,96.28,211.8,2.754,4224.7,0
97.16,1665.7,532.5,90.23,143.9,0.705,4025.9,0
75.16,1166.8,417.7,100.0,312.0,1.487,119.1,0
58.92,2159.1,360.7,100.0,465.8,1.978,1071.8,0
60.93,1837.1,647.7,92.38,493.6,2.577,4576.5,0
66.01,2144.4,472.4,98.17,80.2,,3696.9,0
66.74,1829.6,496.5,100.0,244.3,2.479,4315.2,0
56.74,1671.9,629.3,83.56,480.6,2.135,4073.4,0
49.02,1668.9,645.0,85.99,279.2,2.956,3279.6,1
65.51,1438.6,517.8,96.54,474.4,5.002,4666.4,0
69.07,1602.3,528.6,94.52,406.2,0.267,1647.0,0
76.28,1271.4,524.5,99.61,493.9,0.282,3697.4,0
78.17,1187.5,691.1,91.0,488.8,3.779,2047.8,0
44.1,1932.9,476.5,100.0,69.7,1.77,1692.5,0
74.11,1717.2,626.0,91.35,499.7,1.024,3476.3,0
71.6,2059.7,422.6,91.67,119.1,2.342,56.3,0
80.88,1349.2,652.7,80.25,195.8,3.968,2599.0,0
81.79,1614.1,621.9,85.13,61.3,3.835,3667.2,1
39.15,1301.2,614.8,,301.0,0.741,2749.0,0
58.67,1712.0,718.1,76.65,174.3,1.679,475.9,0
66.1,1220.2,654.8,88.07,443.1,4.306,3021.9,0
49.49,1502.8,691.0,90.81,251.6,4.013,3008.1,0
44.25,1777.0,550.2,86.69,333.0,1.873,1341.8,0
57.83,2668.1,359.4,94.86,435.8,1.999,3898.7,0
51.94,1884.9,695.5,98.26,158.3,2.484,4225.0,0
72.28,1392.0,695.6,100.0,454.9,1.28,1218.6,0
61.62,1808.7,615.5,93.98,357.7,3.07,2710.2,0
51.94,1355.0,498.0,97.13,466.9,1.399,3123.1,0
46.57,1291.2,535.1,87.9,468.7,3.637,3759.9,0
,1837.9,345.3,79.65,337.2,4.519,4868.1,1
59.3,1327.3,682.3,99.75,57.3,0.846,236.6,1
32.4,1798.3,483.6,76.97,181.6,3.421,945.4,0
66.72,1513.1,504.7,94.12,,1.684,1346.6,0
69.05,1776.7,556.4,95.84,109.8,3.291,330.3,0
58.12,1266.1,519.5,92.48,339.2,3.99,4586.2,0
45.36,1942.3,634.5,85.55,159.2,3.257,3912.6,0
64.59,1713.0,565.9,100.0,190.2,3.803,900.3,0
76.62,1993.8,547.4,87.91,344.1,4.913,1516.3,1
86.23,877.0,784.6,94.26,157.3,1.912,3312.6,0
67.8,966.0,397.4,88.49,192.6,2.97,3834.0,0
78.31,1588.9,571.6,87.6,212.2,0.525,4895.5,0
59.25,1588.7,442.7,85.1,477.6,2.573,1424.9,0
102.08,1480.1,594.3,86.81,339.0,3.468,3131.0,0
31.48,1819.2,473.2,100.0,259.6,6.719,3735.4,0
67.03,1994.6,698.7,86.4,342.4,3.66,4470.1,0
73.18,1403.3,475.5,95.58,321.3,5.439,2102.9,0
55.16,1166.0,449.0,82.05,245.4,5.95,1145.6,0
71.38,1855.7,272.2,96.46,177.8,2.897,3687.2,0
64.07,1197.2,480.5,95.6,182.0,2.672,4622.4,0
73.26,1193.8,482.1,92.09,362.5,5.987,1826.9,0
62.49,1663.6,557.2,89.95,268.4,0.502,3860.7,0
51.87,1679.1,546.4,91.13,114.9,5.186,2226.3,0
57.92,1865.0,514.5,96.61,100.7,1.011,2640.2,0
34.26,1637.2,651.4,93.87,147.6,0.247,3278.4,0
69.99,1811.5,457.8,89.2,64.9,2.069,3508.0,1
71.96,1500.1,473.3,100.0,223.0,7.177,867.0,0
47.88,956.7,531.8,100.0,86.9,3.549,3721.3,0
109.43,1235.7,598.9,94.86,114.5,5.461,4598.4,1
62.94,1502.9,510.7,83.43,79.4,3.184,1817.0,1
70.89,1483.8,279.8,87.33,237.0,1.766,3120.6,0
28.85,1661.8,555.8,100.0,204.6,0.216,4955.3,0
68.82,1788.6,438.8,82.86,256.6,2.182,3464.9,0
,1897.1,556.8,95.75,106.1,1.766,197.1,1
,1748.5,705.8,91.06,66.8,5.147,3350.2,1
86.61,1912.6,521.0,100.0,466.5,5.071,3958.9,0
43.82,1391.4,599.3,94.56,349.8,0.752,4197.3,0
92.87,2002.7,592.3,100.0,128.0,6.218,2029.2,1
47.01,1393.3,572.8,88.2,,5.523,4093.3,0
39.71,1384.2,458.1,94.17,281.0,0.968,4850.6,0
73.24,1490.4,627.9,80.14,184.3,2.035,896.7,0
40.55,1962.4,462.0,97.42,100.4,4.913,4586.2,0
55.45,1375.6,511.1,95.21,168.7,5.305,2122.9,0
97.31,1783.7,611.7,93.68,246.6,3.193,107.8,0
55.38,1595.8,395.3,100.0,326.7,0.774,4686.2,0
45.14,1725.5,641.3,89.91,407.6,2.16,261.6,0
53.39,1804.1,444.8,85.07,456.2,2.199,918.9,0
69.06,1360.9,432.3,100.0,442.4,0.637,3493.5,0
63.09,1552.4,773.1,92.45,,2.881,2937.9,0
50.18,1715.0,536.0,91.46,85.2,3.065,2950.4,0
22.3,1769.7,549.7,82.06,380.1,7.109,4297.7,0
70.2,1839.3,552.2,77.19,91.4,4.181,1361.1,1
54.32,1529.6,452.8,89.9,206.1,5.215,3123.8,0
46.1,2252.7,665.3,93.37,123.7,3.053,1679.9,0
67.3,1585.5,446.7,93.61,104.1,4.98,688.5,0
50.2,1830.0,727.7,91.84,91.5,2.336,2360.9,0
60.55,2133.7,626.5,95.31,284.5,2.533,3861.9,0
63.21,1362.1,516.7,96.33,424.4,3.48,133.2,0
44.25,1142.1,447.3,84.99,381.2,3.865,898.7,0
58.81,1663.5,479.4,100.0,129.0,2.739,1964.5,0
102.74,2188.3,651.4,96.37,440.1,4.277,2337.7,0
65.84,1448.8,446.6,95.77,173.8,0.704,1210.6,1
,1731.0,568.5,96.07,355.1,1.43,1877.4,0
,1215.0,346.7,,326.9,0.482,3441.6,0
66.56,1375.5,524.0,92.24,66.6,7.366,2441.9,1
43.22,2187.8,396.1,98.22,319.0,2.491,3513.1,0
63.01,1573.0,624.6,90.4,386.0,5.302,405.8,0
42.52,1978.7,566.4,98.32,273.7,3.661,4532.4,0
66.53,1768.5,633.1,85.64,253.9,2.374,3358.7,0
86.14,1834.0,408.2,99.03,301.6,2.956,4466.3,0
49.18,1923.6,429.7,87.43,333.7,0.147,4253.8,0
66.28,2140.7,678.0,100.0,258.7,3.989,737.9,0
60.99,1267.4,727.5,87.48,80.0,3.873,202.1,0
70.33,1546.3,585.5,100.0,351.0,6.078,3879.6,0
66.21,1828.5,541.6,95.56,60.1,0.527,3103.0,1
52.06,1611.0,563.9,100.0,210.3,0.939,2828.0,0
70.52,1717.2,702.8,91.6,353.0,1.433,3981.1,0
77.34,1701.3,557.3,77.4,265.8,4.673,3159.5,1
42.53,2000.2,730.2,83.65,296.7,4.482,1292.5,0
40.48,1737.6,439.3,91.89,272.1,3.19,3434.9,0
51.83,1523.9,517.0,96.3,292.4,0.053,2004.5,0
67.79,1397.9,487.3,100.0,88.0,2.822,3649.5,0
57.85,1982.6,559.2,87.74,296.3,0.862,2853.5,0
59.76,2037.4,484.6,100.0,156.7,1.412,1726.5,0
-36.603106789323206,775.3,666.7,91.74,491.0,4.144,2985.3,0
74.12,1081.1,602.2,100.0,371.5,3.139,1669.7,0
59.61,1638.7,761.1,92.58,432.0,4.25,2580.9,0
59.17,2407.0,653.2,96.99,119.2,5.479,4312.3,1
45.34,1981.8,766.6,83.57,402.1,4.634,3125.1,0
50.77,1460.9,701.0,84.05,316.5,1.291,3720.9,0
58.87,2071.3,722.8,79.72,407.9,5.942,1565.6,0
84.45,1730.3,578.4,100.0,122.3,0.049,1265.5,1
86.66,1679.1,669.2,100.0,259.5,5.467,3434.9,1
49.66,1794.7,726.2,98.82,223.1,4.353,2489.3,0
56.57,1596.7,564.5,100.0,248.0,4.326,25.6,0
59.45,1627.2,336.6,90.18,492.1,2.765,848.9,0
96.08,925.5,549.3,98.32,282.7,4.75,3558.4,0
69.72,1041.7,490.0,85.58,83.9,3.711,4751.0,1
44.6,1391.7,319.8,98.29,169.3,3.03,1671.5,0
93.77,1637.8,522.6,100.0,97.4,1.875,2065.1,1
73.52,2106.5,659.7,91.1,177.8,3.105,997.4,0
48.9,1887.1,577.8,92.76,193.5,1.723,2359.2,0
72.45,9334.035254913493,630.0,100.0,232.1,4.876,554.5,0
92.0,1823.7,574.4,98.79,111.0,2.296,1279.0,0
55.64,1639.5,571.0,100.0,234.4,3.567,2818.3,0
56.57,1086.8,519.1,86.42,283.3,4.233,716.6,0
71.04,1803.2,502.4,100.0,401.8,4.938,3174.4,0
50.24,1190.5,545.4,93.51,223.4,0.215,1644.7,0
58.57,2757.7,458.4,98.75,285.0,1.573,4305.2,0
91.5,1778.8,502.7,82.62,221.2,4.31,119.7,0
56.97,2071.9,362.8,88.3,152.8,4.282,3684.4,1
68.8,1552.9,683.5,85.02,86.5,3.821,1305.7,1
76.88,1888.3,550.0,87.68,209.4,1.715,3131.3,0
55.7,2011.5,509.2,83.82,151.2,2.446,2732.9,1
73.54,1734.9,446.5,93.61,246.4,3.827,1044.5,0
75.63,1906.1,541.0,94.56,374.8,0.085,4777.5,0
48.98,1419.0,505.6,97.79,86.2,3.057,4590.5,0
77.22,1821.9,603.3,93.63,194.6,4.492,4591.3,0
22.5,1304.8,651.6,95.05,492.8,7.695,1544.5,0
60.77,1392.6,507.9,97.72,110.2,7.024,1584.0,0
55.69,1929.9,543.2,87.19,52.9,1.566,1483.0,0
54.56,2067.3,490.7,99.63,397.9,1.119,252.1,0
42.89,1377.0,406.1,92.03,337.2,2.86,2902.7,0
67.8,2373.0,507.3,100.0,117.6,1.754,4550.1,0
60.36,2110.9,487.1,97.7,124.5,2.876,1010.0,0
,1654.5,497.2,99.99,367.8,4.4,3319.2,0
61.89,1666.3,445.4,,173.9,1.432,1198.5,0
62.63,2121.1,475.2,100.0,484.3,4.459,3384.8,0
73.9,1389.6,582.4,100.0,175.3,1.541,3275.6,0
66.35,981.9,743.6,,111.8,2.294,2420.9,0
45.69,2060.9,618.6,88.78,422.3,2.636,767.2,0
66.17,1143.4,564.0,93.13,328.1,3.473,4518.5,0
82.06,1937.1,443.0,97.05,59.3,3.162,4396.4,1
64.87,2306.0,665.5,94.93,465.6,2.774,4987.6,0
53.6,2088.2,659.8,100.0,439.7,1.394,3067.7,0
,1421.1,602.2,83.31,162.7,1.846,2922.1,0
65.81,1453.5,556.7,80.71,135.6,5.438,2167.6,1
73.29,1904.8,493.5,99.52,65.9,3.322,4123.2,1
54.74,1644.1,387.4,86.44,84.1,0.415,3260.2,1
54.09,1954.5,692.8,96.29,368.8,4.022,2061.3,0
60.91,1637.7,346.8,100.0,425.3,3.112,2313.9,0
55.04,1341.7,553.2,87.84,363.8,5.148,1154.4,0
81.81,2127.9,620.0,84.66,250.6,0.074,4833.5,0
69.64,2124.5,577.1,91.75,252.4,2.071,2833.7,0
63.93,1023.9,622.8,97.29,349.4,0.381,1695.5,1
57.83,1677.2,471.1,90.89,144.0,0.371,1117.4,0
49.9,1486.6,555.5,80.66,147.1,5.792,3324.8,1
23.58,2131.8,475.4,82.97,134.7,4.166,4084.8,0
45.47,1264.2,516.0,100.0,51.3,0.96,4646.9,0
63.49,1973.1,391.2,92.94,205.0,6.214,4497.2,1
70.67,1852.5,412.4,97.36,281.6,2.194,2063.0,0
55.46,1776.4,548.4,83.36,412.1,2.385,298.1,0
26.72,2210.5,529.0,85.16,370.1,3.635,4015.9,0
71.32,1442.9,665.9,100.0,487.9,,2559.9,0
41.35,1364.0,475.5,100.0,362.9,0.652,1967.2,0
36.43,1396.9,644.8,95.15,117.3,6.483,4280.4,0
36.34,1672.6,602.6,88.24,480.0,1.215,3386.5,0
75.22,1327.7,675.4,90.62,422.0,6.745,1816.9,0
65.69,2025.4,407.8,76.33,220.2,3.358,2386.5,0
64.55,2232.1,497.6,100.0,492.8,2.593,733.6,0
43.72,1958.2,419.1,98.9,105.5,0.044,4793.1,0
64.52,1210.7,530.2,99.23,294.7,2.513,543.7,0
57.7,1951.0,638.2,100.0,153.1,0.31,2014.5,0
72.15,886.8,698.8,80.24,387.0,,565.1,0
76.12,1891.4,448.8,,413.7,2.392,419.6,0
73.32,1814.5,680.0,88.81,128.6,5.7,2554.1,1
54.16,1428.3,345.4,85.25,66.3,2.591,3137.0,1
61.4,936.9,697.9,73.29,433.0,3.085,3660.4,1
80.01,1489.6,560.3,87.25,167.6,6.687,1367.6,0
72.95,1486.8,510.1,88.66,127.6,5.406,1776.6,1
63.49,478.7,757.9,100.0,208.4,8.195,3510.4,0
71.83,1357.2,501.7,90.84,306.4,3.359,2696.1,0
78.36,1674.3,640.5,98.31,182.0,8.636,2455.4,1
58.97,1589.2,538.4,75.84,162.0,5.58,1415.2,0
49.92,1045.4,623.8,99.21,436.9,2.66,1764.8,0
63.69,1635.6,508.4,98.41,111.7,2.671,2664.6,0
54.88,1513.6,635.5,86.41,296.6,6.409,866.4,0
61.85,1611.8,401.3,91.05,394.6,2.625,893.4,0
72.97,1814.5,585.1,89.45,180.2,7.01,1275.4,1
86.49,1249.2,569.2,100.0,260.6,5.231,292.5,0
70.85,1651.4,544.1,89.88,414.7,2.976,4196.9,0
70.33,2120.7,351.5,94.88,237.4,7.783,1500.6,0
69.63,1526.9,504.0,80.45,435.3,0.246,2876.7,0
73.01,1516.0,480.5,96.71,311.4,6.34,1299.3,0
58.73,1375.0,736.3,,403.7,1.76,1262.5,0
66.02,1437.3,625.8,76.82,255.0,0.967,1188.7,0
47.48,1426.1,529.9,77.47,188.1,3.052,4727.5,1
53.07,1891.5,509.6,84.6,419.4,5.4,135.0,0
68.36,882.0,516.6,99.45,193.0,1.347,3669.5,0
37.4,1798.6,669.7,92.61,314.5,5.555,2651.7,0
25.38,1684.7,536.6,96.12,,8.832,2143.5,0
52.78,1422.2,563.7,100.0,210.0,2.614,795.5,0
108.98,2019.2,593.0,92.99,436.0,4.388,2395.7,1
68.75,1313.8,514.2,89.34,184.3,1.26,15.6,0
69.27,1685.6,367.6,91.23,480.5,,1343.5,0
58.56,1988.3,610.1,90.05,135.9,4.519,1717.1,0
66.76,1736.6,795.1,95.17,222.6,4.482,2551.7,0
22.66,1038.8,484.2,89.54,454.8,5.893,1540.6,0
72.3,1231.6,389.5,94.24,450.6,6.385,796.3,0
44.97,1869.8,754.1,93.54,358.6,1.239,4886.1,0
91.88,1852.7,554.6,94.53,99.6,1.628,1585.3,0
29.89,2605.8,518.7,100.0,51.6,1.646,1313.1,0
41.28,1330.0,509.4,100.0,291.3,3.98,3269.7,0
79.6,1657.3,651.5,86.78,102.3,1.521,39.6,0
56.01,1422.1,627.9,79.59,381.9,1.175,4845.2,0
90.73,2219.0,647.0,89.34,193.0,2.26,2593.9,0
48.5,1323.8,479.5,85.94,281.9,2.933,4347.1,0
58.3,1422.0,384.1,86.94,495.7,0.726,494.8,0
58.98,1851.0,521.1,88.89,107.6,1.409,488.6,0
61.56,1244.5,401.4,93.89,,1.585,2781.7,0
72.45,2108.2,486.6,79.3,374.8,7.112,4366.3,1
68.02,2008.8,674.8,82.43,277.5,7.154,1468.5,0
45.5,1562.7,705.3,96.33,330.5,3.84,3342.0,0
42.28,1886.5,391.4,100.0,185.5,0.214,779.2,0
54.37,1997.4,468.1,92.44,407.1,3.502,2360.0,0
59.29,2084.9,429.7,92.11,55.8,1.228,4462.8,1
72.94,1632.3,486.1,88.56,380.5,3.429,1886.4,0
63.67,1715.7,442.2,84.66,,0.447,3586.5,0
85.93,1884.9,560.5,95.09,261.6,1.136,197.1,1
57.84,1657.7,445.0,91.28,228.8,2.773,1228.1,0
70.48,937.4,322.7,90.45,329.7,0.678,1987.4,0
67.14,1569.8,528.4,82.39,277.4,0.392,1609.7,0
64.47,1870.3,507.2,100.0,273.5,0.445,887.3,0
60.08,1813.9,452.6,99.08,417.5,,3667.1,0
64.6,1409.6,422.9,97.19,475.7,6.954,1527.1,0
54.66,2145.0,520.7,87.02,380.7,1.827,310.4,0
51.14,1830.1,356.6,82.92,255.7,0.228,3262.2,0
65.1,1040.9,731.6,90.75,319.8,3.494,97.4,0
52.82,1160.9,578.2,100.0,364.3,5.144,3548.8,0
68.32,1347.2,511.0,82.77,397.0,4.044,4646.0,0
71.26,1416.1,608.7,81.71,435.3,3.823,233.3,0
61.15,1423.6,394.5,91.44,345.4,2.255,1901.2,0
38.56,2018.3,600.4,99.7,111.3,4.835,2426.3,0
68.14,971.0,557.7,100.0,221.1,1.853,106.3,0
55.83,936.5,240.9,84.87,83.4,0.424,1838.4,0
47.31,1510.0,485.3,99.65,,3.069,2171.1,0
64.63,1442.4,657.8,83.86,81.9,2.511,4426.5,1
54.91,2483.0,526.3,96.04,232.8,4.815,1464.7,0
67.06,1362.6,590.3,100.0,306.1,1.556,4114.3,0
80.99,2051.4,481.0,94.47,380.4,0.635,4985.1,0
78.61,960.4,275.4,95.4,260.9,4.281,2918.4,0
34.52,1566.7,561.8,93.72,54.7,3.865,1087.4,0
84.68,1418.3,211.9,98.12,461.0,0.789,1942.1,0
,1105.8,527.3,100.0,196.9,2.599,894.4,0
70.95,1508.7,418.3,89.36,78.7,0.468,3141.5,1
44.02,2402.6,576.6,100.0,427.3,1.321,3697.9,0
77.71,1448.0,501.3,94.11,256.9,4.596,4143.4,0
62.02,1714.6,485.0,89.78,247.2,2.99,670.6,0
73.92,1563.1,540.7,90.17,163.8,1.218,1832.3,0
39.05,2194.1,375.1,89.48,421.2,6.851,3590.4,0
46.79,1790.3,751.1,88.62,468.0,3.831,1225.3,0
56.03,1340.2,564.2,87.85,,1.39,1765.0,0
80.55,1954.7,409.9,100.0,,0.336,1415.4,0
77.33,1456.5,650.9,86.39,398.6,5.964,1789.5,0
65.25,1521.0,520.3,97.74,465.0,0.142,3739.0,0
46.34,1373.9,285.2,86.39,493.1,3.141,3740.6,0
,1560.6,471.2,81.14,486.2,1.017,3750.8,0
79.01,2012.1,485.8,96.36,224.8,2.346,2398.0,0
80.43,1630.2,600.9,85.62,417.9,3.436,2889.7,0
64.22,1599.2,628.6,97.62,301.8,6.305,1070.2,0
51.9,1704.7,283.1,86.86,157.6,1.041,3948.0,0
93.66,1865.6,308.8,100.0,179.6,3.172,2276.4,0
45.64,1396.4,416.5,100.0,281.5,1.608,1546.7,0
48.26,1481.3,675.9,92.63,343.0,5.095,1674.8,0
72.29,1489.9,333.7,92.13,413.4,2.632,1388.3,0
90.86,711.8,677.1,89.03,494.1,3.393,585.1,0
69.14,842.7,712.4,94.23,195.2,0.495,4975.9,0
30.36,1978.7,515.5,88.83,125.6,3.943,2719.3,0
43.84,1373.4,712.0,100.0,231.1,6.061,4245.4,0
67.11,1408.9,525.7,83.83,60.8,1.135,1963.3,1
63.71,1679.0,608.6,92.12,61.3,3.128,3930.6,1
56.91,1687.0,681.1,96.67,195.5,6.767,3816.5,0
77.41,1401.4,412.5,87.12,447.3,,1951.5,0
64.1,1348.7,529.2,95.18,113.1,3.625,191.6,0
91.53,1983.8,595.6,94.18,323.0,2.411,2883.5,0
37.5,1448.6,434.1,100.0,359.7,4.627,1227.6,0
66.38,1455.3,404.6,90.25,283.8,4.26,4717.7,0
64.97,1660.0,645.1,87.96,469.1,2.327,3101.4,0
61.37,1993.5,462.5,92.45,324.0,2.113,4862.8,0
81.72,1621.6,586.2,95.35,221.5,0.247,4464.0,0
77.92,1660.7,622.9,82.76,483.8,2.143,342.3,0
34.37,1673.7,480.2,100.0,415.9,4.918,2395.4,0
63.06,2062.1,476.9,100.0,197.8,4.932,3478.8,0
61.63,966.6,420.4,98.33,191.5,2.473,1692.9,0
35.89,893.6,462.2,94.87,489.2,0.634,1317.3,0
68.42,1569.9,732.0,97.28,113.6,3.508,3861.7,0
22.17,2403.8,595.7,92.75,388.4,1.137,1499.0,0
85.52,1461.8,532.8,97.18,419.1,1.329,2485.4,0
36.45,2056.7,631.4,89.95,459.9,3.881,3087.7,0
81.94,1608.5,528.9,100.0,66.5,2.216,1486.7,1
85.62,1165.2,766.2,89.51,95.0,2.581,98.0,1
65.3,1102.0,564.1,100.0,182.9,10.059,291.7,0
49.81,1937.7,506.7,89.74,182.0,,324.1,0
49.4,1495.8,553.8,95.22,65.4,4.603,4430.1,1
73.77,1215.8,498.6,89.85,199.0,2.631,3688.9,0
92.88,1613.5,449.1,88.5,242.3,0.835,1362.3,0
96.27,1137.0,650.4,88.17,477.1,4.675,4778.4,0
47.29,1422.9,686.1,97.3,231.3,3.118,2439.6,0
62.28,1237.8,483.1,86.36,247.5,1.554,804.7,0
41.68,1368.0,533.3,95.64,66.0,3.937,749.4,0
96.1,1628.1,461.1,96.63,,3.002,870.3,0
80.66,1665.1,468.5,95.42,319.0,3.19,1916.2,0
61.67,1257.0,753.5,100.0,184.9,1.072,1231.7,0
79.41,1367.6,493.1,100.0,158.9,5.599,1882.4,0
48.46,2119.4,647.1,100.0,263.8,1.739,942.2,0
-18.225928369986452,1833.4,616.5,95.83,299.5,2.396,1271.8,0
53.63,1403.9,477.9,94.46,242.9,5.798,109.5,0
75.53,1852.6,726.7,87.64,413.9,6.145,350.5,0
55.47,664.0,713.9,98.2,384.4,0.317,1229.5,0
48.79,1224.6,655.9,92.16,363.1,4.044,4904.1,0
55.36,1714.6,542.9,100.0,469.6,2.045,4994.2,0
63.55,1310.9,433.5,100.0,225.3,1.889,1147.9,0
73.97,1572.8,418.6,86.38,402.9,0.943,2375.2,0
72.86,1325.9,579.5,91.6,178.6,2.926,3859.7,0
68.22,1402.9,497.8,85.08,194.8,0.337,274.9,0
50.11,1956.0,521.0,100.0,458.5,5.461,2417.5,0
59.8,870.3,546.7,85.81,433.6,3.612,2291.1,0
62.43,984.6,601.9,100.0,420.5,1.252,2125.6,0
59.76,1421.7,445.9,93.31,292.4,1.851,202.1,0
74.88,922.8,668.1,94.41,110.4,0.872,3322.5,0
47.57,1092.7,538.6,93.93,64.0,3.928,4710.5,1
,2852.7,418.8,96.16,75.7,1.152,4395.7,1
69.13,1661.2,850.3,100.0,207.1,0.812,3034.4,0
51.7,2598.5,459.1,93.05,130.4,4.514,1549.7,0
38.28,1659.8,264.8,100.0,333.0,2.402,3692.3,0
42.04,1003.3,625.3,86.19,166.6,2.823,2693.4,0
53.79,1454.6,419.0,86.95,134.7,6.099,4919.1,1
71.39,1588.1,677.6,89.9,440.8,2.624,2703.8,0
50.21,1270.6,609.3,94.78,,1.561,1180.7,0
69.76,1681.2,656.8,100.0,217.7,1.927,3812.3,0
54.35,1454.7,570.5,97.11,122.3,4.922,2881.3,0
70.43,1724.3,624.0,85.9,70.4,1.798,3744.7,1
83.93,1484.8,735.4,90.78,170.2,2.385,1377.2,0
63.87,1599.9,492.7,98.58,250.7,2.185,1609.5,0
49.36,1585.7,348.2,100.0,271.6,3.173,486.3,0
72.68,1047.0,629.8,89.37,498.0,5.509,114.4,0
48.22,1872.8,540.6,91.91,85.9,4.897,3275.6,0
62.35,1640.0,428.8,83.42,360.4,1.985,3200.7,0
79.85,1787.6,528.1,85.5,380.5,5.161,2165.8,0
59.51,1669.1,456.8,94.24,297.4,2.625,1834.0,0
53.0,1510.5,808.9,91.38,424.2,5.431,1693.2,0
,1149.4,576.2,100.0,253.6,1.831,1920.6,0
72.58,2224.0,518.6,100.0,51.7,5.739,2491.0,1
67.23,1827.2,425.8,89.1,222.9,3.364,882.2,0
40.11,1463.0,616.6,88.1,147.9,0.137,66.3,0
9.52,1487.8,600.9,95.16,92.0,1.547,901.5,0
86.24,1912.6,575.8,95.51,119.9,7.811,2293.9,1
,1585.6,351.8,93.55,397.8,2.356,4718.1,0
52.96,1125.0,617.1,,144.7,1.109,1838.3,0
68.15,1962.5,454.2,90.01,325.0,4.766,857.7,0
48.6,1394.9,419.3,89.34,446.4,3.649,1554.4,0
51.93,1775.3,460.4,93.87,199.5,5.679,3730.0,0
49.61,1351.7,337.9,91.78,270.6,3.927,3586.7,0
61.06,1274.1,483.0,87.15,307.9,8.01,2318.7,0
47.55,1720.1,504.4,88.2,305.4,4.57,2894.9,0
38.87,1508.6,574.6,89.13,66.0,4.628,1333.1,0
72.79,1425.3,689.6,93.25,466.1,2.586,1249.7,0
46.21,1224.3,439.9,92.05,80.3,7.273,1388.2,0
69.16,2060.3,436.0,85.37,493.7,1.12,628.0,0
57.42,1735.1,528.0,100.0,64.3,1.974,2958.1,0
45.4,1699.0,529.9,97.83,436.2,4.843,252.3,0
60.64,2423.5,446.5,72.57,163.6,0.317,161.5,0
48.26,1822.6,404.7,100.0,491.9,1.62,4371.4,0
67.39,1775.0,412.4,97.89,96.8,3.492,1379.2,1
-7.437180893649604,1192.9,473.4,96.92,263.4,4.63,2098.9,0
42.3,1834.4,445.8,100.0,192.6,1.629,2922.8,0
68.76,1606.9,556.0,99.12,380.8,,1934.1,0
,1488.1,557.9,91.55,,2.897,4793.1,0
69.41,1937.6,535.2,93.66,153.3,0.54,3997.0,0
65.09,2112.5,609.5,100.0,482.2,0.965,1789.8,0
60.58,1191.1,551.0,87.69,498.9,2.194,3340.4,0
85.12,1192.7,577.6,92.1,191.1,7.174,243.8,0
61.24,1979.4,674.6,89.92,495.8,,3430.1,0
75.41,1197.0,483.1,93.52,125.2,3.352,3144.7,0
64.79,2358.6,476.7,94.18,90.1,2.207,1292.6,0
62.87,1792.0,543.4,91.95,213.6,3.8,4169.2,1
67.19,1108.8,675.7,95.51,497.4,2.405,3912.8,0
75.77,1511.6,439.8,86.76,370.4,,4005.2,0
47.34,1956.5,591.0,80.74,425.8,5.131,1525.9,0
59.24,1450.2,449.2,95.79,148.0,5.523,1658.3,0
77.36,1761.3,587.9,87.38,330.4,3.227,2214.0,0
76.27,1580.0,320.6,90.31,67.6,2.161,2911.3,1
54.78,1310.2,606.8,88.15,407.5,3.098,3705.5,0
56.42,1897.0,433.3,100.0,499.7,4.664,4459.2,1
81.28,1584.9,313.1,98.45,,1.898,962.6,0
60.04,1974.2,751.8,,375.3,5.267,1264.0,0
74.28,1680.0,613.2,87.14,333.0,3.581,3975.6,0
72.64,1653.4,646.5,76.87,250.1,0.911,2055.4,0
48.52,2145.3,446.0,96.97,,3.753,4232.1,0
50.79,1887.3,775.0,98.88,445.4,2.222,3378.7,0
28.42,1497.1,645.6,83.63,409.1,0.374,4767.7,0
,1912.9,445.0,91.06,347.6,0.496,1930.6,0
66.25,1284.6,600.1,89.65,469.1,3.236,494.5,0
69.71,1735.6,568.6,72.91,261.3,5.828,3507.6,1
60.93,1261.7,634.3,89.32,298.3,3.81,4101.6,0
73.91,1756.0,423.0,92.77,60.0,0.055,4624.6,1
44.71,1473.5,496.3,96.63,65.7,1.183,3471.8,0
62.31,1062.2,752.9,89.87,132.5,0.426,2178.8,0
87.15,1226.1,557.8,93.2,79.4,3.516,3554.7,1
43.63,1776.4,514.5,97.35,280.6,5.418,2044.5,0
63.34,1151.3,680.4,79.51,158.2,7.599,1810.4,1
60.6,1586.1,371.3,97.9,267.3,3.843,4650.1,0
76.08,1701.9,404.0,,170.0,2.335,2051.2,0
53.37,1344.7,477.0,86.92,376.8,3.384,3709.7,0
71.05,1270.8,487.0,95.93,216.2,1.882,2997.6,0
45.28,1017.0,586.4,82.87,109.9,2.369,2107.4,0
56.12,1450.8,557.8,87.24,144.1,0.234,3316.7,0
49.35,2122.9,408.9,100.0,111.0,5.673,2427.6,1
67.95,2351.0,495.8,100.0,437.1,2.26,3091.7,0
,1594.7,401.6,94.04,181.4,3.417,4761.9,0
42.57,1731.6,403.4,92.78,337.1,8.781,3214.1,0
66.02,1489.3,532.0,96.12,393.2,1.648,3822.2,0
44.81,1933.5,534.5,100.0,452.6,3.142,2903.1,0
56.38,1309.2,589.9,86.56,94.8,1.459,4106.8,0
51.1,1400.2,376.0,87.04,366.1,3.258,1196.8,0
52.19,1333.0,607.3,96.77,332.4,5.149,481.6,0
46.93,2208.3,581.5,94.47,385.1,3.481,1711.6,1
28.3,966.5,351.5,86.65,264.1,0.589,3062.0,0
70.44,1723.6,555.0,86.88,226.2,3.164,2737.6,0
65.01,1726.0,552.0,90.96,433.4,5.378,162.4,0
55.29,1274.0,546.4,81.98,195.2,0.603,3677.0,0
50.41,1376.5,478.5,99.84,59.1,5.815,3919.7,1
60.94,2463.4,488.9,87.46,215.1,0.608,39.9,0
57.05,1322.4,624.7,89.33,358.7,6.211,2751.0,0
58.25,1168.9,477.6,100.0,357.4,0.977,4826.8,0
71.45,1939.5,495.4,100.0,223.9,2.666,3263.2,0
67.14,1410.9,550.9,100.0,495.8,3.417,1249.5,0
65.05,2210.1,429.0,85.4,106.0,3.705,3755.6,1
59.05,1000.5,424.8,99.71,480.6,5.669,237.8,0
68.31,1956.5,844.1,86.32,318.4,3.892,1191.8,0
67.17,1669.5,483.7,89.0,421.2,4.136,3640.4,0
55.21,1073.1,501.8,79.72,339.5,2.94,2619.2,0
95.12,1227.5,455.1,83.73,70.8,6.743,2069.2,1
60.28,1951.1,597.1,91.61,,4.082,1946.4,0
48.67,1398.5,474.8,100.0,163.0,3.697,2815.9,0
95.24,2073.9,566.4,95.92,156.2,4.208,4952.4,1
63.66,1716.4,493.5,93.7,227.4,3.509,3837.2,0
75.33,1309.8,346.9,85.83,88.1,3.911,733.0,1
57.61,2027.8,431.9,94.92,479.6,1.363,2686.3,0
60.65,1828.6,547.1,97.71,368.8,3.086,3488.0,0
67.1,1988.7,450.5,93.65,480.4,3.714,4968.1,0
84.85,1564.6,500.9,97.7,150.3,5.126,953.7,0
52.67,2102.1,637.5,95.29,255.2,6.702,4735.1,0
71.88,1826.0,583.5,95.66,325.4,5.223,1677.1,0
75.9,1622.8,537.5,100.0,272.3,3.097,4817.2,0
82.46,1413.4,510.6,94.76,167.2,4.338,3893.5,0
50.58,1361.3,255.4,94.42,402.5,3.016,3060.9,0
36.52,1336.4,696.4,83.62,100.5,0.452,362.6,0
51.14,1759.8,565.5,95.72,231.1,4.083,1727.2,0
77.01,1879.7,377.0,89.25,436.8,0.7,4364.6,0
65.82,1181.4,568.2,,417.3,2.086,3799.8,0
56.95,1717.9,359.1,93.06,262.7,,3671.9,0
67.89,1744.3,218.2,100.0,96.2,1.399,388.1,0
67.64,965.7,500.2,86.52,125.4,2.895,2652.0,0
65.03,1891.6,549.7,89.5,309.6,0.099,412.3,0
,1369.0,523.3,99.95,235.2,1.761,99.9,0
77.02,1769.5,535.1,78.68,320.4,1.065,51.5,0
73.86,1909.4,508.6,100.0,108.4,2.193,3708.4,0
51.45,1889.3,380.8,,157.5,3.611,3878.4,0
54.64,1249.4,501.4,100.0,280.5,4.31,2697.7,0
61.32,2126.0,288.0,95.76,83.5,4.907,1488.0,1
83.84,1344.3,384.4,91.27,212.9,1.892,4911.1,0
64.3,1750.2,405.4,97.64,203.4,2.502,186.0,0
79.68,1353.1,624.5,94.97,91.5,0.867,2352.6,0
73.88,1310.2,528.5,100.0,472.4,5.775,4289.6,0
54.48,1447.9,629.2,83.52,82.4,2.331,4114.7,1
91.82,1418.1,558.2,93.52,304.0,0.529,2420.4,0
,1235.5,538.9,100.0,218.0,,2595.6,0
71.89,1423.6,686.5,98.25,492.6,4.855,581.8,0
60.66,1813.4,607.8,100.0,255.4,0.503,3467.2,0
102.54,1449.9,456.4,100.0,235.2,2.881,4604.5,0
57.13,1719.2,530.9,100.0,496.2,0.76,3330.5,0
51.24,1692.3,566.1,89.83,431.4,3.131,2622.1,0
87.98,1275.6,486.5,77.59,224.1,2.742,4509.8,1
51.48,1632.7,574.6,83.93,494.0,2.131,304.4,0
80.75,1645.0,437.9,87.76,319.8,1.936,2498.3,0
80.71,1564.6,455.2,100.0,353.4,7.915,4843.2,0
48.66,1224.8,499.5,78.61,480.4,4.049,3993.0,0
66.57,1315.1,442.2,79.17,166.8,4.257,700.5,0
60.91,1946.1,555.8,94.8,263.7,2.727,2331.3,0
51.7,1093.1,444.4,95.96,372.5,2.942,3302.2,0
65.87,1953.9,461.5,95.25,456.7,5.3,4422.5,0
78.51,2617.5,384.2,100.0,72.3,3.387,2436.5,1
66.73,2114.4,457.3,87.85,167.7,4.193,3552.2,1
57.78,1036.2,563.5,87.15,59.5,4.061,2768.5,1
47.3,1502.2,482.1,86.52,70.9,2.182,3503.4,1
75.25,1261.4,590.6,100.0,358.0,7.796,4561.2,0
,1041.5,240.3,100.0,120.3,5.332,719.6,0
70.89,1227.8,395.5,96.25,204.7,6.111,2987.6,0
85.91,1017.8,427.6,100.0,426.3,2.571,479.0,0
57.6,1523.8,416.9,100.0,257.0,3.157,2549.2,0
,1849.2,571.1,88.89,102.4,0.82,1039.8,0
52.19,1299.8,409.6,93.5,247.9,2.118,4065.0,0
63.36,1073.8,546.5,96.11,403.0,3.907,4083.9,0
82.98,1876.1,456.5,87.23,250.3,4.284,4125.7,0
76.88,1255.4,473.4,96.01,476.4,4.821,1310.8,0
75.58,1298.7,599.7,92.11,238.7,7.04,4495.5,0
49.6,1600.8,383.9,88.0,369.1,1.641,3477.3,0
63.6,1365.7,569.9,99.56,93.9,0.023,400.2,0
79.59,2045.9,603.7,100.0,280.3,2.562,1316.8,0
74.85,1408.3,517.9,87.3,55.1,3.701,3571.7,1
39.67,1126.0,603.6,94.8,,3.905,4003.9,0
20.76,1357.0,533.3,88.7,493.0,3.064,497.4,0
88.66,1989.8,582.6,90.38,387.0,2.523,2515.3,0
56.98,670.0,618.0,100.0,349.3,2.707,1967.0,0
54.26,2265.5,471.1,81.35,91.7,5.095,3516.6,1
53.73,1425.8,664.1,92.76,94.4,5.516,1615.2,0
64.25,1232.8,359.5,100.0,424.3,0.358,51.9,0
60.9,1483.2,687.3,90.97,107.9,4.653,126.3,0
52.48,1232.2,352.4,100.0,351.3,2.125,4520.4,1
60.76,1299.4,553.7,85.29,,,4967.9,0
53.07,1478.7,679.5,91.45,206.1,,2137.9,0
63.96,1880.6,633.7,95.69,237.4,2.955,3343.9,0
48.69,2359.9,522.3,85.85,,3.373,3266.1,0
19.36,1492.8,424.8,89.17,464.3,0.529,4729.9,0
52.26,1326.8,648.8,89.68,116.6,3.857,1728.8,0
76.22,2010.4,628.3,92.65,166.2,4.297,2771.3,1
71.31,914.9,438.0,98.04,271.2,1.953,541.0,0
69.82,1662.0,611.0,99.95,444.0,0.313,4658.2,0
84.78,1497.0,640.4,76.75,389.8,2.489,1157.7,0
71.92,1705.9,703.9,92.98,247.8,3.244,4389.6,0
70.02,2163.8,678.1,100.0,203.9,3.3,4965.6,0
64.46,2102.3,468.2,89.45,462.1,3.749,2829.3,0
96.29,1513.3,728.5,100.0,479.4,7.886,3081.4,0
33.45,1382.6,451.6,92.61,287.1,1.403,212.1,0
76.3,1458.3,401.4,,289.6,7.459,4425.8,1
66.89,1384.5,422.3,96.17,224.7,3.223,1616.8,0
64.86,1805.4,474.2,98.55,357.9,0.124,301.6,0
43.45,962.9,488.5,98.12,239.8,2.042,1042.0,0
44.69,1865.8,572.8,100.0,139.7,1.859,2868.1,0
82.08,1098.9,626.1,84.15,380.7,4.275,3430.1,0
40.76,1324.6,549.7,88.71,343.1,1.634,893.4,0
60.85,1680.4,394.7,100.0,493.2,4.299,2209.0,1
67.91,1740.0,456.9,91.53,225.0,4.01,2543.0,0
72.22,2048.3,626.0,92.53,238.3,5.153,4110.0,0
49.06,1837.0,578.5,99.65,381.3,,991.4,0
50.45,2415.8,494.1,79.99,250.7,1.597,376.4,0
93.16,2014.6,474.6,94.12,338.4,0.025,1363.4,0
68.3,1244.3,541.3,87.45,448.7,1.463,162.1,0
59.7,1212.2,601.1,85.25,51.8,2.809,3631.4,1
66.52,1652.1,395.6,91.17,440.0,0.17,2044.1,0
74.1,1228.3,459.5,86.38,441.9,3.925,725.8,1
62.38,1422.3,416.6,85.0,129.1,2.095,2232.5,0
67.91,968.6,482.7,100.0,178.2,1.44,216.6,0
94.34,1909.3,304.2,73.86,,0.689,1789.4,1
49.7,1701.2,631.0,88.28,360.2,5.242,4857.1,0
70.44,1651.7,508.2,81.64,397.5,6.724,151.0,0
69.03,12453.518849067801,558.5,84.18,486.0,1.297,4725.0,0
47.31,1706.2,620.4,89.68,124.9,4.6,1927.5,0
66.67,1815.9,549.7,89.8,255.9,5.398,4850.5,1
51.41,1354.2,429.4,100.0,89.5,2.86,3107.1,0
34.69,1580.7,667.2,100.0,183.4,2.943,3749.5,0
73.88,1073.3,483.9,100.0,166.7,1.518,225.3,0
66.38,1677.9,569.7,92.37,150.8,0.279,3986.2,0
96.83,1591.2,299.7,91.08,414.4,3.665,2019.0,0
42.4,1748.1,578.5,96.01,93.9,5.199,4535.0,0
70.05,1008.9,725.3,100.0,307.8,3.531,3270.6,0
70.61,1575.9,482.4,88.12,207.2,0.095,2461.9,0
85.96,1635.1,343.3,91.52,129.3,5.728,1375.0,1
84.99,1166.0,505.6,97.6,95.2,5.99,3659.3,1
79.11,1572.6,666.6,83.69,294.8,4.833,4986.6,1
51.05,1736.5,545.0,98.43,285.7,4.92,2706.0,0
70.11,1491.3,488.6,92.57,63.6,2.459,2969.9,1
94.53,2140.8,514.8,83.83,93.8,0.387,716.1,0
73.94,1639.7,505.5,80.37,227.9,5.002,4276.6,1
74.23,1939.3,686.7,99.56,205.6,2.28,1065.7,0
53.24,1551.9,559.8,100.0,112.2,3.772,4695.9,0
76.83,1653.4,622.5,97.48,440.1,2.219,109.4,0
57.27,1739.0,544.4,88.12,205.9,3.187,3845.9,0
-5.288350149221301,1314.9,344.3,80.99,438.4,6.035,3427.6,0
61.86,1479.3,488.4,81.6,170.3,2.139,197.9,0
84.32,1849.7,526.4,100.0,255.0,4.695,3669.5,0
44.84,1317.9,599.5,85.83,495.7,1.465,3809.9,0
86.85,1270.4,361.4,94.0,247.7,3.2,4314.4,0
56.22,1728.5,361.3,100.0,411.2,1.902,2645.2,0
42.8,1447.9,622.6,91.25,69.8,0.331,1941.2,0
50.85,1702.5,625.2,96.76,315.3,4.777,413.1,0
78.12,2176.0,265.0,90.9,396.2,3.266,4314.5,0
,2013.8,516.8,89.32,69.6,6.237,4399.2,1
73.9,1487.1,426.2,100.0,247.4,0.662,2705.4,0
86.12,1197.0,542.3,91.19,241.0,6.002,753.4,0
89.16,2149.7,439.2,94.47,305.5,1.15,1128.6,0
78.99,2229.3,386.0,93.09,428.0,4.124,116.4,1
23.29,1709.8,414.1,100.0,92.0,7.587,650.5,0
68.29,2673.1,510.3,94.81,406.1,3.219,3689.5,0
66.76,1335.7,487.0,87.92,277.7,4.601,4429.0,0
64.59,1995.5,411.9,91.0,350.5,3.559,1805.0,0
41.52,1933.3,654.2,87.66,264.2,2.655,2013.7,0
54.15,1410.3,503.7,100.0,497.2,3.126,1758.0,0
45.87,1274.7,549.1,100.0,487.6,2.899,2108.5,0
62.72,1829.9,458.2,90.46,250.2,0.718,3593.9,0
64.93,1991.7,854.6,94.08,471.8,2.679,71.3,0
59.0,2007.2,660.2,86.87,114.0,5.666,2880.1,1
,985.3,527.9,94.68,246.2,6.609,3966.7,0
58.15,1143.4,463.1,87.62,142.4,2.256,1326.1,0
76.09,1791.0,543.0,93.42,235.6,3.488,2527.2,0
71.17,1453.6,543.8,95.14,321.9,0.144,696.0,0
49.51,1274.8,404.9,81.56,280.6,6.564,3205.4,0
54.74,1220.2,425.8,90.8,,6.297,1374.3,0
68.58,1920.9,593.3,85.93,148.6,2.731,54.6,0
-26.458691457265047,1725.0,599.4,90.82,461.8,0.097,2702.3,0
82.44,1993.1,619.3,95.87,90.8,0.514,3807.6,0
43.09,1708.3,487.2,90.63,87.7,2.561,4250.4,0
74.22,1136.2,613.0,95.93,296.9,3.092,3577.8,0
53.26,1434.4,512.3,94.6,168.2,1.224,805.3,0
64.34,1369.0,494.7,91.84,484.1,5.15,2014.2,0
77.55,1426.1,465.5,89.61,311.7,3.499,1399.0,0
63.18,2171.8,516.8,98.58,99.7,2.209,4619.6,0
46.49,1250.3,498.9,97.46,351.7,2.12,2750.1,0
78.92,1895.5,539.9,,319.6,6.378,4333.0,0
59.95,1516.5,421.5,90.81,397.4,2.887,1935.9,0
51.54,880.9,468.1,89.47,275.7,5.091,2738.7,0
54.05,1416.3,470.9,86.17,245.3,1.472,76.9,0
83.23,1725.7,469.6,89.53,323.1,1.603,258.1,0
77.39,1829.9,739.5,91.83,351.3,3.03,1430.7,0
37.31,1541.3,538.0,100.0,161.3,0.38,1956.0,0
63.68,1670.5,493.9,93.87,311.8,0.014,1817.9,0
64.39,2088.9,618.7,93.22,328.5,0.579,3090.7,0
64.42,1855.7,459.6,100.0,302.3,2.35,243.1,0
50.08,2288.9,460.6,90.42,347.2,2.403,482.1,0
73.37,1702.9,463.3,99.31,364.9,1.242,2093.7,0
28.68,1338.8,496.9,86.17,212.4,3.234,4461.6,0
33.56,717.4,659.8,,162.9,3.77,4773.0,0
45.94,1847.3,354.4,91.91,186.5,1.966,2080.1,0
51.37,1841.8,752.6,92.26,184.6,2.396,1020.3,0
70.27,1646.3,565.4,80.91,223.1,2.179,1492.4,0
57.31,1290.9,575.6,91.11,52.1,2.133,1472.3,0
65.79,2602.1,685.5,100.0,382.6,0.925,2982.3,0
57.74,1721.1,479.7,91.24,131.7,5.119,2680.4,0
66.22,1154.4,400.8,96.8,313.2,1.828,691.9,0
83.99,1786.7,572.7,97.63,475.1,5.561,1694.0,0
64.95,1536.5,510.8,84.64,437.7,1.083,2184.6,0
70.62,1570.0,664.7,100.0,324.7,6.094,4507.8,0
73.39,2209.9,873.2,100.0,288.6,2.464,3168.4,0
69.43,1380.1,557.9,91.61,201.8,0.703,980.1,0
67.45,1627.3,508.7,91.31,271.0,4.058,422.9,0
57.72,1298.6,378.1,84.33,480.9,4.873,4309.8,0
63.95,824.2,438.6,86.74,379.8,5.748,1427.6,0
52.18,1157.3,545.1,88.18,301.2,,2911.9,0
52.32,1500.8,657.9,100.0,324.0,0.646,2104.6,0
50.29,1652.1,558.2,89.05,232.9,5.657,2281.9,0
56.24,2127.5,346.5,81.97,447.2,4.758,806.6,0
75.95,1881.2,641.5,89.01,491.9,0.567,2459.9,0
69.33,1939.9,457.2,85.07,358.4,4.116,3198.9,0
82.51,1581.8,568.0,100.0,468.7,3.01,2707.3,0
76.89,1989.1,486.2,92.21,251.1,4.342,1312.6,1
51.24,1872.0,652.0,100.0,316.8,1.7,3535.4,0
38.49,1964.9,435.2,100.0,183.7,2.288,748.7,0
42.67,1988.2,642.1,88.07,281.7,4.762,799.4,0
82.12,1737.4,388.3,98.81,160.1,6.229,842.8,1
63.84,1785.6,406.0,93.16,166.4,3.634,3618.2,0
70.89,2177.8,458.9,87.5,404.5,4.724,705.6,0
57.77,1248.2,472.4,92.97,373.3,,4674.7,0
46.16,1396.2,531.4,95.66,88.3,1.781,2649.3,0
66.13,1245.7,397.1,92.46,444.3,1.018,3119.5,0
,1962.1,490.8,95.16,106.0,2.613,410.4,0
56.34,2416.8,444.5,94.55,286.1,6.832,502.5,0
53.39,1864.0,549.7,78.92,116.6,2.017,1005.8,0
31.38,1707.2,440.4,91.69,68.5,2.459,4542.5,0
61.85,1549.5,474.3,89.51,278.9,0.647,3742.4,0
78.86,2358.5,496.8,100.0,296.0,1.715,1749.3,0
42.31,1221.4,618.3,95.82,404.0,0.31,132.5,1
77.48,1337.8,516.3,95.22,423.5,6.844,1859.7,0
41.08,1635.0,597.2,100.0,382.5,3.608,4226.4,0
83.45,1248.4,367.3,100.0,454.4,0.652,3819.2,0
58.25,1483.4,585.7,97.52,306.4,1.087,638.8,0
77.32,1464.6,538.0,91.15,81.7,4.018,4083.4,1
90.77,1642.0,582.2,82.51,370.5,2.655,36.1,0
78.43,1720.9,559.2,98.26,341.2,1.551,3713.5,0
60.71,1625.4,702.3,86.55,154.7,5.101,3821.7,1
56.39,1712.4,440.1,89.81,117.8,5.819,3470.4,1
46.27,1030.6,711.9,99.81,62.3,1.37,221.7,0
48.36,1765.5,582.1,96.93,295.3,5.508,1733.7,0
58.2,1878.7,538.9,89.72,286.4,3.627,2931.9,0
57.68,1269.4,464.6,85.72,226.5,6.202,4945.9,0
75.03,2082.7,464.0,90.57,467.8,3.048,2927.4,0
70.44,1586.1,474.6,90.96,490.8,3.183,4565.7,0
57.14,1969.9,446.9,88.72,197.9,0.622,1106.8,0
65.99,2150.7,377.1,88.18,208.6,4.206,4431.3,0
64.97,1840.3,457.0,98.36,325.5,4.481,116.9,0
49.65,2027.4,542.9,87.88,366.8,5.405,2486.4,0
84.4,1278.0,560.3,96.79,345.4,0.773,969.5,0
21.78,1471.6,468.2,93.91,427.1,,2671.0,0
57.39,1697.4,492.6,92.58,298.4,3.296,2651.6,0
68.23,1597.4,551.2,100.0,91.6,6.134,1089.4,1
73.73,2317.0,516.4,88.66,184.6,7.647,1911.9,1
57.36,1988.5,621.0,90.32,148.3,1.415,1152.3,0
63.98,1514.1,551.5,,410.9,2.535,3102.3,0
65.77,1408.3,642.2,94.64,489.1,6.644,4167.3,0
33.37,1334.2,409.9,89.77,208.0,3.874,1103.7,0
78.72,1436.4,316.5,98.42,372.5,0.342,1354.9,0
51.0,1714.6,668.5,88.0,404.9,4.423,4554.4,0
38.92,1456.2,596.9,96.56,71.2,2.212,1836.4,0
68.22,1822.7,582.4,98.01,228.1,3.335,3113.5,0
63.27,1536.8,586.9,92.5,288.7,2.157,4571.9,0
83.47,1688.4,790.9,98.56,424.9,2.338,2595.7,0
57.75,964.3,642.9,99.41,153.7,4.348,1145.0,0
56.96,1560.8,696.6,100.0,396.5,5.045,1846.4,0
36.34,1255.0,419.7,100.0,279.1,3.263,1889.8,0
71.99,1601.0,671.0,100.0,79.3,6.172,3479.0,1
29.01,1457.9,362.0,81.75,247.5,2.216,3985.1,0
62.87,1671.5,415.6,98.44,74.2,1.983,96.2,0
79.35,1926.5,463.6,100.0,435.5,6.113,1099.4,0
65.56,2073.8,338.0,100.0,313.6,3.828,1266.4,0
,1312.9,516.2,85.86,467.3,5.496,1975.0,0
70.43,1487.9,493.2,100.0,380.7,5.863,3893.5,0
78.24,1483.8,593.7,83.67,300.4,3.699,4361.3,0
72.92,1326.2,712.6,100.0,295.1,3.944,4149.1,0
58.5,2065.8,361.3,94.87,177.3,4.709,1331.1,0
72.14,1410.3,402.9,99.46,68.6,7.598,942.9,1
33.63,1267.0,256.4,90.51,108.8,1.144,4535.2,0
56.35,2160.8,499.0,92.9,343.6,4.957,4838.4,0
73.07,825.8,567.4,96.81,78.9,9.126,2211.7,1
46.05,1836.8,516.0,100.0,277.6,0.923,3884.7,0
26.91,1127.7,223.5,78.71,260.0,3.333,2273.7,0
73.54,1786.3,447.1,99.99,209.0,4.106,2782.8,0
59.23,2176.1,603.3,100.0,357.7,2.81,4185.8,0
50.15,1136.4,452.2,87.02,241.5,2.821,1214.4,0
55.13,2320.4,359.6,100.0,166.5,4.525,101.3,0
71.67,1073.9,620.7,98.14,323.3,1.708,1302.1,0
73.57,1698.7,433.2,98.43,488.5,6.095,999.0,0
64.03,1080.4,640.9,79.16,202.8,1.397,4883.6,1
62.15,1118.6,492.0,86.02,347.4,3.986,1449.2,0
99.05,1928.1,363.6,85.37,423.5,1.865,2831.3,0
39.49,1007.8,644.0,92.68,253.7,3.588,4641.7,0
75.58,1019.3,619.5,100.0,374.5,2.577,2142.3,0
,1301.7,485.0,99.64,192.8,0.16,854.4,0
58.37,2066.0,572.8,93.5,245.4,3.005,2229.9,0
85.6,1122.3,357.1,88.59,303.8,5.78,1996.4,0
83.88,1675.5,515.7,100.0,74.9,1.224,4475.2,1
38.82,1168.8,512.6,92.44,484.3,3.095,4239.9,1
79.04,1757.7,748.7,98.2,328.8,5.524,3165.9,0
47.96,1716.3,446.2,83.8,489.5,3.326,1076.9,0
68.65,1619.9,521.9,89.07,214.4,4.172,4363.6,1
50.75,1481.9,608.3,99.28,64.1,1.53,3859.7,0
58.25,2156.8,518.5,94.82,197.0,3.613,4124.2,0
52.7,1354.4,556.5,81.29,272.0,1.567,4482.8,0
53.86,1473.5,719.1,91.32,142.5,,3340.5,0
75.63,2043.3,562.7,84.77,,3.858,1491.0,1
80.76,1526.9,545.2,86.11,88.5,1.904,1825.4,1
59.47,1648.9,454.3,96.8,98.6,3.209,4934.5,0
54.77,1097.3,495.1,81.08,492.3,5.383,3534.8,0
67.26,1683.0,550.1,85.8,113.3,1.821,2757.3,0
72.79,1414.6,387.7,92.63,278.8,2.9,4151.4,0
54.98,1697.1,436.4,93.84,408.3,4.486,4807.9,0
54.71,1816.0,580.6,86.91,183.9,6.1,1521.9,0
54.33,1806.9,596.5,93.11,440.4,1.939,181.2,0
35.89,1941.0,346.1,,446.6,1.231,56.3,0
53.64,1609.3,514.3,100.0,429.3,0.169,2123.5,0
53.47,1626.7,521.5,84.23,318.2,4.687,4405.0,0
58.97,1185.8,486.8,85.81,370.2,7.053,3440.2,0
63.71,1857.1,398.8,100.0,456.1,3.882,427.7,0
58.55,1507.4,432.0,97.24,148.4,2.706,3632.0,1
44.74,996.5,578.4,94.32,421.5,1.597,1551.8,0
37.03,1460.6,401.7,96.9,170.8,3.219,2564.4,0
41.96,2277.0,502.6,100.0,80.2,1.81,3522.2,0
90.62,1734.7,637.2,89.08,429.2,4.05,3786.0,0
73.13,1807.8,418.5,100.0,279.8,3.5,2518.8,0
72.64,1386.1,429.9,99.07,146.9,5.298,4633.3,0
62.19,1698.1,632.1,87.53,222.1,1.252,205.7,0
46.26,2087.4,494.6,93.26,218.1,4.741,2321.1,0
,945.9,486.9,96.23,399.4,4.102,232.9,0
65.28,2117.1,358.9,81.08,388.2,0.498,3784.2,0
68.58,1101.1,669.4,90.67,203.0,5.753,201.2,0
35.18,2109.4,372.9,100.0,195.5,3.018,3988.8,0
48.55,1113.3,537.1,100.0,116.9,0.324,3971.5,0
44.5,1752.9,405.9,89.24,445.2,5.528,1480.1,0
49.46,2059.4,485.5,92.5,134.0,1.934,55.5,0
44.49,1681.7,537.9,96.83,465.6,4.725,277.3,0
54.65,1584.1,404.3,82.42,457.1,4.47,4255.3,0
43.58,2292.4,731.6,84.39,159.8,3.357,662.5,0
69.02,2496.3,520.3,100.0,482.4,3.024,4490.4,0
-13.325728987631425,1436.2,652.8,93.64,208.1,0.419,1219.9,0
84.01,1147.6,494.2,99.33,74.1,4.901,2780.9,1
87.79,1000.8,411.9,100.0,313.8,0.357,1712.6,0
98.3,1461.6,529.9,90.76,256.5,2.413,4434.3,0
50.83,1277.0,555.5,96.42,68.3,4.58,1467.4,1
73.56,1432.5,412.1,84.2,305.8,4.158,391.9,0
82.26,2016.3,442.3,87.76,422.8,2.113,1559.7,0
59.94,1139.0,649.5,100.0,154.2,3.405,2806.8,0
81.57,1601.3,450.4,94.32,422.3,3.583,2447.8,0
44.45,2000.6,407.9,100.0,,3.761,3984.7,0
57.07,2575.7,722.9,94.33,100.7,2.815,190.1,0
67.26,2038.2,461.9,94.42,339.8,,2528.3,0
63.8,1957.3,518.9,100.0,295.2,6.017,4519.2,0
77.19,1644.2,561.9,91.61,154.6,4.067,4925.6,1
64.19,1188.0,434.9,95.88,62.9,4.184,2890.2,1
52.88,1346.3,553.4,93.55,328.0,3.647,3439.2,0
26.36,1976.3,458.1,100.0,,4.976,3130.1,0
53.7,1142.9,543.2,80.23,224.5,4.025,2465.6,0
92.79,1695.6,476.2,95.82,176.6,4.279,2589.4,0
50.49,1339.5,301.8,86.91,138.9,1.886,4288.0,0
42.35,2115.0,528.0,86.25,263.0,1.653,1922.0,0
53.56,1735.0,844.6,88.77,238.9,2.8,1778.8,0
76.98,1146.2,344.5,95.73,380.8,3.428,951.3,0
95.75,1600.2,343.6,100.0,483.0,3.363,4751.9,0
38.48,1506.7,683.5,85.47,336.5,5.35,3710.5,0
55.73,1529.8,577.3,97.27,321.8,2.418,266.6,0
61.11,1992.0,731.4,92.01,304.6,4.704,1948.3,0
40.73,1829.5,514.0,77.74,169.6,8.455,1167.6,1
54.92,1549.4,609.7,74.27,276.0,,1827.3,0
55.36,1751.7,568.3,97.53,,1.644,1018.3,0
65.93,1756.7,486.6,98.43,100.0,3.566,3866.9,0
18.23,1505.8,702.6,85.75,70.1,2.631,3552.1,0
41.68,1699.6,616.6,97.39,311.8,0.341,2300.7,0
46.7,2158.7,585.5,87.23,275.5,2.644,1551.8,0
87.38,1795.9,412.6,87.52,94.1,0.612,4099.2,1
62.01,1170.9,528.6,87.82,92.3,1.279,3285.5,0
87.71,1313.7,548.4,94.52,495.7,5.63,1644.1,0
36.53,1858.7,654.2,96.19,87.1,0.399,772.3,0
45.92,1459.2,327.0,100.0,233.3,2.512,663.7,0
62.17,2177.0,482.4,92.5,150.1,4.053,2888.7,0
70.9,1205.5,414.9,92.8,115.8,0.418,2630.1,0
59.01,1490.6,753.3,87.14,57.1,6.186,2102.6,1
40.21,1088.6,297.3,83.56,473.2,2.832,2877.1,0
15.08,1733.5,480.0,85.49,386.6,6.229,746.7,0
64.11,1832.6,639.9,79.45,454.9,6.368,2656.3,0
77.94,1586.9,511.1,87.25,251.8,1.152,4590.2,0
46.73,1519.2,462.8,83.91,151.8,4.844,4712.5,1
66.01,1544.3,542.0,91.28,141.8,1.929,1205.1,0
43.6,981.2,563.4,97.55,438.6,1.347,3975.6,0
43.68,2293.3,570.5,92.26,167.7,4.918,2280.0,1
39.57,1402.4,575.0,84.96,494.3,4.208,360.4,0
52.7,2053.3,543.9,91.08,167.9,1.025,1635.3,0
27.4,1625.9,508.5,98.03,388.1,2.74,1192.6,0
38.9,1679.0,533.4,94.94,425.0,0.027,2860.1,0
69.1,1172.0,535.1,84.18,274.1,6.2,600.3,0
49.58,1974.3,672.8,89.55,100.0,3.819,2550.2,0
75.11,1598.7,664.8,94.09,394.8,3.21,639.8,0
60.35,1275.7,489.3,100.0,332.3,0.88,4180.0,0
,1947.4,812.0,95.43,248.0,4.619,2005.0,0
69.45,1725.9,395.1,100.0,93.4,3.476,2116.8,0
69.97,1630.3,559.9,97.13,352.8,4.822,2559.2,0
69.85,1936.6,725.1,86.57,173.0,5.224,3560.3,1
84.47,1758.3,290.7,89.57,497.1,2.465,3213.8,0
52.4,1388.6,783.8,98.17,55.6,0.022,1093.4,0
56.9,1667.8,528.1,,336.7,0.664,1935.3,0
59.09,1426.8,540.2,95.08,474.9,0.84,3257.6,0
63.35,1515.6,623.9,94.41,77.7,2.689,4973.5,1
81.22,1379.1,709.7,93.26,63.1,2.609,333.7,1
54.98,1487.9,567.8,97.74,61.2,5.263,2073.8,1
60.73,1685.6,487.0,91.72,268.6,9.208,431.9,0
44.85,1869.8,574.9,89.36,456.9,5.585,3139.4,0
42.84,2050.1,622.2,80.22,439.9,4.857,254.6,0
41.41,1067.2,544.3,97.3,210.7,0.68,4740.9,0
65.03,2137.3,714.6,100.0,103.8,2.647,850.4,0
70.3,1112.8,797.4,96.12,82.9,1.576,3492.7,0
78.6,1884.4,635.5,100.0,92.3,3.797,2908.3,1
42.89,1523.5,404.3,93.02,220.6,3.118,4773.6,0
39.5,1916.4,553.7,93.66,320.9,0.381,3864.5,0
53.71,1945.5,543.2,79.41,173.2,0.788,784.1,0
42.18,1989.3,559.3,98.12,100.0,1.029,4183.0,0
70.62,1896.1,586.6,86.94,432.8,1.729,2908.9,0
62.71,1673.8,583.5,94.67,239.9,4.27,540.4,0
49.43,1661.5,495.2,93.88,356.7,1.746,3023.1,0
35.14,1042.7,497.9,100.0,286.1,4.661,1004.6,0
49.85,2127.3,585.2,99.52,115.3,1.175,2922.7,0
61.63,1530.7,461.9,,298.6,6.295,3468.4,0
51.08,1312.6,556.3,96.79,159.1,3.368,518.1,0
52.09,446.6,504.6,,224.5,,2630.7,0
64.09,1099.7,484.3,91.55,116.1,4.184,719.3,0
64.6,2196.7,630.0,100.0,362.6,1.669,215.2,0
81.57,1010.2,570.5,87.17,207.5,2.607,2780.2,0
100.88,2187.9,571.3,91.57,185.5,0.314,4204.5,0
,1441.8,449.6,94.49,230.1,0.481,4495.9,0
40.64,996.0,477.5,97.0,389.0,3.017,1698.7,0
63.92,1683.1,596.4,92.68,224.5,1.742,192.0,0
63.68,1857.1,621.6,91.83,138.4,2.426,2577.4,0
91.22,1558.4,582.2,91.84,404.4,,4984.2,0
44.69,1889.0,487.0,94.28,134.6,0.602,2839.1,0
93.3,1524.7,457.5,96.82,141.9,1.733,2079.9,0
69.8,1478.6,620.0,95.77,384.0,2.354,3587.3,0
28.98,1743.4,457.7,92.72,79.4,6.366,3626.3,0
69.91,1882.3,542.3,92.11,259.1,3.896,676.9,0
43.47,1928.6,314.6,95.97,461.2,2.331,670.2,0
69.32,1755.0,402.7,73.45,317.2,2.874,901.8,0
73.84,1647.8,507.2,100.0,68.5,8.107,4976.2,1
81.82,2014.5,689.2,89.99,355.2,2.806,551.4,0
69.52,1149.3,566.2,91.85,473.2,1.77,1379.3,0
63.85,1331.8,459.5,99.44,466.0,0.546,116.7,0
60.22,1215.6,415.8,78.75,279.3,3.147,624.0,0
71.38,1774.5,359.0,100.0,,0.504,4163.3,0
30.39,1772.0,566.5,,190.9,0.378,500.6,0
41.57,1653.5,581.6,89.88,105.1,3.816,4025.7,0
48.53,1739.5,561.2,98.76,218.6,4.287,337.1,0
62.46,1859.6,593.5,96.52,167.7,1.092,2101.2,0
93.38,2077.8,372.6,100.0,250.9,1.571,3848.4,0
83.06,1766.9,539.7,75.71,172.3,2.614,4552.8,1
68.18,2001.1,747.6,91.98,210.3,1.467,1580.3,0
64.08,3143.2,584.3,76.96,232.8,4.574,3655.5,1
70.75,1666.6,497.1,94.4,442.5,3.706,441.4,0
61.24,1630.1,527.8,98.78,463.6,5.009,3981.2,0
40.73,1662.3,566.2,91.92,186.5,4.875,3156.5,0
66.65,2051.9,490.5,99.12,452.5,2.922,997.1,0
59.81,1031.6,526.6,93.29,56.8,2.436,1039.5,1
60.37,1999.3,515.4,90.51,251.9,9.415,936.3,1
73.86,1416.1,513.6,86.79,450.0,5.796,2187.2,0
64.0,1523.8,655.0,92.29,341.1,2.384,4269.3,0
56.8,1690.4,367.7,99.29,490.3,1.69,4834.0,0
54.65,1016.4,555.7,94.71,263.6,4.451,1373.8,0
57.82,1566.3,470.7,100.0,328.3,1.268,4811.5,0
61.96,1439.9,402.4,99.97,195.3,3.933,1418.3,0
52.62,1457.5,494.7,85.28,474.7,2.165,1296.9,0
48.01,2161.4,389.2,95.28,112.1,4.829,3705.9,0
49.42,1407.9,488.7,100.0,236.7,5.469,3786.9,0
53.8,815.5,501.6,91.88,417.8,2.012,2335.3,0
78.83,1276.6,322.6,91.96,237.9,4.945,3849.0,0
73.6,1674.0,468.2,92.69,333.9,2.6,3836.3,0
80.72,2391.9,620.3,81.76,56.8,4.053,4264.2,1
43.73,1493.6,539.1,89.34,329.1,3.609,698.4,0
81.66,2091.3,621.1,100.0,,6.215,3436.0,1
55.79,2068.1,504.4,100.0,426.4,5.273,4536.8,0
89.32,1894.1,411.8,94.05,115.3,4.877,94.3,1
69.38,1839.7,453.2,85.29,215.3,0.937,882.1,0
45.89,1716.5,482.3,100.0,83.4,4.802,2598.4,0
56.42,1912.9,493.6,76.92,309.4,3.053,1049.8,0
81.49,2075.7,503.3,97.86,349.3,0.97,4031.0,0
70.33,1671.8,465.0,100.0,164.8,0.33,3603.5,0
71.57,1851.7,442.2,100.0,242.8,3.891,27.4,0
66.89,764.6,593.2,86.04,118.3,3.238,1068.0,0
55.62,1628.9,414.9,100.0,137.1,1.102,1898.3,0
56.16,918.4,487.5,94.71,260.7,2.363,1276.3,0
83.93,2093.2,443.1,97.1,344.7,0.57,2159.9,0
54.01,1891.7,388.3,90.28,63.2,3.986,3207.7,1
83.5,1921.5,652.3,97.65,283.1,1.423,3006.9,0
64.83,1298.6,609.9,100.0,415.6,,2843.9,0
81.96,1517.8,348.0,92.02,91.4,3.978,4543.3,1
43.88,1207.6,573.0,74.62,105.4,0.103,2446.1,0
37.99,1834.1,452.7,89.29,339.5,1.759,2715.2,0
47.84,1293.6,392.3,87.88,133.4,4.351,2910.9,0
47.63,1254.7,616.3,,340.7,3.634,932.0,0
-35.33598486382087,1140.8,421.6,94.06,246.7,0.4,233.5,0
45.36,1296.1,448.5,92.23,93.7,4.723,2393.2,0
57.41,1844.9,472.1,94.03,,4.212,2033.4,0
69.63,1706.2,661.7,87.13,94.8,2.425,4621.1,1
58.06,922.0,425.8,97.6,134.2,4.429,4465.8,0
68.4,1716.6,341.6,88.44,116.2,3.586,64.8,0
11.35,936.9,643.0,97.56,325.4,5.676,2923.5,0
38.62,1694.4,592.8,100.0,151.4,1.875,4981.1,0
51.33,1212.8,540.2,84.48,374.6,5.581,4775.5,0
77.61,1382.9,405.5,88.01,99.5,5.176,3318.1,1
54.63,983.0,532.9,100.0,109.5,0.197,4271.0,0
65.25,875.0,690.8,85.11,323.0,7.409,2480.6,0
38.03,1763.7,689.1,93.81,273.0,2.971,3039.9,0
56.28,2012.3,671.9,100.0,100.7,0.883,167.5,0
64.49,1870.3,899.6,95.47,264.6,4.601,1807.7,0
35.61,1406.5,186.3,89.84,243.4,3.442,447.4,0
69.1,1332.5,487.8,91.84,393.4,1.563,2629.6,0
47.53,1834.1,607.0,87.2,467.8,4.868,4503.1,0
60.75,1641.6,594.0,90.14,177.1,4.084,3941.9,0
73.49,1956.6,653.0,86.7,182.2,2.552,4092.2,1
74.37,1500.6,453.6,91.42,147.7,1.601,2146.6,1
47.19,1206.7,613.0,79.55,151.5,,385.5,0
29.72,1825.5,431.5,,166.1,4.172,590.2,0
74.27,1771.2,619.7,99.76,270.5,0.389,77.6,0
58.92,1445.5,569.8,93.61,136.0,5.036,712.3,0
26.23,1153.4,614.8,98.03,308.6,1.933,3240.4,0
38.23,2232.7,601.3,94.1,392.5,0.793,2738.5,0
59.96,1033.4,622.0,88.83,486.9,0.379,3034.9,0
101.89,1748.6,478.7,99.55,499.9,3.512,999.7,0
49.35,1149.9,571.0,87.72,,2.682,902.4,0
83.07,1660.8,444.1,86.39,399.8,2.292,3863.1,0
29.98,1442.7,547.4,88.23,262.3,1.603,4076.3,0
62.65,1624.4,493.8,91.58,492.1,3.897,990.9,0
63.74,2148.5,610.2,92.4,403.3,2.55,2239.7,0
85.1,1151.6,427.6,96.11,166.6,6.282,2049.8,0
81.37,1546.2,626.7,88.03,414.0,5.437,4302.6,0
42.46,1245.2,585.8,82.65,430.9,3.346,2365.6,0
58.38,1285.8,627.7,100.0,328.3,5.448,3026.8,0
101.2,940.4,655.4,92.59,349.0,1.052,3655.8,0
57.49,1463.8,531.8,88.14,298.1,5.292,747.7,0
69.07,1238.8,580.8,86.3,346.3,0.955,3422.7,0
48.86,2286.7,544.5,88.89,125.5,3.58,3235.2,1
67.31,1590.9,527.6,84.4,249.3,3.132,3440.8,0
49.07,1621.7,487.3,97.35,341.5,5.666,762.6,0
77.24,1594.8,478.5,86.83,114.5,4.025,3401.9,1
66.89,820.8,622.8,93.88,222.0,0.384,4666.4,0
54.02,1960.6,470.1,86.69,261.9,1.496,367.8,0
51.65,2395.6,428.9,92.6,113.4,4.118,2702.4,1
62.79,2123.3,371.8,88.39,343.2,2.768,575.3,0
51.38,2126.9,443.0,100.0,59.4,3.787,2648.8,1
45.49,1782.9,415.0,91.51,115.8,2.378,674.3,0
77.46,1786.5,435.5,97.43,143.4,6.365,4180.3,1
63.35,1752.0,444.9,93.99,118.3,3.928,3090.0,0
48.36,1943.8,549.7,100.0,300.2,2.157,4575.4,0
84.34,678.5,444.1,92.77,347.6,4.219,4157.1,0
63.15,1145.9,553.6,88.2,439.7,0.644,3565.4,0
45.5,1655.0,518.0,88.71,226.1,4.02,2992.1,0
25.93,1673.5,610.9,88.48,378.6,1.999,688.1,0
53.35,1449.8,659.0,93.37,241.8,1.487,1343.0,0
,1990.5,645.7,100.0,213.5,,1135.6,0
62.7,1515.2,313.9,87.58,438.6,2.659,395.5,0
49.27,1745.6,257.8,99.08,485.6,5.691,4702.0,0
69.76,1152.5,459.6,88.7,209.6,3.179,4474.8,0
80.93,1601.5,653.2,96.11,198.9,3.783,1997.8,0
74.62,1718.4,501.8,95.65,157.5,2.978,2641.3,0
80.39,2155.7,337.5,94.26,297.2,3.082,2435.9,0
44.08,1983.6,452.0,88.33,366.4,6.031,925.9,0
68.64,1711.7,464.2,89.57,59.9,1.713,684.5,1
54.89,1338.9,582.3,84.97,392.0,5.141,52.2,0
26.31,1832.0,531.8,86.19,390.4,1.512,612.4,0
78.95,1772.3,366.2,97.15,363.1,1.155,2935.5,0
46.16,1735.6,491.5,90.95,63.2,5.329,3076.0,1
82.77,1477.7,507.7,96.2,478.8,2.95,2726.3,0
18.64,996.1,612.1,82.08,73.3,3.327,1221.5,0
78.71,1749.4,699.7,89.03,223.9,7.95,4334.6,1
62.73,1203.3,553.8,100.0,366.5,2.504,551.2,0
73.15,1583.7,428.6,100.0,345.8,5.437,548.1,0
58.11,1393.0,561.1,92.32,400.5,5.25,1144.9,0
84.42,1890.2,649.0,100.0,86.7,4.066,2792.7,1
84.84,1718.0,581.1,100.0,248.9,,2959.9,0
38.0,1132.0,385.8,90.55,368.6,1.957,2703.4,0
56.67,2516.9,472.9,96.07,125.9,4.375,4387.5,1
90.74,1984.2,464.8,85.86,259.2,0.707,29.1,0
48.5,1222.9,371.0,100.0,95.3,3.648,4547.8,0
,1660.6,500.1,99.47,315.4,0.713,1379.5,0
77.06,1830.3,509.3,81.18,231.4,5.734,79.0,0
56.87,1705.2,217.5,91.07,207.0,2.666,4783.9,0
86.13,1807.9,452.7,96.25,276.1,3.361,4456.9,0
31.77,918.1,280.8,85.84,405.6,3.147,4174.9,0
75.18,1947.7,536.3,94.92,250.1,3.268,3171.4,0
72.62,14805.464749358398,510.7,91.49,407.5,5.768,3679.2,0
42.24,1711.6,582.9,95.75,360.1,8.406,4669.3,0
43.19,1438.7,680.8,90.77,241.1,3.208,1058.6,0
83.22,1794.0,487.3,91.71,188.6,1.01,28.8,0
49.76,1269.9,193.7,92.13,150.4,6.807,3693.2,1
62.44,1959.8,654.6,99.5,56.1,4.06,2813.9,1
56.07,1779.8,649.0,98.1,471.6,,1516.8,0
46.11,1266.6,467.2,92.33,,5.332,1721.7,0
,1755.3,521.9,99.77,175.1,3.155,1233.9,0
35.35,1284.9,475.3,100.0,168.8,4.58,1984.9,0
53.27,1224.2,593.5,96.71,61.4,2.61,3886.3,0
78.47,1571.8,451.9,93.67,233.2,3.862,4281.6,0
,1980.2,307.9,96.43,242.9,3.634,1196.2,1
41.11,1310.7,396.9,92.52,296.8,1.722,159.6,0
27.94,1459.7,477.7,86.04,288.5,4.948,1802.7,0
37.41,1252.2,504.6,87.76,93.8,1.568,266.4,0
50.72,1615.1,476.3,89.12,247.1,0.293,1329.5,0
,1342.2,409.0,90.32,212.5,1.671,3602.4,0
78.67,1315.7,548.7,92.38,492.7,4.807,109.9,0
55.94,1558.2,675.2,91.21,194.6,2.628,3693.3,0
65.82,1709.9,307.2,90.77,150.9,0.439,3628.1,0
72.45,1677.9,681.5,95.21,173.2,4.406,4753.9,0
47.69,1369.0,539.7,96.44,480.8,2.719,3471.7,0
74.31,1097.1,628.0,85.9,271.7,3.306,885.7,0
80.39,1765.2,550.5,87.78,114.3,2.696,3380.3,1
46.79,1116.5,586.7,92.78,392.2,4.768,4322.3,0
57.18,1456.3,521.3,,56.6,0.215,322.2,0
91.88,1257.5,628.4,87.02,213.6,8.967,995.0,1
71.19,1887.3,552.9,80.06,112.3,1.348,226.3,0
34.38,2295.5,426.2,100.0,476.6,2.499,1613.0,0
,2429.1,456.3,82.53,413.4,5.08,625.0,0
65.85,1127.8,446.0,93.02,346.5,,2656.1,0
68.78,1803.6,582.9,95.19,385.9,0.393,4611.3,0
84.06,1837.1,424.6,,105.0,0.542,1666.0,0
40.43,1393.9,545.2,85.67,186.0,,4000.7,0
68.93,2190.7,421.6,95.55,193.0,1.718,43.6,0
29.16,2065.3,522.5,87.75,320.8,0.332,1379.7,0
65.88,1590.8,609.9,99.2,428.0,5.239,2804.5,0
48.9,1743.0,541.9,94.91,185.5,3.974,1776.0,0
64.42,1120.4,776.4,97.45,97.6,3.812,3366.9,1
69.35,1312.3,488.4,99.71,354.7,2.511,166.9,0
73.63,1725.4,479.0,100.0,321.7,4.46,22.3,0
72.68,1722.3,590.0,87.47,325.6,4.715,4066.2,0
65.12,1689.3,586.5,99.66,354.4,0.623,3703.2,0
49.27,2394.0,387.2,96.65,487.2,3.94,4356.5,0
84.91,1166.2,408.5,100.0,258.7,7.927,376.6,0
72.17,1841.9,701.5,94.54,222.1,8.028,4905.3,1
70.97,1788.6,645.5,93.77,118.1,2.903,4159.6,0
72.91,2335.9,548.5,100.0,146.9,1.47,4907.3,0
60.02,1080.0,548.3,96.48,461.2,4.361,3461.0,0
63.73,1981.9,619.2,100.0,140.5,6.861,1511.1,1
61.84,1927.1,458.6,100.0,449.6,,1816.6,0
50.13,1707.2,531.8,95.11,334.9,1.379,2935.0,0
52.26,1174.5,385.0,89.98,391.6,2.64,4353.0,0
45.78,1661.8,528.7,98.3,87.6,4.035,2092.6,0
91.26,1293.5,608.2,89.91,304.4,1.162,2815.3,0
63.15,2033.9,405.6,87.2,125.9,,2978.7,1
47.16,1147.2,399.0,95.39,450.4,,2672.7,0
41.15,820.3,432.6,99.23,236.5,0.426,3563.7,0
50.6,2228.3,446.8,97.2,284.4,2.315,1549.6,0
46.67,1132.8,591.1,89.25,415.7,1.025,137.6,0
68.45,2243.7,663.4,93.15,310.2,4.809,3780.2,0
40.05,1180.2,427.6,91.82,,0.005,3182.9,0
93.5,1891.1,821.2,86.72,460.7,5.839,110.5,0
55.57,1544.5,274.9,97.12,390.3,2.799,4204.3,0
63.05,1223.4,365.6,100.0,297.8,5.311,2230.5,0
41.49,1575.1,391.7,94.43,254.9,3.637,1902.3,0
66.27,1354.9,259.4,89.43,282.2,2.044,500.7,0
75.48,1753.8,358.3,97.98,236.8,6.519,642.2,0
22.6,1694.3,401.5,100.0,52.5,1.563,3917.9,0
58.96,1798.9,341.0,85.66,132.5,1.53,2252.3,0
47.84,1778.8,476.9,90.12,192.0,3.527,3676.5,0
85.84,1534.4,554.4,94.19,256.6,0.753,3146.3,0
30.25,1682.1,516.9,100.0,432.5,3.91,2999.3,0
85.97,1255.0,783.2,97.58,245.4,0.733,4740.1,0
77.04,1527.2,541.7,100.0,477.0,1.337,2565.7,0
44.84,2166.8,579.9,87.61,382.5,6.518,3609.8,0
58.98,1824.2,484.1,92.5,300.5,6.429,1600.4,0
41.24,1864.9,493.5,95.36,400.4,1.241,1979.6,0
69.4,2468.8,532.5,96.02,419.8,1.791,2502.4,0
80.76,1773.5,456.4,86.67,237.6,2.977,3397.5,0
57.83,2151.5,448.4,97.67,57.9,5.554,4722.1,1
22.7,2072.2,596.0,100.0,464.9,3.705,2467.7,0
73.58,1884.4,249.0,96.55,377.2,0.803,2511.3,0
80.65,12255.235422267635,713.0,93.68,277.4,1.242,4340.7,0
63.57,1625.1,657.3,,,5.372,2906.1,1
35.75,1620.0,475.8,100.0,90.2,1.264,3826.3,0
65.28,1088.2,575.3,90.71,78.4,5.525,3995.2,1
59.6,1981.6,557.5,100.0,103.0,3.748,273.2,0
56.37,1449.7,418.7,94.0,133.9,4.211,352.3,1
48.33,2298.9,543.8,88.48,345.9,5.255,2256.6,1
49.05,1335.1,679.6,96.58,308.2,1.366,4986.1,0
59.79,1620.4,427.0,100.0,257.2,3.121,706.5,0
97.65,1536.4,495.0,89.96,113.8,1.692,3487.9,1
55.37,1798.4,445.8,86.56,188.3,2.238,100.1,0
62.82,1306.5,560.5,85.79,284.6,0.818,1872.6,0
56.95,1754.7,600.3,93.01,354.6,1.506,4996.1,0
64.86,1090.5,319.6,86.53,214.6,1.408,2511.5,0
40.71,2217.2,478.7,89.46,75.0,6.202,4602.5,1
47.79,1319.3,401.1,100.0,76.0,2.205,1988.0,0
29.33,1569.9,466.0,100.0,441.7,4.979,4239.0,0
52.0,1230.1,696.0,93.58,424.6,3.057,4623.8,0
58.86,1828.2,696.1,99.38,294.6,1.679,897.9,0
64.35,2190.4,589.5,95.18,402.3,3.889,945.0,0
81.59,1155.9,500.8,93.14,441.4,0.089,2889.1,0
63.23,1476.2,357.6,97.98,257.9,9.627,2657.7,0
62.76,1470.8,604.2,89.96,199.4,3.31,3776.3,0
75.03,1919.4,531.1,100.0,338.5,4.324,4843.1,0
73.94,1196.2,453.3,83.14,477.0,5.72,4955.3,0
79.54,1244.5,403.8,97.1,258.5,5.175,1250.1,0
75.37,1270.8,711.7,86.62,268.4,3.208,3248.5,0
62.61,1725.9,633.4,98.74,257.1,3.579,2271.2,0
91.35,1223.2,466.4,,284.9,7.442,3317.0,0
73.79,1630.9,626.0,93.06,138.8,5.191,3434.9,1
73.51,848.7,479.8,94.59,239.9,4.996,2430.1,0
33.69,1948.2,546.0,100.0,191.4,3.045,776.0,0
54.75,1868.5,601.8,100.0,324.9,,4320.0,0
38.81,1605.4,618.3,87.52,415.3,5.994,3846.5,0
19.73,2107.7,498.0,96.51,494.1,0.049,140.7,0
60.4,1909.3,641.3,99.96,,4.08,1735.6,0
52.38,1636.8,583.7,73.87,143.5,0.721,3265.0,0
55.0,1502.2,650.9,90.61,242.9,3.813,2870.8,0
81.53,1223.9,360.3,100.0,78.7,1.031,3110.0,0
68.86,987.1,403.0,99.29,256.7,0.158,3583.7,0
67.86,1909.8,331.6,99.7,475.8,2.442,467.8,0
78.94,1788.9,620.2,100.0,406.0,4.402,947.4,0
51.98,1735.1,506.9,96.97,,2.826,1048.4,0
95.26,1006.9,626.6,100.0,182.8,5.149,1452.5,0
,1802.2,478.1,93.91,86.9,2.015,1715.8,0
55.57,1419.8,508.4,94.86,68.8,1.883,4335.5,0
50.11,1626.7,491.8,95.49,82.1,2.155,4523.6,0
60.12,1913.4,468.4,82.31,202.7,1.676,4316.2,1
67.32,1274.9,669.6,92.58,328.4,3.559,4412.3,0
60.37,1143.0,300.0,93.34,284.2,2.56,3912.4,0
48.6,1836.4,717.5,87.72,360.2,5.724,927.1,0
57.1,1714.5,632.9,87.59,,0.564,1306.2,0
65.73,1286.2,465.6,92.4,418.4,4.505,830.5,0
45.34,1654.7,554.7,86.72,286.7,3.765,3564.6,0
47.86,2321.8,502.9,84.76,87.1,5.339,2998.7,1
69.11,1255.6,591.5,99.45,491.7,3.78,2535.6,0
79.78,1922.0,554.9,95.48,328.4,2.576,4208.7,0
86.61,1459.3,431.1,89.7,82.5,3.909,2410.4,1
72.56,1900.2,498.7,87.65,475.4,0.112,673.0,0
46.98,2128.6,536.6,92.96,115.5,4.767,1322.2,0
59.89,1768.4,429.1,91.85,401.8,3.783,3628.6,0
22.95,1376.2,540.0,93.77,159.6,4.954,2741.7,0
68.89,1317.5,649.7,100.0,80.2,1.042,1062.1,0
55.72,1722.5,619.7,78.82,207.1,1.928,4570.7,1
73.44,1753.7,791.2,90.61,117.5,1.283,3806.0,0
69.19,1386.6,493.4,79.11,328.1,0.784,3062.0,0
58.22,2006.5,496.8,85.85,91.8,4.056,1979.6,1
52.87,1564.9,499.8,79.35,104.5,2.47,2773.2,1
67.92,1674.9,474.7,93.39,441.4,0.546,4124.2,0
40.45,1264.5,542.9,90.93,,2.641,3911.4,0
79.75,1346.9,439.8,85.28,251.8,2.109,3671.9,0
34.94,1470.9,515.9,100.0,149.7,3.478,82.4,0
46.47,1321.0,687.5,100.0,71.4,0.321,4805.5,0
100.97,2220.5,626.5,90.03,88.4,2.242,1147.1,1
58.79,1305.4,560.3,74.38,260.1,4.546,3670.7,1
44.16,1740.4,516.4,87.96,495.0,3.196,2613.4,0
61.58,2432.8,617.6,97.74,83.6,4.27,591.8,1
61.04,1215.8,356.6,89.93,,5.153,645.6,1
70.46,1434.6,541.5,87.95,212.1,2.663,3266.3,0
68.28,1298.8,598.2,92.87,203.3,7.882,4283.0,0
71.57,1526.9,486.0,96.49,56.0,1.433,1625.7,1
35.55,1324.5,618.4,83.1,83.3,8.793,1059.2,1
78.84,1807.4,591.4,86.34,249.2,5.991,4400.0,1
94.91,1324.6,655.8,100.0,239.8,3.357,4665.6,0
44.86,1335.9,623.9,,422.5,2.053,137.2,0
64.14,1195.2,485.4,91.62,391.5,4.664,1678.5,0
37.39,1791.5,513.5,100.0,120.1,3.903,2396.3,0
54.83,2175.7,363.6,98.4,266.2,3.669,1851.2,1
61.3,1614.6,624.6,90.3,488.0,3.501,2550.1,0
61.2,1639.1,529.2,84.63,210.0,0.465,2332.0,0
70.83,1529.1,481.9,78.4,172.0,3.719,691.2,0
51.29,1170.3,693.7,93.0,83.3,0.774,4450.7,0
84.12,1718.6,404.6,86.85,305.6,0.173,507.8,0
49.34,1595.0,666.5,94.15,212.8,6.072,2978.1,0
80.71,1769.9,461.6,93.27,183.5,4.594,1004.1,0
55.56,1276.7,334.0,81.38,324.4,0.709,568.1,0
61.08,1200.3,581.4,96.06,189.1,2.713,4649.6,0
43.88,1810.3,775.5,100.0,212.6,1.456,2584.2,0
59.24,1343.8,757.0,88.15,313.5,3.154,4711.2,0
61.02,2007.0,399.8,98.05,402.3,1.009,1045.5,0
44.65,1370.7,430.7,87.9,171.2,2.611,3439.1,0
49.49,1636.4,564.9,91.91,365.9,0.955,1683.0,0
78.43,984.7,522.4,88.63,470.1,5.354,3191.8,0
58.42,2131.5,621.8,90.47,186.7,6.039,4410.8,1
,2016.7,187.3,93.41,74.6,6.21,2654.7,1
49.58,866.2,644.7,97.91,280.1,3.124,1561.8,0
70.83,589.2,755.2,78.51,464.2,2.1,3706.0,0
64.34,2052.7,463.4,87.87,241.2,5.428,2533.6,0
47.25,1913.3,485.8,98.59,88.1,2.35,1366.5,0
56.85,1467.4,651.7,100.0,301.9,8.428,3389.9,0
29.42,2124.3,459.9,93.12,197.0,5.544,1484.6,0
76.73,1671.9,508.2,91.86,253.2,3.335,1295.5,0
85.79,1543.2,565.3,100.0,362.0,0.574,551.8,0
78.72,1400.2,592.9,85.77,170.6,2.656,2609.5,0
33.64,1893.5,552.1,95.27,345.1,2.694,3352.1,0
59.12,9139.68734901639,616.7,,149.4,5.573,2713.1,0
117.37,1326.9,423.2,100.0,289.9,0.795,674.8,0
42.1,1746.0,465.1,100.0,241.7,1.97,1101.2,0
52.4,2105.1,384.4,85.93,216.0,2.837,3755.2,0
64.8,1746.8,441.7,90.55,189.6,4.39,1548.9,0
66.5,1938.4,683.3,88.84,209.2,5.209,3013.6,0
66.04,1194.9,663.4,89.91,325.2,,625.5,1
64.18,1379.7,596.2,100.0,,6.447,2101.3,0
64.0,1557.3,498.4,96.93,338.3,2.719,859.0,0
55.9,1330.9,586.5,89.44,308.7,5.839,1183.3,0
,1823.4,567.0,95.47,214.5,3.335,4764.2,0
66.65,1926.9,388.5,84.36,273.5,7.685,3048.4,1
55.69,1886.9,538.7,100.0,391.4,5.523,2783.4,0
81.87,1349.8,493.7,100.0,217.1,5.905,3769.3,0
89.22,1214.1,613.1,82.48,209.5,4.273,955.2,0
47.91,1478.1,534.5,94.05,136.9,0.153,1796.7,0
62.76,995.6,620.0,100.0,60.8,5.562,3411.7,1
81.37,1392.2,443.2,87.13,336.2,2.997,372.3,0
79.97,1552.0,538.1,89.87,409.2,7.595,3558.7,0
56.49,1147.5,368.1,88.98,310.4,0.384,2459.9,0
26.15,589.6,471.7,95.76,252.4,5.381,4362.0,0
66.93,1663.7,369.1,90.37,382.3,3.724,3791.5,0
66.83,1258.6,497.6,83.43,191.6,4.679,4946.7,1
58.98,1005.4,291.6,100.0,343.9,0.289,2291.6,0
42.42,955.8,399.4,95.48,,4.054,4260.1,0
60.06,1861.0,822.4,95.13,121.8,4.72,1646.9,1
65.93,1224.3,674.7,97.67,323.6,1.793,4401.0,0
57.34,1240.5,489.6,94.76,229.4,0.873,4640.6,0
47.79,1714.8,574.2,92.71,239.1,1.0,2799.5,1
31.62,2046.6,434.5,100.0,261.5,1.204,3283.5,0
67.72,2039.2,510.3,88.24,,3.429,2678.9,0
39.89,2204.4,610.8,94.65,380.1,3.614,3939.0,0
73.08,1626.6,643.6,94.2,265.8,5.829,4672.0,0
90.31,2276.7,550.4,93.23,416.3,3.331,2521.3,0
76.61,2391.6,480.5,78.78,,4.036,3742.3,1
57.29,1884.6,434.0,88.49,338.6,5.451,2691.4,0
40.6,1097.7,537.5,90.11,134.2,3.486,1133.5,0
64.43,1360.7,457.9,95.93,255.1,1.384,2956.0,0
74.14,1717.8,608.4,91.79,488.7,6.927,2770.4,0
45.28,1306.2,808.8,98.45,309.5,9.67,2444.5,0
78.56,1542.8,688.5,89.0,467.7,3.45,2439.5,0
89.78,1913.0,551.4,91.67,440.9,6.567,1321.1,0
88.57,1441.4,371.3,93.58,97.3,0.912,4831.8,1
,1900.3,419.8,94.95,445.5,0.554,1645.8,0
32.1,1620.5,500.4,97.8,410.0,1.764,1050.3,0
74.83,1580.9,647.4,85.92,460.8,5.127,4745.2,1
64.83,1579.5,447.6,90.52,171.4,2.821,1358.8,0
88.27,1521.9,580.8,88.62,194.8,3.411,1394.0,0
46.3,1470.1,602.2,99.62,152.0,0.078,2733.3,0
83.02,1928.7,565.3,81.7,160.0,5.469,2959.6,1
75.68,1326.1,602.0,100.0,266.2,0.078,580.2,0
84.26,1588.2,625.3,99.74,226.7,6.626,3967.8,1
50.43,1534.4,709.0,85.38,211.7,4.516,3526.4,1
53.4,1171.5,508.3,84.58,287.1,4.183,1082.5,0
50.75,1014.5,693.8,93.05,298.2,6.043,3464.2,0
66.31,1314.6,630.6,100.0,75.1,3.06,3601.7,1
106.0,1747.3,434.8,96.7,165.8,1.077,3255.0,0
68.67,1968.6,461.5,90.86,398.2,4.275,2275.3,0
63.36,1780.4,521.1,99.82,271.3,5.46,948.7,0
44.74,1903.3,494.5,96.55,464.7,4.829,4863.1,0
56.46,1272.9,429.2,94.49,359.9,4.691,1229.0,0
50.73,1478.1,509.0,80.18,319.9,3.399,838.0,0
49.83,1883.4,560.5,100.0,244.0,2.336,791.5,0
50.97,1697.6,424.6,100.0,110.9,3.538,2444.0,0
24.67,2500.9,466.5,89.62,446.7,2.426,3371.7,0
59.28,2324.6,308.0,83.89,210.0,5.453,4675.4,1
76.99,1554.2,449.9,84.96,493.6,1.925,106.8,0
69.64,2004.9,583.6,89.02,241.6,1.188,1121.1,0
92.89,1802.7,566.1,100.0,321.6,1.859,4035.3,0
57.72,1102.3,495.5,90.41,326.2,1.055,4105.0,0
70.34,1812.5,541.1,92.5,464.1,5.118,4652.7,0
80.19,2200.1,626.0,90.59,429.8,2.575,43.7,0
71.82,1474.7,781.3,88.57,416.5,1.383,4409.0,0
49.25,1512.1,476.9,95.26,263.4,7.626,3213.5,0
44.66,1073.8,563.3,91.76,213.3,7.493,853.2,0
55.37,1683.7,560.7,93.25,113.3,2.851,2271.5,0
54.15,1798.0,471.6,92.13,69.5,1.678,3772.2,0
72.09,1965.3,742.4,87.05,391.2,5.429,1433.4,0
75.51,1631.7,340.0,,250.8,2.85,1868.1,0
61.73,1386.0,464.6,81.7,137.2,0.513,794.1,0
76.38,875.1,598.5,91.82,432.5,3.924,471.7,0
41.2,1361.5,608.4,99.22,376.4,6.95,3315.1,0
56.1,1403.2,633.7,91.36,57.6,3.298,2448.9,1
67.08,1261.6,519.9,93.94,471.2,2.25,1441.9,0
50.65,1757.7,652.8,87.08,,6.897,2446.1,0
73.79,1537.3,381.1,99.38,70.9,4.595,3754.4,1
45.17,1699.9,509.4,91.05,51.6,1.893,1799.4,0
74.2,1665.4,656.6,96.94,203.8,6.72,1658.8,0
65.14,2189.4,536.5,91.28,232.3,5.422,1655.3,0
69.17,1582.5,449.2,97.71,237.4,2.03,1447.7,0
56.19,1487.9,585.9,75.27,262.5,4.661,870.2,0
64.65,1733.9,387.7,86.2,403.5,0.583,2568.8,0
69.8,1712.4,642.5,87.52,132.7,0.086,1992.0,0
66.97,1697.1,510.4,100.0,433.6,3.476,3571.6,0
70.25,1746.4,497.7,93.72,94.5,3.905,1567.9,1
49.36,1610.6,623.2,87.55,366.5,3.832,2436.4,0
58.55,1627.5,746.4,90.96,166.0,0.999,2566.6,0
67.59,1662.8,474.4,81.14,217.0,4.453,4166.6,1
59.61,916.5,448.8,90.25,491.7,4.685,2596.8,0
66.98,1066.9,562.4,87.2,104.0,5.025,3959.6,1
57.46,1920.4,429.0,84.67,466.7,0.609,2972.5,0
82.1,1417.1,620.3,86.82,211.1,2.184,828.5,0
71.13,1775.7,447.1,75.93,144.5,3.249,4454.1,1
50.35,1802.3,452.3,88.76,246.2,2.765,2927.3,0
83.65,1618.4,448.9,85.63,132.7,8.068,4724.9,1
61.0,2100.8,654.3,100.0,485.6,5.626,1594.2,0
28.02,2089.6,529.9,83.86,247.2,1.476,4449.5,0
59.2,1317.4,622.9,92.85,58.6,0.993,4283.7,1
27.51,1445.0,635.5,79.0,450.3,4.017,3560.6,0
53.95,557.7,417.1,92.85,166.8,0.311,199.0,0
66.91,2095.5,489.9,93.19,432.5,3.879,1997.9,0
25.94,1516.4,470.6,100.0,410.4,0.285,3536.8,0
15.61,1546.8,654.5,87.4,388.3,9.361,3221.7,0
73.05,1003.3,481.3,94.67,195.2,3.52,243.5,0
61.66,1874.6,423.6,93.12,275.5,7.25,1804.6,0
,1446.6,500.6,100.0,193.1,3.485,3270.4,0
40.45,1920.0,677.3,91.64,472.3,6.411,534.4,0
35.99,1509.4,508.3,96.4,254.2,5.929,4176.7,0
62.53,1776.2,527.0,92.38,405.1,1.019,2744.4,0
50.68,1708.1,566.2,100.0,392.3,3.888,1069.4,0
64.24,2105.7,609.5,100.0,419.3,4.404,4614.0,0
42.45,2432.8,506.7,96.93,381.5,1.21,3015.3,0
71.07,1633.5,429.9,97.54,200.6,1.85,4181.1,0
60.75,1322.7,694.1,,499.8,1.501,4595.5,0
29.14,1439.7,359.5,92.26,284.7,3.07,2365.1,0
86.98,1352.0,366.4,100.0,319.4,6.728,2939.8,0
68.49,1418.1,587.7,98.0,165.7,4.419,3320.8,0
73.5,2138.2,493.9,81.5,212.4,5.414,1830.8,1
70.61,1749.0,749.2,86.12,429.6,6.081,1050.0,0
83.5,1935.7,569.8,99.31,352.3,5.759,825.1,1
50.91,1492.2,538.4,87.61,260.4,4.006,1585.4,0
63.9,1417.9,608.6,100.0,147.8,,4877.4,0
64.72,1556.1,383.5,95.24,112.4,6.097,4943.9,1
71.18,1062.7,581.1,93.34,356.7,0.19,169.9,0
100.58,1885.2,730.0,92.82,321.5,2.86,3148.0,0
56.19,1486.4,574.1,93.68,394.9,1.453,623.7,0
67.56,2102.4,511.8,80.41,439.0,1.989,2408.8,0
66.02,1765.7,618.6,84.61,121.1,2.755,4901.3,1
68.78,1899.9,430.8,96.08,236.6,3.23,2916.1,1
45.75,2022.5,573.8,,175.5,3.257,208.2,0
44.27,1184.2,380.4,100.0,165.7,3.019,4310.8,0
44.98,842.3,274.3,92.17,490.1,4.404,152.1,0
44.55,1981.8,380.0,100.0,210.3,3.116,2651.4,0
59.39,2342.0,381.1,100.0,79.8,2.494,2851.2,0
95.23,1419.5,399.6,92.04,413.6,3.649,4801.5,0
33.45,1492.5,608.8,86.75,55.7,4.367,88.9,0
45.51,1828.5,519.7,95.39,190.4,2.276,1357.6,0
60.46,1918.7,455.3,79.46,416.7,1.498,1934.2,0
70.98,1703.5,588.5,84.59,281.8,4.242,1436.5,0
70.1,1552.5,449.1,89.75,91.9,2.025,2114.1,1
77.89,1556.6,589.8,99.74,301.5,3.833,10.0,0
79.72,1998.0,616.4,95.22,152.9,3.592,1088.4,0
48.41,1498.1,595.3,100.0,99.3,2.371,2767.1,0
70.87,1149.3,516.4,100.0,245.5,,3855.0,0
42.59,1483.2,564.7,92.45,271.5,7.371,4541.0,0
50.49,951.7,648.6,85.57,388.1,6.338,1771.5,0
46.74,868.8,551.0,93.39,358.7,5.21,3787.1,0
68.43,1545.2,490.1,100.0,365.1,2.27,1995.1,0
57.69,1187.2,339.5,92.27,76.5,4.248,398.9,1
15.65,1349.9,379.5,88.11,,4.085,1643.8,1
81.6,1280.3,462.8,86.05,250.9,3.851,2037.1,0
70.75,1542.3,508.0,95.19,142.1,3.972,2504.0,0
48.31,828.5,569.7,96.94,133.6,6.385,223.0,0
71.02,2105.0,480.7,95.1,232.8,0.965,3960.4,0
55.95,1200.3,613.4,93.93,437.1,4.891,1507.1,0
75.07,2085.3,499.8,84.32,467.3,3.417,3266.4,0
104.88,1606.0,587.4,95.07,289.4,4.076,2031.7,0
59.46,1328.6,734.3,94.06,298.2,4.063,4833.2,0
72.92,1733.1,451.3,91.86,291.0,5.526,3724.2,0
84.22,1705.1,551.0,100.0,343.9,3.142,45.1,0
99.59,1927.1,531.7,72.35,304.7,4.724,4024.9,1
77.85,2125.0,786.2,88.46,95.9,3.151,2804.2,1
65.41,1808.8,507.1,87.73,55.2,1.013,4495.8,1
76.21,1254.6,567.8,100.0,457.5,2.611,1695.5,0
78.66,1499.5,482.3,92.12,96.8,,3100.5,0
56.36,1844.9,419.2,94.6,358.0,3.192,2944.6,0
56.57,2037.3,492.7,91.31,264.2,2.091,572.4,0
53.39,1398.3,631.3,100.0,137.2,4.024,1844.7,0
44.0,1798.4,665.6,100.0,72.1,5.349,99.5,0
,1280.0,543.7,100.0,251.9,3.147,126.8,0
48.26,1232.8,539.7,84.22,251.6,1.208,2769.0,0
60.4,1100.4,637.1,88.84,238.9,2.056,19.5,0
-31.196538080059906,803.7,677.4,96.8,250.6,2.431,2619.1,0
71.69,2224.7,568.8,85.84,356.7,1.012,4487.1,0
54.97,2112.0,677.2,90.73,265.9,3.479,2011.4,0
31.14,1817.3,709.2,85.03,271.1,5.522,1195.2,0
45.03,1293.8,405.9,93.92,99.5,2.785,220.0,0
49.16,1279.7,669.5,89.03,230.0,1.947,2332.2,0
69.45,2280.4,619.5,87.47,222.8,6.186,4008.3,1
27.21,2469.8,419.5,85.5,174.6,1.034,4135.6,0
46.5,1726.1,403.8,93.19,305.9,0.955,4926.9,0
74.26,1938.0,520.7,89.05,453.8,6.078,4057.5,0
78.6,1266.9,528.0,98.83,97.3,2.1,4476.3,1
42.77,1177.0,732.7,100.0,111.4,2.426,4167.0,0
65.36,1571.2,641.8,90.45,451.8,4.936,550.7,0
49.04,1462.0,559.0,93.74,69.7,3.646,854.2,0
56.68,1098.8,566.3,96.49,56.9,4.49,4729.3,1
35.77,1581.4,484.2,87.52,160.6,5.357,821.5,0
86.95,1820.0,497.3,87.24,239.2,4.358,1192.0,0
51.72,2333.8,592.9,100.0,421.2,1.455,3683.2,0
47.32,1454.3,538.7,94.47,129.9,2.39,2600.8,0
69.03,1648.0,541.7,99.37,364.4,3.526,411.6,0
57.02,1711.8,629.1,97.66,,5.598,1688.9,0
55.4,1823.0,653.0,88.5,233.8,3.394,2063.5,0
79.53,2019.3,694.6,99.1,274.2,6.007,1804.2,1
74.14,2189.1,610.1,100.0,148.5,7.038,4544.6,1
44.79,1231.5,472.5,80.46,256.9,2.115,3144.2,0
55.51,1788.5,287.1,91.71,188.4,5.586,3185.7,0
,1563.0,568.4,96.18,404.1,4.121,2414.1,0
67.13,1249.8,407.3,83.61,388.3,1.477,2558.3,0
100.22,1694.3,690.7,97.93,152.8,4.883,1274.8,1
57.79,1344.4,461.3,97.36,132.1,3.162,2552.1,0
56.37,1172.3,430.6,92.16,147.9,6.529,4354.9,0
51.97,1506.7,469.2,90.39,471.5,,700.4,0
60.95,1859.6,479.8,97.1,159.0,1.501,2838.2,0
52.71,1932.0,328.8,82.41,,0.504,1953.5,0
74.1,2036.1,524.0,84.65,343.0,0.061,2122.0,0
36.59,1583.2,456.8,99.55,297.3,1.041,4453.4,0
30.5,1646.9,580.4,94.31,64.2,4.265,359.8,0
71.7,1895.8,636.8,96.6,129.4,4.828,1277.1,1
64.32,1371.1,404.1,81.51,398.0,4.759,3986.6,0
58.14,1463.5,447.1,95.17,188.9,5.959,4383.5,1
71.01,2587.6,633.6,100.0,188.0,5.056,765.4,0
52.42,1627.8,615.3,88.61,307.5,2.782,4841.2,0
43.29,982.6,538.9,100.0,298.0,,4263.3,0
64.07,1675.4,744.2,83.76,192.3,3.84,1994.4,0
47.21,1537.6,520.5,84.78,440.2,5.198,3695.1,0
90.87,1423.6,461.7,91.17,121.7,1.686,2547.1,0
51.51,1552.1,486.3,85.8,313.6,2.371,2062.2,0
25.68,1419.5,488.4,88.72,,4.902,401.2,0
90.54,1178.5,483.4,89.59,349.5,3.524,1781.0,0
60.98,1764.5,475.5,99.23,97.6,3.628,1689.4,0
68.26,2287.7,497.2,93.57,413.7,2.088,1412.1,0
56.83,1035.9,449.7,99.08,473.2,1.83,1018.9,1
70.74,805.4,511.1,95.39,143.2,1.956,1464.4,0
53.68,1443.4,418.2,92.0,358.3,4.324,2202.0,0
57.62,1740.4,684.9,89.36,94.8,5.147,755.2,1
61.39,1183.7,464.2,96.06,496.8,0.699,1600.6,0
78.38,1598.5,463.3,96.82,280.1,2.576,2901.6,0
80.07,1796.9,368.0,93.23,360.3,3.586,138.9,0
57.9,2287.1,481.9,100.0,282.0,3.61,1866.2,0
55.54,2688.3,582.2,86.28,446.8,0.784,2176.9,0
47.94,1659.4,647.1,90.93,321.3,3.733,2795.7,0
84.16,955.9,577.3,92.57,80.5,0.015,789.7,0
60.51,1783.9,669.9,100.0,68.2,9.071,3829.2,1
52.4,1886.0,492.1,100.0,171.9,2.841,4518.6,0
84.03,1221.6,331.5,93.12,463.6,3.694,792.2,1
47.5,748.7,507.9,100.0,381.7,1.006,4793.9,0
51.62,2174.3,393.7,97.81,333.2,1.521,38.6,0
55.02,12581.82359183569,653.9,80.91,397.6,,357.9,0
58.28,1047.0,555.8,98.03,445.8,5.258,355.5,0
64.74,1401.5,600.7,100.0,127.3,4.762,4393.0,1
62.96,2116.8,282.1,77.65,361.6,2.982,441.8,0
53.41,1824.0,321.8,,127.6,3.346,2053.5,1
40.32,1660.0,512.3,,415.8,0.842,2435.2,0
,1409.2,582.7,94.01,173.5,6.061,4635.9,0
76.19,1960.9,461.7,100.0,373.7,6.783,3299.6,0
88.44,742.8,643.9,92.48,283.1,2.015,74.9,0
64.1,1848.2,665.8,93.41,100.8,4.929,2083.7,1
21.77,1887.8,534.2,89.38,291.6,2.516,599.3,0
62.08,1704.9,572.0,100.0,315.7,3.113,1011.7,0
72.66,1396.0,484.9,100.0,273.4,3.155,155.8,0
39.63,2423.0,693.8,86.38,469.7,1.071,1351.2,0
30.33,1588.0,562.1,92.07,357.9,2.57,2344.6,0
48.57,1530.1,557.3,82.52,120.4,2.334,867.7,0
84.45,1119.0,615.6,87.61,422.9,2.776,2003.8,0
56.3,2054.9,371.8,100.0,314.9,1.341,4847.9,0
85.27,1312.4,560.1,98.07,394.8,5.377,1088.8,0
62.53,1724.1,457.5,95.16,409.9,2.205,1014.9,0
91.67,1606.1,548.3,89.23,197.1,4.33,3477.0,0
65.04,816.7,600.0,91.54,485.7,3.051,2113.6,0
29.18,1186.6,671.9,83.13,53.4,2.733,1453.8,0
69.61,1818.8,534.1,84.02,284.0,3.169,1885.2,0
,1874.8,493.7,100.0,178.8,2.571,188.6,0
50.65,1476.4,504.6,94.63,477.2,4.026,1877.4,0
70.17,2086.5,615.2,89.23,165.4,6.516,4804.3,1
76.89,1515.5,451.5,83.47,77.2,3.133,1123.1,1
65.15,1367.3,327.3,95.89,169.5,6.329,2930.8,0
44.22,2085.0,408.4,100.0,170.3,1.072,1894.8,0
79.59,1143.1,481.7,98.6,249.6,2.656,1897.6,0
85.92,1512.6,670.7,77.98,465.9,6.998,3452.3,1
55.36,2042.6,525.1,91.71,246.4,3.264,1243.9,0
57.93,1635.6,356.6,100.0,155.4,6.165,1050.1,0
72.85,1055.5,379.0,96.46,301.4,3.938,4176.8,0
68.45,2513.4,617.2,90.53,330.5,3.565,238.1,0
69.97,2122.1,589.0,98.78,427.9,3.835,94.7,0
53.24,2023.8,656.2,88.11,101.6,5.48,898.3,1
65.78,1920.9,523.2,78.33,,3.496,4545.5,1
39.02,1228.8,502.5,95.0,448.3,1.543,210.4,0
49.27,2465.2,682.5,98.25,83.7,4.979,4755.1,1
72.29,2247.0,405.1,97.62,103.1,3.262,3405.5,1
49.06,1837.0,578.5,99.65,381.3,,991.4,0
83.63,1809.2,548.0,91.35,309.1,0.612,3752.9,0
56.25,1468.4,640.0,98.98,348.7,2.035,4163.3,0
50.4,1221.3,471.0,98.31,337.0,7.21,4039.7,0
52.25,1981.5,579.8,84.84,409.9,3.348,4997.2,0
45.62,2519.4,368.5,81.67,327.3,2.515,4379.2,0
37.96,1536.3,508.2,91.76,208.9,5.285,3682.7,0
44.27,1221.6,581.9,88.73,386.7,0.234,2913.9,0
55.5,1817.1,576.2,100.0,253.3,2.298,3367.2,0
100.34,1154.3,589.4,97.85,487.2,5.255,100.5,0
57.44,1581.0,565.9,77.37,245.2,3.942,2941.2,0
84.14,1795.6,518.8,91.85,71.6,4.565,2955.1,1
80.19,1119.1,496.4,100.0,375.5,7.023,4447.3,0
43.05,1659.5,457.8,96.78,309.3,2.954,109.0,0
42.96,1959.3,449.6,88.71,51.5,3.713,3535.1,1
44.55,898.6,450.4,84.11,334.0,2.109,3348.9,0
73.23,1344.6,520.9,73.88,312.7,2.453,2437.9,0
51.38,1662.5,485.3,93.86,93.6,1.356,197.0,0
62.2,825.9,494.2,97.68,230.9,4.895,4603.2,0
22.84,1672.4,705.6,88.74,92.2,3.603,4729.7,0
31.51,2138.8,682.5,100.0,354.0,5.765,1800.5,0
59.24,1856.3,506.7,89.55,231.2,4.04,2615.7,0
83.87,664.0,454.2,96.38,470.3,,3349.7,0
48.21,1277.3,460.5,88.28,233.5,6.029,2235.1,0
60.65,2065.7,563.9,,436.5,1.69,873.6,0
61.94,1144.1,599.1,98.47,383.5,,4427.4,0
46.07,2050.1,442.4,94.9,126.7,,385.8,0
92.35,2352.1,625.1,92.5,289.3,0.102,1122.3,0
81.55,1401.0,514.3,100.0,193.1,3.173,1003.9,0
55.17,1837.5,374.9,98.44,271.6,1.225,2275.2,0
36.79,1805.0,620.3,96.33,148.2,5.257,718.4,0
46.94,1749.3,719.0,100.0,374.9,6.36,3667.4,0
52.93,1566.4,391.8,75.19,449.1,3.052,4948.8,1
57.26,1942.8,504.3,88.68,193.4,6.778,4915.0,1
49.4,1293.5,581.3,90.44,408.2,4.032,92.3,0
42.07,1324.3,578.7,,358.2,5.15,1886.5,0
72.26,1508.7,503.2,88.79,286.6,2.76,3769.8,0
66.53,2310.4,575.9,92.48,193.3,4.537,764.8,0
69.5,2045.7,779.3,92.47,316.8,6.269,1208.1,1
53.26,1444.6,599.6,98.29,280.1,0.976,4261.1,0
67.02,1014.5,494.7,91.03,485.0,0.419,2499.1,0
85.06,1886.3,378.8,99.33,256.4,1.366,1729.5,0
56.05,1271.9,358.1,86.61,155.9,2.431,2643.2,0
72.05,1456.0,568.9,97.36,183.5,4.126,372.6,0
81.21,1816.3,641.9,95.46,306.8,7.866,1693.6,0
65.65,2142.2,682.5,,122.1,3.439,771.1,0
4.55,1225.5,564.9,96.37,478.9,0.999,4246.7,0
73.9,1797.9,611.5,97.69,,3.729,232.7,0
49.94,1995.5,591.8,,135.0,4.762,281.0,0
56.17,1742.1,525.5,97.33,321.0,5.278,2055.3,0
58.43,1768.0,502.6,86.05,139.5,8.627,4127.6,1
52.01,1582.0,578.4,96.12,202.6,5.471,1516.9,0
53.18,1286.8,355.5,99.48,141.6,4.937,675.1,0
97.46,1633.8,530.2,91.66,192.9,0.707,4496.9,0
63.12,1060.7,604.1,85.96,425.4,0.212,2651.6,0
50.7,1569.5,593.1,87.52,133.1,1.33,52.4,0
61.52,1877.1,553.6,91.69,419.1,5.536,2727.2,0
86.7,1504.4,445.7,85.53,367.9,3.956,667.7,0
68.29,861.2,525.2,98.54,456.3,4.044,3504.3,0
66.92,915.9,469.1,77.6,301.4,6.873,3389.1,1
43.96,1562.6,644.3,100.0,79.6,2.109,3983.9,0
26.48,1246.5,617.9,100.0,391.7,1.926,3933.9,0
62.25,1468.4,514.7,96.85,197.4,3.542,2719.8,0
43.18,2292.4,354.7,86.53,417.6,3.016,2438.5,0
62.54,1340.3,502.9,84.11,231.8,2.924,1101.5,0
81.97,918.6,675.2,100.0,225.2,4.401,607.9,0
78.03,2593.5,329.5,97.94,433.3,0.359,1008.4,0
37.37,1661.5,478.0,81.78,181.0,3.726,4606.0,1
39.78,1766.9,445.6,92.0,75.9,2.23,2324.8,0
50.96,1414.0,593.5,,494.7,4.865,2232.6,0
49.92,1713.7,479.3,91.05,203.9,5.829,3406.0,0
56.44,1065.5,613.0,97.34,452.6,0.961,8.2,0
63.39,1812.7,501.5,82.95,,0.904,847.9,0
85.86,1378.6,561.0,95.7,445.4,,3911.1,0
48.69,971.6,385.1,99.17,222.4,4.042,4528.3,0
64.04,990.7,375.5,95.8,103.7,0.581,4244.5,0
69.6,1303.7,557.1,91.69,133.5,6.036,4602.2,1
70.29,1414.7,576.6,88.39,258.7,1.39,4869.2,0
29.29,1577.6,350.1,96.4,146.2,4.112,3700.0,0
50.11,1921.0,548.8,85.55,400.2,5.037,1135.4,0
81.28,1618.9,679.5,95.75,71.2,3.418,4990.2,1
64.55,1183.4,534.1,87.04,496.9,2.289,902.2,0
69.46,922.0,593.5,89.17,402.1,0.161,4853.2,0
74.82,1939.1,515.7,96.93,472.9,0.508,4311.3,0
52.81,1593.3,330.8,,70.0,4.941,4922.4,1
68.48,2155.4,471.4,95.29,279.1,2.534,4984.4,0
50.04,1974.9,474.2,88.98,489.3,0.62,323.9,0
,1858.2,688.9,84.81,220.9,4.319,4768.1,1
52.56,1689.5,432.5,82.0,186.6,6.527,965.7,0
54.2,2574.6,390.1,89.8,165.8,6.5,184.2,1
96.97,1777.7,426.6,91.88,110.7,2.828,3462.4,1
33.13,2268.9,584.0,95.68,151.9,0.188,4455.2,0
79.5,1464.5,615.5,100.0,379.3,4.179,2541.5,0
64.83,1932.4,428.0,100.0,,4.718,2287.4,0
73.0,1215.9,445.8,98.65,394.6,4.194,1882.1,0
78.19,1536.4,589.5,85.66,458.6,2.315,1999.5,0
63.01,1281.3,537.9,84.17,112.6,1.323,1029.5,0
36.53,2003.9,325.8,91.47,335.5,0.536,633.6,0
99.18,1771.7,633.0,89.93,435.1,6.904,1789.0,0
75.0,1158.3,632.5,92.7,470.8,6.924,417.6,0
81.28,1499.8,435.0,89.82,388.2,1.414,1972.6,0
85.26,1378.7,491.4,94.44,67.8,1.129,2792.6,1
66.68,1244.7,634.4,92.83,275.9,2.598,1739.5,0
65.85,2003.4,485.9,100.0,340.4,5.126,3883.2,0
68.77,2163.2,421.1,96.91,90.2,0.382,3622.0,0
66.05,778.5,408.9,93.72,453.4,4.549,554.8,0
49.26,1792.2,733.3,100.0,,3.785,927.5,0
67.08,1160.5,380.0,100.0,122.6,4.341,3563.8,0
40.92,1897.6,479.2,88.65,213.9,2.852,2093.5,0
66.58,1641.4,435.8,89.81,212.7,4.258,3695.7,0
58.75,1244.8,670.2,99.82,484.9,1.229,4333.6,0
76.89,2464.8,622.4,97.03,291.0,3.738,2892.7,0
49.61,1272.6,521.5,96.32,422.7,1.791,3511.7,0
48.4,1455.1,453.9,97.48,450.8,3.544,4194.5,0
62.13,2152.8,411.2,72.32,80.6,1.049,857.8,0
59.01,1054.3,520.8,79.69,76.6,0.552,2990.1,0
48.49,1428.8,317.2,100.0,311.0,1.512,4091.4,0
54.16,1148.7,510.1,97.03,209.2,4.683,3264.3,0
56.51,2123.6,614.4,81.42,450.8,5.001,1703.1,0
61.96,1823.5,355.6,90.98,172.9,3.085,3691.2,0
64.34,1680.2,569.3,96.91,96.7,1.301,2332.8,0
72.56,1349.9,474.6,91.38,464.8,5.041,3370.3,0
65.32,1459.8,543.6,90.5,282.4,4.62,4472.5,0
52.45,1387.9,322.3,83.92,129.4,3.009,247.2,0
56.57,1914.7,593.1,91.07,458.7,2.209,2041.2,0
63.89,2508.2,645.3,87.26,492.4,5.035,2529.7,0
61.13,1338.8,439.5,88.34,456.3,4.521,977.4,0
67.72,1701.5,422.9,90.42,244.0,2.173,490.4,0
32.27,1469.0,531.7,96.33,223.1,6.833,1878.3,0
55.81,1607.1,624.4,90.09,166.0,2.398,3523.4,0
78.07,1366.4,583.0,87.91,454.9,3.187,4150.5,0
72.56,1460.2,414.7,88.64,299.6,2.851,97.6,0
55.95,1442.2,730.9,93.18,179.9,2.257,1257.4,0
48.76,1523.9,569.1,100.0,272.0,3.232,4633.6,0
95.73,1287.1,619.9,85.42,249.3,0.851,4854.3,1
74.42,1362.4,595.9,92.24,445.6,2.031,2697.9,0
85.16,1320.0,278.3,98.57,56.2,7.487,3308.4,1
46.35,1150.3,404.7,99.41,56.5,4.413,122.6,0
76.72,584.8,408.4,100.0,186.9,1.501,3680.8,0
56.85,685.4,648.5,100.0,206.1,3.228,3282.7,0
45.23,1899.9,588.1,78.6,248.8,4.642,4521.3,0
73.73,1298.8,513.6,100.0,162.0,4.14,710.3,0
57.72,1755.0,350.6,94.4,141.2,3.42,713.2,0
94.86,2372.1,723.1,100.0,400.4,7.772,3258.5,1
61.25,1514.1,395.2,94.69,72.1,1.148,2390.3,0
52.11,1455.2,466.6,93.28,402.9,4.029,3674.2,0
56.9,2362.7,449.6,85.18,421.9,2.619,3893.2,0
57.86,2011.5,376.7,,68.5,2.243,1379.2,1
82.77,1671.0,411.5,79.2,186.1,2.424,1144.4,0
33.68,2218.7,523.4,94.41,80.7,3.172,1648.1,0
88.82,1797.3,660.7,91.37,255.0,6.95,1271.1,1
42.54,1797.4,413.0,100.0,135.9,1.713,457.4,0
60.78,1214.8,850.7,99.88,291.0,2.156,3518.4,0
54.14,1732.6,506.0,95.33,321.9,3.616,3082.7,0
57.81,1421.4,309.5,94.65,292.6,4.482,974.2,0
74.91,2565.3,384.2,94.5,233.9,4.408,3599.2,0
64.5,2589.5,663.2,87.43,161.5,0.831,1855.9,0
63.81,1216.3,683.5,85.41,83.9,1.692,2750.9,1
46.96,1863.6,409.4,99.92,53.0,2.596,807.2,1
50.47,661.5,719.5,86.01,431.8,0.758,3535.4,0
61.21,2268.0,461.8,100.0,72.2,0.971,2223.9,0
56.39,1723.1,519.9,92.6,127.9,4.635,1294.1,0
54.64,1307.6,430.1,91.5,280.2,2.467,306.0,0
82.21,1969.7,347.5,98.37,430.8,0.208,2925.1,0
46.68,1284.1,503.5,100.0,278.4,3.132,2026.2,0
43.25,1173.1,547.0,88.1,380.4,0.882,1951.6,0
73.02,1496.6,523.2,85.96,193.3,2.175,4655.3,0
42.05,1945.0,438.0,100.0,195.5,2.06,4169.1,0
78.12,2170.8,732.2,81.99,146.8,4.178,1385.5,1
45.37,1413.5,428.9,77.81,165.9,2.55,3789.1,0
69.88,995.5,510.8,100.0,217.8,3.013,2541.3,0
63.37,823.8,389.4,96.08,388.1,7.05,2054.0,0
79.26,1481.6,376.1,100.0,350.6,6.485,1643.1,0
72.94,1564.5,339.8,93.12,463.1,0.777,3984.9,0
57.3,1611.1,303.5,89.99,307.3,1.289,2772.5,0
45.59,1473.5,392.0,92.94,238.8,5.304,138.8,0
76.29,1759.5,532.4,94.59,313.0,2.435,4769.0,0
68.89,2194.6,418.5,97.07,385.2,1.898,459.5,0
66.36,1706.3,613.9,,437.2,0.723,605.3,0
65.34,1496.3,366.0,96.67,286.9,2.411,4974.2,0
71.43,2011.8,493.8,89.65,368.8,3.612,37.6,0
48.04,2069.9,408.7,91.01,411.1,1.833,2929.6,0
63.18,10377.522993399365,683.7,,188.3,3.242,2646.4,0
63.41,2069.9,634.6,89.4,194.4,2.206,2038.9,0
,2135.3,540.0,93.78,445.6,2.914,4011.6,0
82.16,11716.756167507132,470.4,93.02,383.0,3.273,488.5,0
68.37,2249.3,367.4,93.13,219.4,1.736,1335.8,0
72.05,1862.5,587.5,100.0,456.8,0.914,1339.8,1
71.74,1477.3,151.0,90.27,53.7,2.944,2885.8,1
75.2,2099.4,518.2,96.53,76.8,1.935,1405.1,0
69.97,1206.8,460.4,97.0,275.1,2.689,595.5,0
54.53,1191.3,604.2,83.78,276.0,2.567,2087.5,0
77.47,1510.7,451.9,96.14,80.5,4.263,3149.8,1
50.68,1274.4,440.1,86.39,384.0,4.93,4148.6,0
55.15,1194.9,526.5,88.19,248.4,4.173,3518.4,0
91.91,1537.5,401.7,94.18,475.1,6.402,533.2,0
68.05,1687.0,350.8,83.87,101.1,5.729,4297.1,1
97.7,1495.4,519.7,91.36,207.4,0.329,3162.0,0
67.51,1355.6,536.1,86.62,252.0,1.04,1013.9,0
56.86,969.9,501.7,100.0,401.9,5.072,3778.7,0
30.81,1954.5,534.5,84.3,164.5,4.666,805.4,0
-10.684869123322972,1989.4,517.7,98.37,404.9,4.021,3567.4,0
83.02,1492.1,491.1,96.18,435.8,5.07,3400.0,0
67.89,1527.9,385.6,91.32,497.8,2.669,1184.2,0
102.28,2385.6,507.0,87.27,77.9,7.604,1822.4,1
,1854.9,556.1,94.77,,1.303,1809.5,0
72.83,1703.3,597.3,100.0,325.9,2.901,1505.0,0
64.8,1795.7,432.8,85.94,380.9,5.695,1610.2,0
67.08,1777.5,540.5,91.77,191.1,5.677,933.8,0
78.11,1697.0,549.9,95.89,490.7,2.812,3054.5,0
58.02,1832.7,592.0,100.0,404.8,4.381,466.9,0
46.91,1624.0,859.9,88.09,386.6,0.416,4569.5,0
58.07,1138.1,502.1,88.61,223.9,0.578,2517.5,0
61.87,1470.5,575.1,81.85,71.2,8.153,4713.0,1
58.12,1699.7,585.4,90.83,451.9,0.839,1503.4,0
76.31,1560.3,270.1,100.0,274.1,4.889,844.9,0
74.93,1355.6,474.0,89.62,399.7,4.167,4507.1,0
51.96,1346.6,394.8,89.37,384.3,1.062,2735.1,0
38.35,1745.0,474.2,100.0,341.9,2.763,2576.6,0
81.42,1197.5,488.5,88.63,452.9,,3204.4,0
59.16,1667.6,365.1,100.0,104.4,0.916,406.4,0
41.81,2163.3,500.0,92.18,398.9,6.73,3487.5,0
47.39,1100.8,533.7,96.5,371.5,3.249,4655.4,0
76.54,1863.7,579.0,87.97,229.8,3.168,4261.3,0
80.94,1683.9,523.8,92.19,460.9,4.21,2813.2,0
59.26,1915.3,417.7,100.0,166.3,7.395,1343.8,0
78.05,1959.5,629.1,,,1.652,3829.3,0
68.6,1851.7,392.4,100.0,486.4,1.208,4700.8,0
66.64,2122.7,718.3,93.04,175.2,5.727,2847.0,1
34.79,1845.9,554.5,96.28,407.5,2.643,2981.7,0
70.93,1497.7,432.0,82.69,464.0,3.16,1108.6,0
36.67,1430.8,564.8,99.98,210.7,2.46,26.2,0
47.0,1574.9,526.2,91.56,197.8,8.595,4875.7,0
58.78,1909.0,478.3,94.4,163.3,1.739,3231.7,0
86.72,1652.6,544.5,89.66,236.8,3.917,4273.5,0
47.59,1123.0,531.9,94.49,173.9,3.395,4068.1,0
58.94,1503.4,514.0,82.74,62.3,8.877,788.5,1
,1077.0,361.6,100.0,93.3,0.472,25.7,0
71.93,1571.0,370.9,95.96,385.1,,1182.6,0
67.84,1338.9,532.8,98.16,281.7,3.666,1607.3,0
53.79,1682.3,470.0,74.49,457.9,1.403,4059.4,1
43.79,2238.1,366.1,98.58,468.3,1.271,382.0,0
,2142.9,540.7,98.32,372.2,0.8,970.1,0
50.95,2188.4,590.6,92.58,483.8,4.133,1627.8,0
47.22,1116.9,434.5,100.0,357.7,4.739,2350.3,0
64.29,1591.3,469.2,98.26,446.6,4.628,3041.3,0
67.22,2078.2,638.5,95.87,260.4,2.393,2813.1,0
35.48,1998.1,589.2,89.02,124.8,6.124,871.8,0
53.53,1127.9,125.5,91.36,112.3,2.434,524.2,0
59.11,1672.3,467.5,99.63,262.1,4.037,3982.8,0
58.64,1363.2,432.8,91.55,96.4,0.448,2687.7,0
58.73,2120.8,531.7,87.96,253.8,3.411,49.1,0
51.26,1524.4,442.7,100.0,322.6,6.287,763.9,0
71.89,1723.7,617.3,83.84,451.5,3.785,1353.4,0
63.13,1853.2,453.6,83.87,487.0,6.036,578.3,0
76.96,1181.9,460.9,87.95,298.1,8.71,3650.1,0
62.82,1880.0,429.9,100.0,,1.963,4071.5,0
53.75,1107.3,546.5,98.09,183.6,1.65,3026.9,0
44.73,1450.2,528.1,99.79,328.8,6.789,3328.4,0
50.97,1815.6,498.5,85.56,65.1,6.407,967.4,1
61.97,1524.8,453.6,82.97,85.5,1.852,66.6,0
53.06,973.6,356.2,84.15,183.5,0.153,1687.8,0
53.84,1275.5,560.7,94.02,,1.86,3074.4,0
53.11,1496.2,516.7,91.07,322.1,4.461,1410.4,0
72.02,1440.2,511.3,100.0,465.1,3.927,2709.0,0
66.9,1323.9,535.6,94.6,94.0,7.728,4340.5,1
53.21,1250.0,443.2,91.55,,4.724,3435.6,1
69.61,1903.3,474.7,88.84,123.4,2.604,4797.2,1
,1192.6,628.0,,448.0,2.281,2398.6,0
56.33,1348.2,528.3,100.0,240.8,5.371,3136.3,0
75.08,2081.8,363.5,99.09,85.3,3.566,2186.7,1
60.92,1521.4,438.9,72.96,277.2,,3639.9,1
60.68,1817.8,542.8,86.9,302.0,4.861,4299.1,0
70.63,2121.2,498.6,94.4,361.6,4.616,1519.0,0
64.3,1263.6,558.5,95.58,64.7,0.3,1939.6,0
58.04,1383.2,660.8,,379.2,1.813,2838.4,0
51.55,1895.8,867.0,92.12,324.7,1.319,3424.0,0
105.57,1371.4,448.5,91.65,432.8,2.45,4914.1,1
13.51,2150.9,290.3,94.03,486.5,5.158,4984.9,0
63.05,1308.4,472.6,78.52,312.0,1.561,2982.2,0
65.06,1810.9,522.1,81.28,342.3,0.11,413.6,0
54.0,2263.0,570.9,94.7,397.9,1.11,2485.1,0
61.81,2264.4,477.6,90.2,194.6,5.185,4365.4,1
62.06,851.5,389.3,97.52,155.0,4.908,3305.3,0
67.56,1922.2,529.5,100.0,177.8,6.015,1057.6,1
58.27,1786.2,560.4,96.76,206.3,4.621,1533.9,0
,1913.0,624.2,96.53,271.0,6.193,2746.5,0
52.94,1490.8,543.1,93.86,131.8,3.836,3245.3,0
82.06,1733.6,518.6,96.62,497.3,4.202,3853.1,0
87.36,1492.0,344.1,88.2,160.3,0.746,2770.1,0
55.53,2110.2,475.6,86.66,450.2,1.501,3127.3,0
85.24,1500.8,427.1,88.58,369.2,4.649,1877.9,0
65.32,2013.7,589.6,100.0,89.3,0.824,4455.2,0
67.09,750.1,375.6,92.48,114.0,0.309,880.4,0
69.44,1479.6,444.2,,254.6,3.801,4751.2,0
34.68,1449.5,801.7,86.36,254.8,3.235,1403.7,0
42.48,1221.4,650.2,,334.6,6.204,3359.4,0
58.92,1031.1,503.1,97.36,90.9,4.19,4504.7,0
69.21,1648.7,660.9,,479.8,5.551,3688.5,0
35.71,1301.5,302.5,91.63,113.8,2.371,2440.7,0
40.7,1776.7,688.4,97.98,454.7,3.289,1871.5,0
62.05,1004.7,597.7,100.0,315.1,2.417,3707.8,0
62.02,1475.0,526.4,91.63,53.5,1.355,421.2,0
60.46,1720.5,487.0,94.61,434.4,4.842,605.8,0
,1741.5,569.1,100.0,238.8,1.972,3844.4,0
69.44,1661.8,482.3,87.52,463.3,4.253,883.7,0
63.63,1724.2,442.8,100.0,112.8,0.525,3470.6,0
78.25,2040.9,464.2,88.57,463.9,4.772,2512.0,1
52.88,1148.2,449.5,89.95,485.7,4.269,4469.1,0
55.55,1687.9,596.4,95.93,57.5,0.242,3920.5,0
52.14,1988.6,421.4,90.75,134.2,3.938,564.5,0
52.0,1444.1,517.1,90.23,162.3,2.936,2985.7,0
43.56,1833.8,648.9,87.48,317.6,1.388,3864.5,0
63.56,2287.1,511.7,97.07,97.4,4.313,2538.6,1
69.34,2052.5,439.7,89.63,250.0,3.803,1054.8,0
79.72,1106.1,368.7,99.39,166.6,6.796,2820.1,0
53.28,1382.4,387.4,90.77,131.3,3.555,689.6,0
63.29,1920.5,354.2,100.0,431.2,3.197,4322.7,1
66.33,1526.3,698.3,91.34,449.1,2.045,3317.6,0
70.92,1781.3,598.2,88.83,273.8,5.006,2309.6,0
83.68,1288.6,593.2,77.4,150.6,2.339,299.9,0
70.94,904.5,548.8,90.54,332.8,4.85,57.2,0
84.79,2295.1,462.1,99.88,449.3,2.408,4556.3,0
48.66,2251.8,420.5,89.32,150.7,1.002,3483.8,0
81.53,1699.7,573.6,91.33,78.8,0.136,413.5,0
67.97,2230.5,597.4,81.13,144.7,3.527,644.1,0
59.59,1987.9,664.2,100.0,193.6,2.167,2204.6,0
78.54,1319.4,581.8,,248.2,5.297,1975.4,0
71.54,863.0,541.9,91.62,140.0,2.051,1755.3,0
58.01,1339.0,589.6,95.56,273.7,0.898,1966.2,0
41.57,1798.3,529.7,86.0,480.1,4.058,2999.2,0
56.05,1824.6,490.6,98.55,396.2,4.765,2462.3,0
68.91,1305.9,687.0,100.0,437.8,3.597,397.5,0
47.29,1703.0,547.9,85.17,152.2,0.124,2935.7,0
56.78,1534.0,383.9,90.83,,1.088,4034.1,0
41.36,887.9,322.8,92.36,261.4,3.148,321.0,0
64.72,919.6,523.1,97.51,217.8,0.56,3943.3,0
71.16,2102.1,597.5,96.9,450.7,6.614,612.2,0
77.78,1456.7,557.2,95.82,131.1,2.264,4441.1,1
56.36,1880.3,486.8,89.25,191.1,2.053,954.1,0
41.54,1941.3,371.0,89.84,218.0,0.676,1938.2,0
44.09,1267.5,331.4,87.23,443.1,4.514,4590.7,0
62.0,1527.4,437.5,89.37,232.6,4.081,4956.6,0
59.55,2110.8,493.5,96.51,424.4,2.403,3409.3,0
74.42,1684.1,601.9,100.0,399.1,0.273,3958.3,0
56.93,1705.5,617.7,95.08,148.2,2.591,4164.7,0
31.99,1420.2,662.0,100.0,464.8,3.497,2598.8,0
74.29,1807.5,425.6,92.47,,,4184.5,0
42.14,1710.2,334.8,97.43,339.7,6.306,2672.5,0
79.11,2043.2,454.7,99.67,67.1,3.643,4950.5,1
66.4,1686.7,692.2,91.9,106.8,0.911,2711.3,0
61.28,2458.0,245.3,90.59,261.3,5.984,260.2,0
53.96,2079.7,569.3,89.35,128.8,4.029,4392.0,1
65.81,1595.2,468.0,98.98,61.4,9.012,2185.2,1
51.73,1699.8,627.6,97.89,212.5,1.651,1886.2,0
74.69,1647.5,474.0,97.96,406.4,0.514,4670.9,0
74.66,1423.8,651.9,95.39,457.3,3.427,956.9,0
70.74,1841.4,372.2,100.0,380.4,7.145,903.6,0
52.78,1979.2,628.1,100.0,348.2,4.762,3673.0,0
62.4,1452.3,512.7,83.75,407.2,5.282,1461.0,0
63.93,1530.7,525.8,100.0,341.2,2.518,1283.2,0
65.26,1942.6,397.5,98.09,333.6,2.851,3480.4,0
54.74,1194.4,581.7,85.97,123.3,5.395,3638.0,1
68.65,1464.6,504.8,98.35,155.4,3.916,4137.6,0
64.54,2234.6,549.9,,463.8,,2802.7,0
39.99,1061.1,578.3,94.57,395.0,1.824,4460.9,0
68.74,1741.6,484.5,97.0,168.3,3.148,3238.2,0
62.7,1943.6,373.6,91.8,333.0,5.311,1871.4,0
80.11,1324.7,551.2,86.8,315.0,2.129,4487.8,0
65.15,2485.1,558.6,91.39,216.2,3.288,3837.7,0
64.99,1894.4,363.1,94.0,388.2,6.504,2954.7,0
65.2,2352.6,534.9,75.56,475.7,2.393,2864.9,0
48.42,2064.7,638.6,95.19,434.1,2.571,4353.3,0
63.48,1587.4,403.9,87.97,195.5,4.049,1576.4,0
68.51,1561.1,405.9,85.01,66.2,7.772,2985.9,1
73.62,1397.8,587.4,93.47,465.5,1.879,2460.7,0
50.28,1668.8,559.9,100.0,306.6,3.748,3618.1,0
32.15,2030.4,509.3,88.76,494.1,2.228,4702.5,0
92.99,1787.1,462.9,96.48,410.8,4.056,4012.4,0
60.03,884.5,546.7,84.81,210.4,3.465,3423.0,0
39.52,1559.6,630.0,100.0,89.0,4.795,2928.8,0
49.1,1090.8,372.3,100.0,387.4,5.348,3096.8,0
53.81,1295.8,494.2,100.0,168.0,,332.6,0
76.37,1461.4,484.3,90.66,463.2,0.955,964.2,0
101.98,1361.9,564.0,91.29,296.9,2.9,2896.9,0
80.89,1646.2,569.1,96.66,309.3,6.236,3462.8,0
,1790.1,295.8,92.51,51.2,5.163,1878.3,1
79.4,1642.7,535.1,85.59,297.5,2.835,577.1,0
57.64,1523.4,447.2,88.04,425.9,2.293,2908.1,0
35.44,1232.7,800.4,93.73,409.4,4.218,1835.6,0
69.05,1756.8,451.7,93.86,85.9,1.738,4005.2,1
51.8,1697.0,480.1,86.29,61.2,4.767,4940.7,1
45.92,1803.7,391.0,83.2,491.8,2.121,30.8,0
87.8,1211.5,530.6,92.75,295.9,,483.4,0
30.73,2531.8,440.9,98.15,363.9,5.07,3288.9,0
73.19,1267.4,493.2,97.31,122.8,1.77,4545.5,0
45.44,1424.5,451.2,98.96,188.7,6.001,2183.3,0
73.53,1777.4,462.2,100.0,102.8,0.516,1888.8,0
63.34,1319.2,311.6,88.1,355.3,3.423,868.3,0
52.52,2236.5,583.5,100.0,253.5,1.636,410.9,0
74.17,1645.4,556.4,100.0,130.5,1.67,2011.4,0
55.6,1287.4,554.6,92.93,136.3,6.05,3958.5,0
75.48,2335.0,597.7,94.18,126.6,4.396,2720.5,1
38.81,1605.4,618.3,87.52,415.3,5.994,3846.5,0
66.99,1167.0,288.7,83.38,156.7,0.229,852.4,0
66.69,1550.5,406.7,100.0,461.9,6.065,2099.7,0
,1905.9,548.6,94.72,490.2,0.286,2747.4,0
60.52,1688.7,647.2,92.63,380.5,1.105,4941.1,0
63.98,1470.1,563.7,85.62,89.6,0.709,2095.5,0
46.1,1938.4,626.7,77.46,,0.598,4349.5,1
72.78,1690.8,277.0,89.63,235.6,0.773,3319.2,0
78.22,1422.4,642.5,82.7,478.0,3.21,3553.5,0
60.59,1546.7,582.1,79.03,174.9,6.736,1949.5,1
80.61,1708.0,443.3,97.77,296.8,3.43,3810.3,0
51.82,1489.2,739.3,99.92,284.9,6.822,2302.7,0
93.25,1946.1,390.2,95.05,93.2,2.112,187.6,1
47.96,1269.6,480.6,94.87,468.6,2.444,4395.0,0
63.35,1889.4,654.9,85.09,353.0,0.014,4303.7,0
90.15,1808.1,564.5,70.93,375.3,3.689,2980.7,1
82.75,1649.8,475.7,86.28,179.9,1.947,197.0,0
95.87,1599.3,605.8,94.83,187.4,0.724,2688.7,0
50.33,1659.8,391.1,92.94,259.4,5.539,2936.2,0
36.54,1512.4,511.1,100.0,313.7,2.092,4660.7,0
58.5,1323.2,580.0,100.0,354.5,5.755,2124.7,0
58.67,1463.8,491.4,91.8,476.0,3.226,2198.4,0
45.96,1556.5,522.9,82.64,161.4,0.495,4293.8,0
38.59,1333.0,511.5,95.51,415.7,1.867,902.1,0
62.78,2490.6,606.3,,279.8,6.681,1865.4,0
60.09,1427.6,454.2,96.85,493.2,0.747,3240.9,0
40.71,1992.2,603.3,93.56,91.3,1.932,2558.3,0
53.78,1493.4,355.3,100.0,262.7,1.919,826.2,0
59.32,1627.1,301.9,96.61,285.2,3.002,4524.2,0
85.38,1522.7,356.2,93.34,388.2,2.678,144.9,0
83.19,1460.1,411.4,99.83,355.1,4.984,2509.9,0
61.14,1870.2,581.1,94.89,485.7,4.12,624.1,0
66.68,1244.6,685.8,86.45,369.0,3.273,41.5,0
51.97,1567.9,356.0,90.61,284.2,0.579,1301.5,0
60.31,1527.2,353.7,94.54,423.6,5.641,250.3,0
49.16,1420.3,389.0,97.85,140.7,2.449,1376.0,0
62.66,1519.8,646.5,87.55,361.3,1.226,1341.3,0
45.65,1683.8,492.4,94.91,362.7,3.504,3280.5,0
49.77,1839.3,871.6,77.92,458.2,5.571,4546.1,1
71.97,1128.8,679.3,100.0,442.3,4.632,2113.9,0
75.28,1792.3,253.2,96.76,388.2,5.595,307.0,0
63.09,1368.8,521.9,100.0,483.8,0.586,2954.7,0
65.52,1822.0,642.7,85.5,437.2,2.519,3674.6,0
57.67,1650.2,447.0,84.8,423.0,3.82,636.4,0
70.85,1423.4,504.6,87.13,99.5,3.188,4607.1,1
65.35,1157.6,521.3,95.08,203.6,1.389,2867.8,0
34.45,1402.2,438.5,90.19,287.1,0.459,1205.2,0
33.58,2112.6,520.4,88.37,430.2,6.755,252.9,0
72.74,777.6,721.8,93.5,386.6,1.225,4420.5,0
49.93,1811.7,397.3,93.72,457.3,0.452,3860.9,0
63.92,1765.5,483.2,92.8,368.0,1.057,2290.6,0
50.94,2232.0,419.5,94.55,277.1,0.601,3345.2,0
-9.284159792392035,1652.6,394.6,100.0,495.8,2.243,2300.4,0
68.61,2657.3,451.2,100.0,449.0,5.611,95.7,0
61.41,2138.1,692.6,90.0,197.8,1.527,3794.3,0
63.68,2169.4,273.8,87.68,89.3,1.37,4699.8,1
61.92,1515.7,808.1,97.26,310.8,6.459,4323.9,0
46.72,2012.9,637.2,100.0,85.4,6.018,3506.6,1
70.69,1902.8,794.9,99.37,77.2,1.18,2542.7,0
49.53,2002.5,558.1,100.0,318.0,1.193,2020.3,0
73.63,1539.6,477.7,93.8,106.3,3.661,3277.8,0
46.77,1710.7,598.3,94.8,188.6,4.168,2744.8,0
74.42,1788.5,553.9,95.7,98.7,3.266,1947.6,0
56.91,1707.4,332.3,97.27,347.7,4.975,3588.4,0
61.21,1789.3,586.1,93.87,412.3,6.497,485.4,0
57.11,1913.3,490.6,98.21,427.8,1.843,1102.5,0
51.6,1793.1,654.0,100.0,309.9,3.633,905.3,0
71.27,1990.6,436.8,98.46,250.5,3.69,1796.7,0
62.52,803.1,561.3,90.06,59.1,2.02,3517.3,1
60.24,1416.4,540.7,100.0,332.2,4.976,3091.7,0
43.11,1580.8,548.6,95.75,444.2,1.941,3880.6,0
91.42,1691.9,616.6,94.01,205.5,5.152,1831.8,1
78.26,1673.6,612.7,95.95,116.5,3.472,1186.0,1
54.67,1926.1,490.5,95.41,306.0,0.383,248.3,0
81.31,1309.0,443.0,99.53,454.7,1.605,3404.7,0
51.79,1798.7,352.4,100.0,380.1,,345.6,0
39.03,1776.9,421.0,93.84,350.9,3.111,3471.4,0
56.35,1949.2,505.5,97.14,91.0,3.793,3183.1,0
50.01,1442.6,418.2,80.45,56.2,0.523,1217.8,0
90.47,1469.9,374.2,97.05,295.8,4.795,4677.3,0
28.99,1390.0,653.5,87.17,283.0,0.354,4596.8,0
78.98,1946.0,441.6,89.87,265.9,2.409,1791.8,0
66.56,1418.6,607.4,87.71,131.2,0.033,1458.2,0
62.86,1570.3,521.1,93.2,274.6,4.57,294.7,0
67.85,1859.1,591.0,90.69,273.5,2.032,1408.4,0
35.81,1811.5,482.7,81.68,70.7,1.199,3999.1,1
65.31,1307.2,489.7,84.64,394.8,1.682,4405.3,0
89.31,1418.5,492.3,100.0,245.5,1.954,1269.4,0
103.86,1485.5,570.7,70.75,92.7,2.173,3590.6,1
47.14,1487.3,467.4,96.97,200.9,5.608,4173.5,0
41.23,2053.2,281.9,99.45,474.9,4.898,753.5,0
37.62,1461.7,518.7,96.66,124.5,3.452,456.6,0
56.62,1837.3,535.6,91.46,436.8,2.331,1143.5,0
67.09,1300.6,394.1,83.38,,1.432,309.4,0
82.41,1574.7,525.8,100.0,195.8,1.278,2527.2,0
52.54,1730.6,445.8,83.96,216.5,0.649,1462.4,0
44.6,1867.2,615.0,100.0,278.2,1.521,3732.5,0
56.52,1559.2,434.3,91.21,390.9,5.482,2268.7,0
74.83,1037.0,402.3,92.74,422.0,5.687,2934.3,0
64.23,790.0,285.0,90.37,120.8,5.63,2703.7,0
35.17,1269.4,726.8,86.28,401.3,4.215,3699.0,0
62.43,1655.0,667.5,79.44,402.9,0.093,805.4,0
74.09,1761.8,507.1,92.44,233.3,4.822,2198.1,0
74.34,1465.4,640.5,82.75,212.7,4.237,4212.9,1
54.46,1801.5,363.5,100.0,53.8,4.922,1650.1,1
55.05,2380.6,612.1,95.57,210.5,6.943,3886.0,1
95.78,814.9,559.5,89.82,298.8,,2376.3,0
55.83,1604.5,579.1,100.0,212.7,6.703,4841.8,0
,1670.2,446.2,86.69,464.1,0.913,4882.2,0
80.71,1301.0,574.5,100.0,165.6,6.136,1452.2,0
44.82,1959.0,501.8,91.57,110.6,,4367.9,1
53.25,2010.9,521.8,95.8,85.6,2.06,1692.1,0
62.12,1800.9,275.7,95.32,286.3,2.038,552.8,0
52.1,1214.4,562.0,100.0,75.0,3.276,2363.0,0
60.05,1923.2,615.4,91.33,470.1,1.18,3310.7,0
39.92,1830.1,486.7,95.14,493.1,3.911,2734.5,0
41.14,1898.6,447.7,85.18,289.4,7.979,3562.1,1
82.23,1778.3,418.7,82.61,495.7,0.138,4592.2,0
71.01,1456.8,647.4,96.91,196.0,,1205.9,0
83.3,1476.8,657.3,90.85,166.9,1.815,4736.1,0
,2026.8,774.1,,152.6,3.882,3835.1,1
69.26,2243.1,411.5,87.79,157.1,3.456,2043.2,1
51.49,1501.2,458.4,96.79,487.0,2.994,3683.9,0
50.21,2025.6,569.2,,84.7,3.283,1659.6,0
62.59,1603.6,355.1,86.26,262.4,5.483,1459.9,0
29.82,1681.4,486.5,94.18,331.9,3.164,1294.8,0
50.97,1830.3,294.1,99.02,333.1,0.489,3294.8,0
32.76,2186.8,499.8,97.25,246.4,4.73,192.9,0
99.3,1674.7,703.0,87.98,444.8,2.83,4729.3,0
70.18,1917.8,615.9,93.66,403.3,3.156,3655.8,0
42.98,2437.4,599.1,100.0,375.2,1.241,3398.5,0
23.83,1765.7,748.9,92.83,130.9,7.027,2552.1,0
90.88,2385.1,489.2,92.75,403.3,1.351,3870.6,0
46.62,1307.4,548.2,81.53,322.8,0.916,784.1,0
58.59,1627.1,423.3,97.39,215.7,0.767,4549.5,0
47.34,1711.0,493.8,84.23,242.0,1.583,2816.5,0
91.12,1677.0,514.8,98.83,274.0,5.948,1107.2,0
61.44,1738.8,607.3,95.29,172.8,0.765,137.0,0
-36.71584789773408,1866.8,415.9,86.88,435.2,2.599,3383.8,0
67.19,1873.5,542.6,89.02,350.6,1.056,1962.2,0
65.4,1867.4,684.3,94.9,,3.287,1615.7,0
44.86,1529.5,629.9,97.51,367.2,3.853,3314.9,0
79.51,1363.8,543.8,89.39,386.2,1.941,738.5,0
25.49,1683.5,354.2,92.23,494.5,1.319,4023.9,0
35.49,1367.7,468.3,92.86,464.5,4.226,845.8,0
83.46,1563.4,633.5,97.06,191.1,,2972.1,0
60.32,1354.4,314.5,92.42,316.2,2.841,4593.7,0
68.68,2020.8,619.8,100.0,128.8,0.714,1014.2,0
79.49,751.5,488.2,89.66,398.5,5.346,2239.1,0
65.56,1416.9,491.5,100.0,108.8,1.166,4431.1,0
32.42,1495.6,313.7,92.4,309.7,2.698,3139.0,0
62.09,1202.1,359.1,87.52,301.6,0.062,513.2,0
72.19,1469.6,432.8,91.15,160.4,1.741,1179.8,0
79.73,1835.6,608.7,94.35,64.6,1.494,1801.7,1
84.25,1483.9,475.5,100.0,173.5,3.659,2873.1,0
69.28,1630.3,314.4,79.99,187.0,7.319,439.3,1
77.5,1458.6,443.1,97.23,365.6,5.104,4495.0,0
35.09,1510.9,736.9,100.0,124.4,7.11,3324.2,1
96.39,1736.2,466.8,83.86,81.8,0.067,4591.9,1
50.57,2402.5,671.8,92.86,453.6,2.305,702.8,0
55.18,1946.9,631.1,89.1,128.6,2.37,3221.8,0
43.07,1075.4,667.4,89.89,399.3,2.383,2986.2,0
48.84,1537.9,420.3,100.0,269.3,5.963,296.3,0
69.65,1276.2,347.7,90.69,191.0,2.754,2683.1,0
39.74,1915.6,619.5,79.82,423.4,4.234,2797.6,0
45.89,1356.3,572.4,93.19,268.6,0.806,3272.9,0
,1162.1,319.4,89.01,463.8,2.239,1368.7,0
73.93,1729.3,541.1,85.2,120.6,0.696,4215.1,1
69.04,1248.5,580.4,100.0,153.8,2.98,4189.1,0
87.14,1716.6,469.6,100.0,113.3,4.862,2668.4,1
98.69,1588.9,334.5,90.81,482.1,,1100.6,0
40.84,1631.4,381.2,85.79,174.5,7.96,2545.1,0
34.84,1141.6,666.2,94.24,105.7,5.923,3740.5,0
,1756.9,510.5,90.83,453.7,1.385,3342.8,0
74.82,1885.2,407.3,96.69,177.4,2.445,1139.6,1
72.84,1495.2,669.8,84.99,426.1,5.355,740.5,0
50.33,1071.8,531.0,,417.8,3.335,3985.4,0
53.4,1598.9,376.6,100.0,210.6,3.615,1661.3,0
36.67,1945.2,352.6,97.05,227.1,2.614,897.7,0
65.36,1424.1,434.9,96.93,121.9,2.09,1003.5,0
77.81,1902.0,567.9,95.1,217.2,3.389,4141.8,0
38.93,2035.2,340.9,92.89,103.3,0.102,2842.6,0
71.94,1523.0,666.5,100.0,176.9,5.14,4761.5,0
45.88,1382.3,355.5,92.28,374.8,6.834,4997.1,0
37.78,1336.9,517.6,91.23,330.5,5.727,4711.6,0
50.2,1571.3,517.7,81.01,458.7,5.336,1848.3,0
51.77,982.6,555.9,85.64,58.7,0.15,2944.1,0
80.89,1607.5,838.6,91.37,340.6,4.624,1090.9,0
91.63,2003.2,496.8,84.63,375.2,1.274,4149.5,0
71.07,1446.5,577.5,95.01,323.5,4.983,1369.0,0
62.77,1248.6,437.2,100.0,344.1,1.9,2467.2,1
,10079.88491233789,697.1,83.89,394.5,1.067,2314.4,0
45.61,1364.2,507.9,97.7,405.9,3.085,4953.6,0
58.8,1088.4,451.5,88.69,340.7,2.169,1501.5,0
95.49,1578.6,549.7,88.79,340.6,3.493,3072.3,0
25.43,1688.7,435.9,94.88,,0.652,2958.0,0
72.4,1609.6,544.2,100.0,406.7,5.41,4428.0,0
69.24,1379.4,494.6,100.0,273.5,5.431,835.4,0
30.82,1600.0,476.2,77.02,233.2,2.586,476.5,0
71.5,1990.5,741.9,89.81,173.1,2.999,4256.7,1
48.08,1039.2,721.4,88.63,474.5,4.341,1029.3,0
51.16,1307.8,505.8,87.15,220.2,0.223,607.1,0
76.62,1722.7,569.0,100.0,355.6,3.588,7.8,1
69.99,1399.6,562.2,86.44,253.9,2.536,2361.0,0
,2060.3,632.5,98.61,211.8,5.923,757.4,1
86.58,1679.7,369.9,99.98,158.9,5.578,3314.9,1
47.91,1389.0,474.2,100.0,210.3,5.8,72.4,0
,1567.8,480.8,100.0,105.5,6.19,607.1,1
82.24,2211.6,529.2,92.99,161.2,4.371,3224.2,1
52.64,1510.1,448.5,82.94,254.0,6.06,2629.9,0
47.26,1788.9,301.4,,,5.184,4723.1,0
47.72,1661.7,649.4,89.64,,2.725,2312.6,0
54.8,1995.7,581.5,91.83,123.9,5.825,4463.1,1
67.34,2467.1,480.5,96.92,247.9,5.822,3089.8,0
84.24,2042.6,454.2,95.36,466.0,2.249,1472.0,0
59.87,1739.7,576.8,81.07,335.0,5.326,4361.0,1
91.18,1347.5,621.4,94.39,111.3,1.929,980.1,0
69.82,1213.0,656.1,100.0,157.6,2.327,707.7,0
71.12,1315.6,596.4,83.77,457.0,3.038,2158.5,0
58.21,1868.9,439.0,89.45,269.3,5.622,2024.6,0
49.85,1224.7,500.7,94.85,78.3,3.747,1878.7,0
44.04,1342.1,495.9,100.0,307.7,2.292,4316.9,0
73.07,1474.5,504.9,85.48,492.7,4.769,2080.7,0
92.22,1846.8,397.3,90.39,100.5,3.077,4641.7,1
71.75,1469.3,401.9,94.93,,2.248,547.0,0
,746.9,491.2,89.44,438.5,0.449,2548.6,0
70.95,1791.7,453.2,89.48,,,428.2,0
86.59,923.2,617.7,92.43,214.5,4.158,4470.1,0
94.12,1005.5,577.0,,217.5,5.478,1668.7,0
72.7,1887.1,582.0,95.81,103.5,1.593,2025.6,0
49.75,2033.6,415.1,90.69,488.4,2.33,4648.5,0
47.38,2375.7,704.8,88.35,313.2,3.413,3859.1,0
40.77,928.3,368.0,86.99,97.4,2.708,2365.5,0
56.09,1970.2,652.5,99.32,375.0,3.188,2606.7,0
28.42,1437.3,562.5,77.07,377.5,2.733,2956.0,0
26.12,989.9,514.2,95.24,244.4,0.274,2243.1,0
50.53,1581.2,391.6,90.6,221.9,5.467,401.1,0
55.37,1606.3,509.7,90.43,68.3,1.987,1692.8,0
70.6,1935.3,515.4,100.0,136.5,5.002,773.6,0
45.94,1182.0,283.7,94.59,228.7,1.246,1384.2,0
70.81,1561.0,550.8,98.71,360.8,4.465,2533.8,0
58.49,589.0,441.7,95.45,,1.381,992.0,0
75.41,1318.7,343.0,95.71,304.9,4.331,1010.3,0
35.9,1829.2,622.2,88.31,321.6,,3881.8,0
74.38,1244.7,531.3,100.0,154.1,0.145,4992.3,0
43.67,1940.0,780.9,100.0,184.4,0.034,4344.0,0
46.72,1488.5,558.2,91.73,356.2,3.046,2890.5,0
,1650.5,641.5,92.45,232.8,4.031,4785.9,1
60.35,1982.5,463.4,92.79,171.7,3.463,2957.7,0
57.15,2265.6,489.0,89.8,350.4,3.045,1750.0,0
41.58,1662.4,403.2,89.45,121.7,0.888,2773.9,0
55.75,1464.8,471.2,95.6,335.5,2.015,3448.2,0
,1333.8,515.6,85.72,175.3,3.307,550.1,0
89.36,1932.1,440.2,76.3,397.8,2.249,261.5,0
70.34,1608.1,599.3,88.89,392.0,2.749,4265.7,0
42.18,1927.9,369.1,94.81,370.6,1.473,1977.8,0
47.33,2174.8,693.9,100.0,71.1,3.663,1073.9,1
44.43,1140.6,646.3,92.14,208.9,2.585,830.6,0
75.23,1486.2,459.2,,179.6,3.697,1852.2,0
86.95,2198.3,304.6,99.94,335.4,4.13,1757.4,1
,1987.2,527.5,96.51,118.5,0.959,524.6,0
64.6,1753.1,569.1,83.47,334.2,0.771,3760.5,0
46.89,1407.1,364.4,100.0,456.8,0.567,828.0,0
61.68,1850.2,533.0,92.16,144.1,1.22,1150.7,0
57.39,1908.2,603.8,100.0,282.8,2.986,3226.1,0
68.68,1464.8,536.3,96.73,115.4,3.813,178.5,0
43.87,1738.4,530.8,88.94,496.0,2.525,1104.5,0
73.21,2057.5,656.3,90.69,144.8,3.28,352.6,0
42.5,2592.7,399.9,95.46,304.0,1.648,2507.7,0
73.16,1662.2,604.9,,155.2,2.635,611.1,0
,1821.0,376.1,87.73,251.8,4.264,4731.1,0
66.13,1068.1,442.9,100.0,90.8,5.123,1345.4,1
27.34,939.8,564.8,93.03,188.9,,4346.3,0
59.35,1384.3,712.5,99.27,323.7,4.887,6.5,0
72.87,1726.1,668.1,96.91,194.1,6.315,4040.3,1
47.0,1756.7,491.5,90.92,148.3,4.569,1470.7,0
26.92,2099.0,614.0,84.45,209.0,2.342,3323.1,0
32.17,1811.3,432.8,,126.2,1.842,3802.7,0
56.97,653.1,451.4,98.58,189.1,1.553,3356.1,0
54.69,1781.6,504.2,89.2,150.4,3.429,3543.2,0
74.34,2227.3,670.6,94.05,328.4,5.284,4661.1,0
,1472.2,486.3,86.61,482.3,4.997,163.5,0
65.97,1899.8,476.4,98.66,345.6,5.345,2704.5,0
70.95,1654.0,421.1,79.11,408.0,2.708,2944.0,0
51.78,1018.7,475.0,98.97,266.4,2.511,4907.9,0
64.73,1232.7,504.6,95.32,251.1,5.886,3206.8,0
81.71,1314.8,403.6,88.74,110.2,1.853,1707.7,1
47.15,1531.2,631.4,87.07,459.6,3.935,3851.9,0
65.16,1398.3,842.0,98.84,189.8,3.888,2212.2,0
58.34,1236.5,714.9,96.86,245.2,3.828,2466.5,0
62.34,1903.0,449.5,,161.7,1.832,637.9,0
51.63,1297.3,571.2,90.34,444.2,7.011,501.0,0
72.16,785.1,630.2,100.0,359.0,6.092,3918.2,0
80.92,1366.4,692.4,100.0,373.8,4.156,4017.3,0
66.9,1938.5,649.0,80.97,360.5,3.933,1678.7,0
60.19,895.7,419.5,89.06,424.5,4.35,4427.4,0
32.38,1550.7,499.9,92.8,453.0,0.873,1479.6,0
75.9,1038.9,706.8,88.37,462.3,3.229,3426.6,0
37.59,769.0,440.9,83.49,,6.737,3634.1,1
60.61,1903.9,562.7,88.33,280.2,2.462,1214.8,0
32.38,1812.6,499.1,100.0,492.4,3.571,843.9,0
48.89,1522.6,531.1,89.95,444.3,2.206,3832.9,0
95.56,1629.0,612.4,91.89,227.7,3.473,2132.6,0
49.37,2391.0,463.2,75.65,179.2,2.312,3166.5,0
45.86,821.5,397.4,99.89,417.3,2.363,1729.2,0
82.1,855.7,291.9,94.35,420.9,4.047,3875.7,0
30.21,1116.4,534.5,95.77,215.9,3.731,3706.7,0
48.23,1245.5,469.2,85.47,437.2,0.849,1179.9,0
87.65,1395.8,551.5,93.42,82.3,2.928,1883.1,1
53.44,1650.0,552.0,92.16,175.9,5.059,4586.5,0
69.04,1696.3,466.8,96.04,251.1,1.457,3597.0,0
68.75,1745.4,516.4,98.11,412.3,1.587,3396.1,0
101.66,2050.9,656.0,94.46,319.6,0.655,2720.7,0
60.46,1873.7,684.1,93.09,403.1,4.25,4139.0,0
74.65,1343.9,675.3,92.96,434.9,6.733,1711.9,0
60.37,1876.7,508.1,93.29,266.2,2.74,496.2,0
,1567.3,541.3,94.48,243.6,2.366,3089.0,0
73.72,1162.0,332.7,92.86,61.8,1.565,4325.0,1
66.35,1507.2,458.6,98.29,285.8,4.656,4981.3,0
61.01,1683.8,442.4,93.25,410.0,1.388,852.2,0
,1329.0,605.3,100.0,336.1,0.707,543.2,0
70.32,1726.4,719.3,,257.7,3.872,2027.4,0
52.96,1331.9,521.3,84.62,138.2,1.112,2468.7,0
71.55,1694.2,774.4,92.54,371.0,0.61,549.1,0
37.96,1485.0,470.4,97.97,383.8,3.671,790.5,0
,1518.9,487.1,89.97,228.4,5.534,1034.4,0
49.88,1493.4,416.0,100.0,211.3,3.304,2292.8,0
69.98,1283.5,682.4,85.64,195.4,,4833.3,1
35.55,1221.1,457.6,100.0,339.7,1.962,4116.2,0
88.77,1011.2,494.4,91.87,345.7,,3874.5,0
66.41,1286.8,598.7,86.22,372.5,2.034,2664.8,0
60.93,1069.6,656.2,86.28,112.0,5.805,4621.4,1
86.62,1875.7,638.8,94.13,125.5,1.154,3978.5,1
60.14,1585.5,740.0,84.52,62.0,2.482,3388.5,1
47.47,1695.3,430.5,96.56,266.5,1.583,4621.3,0
76.56,1094.1,558.6,86.85,158.6,4.052,2832.4,0
42.65,2061.0,598.0,,294.9,2.193,47.0,0
76.86,1399.7,585.7,100.0,379.4,7.082,1749.2,0
57.31,1290.9,575.6,91.11,52.1,2.133,1472.3,0
79.49,1750.2,549.8,83.21,381.4,4.541,2870.1,0
51.77,1333.0,617.6,100.0,318.5,3.133,1476.9,0
99.48,1245.9,612.2,94.29,343.6,10.445,4212.6,0
69.11,1251.5,257.9,85.6,233.2,1.576,937.2,0
40.54,2116.3,643.1,89.16,312.6,6.362,4642.7,0
47.78,940.9,556.7,96.62,331.2,2.665,1.5,0
30.85,1961.2,409.7,100.0,,4.115,944.9,0
57.34,2067.3,545.7,93.58,389.7,4.249,3045.5,0
68.88,1258.1,591.2,100.0,331.9,2.861,273.7,0
70.94,1267.3,495.3,91.65,450.3,5.54,2777.9,0
76.81,1264.5,712.5,100.0,246.5,0.857,3630.6,0
37.04,1695.9,604.2,84.48,208.1,4.577,616.2,0
82.03,845.3,323.7,100.0,395.8,4.242,4966.2,0
46.2,1842.8,505.9,93.78,96.8,2.1,4482.4,0
-34.870495011641864,1546.0,431.5,85.31,490.8,4.785,4506.8,0
70.02,1168.7,422.8,88.62,179.0,0.537,1632.1,0
62.98,2395.9,524.6,95.33,65.6,4.613,1798.6,1
82.74,1525.1,451.0,90.55,376.0,7.151,3100.7,0
66.42,1808.9,593.1,93.17,421.1,0.433,1894.7,0
88.69,1814.2,570.4,84.64,464.1,4.377,3197.3,0
65.86,1579.5,429.7,89.38,499.0,3.109,4645.3,0
76.89,2233.5,397.7,96.14,311.0,5.683,2461.4,1
87.28,1448.1,368.4,91.83,494.5,3.436,1535.7,0
38.55,1822.9,586.5,95.86,190.0,2.001,1619.9,0
45.61,1091.5,556.0,93.3,317.9,5.147,1998.0,0
69.0,1708.9,591.6,95.26,422.2,3.779,4895.0,0
64.45,923.9,281.6,100.0,406.3,3.781,52.1,0
60.61,1586.6,524.6,81.88,113.2,4.112,1498.0,0
73.66,2118.3,487.9,83.44,352.7,2.363,2597.4,0
36.88,1681.2,546.0,84.81,112.4,2.475,750.9,0
60.76,1891.2,533.9,,465.3,1.778,1273.6,0
53.92,1911.7,656.6,100.0,464.5,1.261,3318.3,0
53.79,1803.7,515.9,96.8,161.8,2.863,4393.1,0
-7.52890445096741,1350.3,437.5,99.66,128.6,6.354,3174.1,1
66.73,1620.4,415.3,96.09,434.8,0.323,1464.1,0
92.75,1356.4,487.9,90.61,486.4,1.389,3748.9,0
73.54,1561.9,584.4,100.0,230.6,0.454,4660.1,0
64.96,1667.7,584.7,94.65,267.6,0.192,991.4,0
80.51,1746.4,556.2,100.0,90.8,3.989,460.9,1
50.86,1999.3,526.6,94.75,238.3,1.426,3510.9,0
59.96,1349.5,558.4,90.11,454.6,2.306,2064.5,0
45.77,2203.4,522.9,89.39,191.6,5.586,4480.5,1
44.49,1984.7,669.2,84.45,375.1,2.873,1115.7,0
39.4,1333.6,333.2,85.98,384.6,0.418,1708.6,0
63.2,1467.4,650.4,91.11,117.4,1.568,3539.6,0
74.17,1188.9,456.7,89.15,54.0,2.688,381.5,1
34.72,2096.8,568.3,100.0,82.1,5.606,3356.5,0
88.46,1193.9,490.4,91.87,404.1,4.343,1762.3,0
89.51,1439.1,704.5,91.84,207.0,,3455.4,0
51.19,1402.7,315.8,97.13,96.6,3.089,4031.4,0
34.64,1456.6,528.5,99.46,497.3,1.671,2130.4,0
79.35,1141.4,370.2,84.77,289.5,4.622,946.8,0
60.66,1813.4,607.8,100.0,255.4,0.503,3467.2,0
64.08,1299.6,514.5,95.2,453.9,3.794,1243.0,0
52.49,1635.8,790.2,87.86,316.0,0.971,2651.6,0
60.1,1377.7,634.7,91.81,125.3,4.802,3372.1,1
83.71,2385.6,521.3,96.8,61.8,4.683,4155.0,1
84.98,1776.1,553.7,92.08,410.3,3.582,645.8,0
76.74,1512.5,614.8,88.65,210.4,3.925,4069.4,1
77.61,1892.3,549.5,91.54,230.1,4.597,3950.3,0
94.12,1754.8,543.6,95.15,190.1,1.627,3860.9,0
78.68,1809.9,635.3,93.86,468.2,1.125,986.4,0
40.61,1124.3,516.5,95.29,385.9,4.653,3551.2,0
50.29,1755.2,532.6,98.3,432.4,1.267,181.8,0
54.59,1652.5,572.4,99.45,136.9,3.708,468.9,0
58.33,1559.7,696.1,88.75,211.5,2.514,2349.4,0
52.1,1773.7,489.3,97.89,,5.166,4355.3,0
66.86,1497.5,399.9,98.39,414.8,2.778,2507.6,0
64.78,1371.4,460.0,100.0,447.1,0.583,713.7,0
64.7,1641.9,638.2,90.02,318.3,6.333,4338.7,0
76.11,1740.5,314.5,100.0,456.7,2.91,4149.3,0
,1458.1,670.3,98.38,439.0,3.147,1041.6,0
57.02,1563.5,563.9,95.03,438.7,4.474,3922.3,0
,1588.0,484.5,94.14,360.5,5.059,1991.6,0
59.33,2327.3,669.2,94.15,305.7,0.516,4257.0,0
53.74,1550.1,421.4,97.46,282.5,2.033,1892.9,0
77.24,1220.8,609.8,89.57,296.4,2.416,608.8,0
71.62,1291.7,671.8,81.19,293.4,1.188,2297.1,0
87.9,2305.8,416.7,92.15,439.0,4.988,4791.7,1
55.88,1669.6,379.2,89.95,495.6,5.199,695.5,0
60.77,1380.9,585.7,100.0,139.4,1.683,2542.5,0
59.64,2050.6,466.1,98.14,225.6,6.888,2489.2,0
70.78,2185.4,501.9,94.01,467.6,2.549,855.9,1
56.13,1459.3,622.9,90.55,,3.648,61.6,0
91.4,1651.3,246.1,89.12,447.8,3.956,1986.1,0
47.17,1917.6,543.3,100.0,201.2,3.946,1943.5,0
76.69,1841.9,350.4,95.06,90.6,2.866,912.2,1
54.75,2013.3,608.5,94.48,408.1,1.861,4943.2,0
64.65,1939.6,484.0,86.5,227.4,6.452,673.8,0
46.37,1715.5,546.9,98.14,196.1,4.738,824.5,0
41.58,1508.2,569.8,92.1,58.9,7.566,1943.5,1
49.92,1626.9,321.0,97.96,130.9,5.328,2900.0,0
36.81,2295.9,480.7,85.97,180.4,5.022,1479.0,0
41.7,1574.9,482.0,80.04,99.9,7.549,4920.5,1
71.71,858.7,622.4,95.79,123.9,4.206,1765.2,0
56.07,1612.1,538.1,92.82,356.4,5.969,3089.2,0
85.42,2309.7,706.0,100.0,309.5,3.218,286.5,0
70.87,1525.3,603.0,89.71,379.2,7.068,3590.2,0
82.06,1415.4,542.2,88.77,321.0,3.097,2339.2,0
69.61,1370.8,382.3,92.73,207.1,1.636,2058.3,0
76.39,1553.7,488.5,95.06,468.6,0.318,3356.5,0
30.4,1533.8,500.6,93.57,333.0,1.158,4941.5,0
56.61,1270.5,543.4,95.8,276.6,1.328,2661.3,0
89.35,1728.1,539.4,89.31,231.8,3.537,3627.2,0
68.14,1606.4,651.3,87.52,459.7,3.571,2603.9,0
,1600.8,417.6,96.2,112.7,6.049,2939.9,0
58.09,2223.8,521.5,83.4,101.4,1.135,3159.4,0
78.58,1520.7,356.3,100.0,454.1,0.394,665.7,0
70.04,2118.1,485.4,90.86,491.5,5.547,3862.7,0
54.89,1777.2,536.4,86.19,336.7,3.558,4672.2,0
63.23,863.3,719.0,93.98,169.7,0.858,46.0,1
81.28,1419.0,484.5,96.21,323.6,5.246,1906.9,0
57.05,2252.3,592.9,88.36,413.3,0.642,3567.4,0
73.52,1742.2,418.6,95.68,197.2,2.786,715.0,0
41.07,1188.6,512.1,83.54,425.0,2.182,1210.8,0
54.91,1700.6,519.0,90.37,339.9,3.175,4391.2,0
84.38,1533.6,595.8,82.76,,3.719,3363.1,0
-20.055278008002812,1634.5,571.6,80.09,499.4,1.824,303.2,0
48.63,1521.1,459.1,99.27,277.0,3.282,2598.9,0
62.16,1583.9,587.0,95.25,113.0,3.07,4346.8,0
66.07,1725.7,419.0,93.38,481.7,4.188,307.5,0
72.03,1816.0,747.8,83.85,187.0,5.734,2199.6,1
52.89,1122.0,342.6,91.14,151.0,4.258,3645.8,0
30.3,1331.2,566.6,82.93,378.4,3.264,3212.6,0
63.75,1523.7,744.9,87.5,133.2,2.85,599.4,1
76.91,1822.5,562.0,99.93,,2.059,3561.8,0
80.17,1415.2,670.2,95.51,313.3,0.752,4786.3,0
70.44,2417.2,466.4,94.34,466.5,1.832,1714.5,0
69.63,1653.1,459.2,88.9,296.1,3.489,282.2,0
99.18,1057.1,432.0,100.0,468.0,1.714,4400.1,0
60.11,1895.5,557.3,89.34,239.9,2.847,2709.2,0
60.53,1181.3,505.6,86.5,174.0,1.365,3960.0,0
53.9,1566.8,648.5,89.76,369.5,4.784,4189.8,1
80.05,1760.8,591.4,99.4,280.5,3.05,1372.5,0
61.32,1402.7,703.9,100.0,79.8,3.45,2096.1,1
66.88,1552.4,552.1,95.37,277.1,2.523,3889.0,0
91.54,2118.3,569.3,97.05,323.8,0.545,3211.0,0
31.44,1750.7,580.2,84.97,89.4,2.418,971.1,0
70.36,1517.8,723.1,100.0,464.7,0.795,3437.2,0
60.1,1627.9,403.0,94.93,449.3,1.078,604.4,0
41.5,1684.3,359.5,100.0,376.7,5.053,2420.5,0
75.47,1772.9,491.7,93.6,396.2,3.603,3930.5,0
54.68,2057.9,295.7,89.1,338.5,0.074,4034.0,0
73.21,1568.4,408.1,92.36,78.7,2.96,3461.3,1
34.24,1448.1,577.7,87.58,100.6,5.858,1265.0,0
72.24,2135.7,697.1,85.37,95.9,2.727,3637.7,1
95.8,1972.2,767.6,94.66,153.3,3.347,377.1,0
58.8,1801.3,308.3,99.96,103.1,1.68,609.5,0
46.44,1963.5,383.1,87.78,128.1,0.817,3220.4,0
59.24,1906.4,654.3,100.0,159.8,6.899,1058.0,0
86.65,1805.6,425.5,84.05,258.6,4.242,911.9,0
49.44,1858.3,673.3,90.0,314.5,2.32,1128.7,0
68.92,696.9,705.9,94.74,179.3,6.171,1126.7,0
72.31,1492.9,329.6,100.0,84.1,4.878,1010.3,1
64.55,1525.7,656.7,87.75,459.7,4.8,2284.6,0
75.75,1471.3,443.0,97.82,355.9,2.077,2689.7,0
72.1,1278.9,606.8,84.34,404.5,4.813,3201.1,0
83.78,1611.9,681.5,82.89,374.4,5.78,693.7,0
65.54,1590.4,337.8,82.03,452.3,2.852,3178.2,0
77.16,1693.4,677.1,86.5,196.4,2.181,3876.2,0
73.12,1700.0,572.7,92.68,350.8,2.062,4398.3,0
44.88,1043.3,471.3,87.18,56.4,1.401,3276.7,0
78.84,1938.4,496.9,100.0,410.9,1.165,1183.3,0
54.17,1887.8,454.0,96.85,112.4,1.193,2574.4,0
25.9,1911.4,540.8,82.45,246.4,5.678,4206.6,1
51.01,1677.2,434.9,,387.2,0.705,2996.7,0
67.21,1436.1,430.7,79.79,172.9,1.216,3261.8,0
,1913.2,386.9,93.34,415.5,0.611,174.7,0
48.52,1351.0,490.0,100.0,109.4,2.565,3932.3,0
48.8,1896.9,619.4,100.0,179.4,,466.5,0
,1674.9,468.9,93.1,103.5,1.997,1616.0,0
26.81,1370.8,675.1,99.59,313.2,3.783,3630.2,0
47.72,1259.5,636.1,92.55,113.8,2.123,236.8,0
59.54,2086.5,479.5,76.39,340.1,0.469,696.5,0
12.12,1642.8,700.7,88.77,374.7,5.721,3474.1,0
67.63,1250.9,371.7,95.14,286.5,3.415,3419.5,0
53.21,1590.4,587.9,92.08,112.9,4.904,3156.4,0
50.2,1517.0,456.8,95.45,267.7,3.517,4899.0,0
98.38,1986.8,439.5,92.47,83.2,2.95,359.6,1
97.8,1343.2,585.5,100.0,305.2,2.696,2236.2,0
63.38,2241.2,459.1,87.23,382.6,1.217,3698.0,0
59.73,1588.0,578.4,90.97,360.8,3.224,1536.7,1
64.85,1234.8,531.3,97.59,484.3,2.894,1532.5,0
69.63,1150.1,626.6,100.0,,1.293,1953.2,0
60.19,1103.8,499.2,85.02,477.8,5.729,4078.2,0
59.59,1365.8,518.3,94.72,415.6,4.465,4024.4,0
55.45,2020.0,343.4,88.65,266.8,5.265,1199.5,0
84.59,1296.5,519.0,97.61,129.8,0.256,4358.6,0
75.95,1472.9,532.5,83.59,129.3,0.743,294.6,0
46.38,1045.3,332.9,99.94,443.3,7.505,2304.5,0
94.26,1690.3,497.8,94.18,384.4,4.434,3361.8,0
62.91,1881.0,507.1,80.25,,2.678,3960.4,1
56.75,1268.9,704.1,100.0,127.1,2.505,1201.0,0
36.55,1103.2,460.2,94.23,211.5,0.007,1793.9,0
54.17,2019.1,546.4,96.19,244.9,5.981,2.6,0
29.17,1615.3,605.0,,375.2,3.689,2659.1,0
,1107.3,475.2,94.81,398.9,2.839,2235.0,0
51.9,1943.9,294.4,92.65,,2.079,718.1,0
52.27,1203.7,466.9,89.88,474.0,2.172,3561.1,0
78.54,1612.0,329.5,89.94,,3.65,3310.3,0
62.72,1585.8,591.8,96.53,,1.169,2126.5,0
67.15,1701.3,547.3,90.36,120.5,1.286,613.2,0
22.57,1593.7,654.1,87.17,127.7,4.442,4789.4,0
66.79,1250.2,719.9,84.43,164.6,1.966,2431.5,0
77.65,1611.3,497.5,100.0,485.5,0.717,1860.0,0
69.9,719.0,586.6,95.2,259.6,0.737,2985.5,0
67.16,1823.9,518.9,91.18,482.4,3.949,1630.2,0
53.93,1934.7,540.9,99.85,443.5,,1504.6,0
65.09,1678.5,467.1,96.41,359.7,2.239,2250.2,0
42.16,1425.4,579.1,100.0,444.9,0.645,4743.5,0
50.59,966.6,539.1,100.0,95.4,4.73,2528.9,0
44.82,1726.4,332.9,79.11,,5.74,1821.6,0
71.07,2078.7,560.0,91.89,232.0,1.847,3613.2,0
88.07,1572.5,529.0,85.93,314.9,1.606,2485.3,0
59.76,1428.0,359.4,94.99,468.5,1.69,2760.6,0
53.69,1023.1,587.1,87.66,54.1,1.705,239.1,0
73.01,1566.5,650.2,96.7,,3.456,2991.8,1
80.7,1661.5,729.0,92.82,226.8,3.214,4089.7,0
58.44,1414.2,643.4,95.05,107.5,6.379,70.8,0
37.74,1964.1,617.6,89.31,396.1,2.607,4709.7,0
65.25,1776.4,552.6,99.43,258.1,2.356,1221.5,0
79.11,1862.0,727.9,97.54,59.9,6.415,932.2,1
65.34,1438.4,615.6,86.17,282.5,0.328,605.6,0
49.53,1210.1,570.8,95.71,439.8,6.452,4578.5,0
63.41,1412.4,512.9,80.79,208.9,1.987,2766.1,0
60.08,1717.6,404.3,86.98,,0.725,2805.0,0
53.9,1833.4,444.4,88.85,396.6,0.979,1039.6,0
84.17,1772.6,486.9,89.48,409.3,0.283,1072.6,0
49.44,1460.8,498.2,91.89,298.4,3.634,23.7,0
47.35,965.6,795.0,95.77,68.7,6.039,4001.6,0
33.41,1406.1,477.4,98.4,180.6,2.301,1000.2,0
80.09,1795.0,587.1,99.57,235.8,4.112,252.0,0
64.06,1620.4,603.8,90.51,343.2,4.723,1925.9,0
65.95,1716.0,553.2,100.0,193.8,5.992,4949.4,0
84.87,1468.4,689.2,85.52,168.9,5.351,409.1,0
58.17,994.2,388.2,90.27,76.9,3.598,1938.3,0
39.9,1788.5,516.7,94.15,383.9,3.25,3226.9,0
69.35,1933.3,500.2,93.71,192.1,4.984,2236.8,0
67.42,1708.5,677.2,100.0,289.3,6.62,1813.7,0
75.88,1718.7,681.0,81.85,489.3,1.558,140.8,0
54.38,1492.7,500.0,95.5,140.7,7.985,2455.4,0
56.91,1254.7,553.5,84.83,355.0,3.138,252.4,0
39.53,1753.1,303.0,95.97,78.1,,443.5,0
93.27,1978.0,499.2,86.6,437.4,0.111,2184.7,0
45.98,1344.3,545.6,96.04,331.5,4.915,3195.3,0
64.35,1257.5,676.7,100.0,91.5,0.04,4533.0,0
71.88,1795.6,410.2,,424.1,0.1,1234.9,0
55.84,1735.7,740.1,92.7,395.7,4.378,1593.7,0
78.48,1969.8,496.2,95.69,438.0,2.516,2881.1,0
77.46,2178.0,637.3,97.52,221.5,4.419,124.6,1
55.85,2055.1,411.0,,,,1521.7,0
64.11,1189.0,623.4,87.53,348.3,0.38,2179.6,0
46.49,1716.3,503.5,80.61,141.7,0.626,4771.1,0
76.09,1446.4,633.2,,482.8,0.982,1262.2,0
49.25,1807.7,319.4,87.86,421.5,2.071,1491.2,0
64.58,1483.0,571.1,82.96,417.4,3.947,1570.7,0
53.35,1990.1,495.0,96.61,440.7,2.357,125.0,0
53.67,1856.5,455.1,96.96,292.9,,1081.3,0
50.69,1945.5,710.9,89.01,66.2,6.12,805.7,1
61.48,1843.5,499.2,91.0,65.8,2.25,414.7,1
38.99,1896.0,642.1,91.96,449.5,4.787,2005.8,0
94.48,627.5,562.5,98.1,308.9,2.277,428.2,0
,1272.7,419.5,79.67,64.6,5.138,3066.6,1
75.45,1032.5,681.4,99.94,56.5,0.485,4473.6,1
63.28,1350.5,573.3,99.23,54.3,3.767,529.2,1
69.81,2042.9,583.7,100.0,497.0,2.594,1941.9,0
61.64,1627.5,461.4,94.38,321.1,0.194,732.0,0
61.84,1390.4,523.3,97.78,389.8,1.356,2053.7,0
48.29,1985.2,294.1,97.17,270.7,1.114,3806.9,0
79.65,1566.1,439.2,85.27,73.0,1.951,4993.1,1
74.82,1664.0,551.7,,289.4,0.884,1409.7,0
58.34,1689.9,654.8,80.75,328.4,5.882,2255.8,0
76.33,1508.8,655.0,92.38,173.4,4.425,3711.1,0
94.86,1549.5,539.5,81.67,376.5,3.061,1344.5,0
44.44,1083.9,497.2,92.39,342.8,3.777,951.7,0
37.38,1585.3,299.2,90.38,347.4,5.142,2512.4,0
74.59,1630.7,316.9,,,1.027,1786.3,1
68.82,14007.022574951134,551.1,83.26,233.2,5.693,4213.2,0
51.5,1518.1,461.2,100.0,308.6,2.264,3531.4,0
84.16,1894.2,629.3,93.99,279.6,5.495,4788.1,0
73.39,1634.2,485.3,94.28,127.9,5.046,489.4,0
77.74,1319.9,607.0,83.86,327.9,1.762,888.4,0
,1953.7,691.8,100.0,114.9,2.599,1276.1,0
80.06,1270.5,421.7,88.0,260.0,0.62,1778.6,0
70.87,1132.8,550.1,92.39,494.3,1.44,2438.3,0
57.0,1822.5,613.4,94.22,82.6,,2002.2,1
84.64,1912.5,539.4,97.14,415.9,3.554,1549.1,0
61.8,1678.6,521.2,91.61,134.5,5.37,2700.4,0
53.39,1864.0,549.7,78.92,116.6,2.017,1005.8,0
,1051.6,677.6,98.68,369.8,3.376,1489.3,0
71.98,1481.8,479.0,94.52,93.9,2.66,2061.8,1
56.87,1474.3,632.8,92.22,309.4,4.858,3163.6,0
39.01,1927.4,576.4,82.36,285.9,4.234,1015.4,0
58.23,1067.8,492.7,100.0,171.9,7.208,4408.2,0
78.48,1655.2,505.8,97.0,477.9,3.849,866.4,0
84.47,1661.4,454.8,94.97,209.3,0.607,3072.3,0
86.55,1747.9,408.3,,125.6,2.469,4776.2,0
41.91,1674.7,464.7,91.19,447.1,3.438,534.8,0
64.7,1542.6,669.8,92.97,412.3,3.132,3181.9,0
74.58,1607.3,581.6,94.67,117.1,4.794,3504.1,1
52.47,1644.4,497.5,94.84,245.3,6.489,290.9,0
75.94,1691.2,559.0,87.69,258.6,4.179,2745.7,0
61.72,2100.9,441.3,90.32,55.7,1.481,4645.5,1
73.71,1625.5,608.0,85.78,322.8,5.167,4805.3,0
44.1,1532.5,526.9,90.41,220.5,4.988,1520.8,0
64.4,1212.3,739.6,100.0,275.8,2.626,4165.0,0
85.31,1644.9,465.4,86.8,337.6,2.767,930.8,0
78.22,1639.3,291.8,86.57,151.3,2.337,2579.7,0
52.63,1691.4,625.5,90.42,243.6,3.106,1310.8,0
50.91,2460.6,432.7,90.12,417.3,1.88,2710.2,0
,1107.5,544.1,88.99,261.6,4.047,255.8,0
81.46,1771.7,525.4,96.79,151.5,4.503,3087.7,0
46.22,1071.8,539.4,97.54,359.6,3.067,3589.9,0
76.91,1219.9,251.5,87.36,439.4,5.723,1776.3,0
51.48,1842.2,655.8,84.6,439.1,4.143,2247.4,0
64.06,1513.7,483.9,97.47,145.6,0.476,4867.3,0
54.77,1184.8,317.4,90.71,290.2,0.81,1997.3,0
54.31,1362.6,607.2,89.98,231.3,5.97,1896.1,1
59.15,1721.5,499.1,95.19,466.9,1.482,682.2,0
61.74,1219.6,576.2,91.61,261.7,4.818,4845.4,0
43.23,1200.5,450.9,100.0,174.8,5.201,4932.6,0
45.83,2097.1,492.1,78.63,491.3,3.376,4978.5,0
55.5,1640.2,546.0,86.23,56.0,1.276,3109.5,1
50.49,1495.6,435.9,100.0,97.0,5.087,4942.7,0
53.23,1672.6,532.5,89.84,312.7,4.591,1849.0,0
,869.4,444.0,100.0,162.6,4.0,1969.2,0
64.75,1439.4,694.6,100.0,175.7,5.512,4871.6,0
78.69,1270.9,448.9,94.38,205.9,4.69,2568.7,0
69.48,2042.8,340.4,91.22,130.7,2.631,4069.8,0
55.11,1566.6,598.5,82.9,389.0,3.514,3942.7,0
54.61,1201.6,423.2,85.67,162.3,1.113,161.7,0
57.38,1526.3,612.2,86.51,419.4,4.649,4981.7,0
42.86,1211.4,624.7,86.5,228.0,7.763,2938.1,0
51.74,1222.6,432.3,80.85,334.0,2.828,3566.8,0
-27.083307266296963,1477.4,468.7,96.27,291.1,5.457,418.0,0
102.06,1156.3,677.1,88.41,467.0,0.205,4785.7,0
60.72,1545.7,636.1,80.79,343.0,1.86,3888.7,0
44.49,1577.8,650.3,95.44,471.7,5.686,396.4,0
74.61,1589.0,433.6,82.25,184.6,2.793,3101.0,0
26.77,1648.0,394.7,87.46,254.4,4.15,3296.4,0
56.01,545.7,493.3,94.56,483.7,5.816,2234.4,0
67.93,1638.2,625.8,98.83,210.6,2.903,3241.5,0
70.29,876.8,731.0,82.42,437.9,1.058,2257.3,0
50.4,1762.2,360.4,84.2,421.4,1.308,4787.3,0
100.22,1426.4,492.1,95.95,149.5,1.655,1211.8,0
41.19,1752.0,499.4,92.58,181.5,1.599,3687.5,0
57.41,1361.3,457.8,100.0,487.0,0.948,4595.2,0
56.94,1446.4,558.7,93.11,241.2,1.771,2729.1,0
70.31,1643.2,469.8,100.0,140.8,4.44,4506.8,0
72.79,1513.7,562.1,92.49,497.9,2.015,275.6,0
49.44,1669.3,416.6,97.82,322.2,2.386,3294.3,0
65.59,1418.8,410.8,,221.7,4.827,367.1,0
67.92,960.4,628.9,91.98,325.0,5.105,148.5,0
,1762.9,642.2,85.19,153.2,0.147,765.8,0
57.34,1355.0,474.8,78.6,445.7,3.478,3026.9,0
55.24,1870.2,304.1,100.0,323.4,4.331,4279.3,0
67.8,2408.7,423.4,100.0,128.7,3.822,2681.3,0
57.56,1593.2,678.0,87.89,87.9,7.482,3331.7,1
55.9,1826.0,510.5,94.43,227.0,2.477,1029.4,0
78.38,1000.0,380.7,97.77,,2.741,868.0,0
52.14,1521.4,670.8,88.74,130.3,3.071,4689.0,0
76.78,1497.0,538.4,83.68,374.5,7.517,4604.3,1
71.84,1459.5,450.2,99.92,445.9,4.701,4478.3,0
54.45,1874.9,535.6,97.71,468.2,3.012,605.7,0
46.08,1185.6,576.0,89.04,331.9,0.619,2119.9,0
83.74,1101.3,580.9,100.0,378.9,0.458,1301.6,0
64.47,1754.9,504.5,85.78,224.6,5.441,3946.1,1
42.89,1137.0,462.0,85.63,325.6,0.119,2458.0,0
67.15,1213.6,675.8,77.59,199.9,2.826,2342.4,0
53.94,1804.5,352.3,82.14,86.9,4.618,4681.9,1
95.95,2335.8,539.2,96.85,168.9,1.884,2513.7,0
,1425.6,504.0,100.0,70.7,2.122,1272.1,0
81.46,1516.6,526.1,100.0,67.9,5.946,3854.2,1
54.85,1334.6,436.1,100.0,451.0,0.529,762.1,0
48.44,1259.6,435.1,86.06,382.0,2.572,2445.6,0
71.78,2168.1,514.3,92.0,327.2,1.653,1884.5,0
59.09,1557.8,583.7,90.61,167.8,6.154,2751.2,0
55.2,1020.3,396.0,92.0,483.4,5.82,3016.3,0
55.87,1551.9,689.8,84.92,149.4,5.05,4412.8,1
69.18,2099.3,349.0,92.11,466.9,5.355,1481.1,0
65.56,1106.0,505.9,100.0,333.5,3.628,2414.1,0
46.11,1825.5,509.6,99.59,304.6,5.914,3610.4,0
76.86,1800.3,558.6,90.46,365.2,3.138,3453.1,0
56.08,1257.5,427.2,100.0,144.1,5.418,2988.7,1
61.49,1167.1,415.0,97.36,246.8,0.616,832.7,0
72.73,1537.1,474.1,100.0,331.1,2.434,1732.2,0
23.5,826.5,528.7,84.74,79.8,2.083,2298.6,0
63.71,1157.0,544.5,86.7,207.7,2.491,1812.7,0
53.43,2012.7,744.7,94.2,463.7,3.216,3392.6,0
59.78,1724.0,857.3,86.95,63.1,2.992,3065.7,1
66.27,1441.2,416.7,91.58,181.6,1.045,2267.3,0
65.66,2148.6,287.7,100.0,219.1,2.255,4984.6,0
66.14,1473.5,681.5,93.24,439.1,1.458,2437.8,0
59.19,2018.2,392.1,100.0,197.6,3.38,2583.9,0
68.55,1703.3,567.0,94.42,95.7,3.586,4027.3,0
54.1,1676.6,323.0,97.58,251.6,,345.4,0
38.43,1514.2,469.6,100.0,420.2,5.579,4194.8,0
47.89,2041.7,359.7,96.42,64.6,2.323,3145.3,1
94.12,2359.3,486.2,86.83,62.0,2.014,3320.9,1
60.21,1539.2,502.4,97.41,161.7,3.029,2583.9,0
80.0,1980.8,687.6,90.94,232.2,6.538,3156.9,1
57.31,1532.6,490.3,93.61,329.6,0.768,1305.7,0
60.62,1485.6,556.3,96.59,202.1,2.628,731.0,0
59.23,2175.4,339.7,95.11,269.0,2.51,521.0,0
75.55,1722.0,549.4,97.23,288.1,0.987,4011.1,0
53.28,1544.2,348.9,100.0,76.7,0.813,3422.4,0
32.33,2158.5,452.6,100.0,494.8,2.945,3087.1,0
49.3,1155.0,445.1,86.66,165.6,2.794,1846.1,0
66.59,1975.8,411.1,87.29,143.5,4.803,2070.9,1
75.02,1840.9,443.8,88.89,193.1,0.633,2192.6,0
44.94,1428.9,560.7,92.22,139.3,5.681,3357.0,0
55.82,732.2,547.9,85.9,90.1,4.948,3102.5,1
42.03,1923.5,491.8,81.92,140.7,6.923,43.4,0
73.29,1491.6,443.4,93.74,126.5,3.723,4468.6,1
81.62,1497.1,486.5,86.96,,1.624,4672.8,0
88.45,1947.4,634.8,91.27,443.8,6.638,75.8,1
58.12,1331.5,420.4,92.2,348.7,4.685,1348.9,0
32.51,1572.6,517.2,88.5,396.8,3.037,4207.0,0
66.86,2052.5,476.4,93.19,182.8,6.29,2396.9,0
56.32,1655.8,562.9,84.42,,1.201,4241.9,0
62.67,2056.3,509.6,89.27,357.9,0.332,361.2,0
50.15,1533.8,492.6,96.41,302.5,1.072,3213.5,0
58.74,1636.5,202.1,94.06,,2.475,4185.5,0
71.34,1356.4,666.3,97.99,427.1,2.337,786.0,0
76.57,2150.7,729.3,100.0,99.0,5.923,1203.8,1
59.53,893.8,519.1,86.67,65.5,,3575.7,1
67.46,1420.4,654.0,,454.7,5.022,4015.2,0
70.7,1734.8,673.8,82.79,460.9,2.226,3081.8,0
71.61,1706.2,405.2,83.82,353.3,0.923,3548.1,0
47.83,2229.4,631.3,94.95,342.3,0.698,2583.1,0
55.96,1896.6,495.1,92.12,166.9,4.141,2580.6,0
32.05,1369.3,669.1,82.94,114.7,4.916,4713.1,1
100.54,2523.0,578.5,76.44,68.9,0.183,3011.7,1
72.56,1326.1,526.6,100.0,319.3,3.098,776.7,0
32.97,1400.5,392.0,91.86,424.8,2.2,4545.7,0
67.13,1762.9,382.0,92.58,486.4,8.672,4228.6,1
60.36,2350.4,668.6,98.55,343.1,0.371,3345.6,0
69.04,1700.9,640.4,91.63,131.9,3.848,1352.5,0
73.71,1084.8,422.1,100.0,463.2,1.605,1831.5,0
,1671.7,392.5,100.0,300.2,0.142,3875.2,0
54.55,1399.7,420.5,90.81,395.3,7.858,3845.3,0
53.92,1048.2,457.7,100.0,151.2,4.393,2381.8,0
87.78,1956.6,496.1,81.81,382.9,0.855,4676.8,0
55.41,1828.1,411.8,93.99,450.5,0.829,806.7,0
73.38,1883.9,632.8,84.46,117.8,1.384,2888.4,0
77.03,1490.4,429.2,100.0,458.4,1.605,296.6,0
30.75,1745.3,528.4,80.21,469.7,0.636,3366.3,0
54.91,2018.0,582.5,100.0,288.7,8.641,2251.6,0
77.52,1271.8,572.3,93.48,394.8,6.389,2616.7,0
58.58,1707.4,673.0,100.0,78.0,2.835,1728.6,0
62.36,2320.7,672.6,85.83,69.7,4.383,3326.4,1
64.9,1774.3,616.9,100.0,382.8,3.047,3561.4,0
75.71,1064.1,484.5,91.55,147.8,2.727,4473.3,0
65.55,1502.0,527.3,89.27,,5.085,2842.0,0
57.26,1074.2,417.4,92.6,338.4,2.11,2402.8,0
78.73,1567.9,643.4,96.41,335.7,0.715,2000.5,0
46.86,1911.6,545.1,99.63,157.9,5.047,2155.9,0
72.46,1842.7,321.9,92.19,61.3,1.513,4278.1,1
76.04,1333.3,676.1,96.56,276.5,4.991,3593.4,0
46.41,1567.8,327.7,95.44,228.2,6.602,1553.1,0
41.83,1470.6,463.5,97.83,492.3,2.34,3658.0,0
47.63,2040.6,497.6,80.94,259.0,0.995,3737.4,0
64.37,1679.8,379.3,100.0,240.7,1.356,1433.4,0
87.6,1622.4,426.7,100.0,462.4,4.104,276.3,0
76.13,2265.9,489.1,92.12,198.8,4.45,1530.7,1
98.02,1464.1,609.7,100.0,307.8,2.134,30.4,0
69.53,1067.0,597.6,91.69,362.0,1.941,937.2,0
,1443.0,420.6,93.94,322.4,4.462,4288.8,0
64.86,1815.5,612.1,88.25,141.7,1.213,3056.3,0
67.96,1057.9,481.8,99.04,321.4,2.516,3000.7,0
88.75,1252.2,511.4,82.27,84.6,3.292,1199.1,1
51.73,1746.8,537.0,86.02,380.2,1.182,2712.0,0
38.35,1593.9,625.0,88.56,332.0,0.588,2984.5,0
72.69,1327.2,731.4,100.0,493.1,1.323,1691.7,0
61.82,1113.0,505.8,100.0,207.9,1.056,1411.7,0
66.01,773.3,624.9,95.03,172.2,8.428,1750.9,0
50.93,1977.4,546.4,83.88,166.0,0.482,2631.8,0
69.77,1346.6,451.8,100.0,115.7,4.406,3211.2,0
90.66,2020.8,302.9,100.0,418.9,4.409,1117.7,0
59.76,1947.2,565.3,88.9,479.2,1.968,3957.6,0
69.65,1898.7,659.0,90.16,271.7,4.357,2307.9,0
61.68,1028.1,355.4,92.36,376.7,3.68,2413.3,0
65.86,1744.8,487.7,88.48,205.5,5.37,4220.7,0
43.32,1497.8,724.7,100.0,128.8,6.331,1111.5,0
71.74,2258.3,578.1,99.71,470.5,,1986.0,0
91.15,1110.7,634.8,82.82,73.1,2.017,304.0,0
44.63,2210.2,538.7,100.0,473.8,2.123,317.2,0
59.52,1756.0,378.8,88.85,,5.596,3972.5,0
60.26,1576.5,538.4,95.04,,4.014,1713.2,0
68.28,1622.6,380.3,77.71,293.4,0.746,2764.1,0
35.85,1455.2,369.8,90.43,66.8,2.779,687.2,0
87.4,1496.0,610.9,95.41,346.2,3.917,2189.5,0
54.21,1644.0,627.8,78.63,236.1,5.021,2381.8,0
58.58,878.9,500.3,91.68,225.7,2.019,2145.8,0
60.4,1413.3,517.6,88.99,307.3,0.339,1036.8,0
58.13,1174.4,416.1,75.6,184.4,3.792,2183.1,0
61.46,1259.7,430.1,100.0,344.9,4.627,1044.8,0
43.69,2072.1,533.1,94.41,172.8,4.213,3588.5,0
60.15,1420.5,546.0,97.32,120.4,1.021,2174.7,0
47.93,1642.9,445.9,93.62,310.2,2.299,2125.9,0
54.09,1375.4,242.7,92.5,150.2,1.217,797.7,0
55.91,1971.3,433.8,84.97,259.8,0.689,4615.1,0
81.32,685.5,586.3,100.0,78.4,3.561,1134.0,1
73.68,1182.2,473.0,93.41,202.7,6.25,4688.4,0
22.64,1786.4,491.3,98.29,306.7,1.224,485.9,0
58.27,1566.1,510.4,98.26,404.4,2.798,2021.3,0
37.15,1781.1,643.2,85.63,208.0,7.578,2258.9,0
61.53,1387.2,405.3,84.68,119.7,2.077,3267.8,0
74.33,1677.4,438.1,89.96,450.9,4.119,1525.8,0
24.9,896.7,729.9,93.81,364.5,0.982,4294.4,0
67.61,1131.6,659.7,84.63,408.4,0.107,3513.1,0
46.96,1574.7,497.6,92.48,,2.203,499.2,0
64.18,1270.3,644.0,93.98,471.5,2.139,2082.9,0
48.24,1685.0,412.3,100.0,130.3,6.753,3915.5,0
48.46,2042.3,419.1,100.0,81.9,3.402,1781.8,0
71.09,1613.7,439.3,91.58,75.1,5.2,3837.8,1
70.2,1565.1,492.0,72.51,288.9,1.067,2832.1,0
76.82,1204.7,692.9,97.63,245.8,0.88,4406.4,0
51.9,2037.1,499.3,100.0,414.8,2.484,2084.2,0
71.1,1983.9,534.7,,262.6,2.713,2845.3,1
74.31,13545.877257354865,504.7,86.72,155.8,2.303,3829.3,0
52.44,1459.0,653.0,96.29,309.5,0.442,3907.9,0
64.65,1457.2,582.7,94.59,,0.977,3901.7,0
55.25,1482.3,548.5,89.75,336.2,5.342,3242.5,0
54.67,1566.1,325.2,100.0,251.8,0.006,2322.9,0
40.24,1457.7,642.0,99.97,487.3,2.651,4766.1,0
61.85,1613.1,581.7,81.14,451.4,4.236,4201.8,0
78.2,1523.1,419.6,85.19,164.8,5.607,2329.6,1
55.34,1951.4,516.8,100.0,398.4,1.436,175.9,0
61.26,1207.3,545.2,97.21,72.9,1.289,214.3,0
75.88,1295.6,366.6,100.0,239.9,5.807,257.2,0
82.31,804.3,514.9,94.41,188.8,5.42,523.5,0
61.96,1215.9,568.1,89.45,107.7,2.412,3422.1,0
56.72,1575.9,385.1,86.27,400.4,5.259,1018.0,0
39.59,1349.6,481.4,88.31,233.9,5.7,4147.7,0
58.01,1122.1,440.5,97.28,52.3,1.313,620.7,0
44.29,1493.3,662.7,92.73,161.3,4.838,1219.2,0
60.74,1776.3,569.4,100.0,427.0,1.433,2548.5,0
56.38,1340.3,463.2,97.36,484.6,5.462,2894.7,0
55.92,1773.5,552.8,93.9,210.2,1.583,1357.0,0
92.39,1378.5,399.7,100.0,218.9,2.12,3544.9,0
62.13,1039.7,569.5,98.16,468.9,0.661,1248.3,0
81.27,1857.6,539.5,95.82,305.6,,299.5,0
81.08,1569.1,396.2,94.94,240.2,1.401,3126.0,0
97.04,1055.6,295.0,89.87,210.8,,2223.8,0
67.19,1787.0,538.6,96.0,189.5,4.298,1747.6,0
70.48,1606.0,595.7,94.81,440.8,4.864,3713.9,0
68.99,1065.4,516.4,100.0,434.2,0.693,1835.7,0
44.38,1289.6,432.5,94.21,297.7,5.249,4984.7,0
53.88,2650.3,546.7,90.97,59.7,4.757,4221.7,1
75.76,1576.6,446.7,94.45,442.7,2.186,4622.0,0
63.08,1307.9,433.8,100.0,,4.049,3875.4,0
97.43,1307.2,346.7,90.0,119.6,5.039,4218.5,1
65.14,1586.6,357.9,85.95,189.9,1.965,4291.5,0
94.4,1924.0,569.2,90.04,221.0,2.292,2042.9,0
35.53,1243.2,503.1,91.04,274.1,0.935,3449.1,0
67.09,1763.8,458.2,92.94,420.2,4.128,1517.3,0
60.25,1652.4,516.2,100.0,210.0,1.859,1717.9,0
67.63,1605.9,615.2,97.22,93.4,3.218,4546.6,0
43.83,2335.9,531.7,100.0,384.6,0.093,1076.8,0
31.64,1645.7,454.6,93.68,325.4,4.718,960.6,0
49.28,512.8,480.3,100.0,126.0,2.914,2161.8,0
44.23,1675.4,737.2,97.4,65.1,2.582,2914.6,0
58.76,1675.1,550.3,92.51,331.4,2.537,4208.0,0
65.01,1725.0,499.9,85.86,247.0,1.684,1383.9,0
36.77,2412.1,665.5,80.68,331.8,0.361,2357.1,0
57.36,1301.5,330.4,98.08,311.3,2.362,1745.5,0
75.18,1723.8,664.2,100.0,280.6,2.988,4326.9,0
88.21,997.1,530.2,86.07,498.0,3.185,1179.7,0
53.74,1527.2,503.1,76.71,209.9,3.88,4895.8,1
45.99,2008.3,473.9,100.0,415.3,5.16,4301.3,0
49.4,2311.8,472.0,98.17,329.9,1.734,2102.6,0
70.49,1184.1,566.0,100.0,331.7,4.542,4448.1,0
64.5,2148.7,545.4,100.0,317.9,5.277,2519.5,0
52.19,1346.1,424.1,90.35,140.0,3.323,2287.4,0
70.33,1475.6,592.0,96.38,64.7,4.583,2702.2,1
65.32,2614.8,556.8,89.72,326.3,6.613,2769.3,0
57.65,1316.9,425.5,98.76,410.1,5.234,174.1,0
67.34,1868.1,500.6,98.47,371.2,0.362,4937.2,0
80.47,2193.1,581.9,82.63,73.4,7.003,81.9,1
46.94,1755.4,542.9,94.53,422.6,0.618,1065.2,0
35.31,1108.1,444.3,97.59,410.0,3.633,2288.4,0
37.41,1598.3,603.8,78.56,328.3,5.19,2264.6,0
57.42,1123.5,647.8,93.24,427.7,3.192,261.4,0
54.7,1565.2,728.3,86.43,323.2,4.955,2963.9,0
91.89,1547.7,461.3,99.98,205.9,2.893,4172.1,0
67.61,1712.1,458.9,86.55,347.7,6.824,4473.8,1
66.08,2344.1,560.4,87.56,199.1,2.208,441.1,0
53.94,1497.1,518.6,84.81,323.1,3.194,3415.8,0
65.81,1015.1,659.2,94.15,177.8,4.338,1814.1,0
96.07,1371.8,236.0,89.4,145.9,4.227,3548.5,1
50.4,2173.6,540.2,99.3,77.7,6.451,4322.2,1
55.91,2572.0,565.7,85.34,349.3,2.409,2391.2,0
68.59,1761.0,415.9,84.94,131.0,5.105,979.4,1
68.05,1420.3,478.6,100.0,199.7,,1825.4,0
61.97,2059.0,431.9,96.69,110.9,1.158,2618.4,0
35.59,1633.7,570.3,98.66,226.9,2.002,2583.4,0
47.19,1172.3,546.9,78.68,223.4,5.862,3725.9,0
80.64,1359.3,451.0,85.65,344.0,0.71,4822.8,0
5.49,1568.1,981.3,88.64,459.0,2.528,2758.9,0
54.32,1034.6,541.0,93.72,386.6,1.58,2571.0,0
62.5,1723.3,562.1,87.75,159.2,6.281,3367.7,1
69.71,1370.9,472.4,98.59,377.1,1.572,3900.1,0
44.22,1214.8,545.1,91.9,217.4,3.292,1584.6,0
75.21,1818.0,696.9,90.97,232.1,4.689,4284.6,1
61.08,1713.1,603.6,97.0,204.3,3.567,4385.9,0
62.03,1784.8,668.1,,165.6,4.884,221.3,0
80.95,1230.3,527.4,83.69,69.1,2.747,734.6,1
57.19,2122.7,404.1,91.61,169.6,0.474,2504.4,0
44.34,1462.4,457.4,88.6,107.2,5.086,2307.6,0
,1415.9,413.4,87.09,460.8,3.039,2168.0,0
69.03,1849.4,381.3,94.87,159.4,3.375,4141.1,0
,1270.7,373.4,96.31,180.5,4.32,3017.1,0
64.39,915.0,625.3,92.4,381.0,5.566,1683.0,0
81.98,1051.9,747.6,89.68,383.2,2.911,2707.5,0
52.11,1464.2,443.6,90.81,,0.725,3373.0,0
55.74,1808.4,542.5,97.2,381.9,1.856,2351.7,0
47.45,970.2,659.9,83.88,221.8,1.541,4057.1,0
58.61,1771.7,426.5,80.8,160.6,4.022,918.2,0
68.1,835.5,507.1,92.89,51.7,2.831,1207.9,1
68.44,1669.4,614.0,79.67,175.4,3.339,3835.8,1
73.79,2209.1,571.9,89.71,316.6,1.687,3265.4,0
48.14,1702.1,575.4,98.44,209.5,4.896,2319.6,0
37.59,1421.4,585.4,79.73,413.9,4.402,1401.5,0
65.74,955.5,380.7,97.32,456.3,0.139,4987.7,0
95.51,1966.7,489.8,95.85,220.1,3.779,1538.3,0
59.36,1737.2,718.4,88.86,312.6,4.248,2586.7,0
,1322.2,721.7,93.32,232.8,1.025,3427.9,0
63.54,1444.2,361.4,100.0,272.5,8.428,2705.2,0
47.8,1488.4,517.0,97.0,179.1,1.221,17.0,0
86.56,2179.0,802.0,99.89,415.5,0.361,2141.0,0
,2122.8,673.1,96.94,223.7,3.263,195.2,0
,1519.9,437.5,94.24,193.5,1.171,521.6,0
59.44,1904.9,582.0,95.38,86.5,0.874,1931.7,0
44.17,2053.8,371.7,93.21,133.8,1.331,693.3,0
63.48,1412.6,694.0,95.34,372.2,2.074,4284.0,0
50.63,1777.4,403.7,93.5,188.7,6.067,2803.0,0
56.05,1414.0,573.9,99.29,,4.561,3837.1,0
80.96,1737.8,597.4,93.34,274.3,1.714,1589.7,0
54.78,807.8,660.2,100.0,270.1,2.324,4075.2,0
32.95,1865.9,398.0,87.86,486.1,2.35,1393.3,0
61.6,1396.4,561.5,87.48,397.5,4.527,3955.5,0
74.71,1653.2,622.9,,175.7,1.673,1305.3,0
43.22,1267.9,583.2,99.47,292.3,4.655,2134.9,0
66.53,1332.5,561.0,100.0,432.5,1.849,4170.1,0
89.27,1561.1,479.0,90.46,441.8,6.085,3025.4,0
84.92,1787.1,535.6,97.74,271.0,0.363,3014.5,0
48.87,1448.1,462.9,100.0,213.1,4.208,591.3,0
73.53,1981.1,299.4,81.4,248.2,3.206,4324.5,1
37.32,1952.9,572.0,94.77,61.6,3.04,193.7,0
88.17,1068.6,588.3,87.36,329.1,4.044,1280.4,0
82.31,1335.7,461.3,85.62,398.2,2.755,3050.0,0
52.29,1050.8,439.3,100.0,414.7,0.982,3735.8,0
63.53,2162.5,552.2,92.68,208.7,0.86,4279.9,0
54.59,1177.7,549.1,91.75,203.1,2.137,3363.2,0
39.3,2455.9,591.8,100.0,114.3,2.769,3708.0,0
54.93,1603.4,159.6,99.63,339.2,6.347,3197.2,0
67.7,1437.5,489.5,81.02,181.0,0.124,3728.1,0
35.03,1491.7,464.1,96.36,239.3,1.654,3991.4,0
87.41,2174.4,351.2,91.49,209.1,3.394,2223.6,0
47.26,1505.4,590.2,96.97,192.1,0.987,2705.2,0
38.96,1101.1,613.7,88.16,175.5,5.277,1385.7,0
76.16,1383.0,541.5,93.97,123.3,4.19,8.9,0
79.41,1688.4,436.5,,357.5,6.324,1383.0,0
44.38,1967.0,340.2,86.1,105.6,1.994,2321.7,0
64.62,1279.8,455.6,89.62,472.4,4.603,1345.7,0
45.32,2417.9,514.8,,95.8,2.748,400.0,0
58.38,2146.2,456.7,80.08,331.4,0.832,4666.0,0
69.89,1080.5,634.4,97.63,71.8,0.673,4839.4,1
48.39,1653.2,747.5,95.68,120.5,1.534,2950.5,0
79.79,1589.4,665.6,91.85,427.0,2.677,3231.6,0
67.28,1810.7,528.6,89.45,490.4,6.011,152.1,0
73.59,1431.0,537.8,95.9,71.5,1.483,1524.1,0
52.69,2101.5,464.4,95.31,413.6,0.073,2948.5,0
53.52,1785.1,576.8,97.63,182.3,3.556,1979.6,0
,1250.1,425.5,98.04,431.7,8.138,1392.8,0
73.31,1654.2,391.5,91.81,472.6,1.513,145.4,0
92.69,1424.0,478.2,93.14,144.1,0.553,3962.1,0
53.66,2186.6,544.7,97.1,404.0,3.981,3771.5,0
52.7,1517.5,500.6,90.82,191.6,4.568,3698.8,0
15.48,1790.5,573.3,86.7,315.9,2.083,3790.8,0
56.3,1837.4,501.0,87.27,283.3,3.46,3628.3,0
69.39,1784.9,596.2,94.45,319.6,0.017,4198.6,0
76.72,1658.0,394.6,94.61,421.8,0.751,1602.2,0
71.12,1196.2,657.7,90.59,198.4,0.85,923.9,0
103.79,1436.8,551.5,90.67,441.0,0.809,3271.5,0
50.67,1888.4,492.8,80.8,53.3,1.383,900.9,0
84.7,1190.2,305.7,93.68,470.2,2.937,1073.2,0
56.2,1108.5,465.1,87.35,83.7,1.045,2593.3,0
55.71,1580.4,476.6,95.82,324.1,0.699,3261.5,0
49.65,1643.4,553.6,89.6,170.8,6.264,3446.5,0
42.66,1330.4,572.2,80.38,154.2,5.331,1103.7,0
54.32,1108.9,661.2,95.28,331.8,5.913,3446.0,0
,1680.7,698.0,81.21,59.9,5.598,3733.1,1
55.58,1709.9,520.9,94.28,,5.193,4023.7,0
47.15,1536.7,663.9,100.0,454.5,6.658,2957.4,0
44.86,1776.1,612.2,100.0,347.1,3.589,2969.4,0
66.69,1416.7,401.4,82.52,234.2,0.988,1354.0,0
,1750.7,480.3,92.53,286.1,4.994,4145.8,0
79.69,2201.7,423.3,100.0,449.0,0.156,1654.0,0
67.78,1233.4,641.2,87.43,97.7,0.947,4923.2,1
56.65,2133.4,580.9,98.99,157.7,5.823,2032.3,0
76.14,1548.3,585.4,97.53,210.0,0.403,2154.2,0
89.06,1050.5,636.3,,193.9,0.047,287.0,0
52.7,1531.7,676.5,100.0,191.2,0.325,3846.9,0
64.59,1714.0,658.8,90.87,193.4,4.281,1487.2,0
84.59,1258.0,494.5,94.89,372.0,2.936,2210.2,0
53.03,1680.7,504.4,96.16,129.8,2.774,27.3,0
44.44,1724.4,578.1,97.35,393.8,6.808,138.6,0
74.42,1526.1,621.9,96.81,368.6,6.234,1107.8,0
49.62,1846.8,326.5,81.83,458.8,1.602,4739.1,0
47.8,1598.8,602.7,96.45,134.5,1.972,810.8,0
76.15,1410.7,480.2,82.82,132.7,2.574,2791.5,1
29.91,1956.8,338.4,84.07,195.5,2.316,2764.1,0
53.92,1758.0,447.8,89.2,366.4,1.895,2263.0,0
67.92,1578.4,547.1,,383.1,4.878,845.3,0
77.47,1819.8,645.5,87.11,276.5,2.186,3424.2,1
96.62,1191.9,755.1,91.93,224.9,3.683,2248.5,0
58.18,1035.8,612.7,92.76,399.5,4.626,954.0,0
51.39,1507.3,450.7,84.35,397.7,2.383,2185.6,0
87.22,1516.1,509.0,90.3,61.1,2.811,3133.4,1
79.72,2042.0,457.1,89.58,266.5,3.752,1246.8,0
43.83,1953.0,403.9,86.01,91.6,5.701,2362.2,0
56.29,1595.5,729.4,90.33,191.7,3.85,3301.6,0
32.98,995.4,528.4,97.85,91.2,0.088,2821.5,0
71.04,1553.2,494.2,97.72,306.6,3.412,4920.3,0
55.77,1622.2,272.4,92.67,175.1,2.786,3495.5,0
67.28,1709.4,667.4,93.37,291.5,3.9,4519.2,0
47.59,2492.2,665.7,88.7,356.1,4.604,2609.5,0
88.36,1663.0,572.0,,76.6,3.342,3141.0,1
77.35,1518.7,561.3,88.47,291.8,2.87,2083.5,0
57.93,2005.8,512.8,92.35,448.3,1.854,938.7,0
89.17,1824.8,681.8,95.14,61.3,4.017,3997.3,1
82.39,1686.3,399.8,100.0,365.5,3.363,1128.1,0
38.87,1569.0,382.0,86.55,275.8,1.105,3528.1,0
73.49,2321.5,556.4,100.0,375.4,,2030.3,0
49.65,1240.2,614.4,93.16,77.3,3.631,473.8,0
82.79,2046.7,580.6,97.11,484.1,1.519,3447.5,0
81.04,793.5,502.6,99.02,246.9,1.945,4264.1,0
46.26,1159.8,553.5,91.63,394.3,2.141,102.8,0
55.13,1969.0,488.3,87.35,176.0,6.93,1526.6,0
64.22,1623.6,485.0,100.0,152.7,3.138,4892.7,0
70.1,1898.6,597.8,97.06,80.6,3.392,4674.5,1
71.03,1574.2,442.6,84.06,453.4,4.171,456.2,0
87.05,1137.3,659.4,89.11,159.5,2.786,248.0,0
54.91,2157.8,459.9,99.89,229.1,3.798,4182.3,0
43.91,1250.1,516.4,,398.8,3.642,874.1,0
65.71,1437.7,670.0,84.51,76.0,7.973,3337.6,1
51.98,687.8,797.5,87.56,132.9,5.061,2107.5,0
69.83,1788.0,582.4,89.72,437.7,3.99,2289.9,0
47.97,1541.5,285.8,98.64,341.6,,2669.2,0
70.41,1596.2,597.1,91.1,160.4,4.525,4927.8,0
52.95,1585.3,428.4,87.12,195.5,2.111,3158.1,0
77.78,1630.1,584.3,100.0,228.2,5.201,3995.2,0
45.44,1432.4,321.6,98.12,489.5,2.493,3055.0,0
-36.585544917338154,1870.6,366.7,87.85,498.9,2.426,4564.4,0
58.23,1579.4,545.3,97.13,361.3,3.763,1343.4,0
47.03,1925.8,369.5,87.29,198.4,6.235,3114.6,1
38.39,1310.9,492.1,97.39,121.7,6.971,2969.5,0
48.51,2003.5,714.9,97.84,103.9,4.469,293.3,0
67.54,2372.0,399.2,91.16,356.2,5.186,4201.7,0
82.72,1201.2,442.1,94.33,178.7,2.58,304.0,0
73.67,963.8,569.3,92.82,147.1,5.52,2728.7,0
72.83,1690.8,445.6,90.62,306.6,2.616,2727.8,0
51.09,1324.5,609.0,91.14,123.0,9.291,569.2,0
66.67,1861.3,583.2,93.32,393.2,0.012,2245.9,0
63.95,1025.9,574.1,98.63,187.3,3.088,646.1,0
,1203.2,578.5,100.0,342.7,1.578,1600.2,0
81.62,1325.9,384.3,98.61,304.2,2.036,2899.2,0
56.28,1626.5,679.2,85.91,461.8,1.675,3149.9,0
45.67,1773.2,650.0,97.72,139.0,2.113,3297.1,0
76.53,1444.4,431.0,92.41,460.1,6.594,4482.2,0
71.81,1806.5,343.5,87.76,467.9,0.75,779.9,0
71.29,1555.5,703.9,100.0,213.1,2.485,3651.2,0
78.8,1330.2,490.9,88.86,83.4,2.707,4455.5,1
63.0,1977.3,701.1,100.0,413.1,3.255,1254.6,0
64.22,939.0,459.8,90.2,483.3,1.757,4263.4,0
91.14,1619.4,451.6,100.0,132.1,1.525,1347.1,0
55.56,1735.1,496.1,,91.9,1.382,3793.7,0
46.34,1335.0,623.9,96.04,344.7,3.252,3156.6,0
40.19,1515.8,408.2,88.23,179.1,3.548,623.5,0
78.42,1900.9,663.4,88.27,54.6,0.18,1223.9,1
57.1,1773.1,328.8,83.69,473.7,3.352,4889.4,0
80.96,1829.4,379.1,93.52,447.2,0.051,2041.7,0
24.1,2074.1,504.6,96.47,387.1,3.923,130.4,0
87.1,1723.6,680.2,90.92,191.8,2.18,1726.0,0
58.51,1429.5,601.8,95.27,475.5,4.162,2709.2,0
91.84,2129.0,463.3,93.94,109.3,1.253,2928.1,0
66.16,2013.0,394.6,89.28,55.0,6.55,2160.8,1
70.66,1193.6,667.3,91.81,285.8,2.724,1639.7,0
76.22,1755.0,494.0,90.49,434.6,3.799,3856.6,0
68.41,1677.9,697.3,94.28,476.5,2.405,2359.2,0
48.08,1870.6,537.4,91.26,82.3,3.469,311.0,0
95.34,1693.3,719.8,87.76,232.5,4.173,3268.8,1
72.27,1840.6,633.4,88.69,204.6,5.628,85.1,0
68.58,1908.8,476.6,92.42,79.8,0.276,1217.4,0
58.04,1177.6,676.0,91.95,292.1,1.406,1944.1,0
40.12,1373.1,543.6,78.3,407.0,0.641,4945.1,0
43.04,1090.5,467.3,89.4,441.2,0.865,592.6,0
41.19,1109.5,609.1,86.14,178.2,3.508,2831.7,0
65.63,1742.9,703.1,89.64,408.6,1.166,2638.1,0
66.72,1330.0,222.0,94.46,431.3,3.502,2575.1,0
65.63,1371.3,687.2,96.71,60.5,1.698,1324.7,1
71.96,1377.1,388.2,100.0,435.0,3.74,3597.5,0
82.17,1067.4,581.9,86.08,289.0,3.071,1998.9,0
68.29,1734.1,420.8,94.4,451.0,4.565,3572.5,1
37.72,1093.1,451.9,100.0,244.5,,2355.0,0
59.06,1397.7,358.4,93.68,71.7,3.368,3230.4,1
71.07,515.5,553.1,92.82,238.2,6.656,4735.8,0
66.67,1472.1,524.2,77.5,119.4,2.136,1352.5,0
69.61,1269.6,272.6,85.25,475.7,5.22,2101.8,0
61.7,1632.5,549.4,95.19,262.7,2.953,2093.3,0
65.41,1814.0,529.1,85.87,317.1,2.515,2040.8,0
85.98,1264.1,567.8,100.0,422.0,2.949,2084.3,0
55.22,1010.5,538.3,94.52,491.2,2.578,3418.0,0
76.24,1679.6,355.4,84.72,365.8,,1929.2,0
61.2,1459.0,488.7,100.0,206.4,5.378,3834.6,0
84.25,2424.1,546.8,74.96,282.4,6.193,4187.3,1
31.06,1452.4,669.9,97.41,283.6,0.677,3567.3,0
69.36,1732.9,798.3,89.73,363.8,2.149,3737.7,0
27.84,2171.7,610.8,81.86,,2.319,4449.7,0
81.29,1222.1,612.9,93.95,191.9,3.926,2493.0,0
75.28,1474.5,507.1,93.02,325.5,4.973,4131.5,0
51.38,790.6,585.6,84.76,363.9,6.81,2471.6,0
37.36,917.9,459.6,90.83,396.1,2.892,1453.5,0
82.18,1472.7,573.0,90.06,348.0,0.325,2337.3,0
43.09,1673.4,502.0,93.93,387.2,5.682,3690.0,0
94.23,2097.1,731.6,92.44,,4.923,4571.5,1
66.53,1503.3,667.1,100.0,172.2,3.889,2408.6,0
83.28,2223.2,590.3,100.0,274.5,3.851,462.1,0
55.49,1054.9,756.1,88.32,183.5,4.676,3395.6,0
50.26,2206.5,512.5,90.38,296.5,6.049,385.5,0
53.13,1412.4,558.5,90.34,159.3,1.454,3341.8,0
34.1,1740.6,498.8,95.69,401.5,6.936,1778.2,0
77.65,1737.8,578.8,94.81,202.3,2.681,41.8,0
27.71,1577.1,430.6,96.51,444.1,4.735,898.6,0
65.32,2098.6,601.8,98.66,69.6,1.238,3266.8,0
73.53,1502.5,454.7,92.87,313.8,2.439,3048.7,0
41.96,1239.5,530.0,85.61,339.9,3.718,1313.6,0
57.86,1561.6,551.8,83.64,115.8,0.569,4805.8,1
29.05,1849.0,489.8,86.14,462.6,1.104,4790.5,0
67.45,2900.1,404.5,90.72,401.4,4.28,2496.2,0
58.64,1416.7,395.0,97.47,,5.227,1264.3,0
50.65,2217.9,452.3,86.14,216.7,4.194,1396.3,0
83.93,2724.9,677.6,96.85,225.3,2.503,1823.7,0
49.38,1111.6,482.9,84.48,354.8,4.968,633.5,0
64.67,1588.8,591.9,100.0,86.7,3.429,2437.1,0
59.37,1332.0,553.3,91.14,129.3,3.762,3706.1,0
50.91,2007.1,718.9,79.28,349.6,3.809,4003.1,1
55.06,1951.3,481.7,88.74,457.1,0.528,764.9,0
,1335.0,819.3,84.71,65.1,4.358,2136.6,1
75.5,1052.1,421.9,100.0,351.3,1.625,1957.4,0
57.11,1722.6,480.0,77.55,193.5,2.336,4049.6,1
64.07,2396.5,540.9,96.18,226.7,2.516,4968.9,0
67.79,1247.3,636.2,91.64,145.7,6.721,1642.8,1
76.0,1561.1,521.9,95.43,155.2,7.82,1929.5,1
59.35,1360.3,519.4,90.96,465.3,5.643,2021.7,0
69.34,1642.3,482.2,92.71,226.9,2.48,3473.9,0
64.09,1280.5,597.6,100.0,499.3,4.146,1991.8,0
57.3,1413.3,489.9,100.0,123.5,3.285,780.3,0
61.48,1459.3,423.7,90.61,138.3,2.317,3766.6,0
70.4,929.5,601.6,94.24,190.2,,2934.1,0
45.29,1681.3,510.9,95.6,404.7,2.065,1291.3,0
47.09,2262.6,385.5,90.08,162.9,3.788,4334.9,1
89.17,1253.1,602.2,87.18,369.8,5.009,2487.7,0
57.66,1896.0,734.8,85.89,370.4,6.178,17.1,0
40.75,2026.9,572.2,100.0,249.5,2.35,1544.1,0
62.5,1326.1,491.3,90.59,,5.51,2182.3,0
38.38,802.6,606.3,100.0,185.2,0.991,1248.3,0
63.18,1898.7,249.9,89.93,461.1,0.963,1745.3,0
56.93,1019.0,665.7,93.82,438.4,2.018,1522.9,0
62.35,1930.5,688.6,94.13,438.9,3.221,2392.1,0
63.96,1460.7,704.1,94.7,299.3,4.62,686.0,0
60.01,1782.6,775.8,90.14,415.2,3.566,2045.0,0
,2102.3,573.1,82.5,107.2,3.826,13.0,1
85.93,1022.7,604.6,100.0,82.9,3.933,1572.0,1
59.08,1333.0,612.7,88.46,441.0,1.505,2121.5,0
62.76,1377.8,460.1,95.37,270.4,4.211,3751.7,0
54.09,1706.3,576.8,91.68,303.9,2.943,458.3,0
25.15,1068.9,415.9,78.52,354.8,8.055,3652.7,0
71.59,1939.1,355.9,,480.5,4.397,57.0,0
62.84,1492.2,347.3,100.0,120.8,1.828,3238.3,0
85.82,1700.7,512.3,95.47,119.4,0.721,3655.1,0
78.77,1440.5,563.8,95.31,,3.169,4144.7,0
34.07,2023.6,443.4,81.41,498.6,3.59,4583.5,0
53.21,1280.6,387.8,100.0,377.5,1.0,1890.0,0
45.71,1657.6,541.6,94.2,312.5,6.162,1690.9,0
66.44,1309.2,492.4,96.99,329.4,7.751,1948.7,0
71.2,1006.7,557.8,85.11,186.3,2.533,3631.6,0
52.49,1756.6,622.4,94.27,215.4,5.7,1959.1,0
62.04,1845.1,591.7,83.51,101.1,3.533,2603.1,1
72.21,1747.5,573.5,100.0,386.3,0.648,3415.3,0
98.03,1421.7,661.3,96.44,218.8,2.571,3810.8,0
71.53,1852.6,341.4,93.01,234.5,3.832,1005.6,0
51.51,1273.6,662.3,90.21,59.8,2.902,1886.2,1
49.91,1567.5,394.0,96.01,205.9,3.382,4765.2,0
47.93,1014.4,448.4,85.1,,6.703,3696.5,1
102.87,1760.1,484.4,89.29,303.5,2.379,3210.1,0
113.62,1689.4,452.9,95.75,285.6,4.984,867.3,0
63.13,2104.8,613.0,89.77,206.8,5.138,2132.6,0
69.91,2036.2,549.0,89.34,174.4,7.699,939.2,1
50.28,1926.5,586.0,92.3,350.3,0.305,3967.8,0
52.86,1829.0,377.8,78.81,140.8,4.397,2848.2,1
,1501.7,660.7,86.95,316.0,4.673,585.6,0
56.89,890.9,564.1,88.04,433.2,2.291,2581.5,0
55.55,1484.3,460.5,93.02,293.3,0.663,1505.0,0
97.58,2060.6,472.5,100.0,119.6,4.971,687.6,1
47.89,1881.0,457.0,83.08,420.6,2.365,1106.8,0
41.61,2557.3,573.5,97.12,281.0,2.499,23.7,0
78.2,1512.8,440.7,97.37,215.1,2.723,4054.7,0
84.88,1795.7,579.1,95.65,397.9,1.768,3731.9,0
108.24,1205.2,287.7,89.54,356.8,4.202,2627.0,0
64.17,1612.0,457.3,88.86,60.5,2.77,2457.2,1
45.65,2049.9,732.9,85.16,151.1,1.92,2130.0,0
52.16,1404.9,700.9,85.6,98.1,0.891,3056.4,0
50.37,2043.9,628.4,88.83,297.4,,1457.5,0
63.97,1621.4,723.7,95.58,354.7,3.738,925.5,0
46.99,1709.9,387.8,85.97,468.1,2.997,3556.0,0
42.2,935.6,439.6,99.24,,1.712,932.8,0
77.52,980.3,639.1,87.85,260.3,3.388,4118.9,0
100.84,1573.6,394.2,97.34,491.1,3.639,4535.6,0
52.2,1115.7,339.8,93.06,235.5,0.008,4661.5,0
73.09,1211.7,595.8,82.73,84.9,1.0,396.3,0
49.79,1544.2,573.3,96.23,453.7,3.272,1722.6,0
-20.48240683180736,1376.8,653.1,100.0,274.5,2.951,1028.6,0
59.31,1182.9,524.0,94.74,358.1,2.239,145.3,0
68.38,2687.8,526.7,85.88,460.1,3.044,1329.0,0
54.66,1703.0,595.5,96.78,483.0,0.289,586.3,0
46.03,2104.6,567.1,91.02,,5.267,4589.5,1
91.4,1917.7,445.9,96.87,466.7,0.323,4464.5,0
46.66,1131.7,368.9,100.0,389.7,1.108,2331.6,0
70.5,1206.6,516.0,82.93,58.5,4.116,3916.1,1
71.73,1236.6,503.9,80.01,172.5,4.416,2623.3,1
71.79,1648.4,517.2,90.5,62.2,1.072,4338.0,1
85.48,1543.4,477.3,100.0,122.6,5.579,2395.7,1
79.32,2099.9,565.2,97.11,425.2,4.504,2858.2,1
63.35,1593.0,404.0,97.89,78.5,3.696,2707.7,0
69.4,1559.1,504.6,87.15,386.4,2.205,180.9,0
,1065.8,738.8,84.55,87.8,0.23,4851.2,1
85.17,1703.9,545.6,77.24,55.1,0.957,9.2,1
62.47,1360.1,703.2,90.75,301.8,2.645,3251.2,0
46.59,2040.4,481.1,87.56,70.7,0.734,2689.7,0
68.71,934.1,578.4,86.9,388.3,1.16,1897.4,0
73.93,1725.9,542.3,96.28,183.6,2.097,3914.0,0
83.23,1539.4,615.7,74.47,227.2,3.057,2264.7,0
81.83,898.5,357.2,91.88,279.6,4.839,1117.2,0
32.8,2082.4,575.1,95.87,349.6,3.402,257.4,0
71.4,2062.0,523.1,86.57,219.2,1.896,3822.0,1
59.08,1519.6,406.7,92.29,366.3,6.016,2936.6,0
48.97,1931.6,445.4,95.19,270.7,1.22,1809.7,0
69.83,1428.9,547.2,90.47,398.0,4.903,4780.5,0
63.47,2132.9,471.5,88.02,211.6,0.172,1587.5,0
90.08,983.3,690.7,100.0,179.9,5.778,228.6,0
64.31,2102.9,546.8,96.07,481.5,3.204,500.5,0
49.57,1733.6,558.1,99.88,218.2,0.53,2035.6,0
57.89,1121.8,532.6,92.88,,8.202,3281.5,0
69.69,1455.1,454.6,97.44,408.8,3.267,412.1,0
62.48,1746.8,500.4,86.41,130.4,4.119,2602.9,0
54.57,1676.3,506.1,100.0,148.6,5.696,3099.7,0
88.53,1722.8,452.1,98.51,156.9,0.903,2995.6,0
70.24,1801.1,540.2,99.74,337.5,1.631,3276.7,0
79.88,1698.9,560.3,92.12,285.4,1.399,1991.9,0
48.32,1436.1,469.6,89.64,82.1,4.245,2387.1,0
,1348.7,592.4,90.52,277.9,1.175,1053.8,0
84.49,2048.5,623.4,98.47,303.7,4.208,124.8,1
55.01,2118.9,607.1,89.73,210.5,2.844,3246.0,0
49.22,1768.9,513.4,95.01,207.5,2.181,3509.6,0
56.51,1641.1,499.2,97.41,321.7,2.899,4368.2,0
74.83,2269.5,643.4,96.14,146.3,2.906,85.7,0
52.37,1896.7,588.0,97.11,371.9,1.111,771.2,0
43.5,10121.201449129687,392.0,,115.5,,428.7,0
55.8,1328.9,500.6,85.21,59.4,5.096,4919.1,1
37.25,1730.5,528.7,93.97,284.5,0.394,1628.7,0
-30.958625914973503,1580.7,679.1,94.62,142.0,4.614,1321.4,0
77.58,1379.6,527.0,100.0,483.8,2.448,3839.3,0
58.57,1214.0,574.3,92.01,123.6,4.1,2149.8,0
48.21,1898.7,606.2,98.87,469.3,3.661,3338.9,0
57.59,1992.9,375.5,93.24,183.6,2.177,4565.7,0
74.7,1879.0,522.2,100.0,381.3,7.24,4631.0,0
66.54,1589.6,623.9,99.75,110.2,2.34,2273.5,0
56.87,1412.8,367.8,89.59,68.8,6.295,1534.7,1
87.07,938.9,484.4,100.0,108.4,1.274,4164.4,0
48.92,1560.5,422.2,100.0,247.0,1.522,3658.1,0
58.48,1075.3,452.0,88.44,,1.35,2182.1,0
46.06,2229.5,534.1,89.66,242.6,1.568,2118.9,0
80.04,1926.0,479.8,96.82,452.3,4.179,475.6,0
25.44,1709.6,369.6,85.39,80.7,4.579,1909.1,0
16.0,1970.1,554.9,89.61,,2.659,2129.3,0
56.49,1482.4,498.2,81.24,150.1,6.25,2855.2,1
82.85,2129.1,505.2,97.27,197.6,0.375,4562.7,0
60.81,1978.0,567.6,81.42,232.1,2.726,199.2,0
47.3,1485.7,276.7,,226.6,0.39,4122.5,1
104.28,2001.1,314.0,98.6,280.1,1.275,4277.3,0
57.15,1248.2,487.3,100.0,130.2,3.986,1317.2,0
42.35,1381.0,463.3,81.98,81.7,2.992,1733.1,0
69.72,890.8,523.3,88.46,170.3,2.45,906.9,0
70.79,1662.8,546.2,100.0,284.9,4.816,1783.8,0
62.41,1085.5,485.9,91.26,299.5,3.716,4081.9,0
46.59,823.3,601.2,94.93,481.1,5.674,4247.6,0
,1457.5,370.3,100.0,296.3,2.567,4460.3,0
77.87,1002.4,652.6,87.52,485.6,1.473,303.7,0
79.71,1435.4,481.1,89.94,113.9,1.631,4018.4,0
82.97,1355.7,638.5,94.46,388.4,4.359,1883.3,0
43.5,1369.1,510.1,94.08,351.2,2.118,3344.2,0
82.5,1503.5,535.6,79.26,221.1,3.971,1521.0,0
99.39,1827.9,620.2,97.69,85.1,3.374,2052.8,1
79.64,1617.6,592.5,93.45,317.1,4.541,2326.6,0
79.72,1349.4,656.7,82.57,123.1,6.51,4932.5,1
68.6,1585.0,375.3,92.29,209.1,0.488,793.6,0
40.36,1334.8,419.3,93.61,244.4,2.982,2934.6,0
72.68,1280.0,649.2,86.04,82.9,2.821,205.6,0
77.78,2176.3,509.4,92.66,411.7,6.857,1059.0,1
46.14,1118.4,609.0,96.05,318.7,2.002,1620.7,0
81.29,1234.0,590.1,97.68,294.1,2.247,4942.8,0
45.75,1377.5,468.3,96.84,51.2,2.96,3117.3,0
72.75,1769.4,763.8,96.41,92.2,5.216,2666.8,1
57.65,1884.5,558.9,91.36,330.3,0.508,1242.4,0
68.75,1553.8,557.1,91.0,187.1,1.002,865.0,0
73.65,2441.1,377.1,95.55,99.6,4.33,3283.9,1
48.54,1766.3,440.2,97.15,311.3,1.393,3838.1,0
79.56,1849.1,467.9,84.13,398.3,4.312,4567.1,1
58.76,2190.8,386.0,98.37,114.9,0.392,1039.2,0
62.39,1802.8,567.6,86.39,307.8,1.573,1408.3,0
76.06,505.0,600.0,89.38,186.4,5.18,686.6,0
44.69,1287.0,586.8,81.73,284.3,3.237,2211.4,0
63.29,1824.9,683.9,90.87,141.1,6.138,3172.5,1
82.61,1543.2,638.9,88.27,84.7,,2045.6,1
73.62,1684.7,584.3,84.69,165.6,2.253,1369.2,0
64.6,1630.0,583.1,93.26,493.3,3.033,2656.3,0
67.36,1616.2,340.1,100.0,374.0,2.32,3574.8,0
83.56,1866.5,517.6,91.87,209.8,3.713,3670.7,0
66.66,1429.3,611.4,98.47,294.5,1.245,172.3,0
79.58,1234.3,538.2,88.79,211.2,3.967,64.2,0
50.35,2248.5,408.5,89.75,284.5,6.431,469.7,0
86.4,1667.9,536.7,94.08,324.5,1.531,2480.6,0
31.76,1584.3,659.0,99.02,278.3,4.088,2073.8,0
80.96,1539.4,607.8,93.31,443.3,4.758,2147.4,0
36.44,1963.0,298.9,96.3,,1.339,1120.4,0
60.87,1371.1,537.2,88.54,468.0,2.353,3651.1,0
79.92,1201.9,582.8,100.0,419.3,6.13,2244.9,0
57.62,1281.1,474.0,95.23,94.1,1.394,2087.8,0
47.85,1488.4,499.0,88.71,194.4,4.171,2467.8,1
53.88,1578.3,270.8,100.0,449.7,3.34,3697.6,0
53.03,1885.0,547.4,95.85,379.7,2.777,3254.5,0
67.31,1386.8,614.9,92.07,100.0,2.288,2410.2,0
72.08,1500.0,491.3,89.29,196.0,3.53,4162.8,0
84.33,1867.3,437.3,90.75,78.4,2.446,2191.8,1
48.82,1654.1,533.7,98.73,422.3,5.854,4057.8,0
83.38,1643.7,534.8,91.47,259.3,3.844,3490.8,0
77.28,1864.9,533.6,85.63,263.2,0.35,3114.0,0
55.26,1423.8,461.0,95.58,491.0,3.188,4244.3,0
86.93,1891.5,364.1,89.7,351.5,0.882,1656.6,0
79.6,2064.4,469.4,98.97,284.5,2.317,4096.5,0
70.24,1349.8,477.6,94.63,186.4,3.525,1599.8,0
87.36,1593.0,417.6,98.08,61.8,1.744,1529.2,1
75.51,2099.8,517.5,88.52,334.6,4.582,2287.8,1
72.02,1683.8,625.0,89.42,204.0,0.022,1369.4,0
63.87,1490.3,662.4,97.41,322.0,3.672,1392.2,0
56.09,1381.9,368.5,98.47,87.2,,2434.8,0
105.92,1085.8,450.1,,472.4,2.5,3272.0,0
57.97,1613.8,726.6,100.0,208.8,4.702,3249.9,0
47.24,1659.0,510.9,100.0,373.8,4.593,1598.9,0
46.41,1899.0,477.5,83.7,63.9,7.187,2437.9,1
38.18,2078.5,346.1,100.0,258.3,4.04,270.7,1
60.55,1380.1,256.3,98.54,206.5,4.677,3610.4,0
58.01,1223.2,555.4,82.98,151.4,4.441,509.0,0
92.73,1322.4,457.6,91.23,139.1,6.285,3634.5,1
54.86,1078.1,372.5,100.0,228.5,7.213,466.2,0
62.29,714.4,346.3,95.81,434.8,0.048,3768.7,0
53.31,1491.7,546.5,100.0,265.7,9.026,465.8,0
69.16,2184.5,447.2,100.0,126.5,2.382,2777.8,0
56.27,1351.8,370.7,85.11,,0.728,760.7,0
76.93,1974.8,409.3,80.08,118.1,2.579,3568.6,1
51.61,1815.4,516.0,93.35,250.7,5.881,2674.6,0
63.6,1306.6,634.4,90.62,312.4,6.107,165.0,0
47.16,1794.0,559.1,97.29,98.9,4.049,32.4,0
51.5,1100.3,397.0,87.33,111.8,4.851,2072.3,0
83.41,1714.7,557.5,100.0,398.5,2.563,2624.7,0
58.57,1593.1,506.9,,121.6,4.129,982.0,0
60.04,1736.2,436.9,81.47,355.2,1.041,3494.1,0
,1908.0,583.4,98.33,472.5,3.329,1027.3,0
69.93,1550.2,532.4,76.98,62.4,2.38,3999.6,1
70.13,1480.3,512.2,91.11,271.3,4.549,4515.9,0
42.22,1852.4,328.8,100.0,163.4,3.834,1578.6,0
67.45,848.7,609.4,100.0,217.7,0.18,112.2,0
65.24,1666.8,569.1,87.71,433.8,4.751,1383.4,0
74.8,1046.8,554.5,93.74,302.6,0.047,2782.6,0
41.09,1888.4,487.6,91.68,454.7,0.762,569.5,0
53.63,1295.4,422.0,88.28,439.8,0.268,3075.8,0
58.66,1531.8,595.5,93.45,330.6,1.162,119.4,0
81.59,1580.9,480.6,96.68,270.8,0.683,3665.3,0
46.62,1440.1,712.8,97.99,318.3,8.473,2509.0,0
76.83,1858.6,305.4,97.86,265.6,0.659,324.3,0
50.56,1362.2,674.4,98.21,471.5,,2362.9,1
91.74,1223.1,621.8,100.0,258.0,4.088,2913.6,0
61.11,1756.4,331.3,100.0,367.5,1.397,2643.8,0
92.21,1942.7,486.1,90.2,124.1,1.579,3461.1,1
45.79,2256.4,535.4,97.9,133.2,2.168,4467.5,0
72.8,2248.5,172.4,94.6,258.6,4.464,2952.9,0
74.51,1870.6,511.8,90.97,392.6,6.477,1234.3,0
54.08,1481.1,390.9,84.68,380.0,2.78,1852.8,0
54.85,1643.8,461.8,99.78,132.9,4.357,2081.7,0
41.4,1916.5,409.8,91.98,186.0,,4919.0,0
72.13,1626.2,425.9,100.0,490.2,3.691,554.6,0
102.17,1719.1,802.6,83.7,342.3,1.109,1926.0,0
57.4,1712.0,457.3,78.62,447.7,5.24,4913.2,1
43.39,1333.4,419.5,94.18,87.6,2.267,3966.8,0
80.68,2037.5,660.7,89.18,199.4,2.926,4378.1,1
58.91,1571.9,514.0,93.36,334.4,0.562,838.3,0
59.89,1572.9,582.7,96.29,200.1,0.66,4532.5,0
76.34,2128.3,361.4,86.18,388.0,1.604,3897.3,0
55.68,1213.7,433.8,100.0,232.1,3.058,42.1,0
109.31,1141.5,437.1,88.03,286.1,2.504,280.6,0
37.94,1009.9,600.1,99.07,211.7,3.113,484.9,0
69.57,1964.9,727.8,100.0,314.9,2.391,811.7,0
101.09,2146.4,379.5,99.67,284.0,6.071,2305.6,1
85.88,1358.4,503.7,98.33,311.6,6.528,1290.4,0
56.13,1724.1,767.0,89.67,365.1,6.454,2923.9,0
69.25,1631.8,423.9,100.0,488.9,5.313,3021.0,0
48.04,1722.0,658.2,89.95,358.0,2.836,1441.1,0
55.52,1311.4,356.9,92.18,127.8,1.865,2406.9,0
70.61,2359.5,466.5,,375.0,2.908,2701.3,0
57.99,1949.2,557.6,94.27,415.9,3.694,319.0,0
70.33,1276.5,507.1,100.0,377.2,7.467,1195.9,0
48.97,1281.4,526.0,92.64,350.7,0.687,2000.3,0
57.8,2640.0,513.4,88.69,458.2,,4579.9,0
64.34,2423.0,593.6,98.79,457.6,1.943,588.2,0
62.13,1595.8,346.8,100.0,472.9,2.982,740.8,0
50.81,1826.3,572.9,97.76,462.4,1.504,507.5,0
52.15,1621.9,558.8,100.0,319.8,2.1,2632.4,0
48.26,1757.6,498.7,83.32,298.1,2.26,4602.2,0
61.76,1607.6,495.2,100.0,186.4,3.756,4432.2,0
36.13,1581.9,563.5,100.0,94.1,1.347,1950.0,0
52.09,1605.2,644.2,100.0,228.7,5.603,689.7,0
57.45,1604.5,684.0,92.92,462.7,5.471,1424.0,0
34.12,1647.4,705.6,95.28,301.3,5.031,2760.4,1
53.98,2578.2,528.8,89.55,,3.294,2248.9,0
62.89,1222.2,392.1,100.0,,2.184,388.9,0
42.48,1197.1,447.5,100.0,,0.119,1859.8,0
58.28,1546.4,519.3,100.0,193.2,5.358,3861.6,0
57.45,1657.7,543.4,86.49,378.2,3.496,2936.2,0
50.34,1380.5,424.6,100.0,52.7,4.94,2404.5,1
51.67,1673.6,690.1,87.02,427.5,2.255,4171.0,0
16.67,1517.6,480.9,79.41,54.5,7.687,1920.0,0
108.03,1886.1,720.0,98.68,435.7,1.341,3602.6,0
67.58,1530.1,534.5,100.0,218.5,3.661,1143.0,0
59.7,1869.6,560.3,86.95,105.7,1.122,839.9,0
51.34,1622.7,451.3,100.0,487.5,2.331,3484.2,0
39.99,1501.3,498.0,86.64,69.0,1.02,558.3,0
59.23,1684.7,529.4,92.2,137.2,0.451,743.3,0
51.93,1670.3,564.6,100.0,291.2,1.913,1069.1,0
63.54,1432.9,517.4,93.02,416.3,5.698,3724.1,0
57.2,1298.4,561.7,100.0,350.9,1.94,1683.7,0
63.63,1940.5,553.7,,89.2,4.198,4114.6,1
51.84,2080.3,501.3,88.53,247.5,5.006,2092.0,0
65.2,1730.5,607.4,89.94,372.8,1.912,4635.1,0
88.2,1322.6,486.3,100.0,79.7,0.005,3750.6,0
96.31,1505.7,722.9,95.73,462.6,1.124,775.7,0
100.31,2105.5,478.4,,224.7,2.694,1895.6,0
43.72,1992.5,623.7,95.55,54.8,5.381,1245.7,1
50.89,894.8,474.7,92.0,263.7,5.955,1788.3,0
,1340.7,635.8,96.19,111.3,0.871,2863.8,0
56.54,1253.2,458.5,79.36,432.7,4.48,718.9,0
68.57,1284.9,531.9,92.93,443.7,5.982,3825.5,0
,1435.9,544.6,82.37,113.3,1.279,4133.3,0
39.42,2091.2,594.7,97.42,459.6,2.817,4462.3,0
69.53,1167.8,669.3,89.36,442.9,7.001,265.0,0
48.9,2191.9,275.6,100.0,,2.125,3263.9,0
76.46,1304.6,390.3,91.52,317.9,2.047,596.2,0
41.84,1740.0,286.9,88.06,166.1,3.74,1459.9,0
97.5,2040.9,462.0,94.32,163.6,6.484,3623.8,1
43.66,1967.0,605.7,88.57,377.2,2.297,761.0,0
75.74,1277.3,541.4,89.96,107.4,,2200.9,1
60.18,1684.6,560.7,88.11,427.6,1.352,170.5,0
63.19,1304.5,337.1,91.86,74.9,5.864,4813.8,1
61.69,2051.5,476.9,96.72,62.1,0.94,2045.6,0
78.72,1281.1,574.7,100.0,135.6,2.065,2194.7,1
48.71,1756.9,640.3,85.99,52.9,0.459,1975.5,0
23.63,1917.7,416.6,95.21,69.8,4.416,2405.8,0
73.47,1739.9,498.1,86.42,179.4,1.801,4233.8,0
67.34,1995.3,658.5,100.0,270.0,0.906,3229.0,0
49.8,1235.8,374.0,96.36,306.9,1.912,2633.0,0
34.54,1930.5,632.3,98.21,360.5,1.506,3548.0,0
66.02,1143.5,556.3,80.12,255.6,2.091,4149.3,0
66.1,1510.5,715.5,78.11,319.4,2.602,1677.6,0
53.06,1564.7,416.9,91.2,317.7,2.758,300.9,0
56.86,1775.5,557.6,86.04,170.2,1.488,1989.0,0
41.82,2206.7,629.8,91.52,155.0,8.535,2294.4,1
35.25,1463.1,670.5,78.84,292.4,0.945,3705.7,0
76.61,1631.7,512.8,98.48,408.0,2.161,2969.6,0
76.46,1304.6,390.3,91.52,317.9,2.047,596.2,0
63.18,974.0,458.6,,56.3,0.894,3899.2,0
68.52,10620.68041934106,469.2,89.3,,2.099,3323.2,0
46.84,897.6,417.0,87.74,332.9,0.035,635.2,0
65.37,1756.8,576.2,93.82,210.6,2.374,130.7,0
78.78,1008.0,571.8,100.0,250.0,2.398,2093.2,0
65.16,1671.4,593.4,89.35,80.8,2.783,1015.3,1
56.18,2110.5,508.6,85.08,349.5,0.153,1068.2,0
100.81,1603.6,498.2,89.87,63.0,5.479,2886.1,1
62.81,1545.4,513.6,87.61,468.2,2.542,1469.6,0
47.27,2627.9,482.6,97.73,461.2,4.957,2901.7,0
53.67,1590.3,556.0,100.0,455.4,1.027,1777.6,0
64.42,1450.3,607.0,96.09,218.7,1.954,1958.9,0
56.65,1391.8,463.1,91.5,420.8,2.371,3283.6,0
,2023.5,633.9,92.47,445.6,3.367,2187.1,0
82.33,2822.7,353.7,100.0,477.0,5.497,1083.5,1
31.81,1694.0,492.5,88.61,333.6,4.192,2351.0,0
69.51,1103.7,578.6,95.8,72.0,4.195,2377.6,1
41.32,1555.0,677.6,90.23,239.3,3.566,3570.9,0
62.22,1843.1,572.7,89.65,201.5,,3010.1,0
84.39,1826.7,494.0,83.96,219.3,1.188,2307.2,0
52.76,1377.2,361.2,89.9,472.7,0.868,4051.0,0
69.02,1796.4,693.5,94.02,352.3,4.126,4916.0,0
49.16,1481.3,421.5,87.43,435.5,4.691,1927.7,0
64.7,2155.0,439.5,92.0,231.2,0.958,4600.1,0
65.24,1303.2,497.8,91.45,363.8,0.669,4347.9,0
52.0,2396.0,429.2,97.11,389.3,2.98,3467.0,0
90.09,1833.6,519.0,99.16,168.8,2.446,426.5,0
70.65,1092.3,423.3,84.1,345.9,3.032,1198.2,0
,2102.4,493.6,94.23,327.6,6.976,3025.2,0
94.7,2083.4,467.1,93.8,265.8,2.757,1499.2,0
91.71,1672.0,546.2,89.2,408.2,0.761,733.6,0
48.08,1340.3,708.4,95.52,146.1,1.338,4692.6,0
57.89,900.0,417.0,97.52,127.6,0.985,1658.9,0
51.27,1491.0,593.4,87.44,262.7,0.486,2713.4,0
80.99,1196.9,644.4,98.1,381.4,2.177,4508.1,0
66.76,957.1,644.6,80.8,482.7,,3293.4,0
65.06,1287.2,671.7,84.06,59.8,0.724,366.9,1
95.61,1490.2,470.8,91.25,54.9,1.784,4569.5,1
57.94,1603.2,514.3,87.92,281.4,3.493,4918.5,0
85.77,1970.6,645.2,89.02,436.0,2.168,1990.6,0
82.92,1963.8,598.3,100.0,486.5,4.5,2174.2,0
85.94,1732.3,350.2,93.03,366.7,0.454,185.5,0
38.26,816.5,583.2,92.41,218.4,2.435,3647.4,0
57.99,1869.4,599.6,78.0,363.5,2.159,3063.8,0
64.33,1198.2,552.1,93.66,,2.407,2741.7,0
54.88,1390.3,682.3,97.17,475.4,1.922,3294.1,0
58.11,1432.6,514.9,90.3,287.6,1.904,3746.8,0
43.13,1746.2,544.4,93.1,,2.194,1707.4,0
50.71,1278.6,510.1,98.08,115.3,5.872,2278.5,0
49.96,981.7,616.1,100.0,339.7,5.731,2147.6,0
69.26,2103.2,534.7,96.4,450.1,4.184,1396.8,0
99.5,1602.8,531.1,85.37,,2.654,3772.8,0
32.64,1429.3,585.6,88.02,68.3,3.649,2861.4,0
83.59,1777.1,471.2,88.61,318.1,2.945,1122.2,0
74.69,1116.6,507.0,94.37,110.4,1.934,1362.4,0
57.7,953.3,492.6,83.57,189.5,0.852,1105.4,0
66.1,1818.7,454.8,90.04,480.6,4.291,3062.3,0
56.73,1267.8,679.8,95.04,379.8,5.793,287.1,0
49.75,1145.9,395.7,95.65,179.6,2.499,3034.6,0
57.33,881.7,515.9,97.43,120.7,4.131,1959.6,0
60.59,1733.0,667.5,92.98,293.4,2.45,3881.8,0
46.27,1278.8,414.3,,77.9,3.232,4780.7,1
54.2,1234.6,460.7,100.0,55.2,0.915,1684.7,0
68.35,1389.1,433.3,94.46,330.0,4.175,4929.5,0
51.17,442.0,582.3,95.01,178.1,1.954,4906.2,0
44.46,1515.3,399.9,79.76,68.8,2.222,1500.5,0
62.17,1883.1,578.5,88.63,65.4,1.033,1335.5,0
50.4,1036.7,461.2,87.81,175.5,0.784,944.7,0
73.71,1117.8,833.9,89.89,326.7,4.993,1350.6,0
83.52,2322.3,595.1,87.9,313.1,4.008,3373.4,1
67.8,2060.9,539.6,96.86,271.5,4.551,2553.6,0
58.15,2220.0,502.8,100.0,294.8,2.067,1596.6,1
65.3,1481.2,463.3,100.0,,3.042,2881.7,0
50.44,942.3,503.1,99.84,135.8,1.411,4072.2,0
89.72,1755.3,507.7,,211.8,4.826,1358.9,0
56.58,1333.6,563.2,86.47,182.7,2.478,3876.9,0
47.5,1698.7,531.6,95.76,56.5,0.327,3747.6,0
69.72,1156.1,482.0,97.0,,2.215,4035.0,0
54.49,2036.4,648.6,89.84,178.9,5.506,1731.2,0
45.37,1778.2,354.6,100.0,92.9,0.512,1409.0,0
39.69,793.5,391.4,92.37,312.4,3.126,3034.1,0
58.94,1289.5,677.3,95.4,287.0,0.69,2296.6,0
97.69,1373.9,490.7,100.0,385.6,4.592,3330.6,0
58.42,1524.0,691.3,96.4,216.5,1.532,4680.6,0
72.91,1290.8,455.2,87.07,247.5,5.075,911.9,0
66.32,1265.0,337.0,97.99,164.3,2.684,1004.1,0
75.75,1395.2,746.3,100.0,66.6,2.222,4068.8,1
55.39,1983.1,583.8,94.65,222.1,0.425,1460.5,0
47.4,1486.5,453.3,93.91,298.4,3.64,1242.7,0
41.27,801.9,606.1,94.37,208.8,3.238,2072.1,0
70.52,2179.4,543.3,83.61,371.3,4.959,4420.0,1
38.01,1968.2,413.3,91.53,419.0,0.301,3.3,0
82.82,2441.6,461.5,98.72,102.9,2.142,358.5,1
45.57,2356.2,577.7,88.48,387.7,2.911,3262.4,0
108.43,1871.1,278.0,91.91,223.9,2.702,121.3,0
103.81,1721.3,608.8,89.47,392.8,2.661,2781.9,0
78.72,1886.0,416.7,92.51,253.4,2.56,1156.8,0
61.93,1800.2,599.0,93.96,343.6,3.301,3751.0,0
106.17,1368.2,543.0,100.0,109.3,5.389,2019.0,1
54.04,1978.0,479.5,84.3,103.1,1.321,2147.7,0
67.88,1696.0,410.5,88.86,252.3,1.436,4351.8,0
53.71,1503.9,496.1,100.0,99.4,3.142,1903.1,0
66.72,422.8,500.6,90.22,277.9,0.348,1217.2,0
61.38,1788.9,594.2,,118.1,5.374,3939.2,1
63.74,1373.5,529.2,92.66,236.4,6.352,4824.1,0
59.53,1188.7,399.3,79.58,342.3,6.395,1140.9,0
76.29,1711.9,432.8,81.63,472.2,1.388,4003.5,0
58.75,1342.8,583.1,92.85,388.0,7.06,3667.1,0
,1600.2,550.1,98.49,479.0,3.192,3803.3,0
69.49,2112.1,515.9,87.86,442.3,3.324,2277.5,0
79.55,1329.6,352.1,98.34,438.9,1.265,633.2,0
32.83,1394.1,485.7,86.06,352.2,0.569,4083.3,0
73.2,1600.9,355.5,94.88,264.7,3.753,2426.4,0
61.55,2008.4,493.1,97.33,295.4,6.487,2495.5,0
93.5,1507.4,458.0,95.76,437.5,0.919,1518.6,0
68.2,2238.8,718.7,97.89,323.6,4.516,3962.4,0
54.21,964.5,572.3,98.94,337.5,1.077,3958.8,0
53.39,1372.3,603.5,100.0,82.2,1.854,3475.9,0
46.77,1161.3,464.5,100.0,358.9,4.652,1538.8,0
39.78,1876.0,446.6,100.0,349.0,2.385,3244.3,0
80.82,2122.4,448.1,96.28,435.9,2.57,821.0,0
83.39,1136.0,742.4,90.43,459.5,1.512,276.9,0
42.56,2149.4,606.6,94.03,305.0,6.451,3935.9,0
59.99,1990.8,660.3,79.97,324.1,0.94,3054.6,0
78.92,1390.2,407.2,95.43,298.3,5.718,2396.8,0
48.69,2241.4,445.8,100.0,70.4,1.838,71.0,0
73.75,959.4,455.7,90.03,489.7,0.331,1596.4,0
70.36,1685.0,430.0,99.02,328.0,3.884,1722.1,0
74.5,1718.6,573.2,100.0,127.3,4.603,1522.6,0
55.78,1795.4,473.1,,287.4,1.651,2737.2,0
49.91,1358.9,686.9,83.86,63.3,4.45,775.2,0
,1372.7,618.4,94.79,208.2,0.724,3729.3,0
75.16,1166.8,417.7,100.0,312.0,1.487,119.1,0
102.42,1743.2,500.5,100.0,478.1,6.173,1328.9,0
24.57,1208.1,449.5,92.03,306.8,4.643,2592.1,0
56.6,1286.4,618.2,90.71,97.2,2.587,2367.8,0
46.25,1448.2,524.0,95.23,197.2,2.772,4339.6,0
68.58,2007.2,566.4,100.0,,4.788,4443.8,0
,885.2,451.3,81.84,491.6,,1051.9,0
-23.591318630031097,1514.3,659.4,94.89,236.7,4.449,3008.4,0
77.98,1386.2,510.3,89.38,186.4,1.115,3486.4,0
63.16,1954.0,485.7,86.8,259.6,2.97,4962.1,0
53.05,1882.7,516.3,93.99,381.1,0.865,551.0,0
76.59,1484.0,474.2,89.14,171.2,3.718,1553.2,0
65.09,1730.4,658.8,87.9,174.4,3.399,3665.6,0
86.36,1601.9,574.1,89.72,272.1,5.175,3348.3,0
62.28,1627.1,349.2,91.68,228.6,3.27,82.6,0
57.07,1307.2,589.0,97.56,388.8,3.747,3889.6,0
59.08,1925.5,671.6,83.65,268.9,2.838,4897.1,1
104.13,1402.5,555.8,98.84,242.0,2.476,3764.5,0
75.94,1487.9,328.8,95.82,111.7,3.157,3745.1,0
55.12,1110.5,470.4,93.81,130.8,2.272,3563.2,0
46.3,1064.1,451.8,91.54,202.4,4.703,3715.0,0
,1389.2,583.7,100.0,206.9,2.363,3463.3,0
86.3,1979.7,370.3,,269.5,3.01,805.1,0
51.9,1817.5,557.7,85.07,425.6,2.645,3149.8,0
83.36,1122.1,543.2,88.88,142.6,4.962,215.6,0
,949.2,487.2,84.88,378.2,0.919,1457.9,0
61.09,1717.5,458.3,99.23,184.9,4.106,1820.2,0
,989.5,489.5,92.89,56.7,4.462,382.7,1
55.39,1598.3,637.1,94.93,365.1,3.037,1289.9,0
69.6,1543.7,591.7,87.67,379.5,2.828,2916.1,0
68.38,1483.1,456.6,98.5,106.2,0.666,2064.5,0
62.81,1601.9,487.4,95.99,227.7,2.396,2071.7,0
77.69,1859.3,522.6,99.73,361.4,0.885,3328.6,0
65.41,1019.8,447.6,95.18,407.4,1.359,798.2,0
72.64,2036.4,643.9,98.8,351.6,1.543,2693.1,0
25.67,1615.3,646.4,96.31,430.9,3.122,4979.1,0
90.31,1520.0,659.8,100.0,355.3,1.572,2776.7,0
64.16,912.0,539.4,100.0,123.2,2.198,4046.3,0
87.65,1613.7,640.8,89.04,101.6,7.022,411.7,1
41.93,1682.8,529.9,,148.0,3.247,4080.4,0
78.39,1438.0,495.5,82.95,251.7,1.885,3000.7,0
31.28,1843.9,440.5,88.2,376.5,2.519,2817.4,0
47.49,1194.0,457.7,100.0,247.1,1.56,4123.6,0
73.52,748.6,533.3,96.32,350.5,6.582,4478.5,0
84.54,1979.3,477.8,89.9,213.0,3.581,1841.7,0
,1211.2,516.5,99.46,103.4,1.38,3428.0,0
57.59,869.4,407.2,97.35,108.7,6.284,1289.4,0
44.66,2771.7,519.3,,195.8,4.898,3372.8,0
51.27,1408.2,595.6,100.0,211.6,1.802,13.5,0
45.73,1521.8,516.9,96.62,469.9,4.037,4302.1,0
74.31,961.9,544.2,95.54,215.3,0.165,4974.2,0
39.23,2005.9,418.2,88.62,326.9,6.706,2680.8,0
66.03,1573.8,454.8,84.8,270.4,2.275,1281.1,0
67.5,1549.6,257.8,100.0,377.4,6.46,769.8,0
66.79,1296.3,516.9,74.6,290.2,3.667,4799.9,1
41.41,2172.8,575.5,89.06,342.1,5.239,922.8,0
41.55,1959.4,407.8,81.75,197.9,2.898,616.4,0
63.1,1339.2,456.7,94.96,379.5,4.115,3609.9,0
38.02,1940.8,540.5,96.42,300.2,1.57,1449.7,0
76.69,1397.5,527.5,94.73,213.2,3.159,4290.5,1
65.5,1919.0,454.1,100.0,283.9,4.479,3558.9,0
51.81,1762.6,589.5,91.62,176.2,3.659,358.4,0
36.45,1641.8,533.7,90.04,,2.119,4546.7,0
,1793.0,611.7,86.31,164.1,5.182,3129.5,1
80.72,2019.0,466.5,96.59,415.3,4.591,4593.5,1
60.94,1305.6,470.9,86.57,61.2,3.306,1225.3,1
57.66,1370.3,471.5,98.76,381.9,0.724,2806.4,0
89.78,1519.3,439.3,,160.9,2.946,1064.5,0
80.71,1385.3,468.5,97.96,74.2,1.643,3682.6,1
60.37,1999.3,515.4,90.51,251.9,9.415,936.3,1
63.5,2162.5,565.4,94.6,282.8,3.591,4346.9,0
50.37,1609.0,751.0,93.8,405.4,5.216,4171.9,0
57.29,1977.1,685.8,100.0,474.9,6.95,3916.9,0
47.94,1191.4,395.1,78.69,400.0,4.598,4825.9,1
67.14,1482.0,754.9,89.29,467.3,4.54,678.6,0
68.95,2045.1,466.1,100.0,297.2,2.81,1606.0,0
61.73,1959.5,513.4,94.45,165.2,1.745,2770.4,0
75.29,395.7,520.9,98.65,322.0,3.539,3709.2,0
17.38,1556.2,462.6,100.0,465.9,5.294,3072.8,0
74.57,1487.6,440.2,98.49,191.9,1.572,833.0,0
59.81,1677.8,320.4,98.04,284.6,2.944,299.2,0
69.08,1702.9,675.4,95.23,353.7,3.199,2269.5,0
42.46,1676.8,405.0,77.39,356.1,2.372,3744.2,0
71.93,1145.2,729.1,82.03,311.8,3.221,4946.9,1
58.3,1418.4,653.5,93.76,66.9,2.289,3154.5,0
71.71,1504.6,590.7,92.11,270.8,3.708,1725.7,0
62.84,1503.8,495.2,100.0,418.6,3.932,179.8,0
36.25,1359.6,506.1,94.6,442.3,2.388,2071.3,0
44.68,1242.1,515.9,97.15,230.5,1.816,1086.5,0
,817.2,460.5,94.42,130.4,3.371,3754.3,0
63.67,1738.6,341.1,84.69,379.5,1.948,4061.9,0
46.84,14182.032610729708,554.9,99.78,239.6,2.883,417.7,0
88.03,1949.1,348.1,86.04,130.9,2.821,3970.2,1
75.83,1226.7,390.9,100.0,338.8,6.364,1588.5,0
67.2,1923.4,653.4,85.65,346.6,4.639,3559.5,0
64.85,2037.3,355.6,100.0,390.3,4.382,2035.9,0
76.88,1464.1,513.2,99.03,216.2,4.484,2644.7,0
66.49,1981.2,506.5,94.32,258.4,1.424,1096.0,0
74.85,1855.0,351.8,,446.3,2.514,4178.4,0
70.51,2235.1,578.0,96.06,441.3,2.148,846.8,0
67.28,1241.5,472.0,92.16,312.4,6.995,4259.1,0
58.25,13196.604984603237,934.8,95.26,194.3,5.338,1589.7,0
50.88,831.6,565.2,92.34,183.8,0.715,1057.9,0
34.88,1853.3,725.4,,400.2,0.595,1569.0,0
49.45,1763.3,453.3,94.57,311.3,0.691,4561.7,0
48.18,2633.0,396.1,,279.1,3.801,3537.6,0
89.27,1475.3,537.5,86.93,101.9,3.985,1705.8,1
55.54,2177.7,427.3,85.01,439.5,1.002,2510.8,0
54.26,1856.6,258.4,100.0,254.3,2.98,3728.7,0
66.01,1637.3,357.5,95.28,146.2,3.575,4425.3,0
61.9,1275.4,416.8,92.27,415.8,5.824,4920.2,0
50.63,1573.0,628.1,98.98,285.3,1.772,3965.8,0
74.89,1476.4,421.4,89.25,457.5,4.218,2134.3,0
85.86,1753.7,513.7,100.0,137.6,4.14,1995.2,0
68.36,1888.6,355.2,84.9,464.7,6.233,1590.8,0
74.38,2091.7,437.6,98.15,422.9,1.995,268.1,0
,1278.5,543.9,85.02,164.6,1.353,4839.3,0
49.54,1852.6,754.1,96.31,199.2,,1525.5,0
54.85,1167.3,437.2,87.63,350.4,1.918,525.8,0
77.48,1386.0,593.5,82.45,366.1,2.316,2215.4,0
54.06,1269.6,485.7,100.0,293.6,2.209,4343.7,0
53.43,978.3,592.1,98.89,321.2,7.634,1377.0,0
43.98,1468.3,372.1,94.58,240.9,4.825,2573.2,0
59.35,1835.0,482.4,93.72,266.8,3.115,1073.6,0
62.05,854.3,330.3,83.16,372.9,0.476,2217.4,0
45.96,1809.9,626.1,100.0,451.5,2.183,1697.8,0
78.89,2416.2,522.9,88.67,370.4,4.743,4683.7,1
52.75,1209.6,510.4,94.61,134.3,1.173,820.0,0
71.63,1392.5,590.4,98.86,324.6,4.923,3660.8,0
63.35,1692.9,483.2,94.51,212.8,3.283,2652.5,0
49.43,1853.1,479.7,82.63,307.7,2.601,858.6,0
26.16,1208.6,558.9,93.27,354.8,3.662,4625.5,0
33.98,988.7,557.1,88.03,230.7,3.543,1748.0,0
67.78,892.4,443.5,100.0,365.6,3.056,3147.9,0
63.17,1446.7,563.5,79.78,179.3,1.521,4888.3,1
64.42,1874.3,537.0,92.42,400.9,1.886,695.1,0
78.46,1298.7,416.8,86.09,103.0,3.376,514.5,1
,1156.3,390.1,93.64,281.7,4.763,3502.8,0
30.91,1490.3,599.0,86.25,359.2,6.998,1152.3,0
70.76,1538.3,522.9,99.74,211.7,5.076,2061.8,0
60.27,1491.6,580.6,100.0,73.7,1.927,3603.4,0
25.83,923.2,398.8,84.3,392.7,5.323,1362.5,0
60.63,1214.4,469.7,96.68,208.4,4.656,2924.1,0
-29.980503763885686,2031.4,565.6,86.18,420.1,1.974,4161.7,0
44.51,1804.8,569.7,93.27,63.7,2.409,1073.2,0
69.15,1735.4,414.1,100.0,107.1,1.991,1639.1,0
70.81,1158.9,596.4,93.36,381.8,3.5,2580.5,0
49.79,1652.0,591.2,93.83,233.3,4.529,2908.5,0
55.47,2110.9,570.9,97.56,256.5,3.93,1031.4,0
40.84,1864.1,617.5,88.25,239.7,4.334,3217.1,0
46.47,1639.1,452.5,100.0,352.7,2.115,3268.4,0
88.4,1582.9,680.7,100.0,181.5,1.974,1458.7,0
59.18,1407.0,617.7,90.85,237.3,2.492,3114.1,0
47.02,1141.2,474.9,90.71,455.1,1.008,4597.4,0
54.66,2210.3,501.8,100.0,271.9,3.609,4102.1,0
68.23,1338.0,455.5,90.8,254.9,5.116,1466.0,0
70.13,1553.1,625.2,92.65,498.2,3.34,2852.8,0
65.44,1673.6,453.7,78.44,381.3,5.207,483.6,0
61.29,1401.4,735.8,88.33,315.7,0.882,1993.2,0
30.78,1905.6,446.5,79.97,229.0,6.974,29.0,0
75.17,1956.9,599.1,95.77,,1.588,4516.9,0
51.65,1091.7,296.9,94.92,188.1,4.394,1173.5,0
54.27,1506.2,407.0,96.87,319.6,2.073,2209.2,0
77.67,1228.5,368.1,98.38,485.6,,686.1,0
77.99,1580.8,511.0,93.48,192.5,3.177,63.4,0
84.34,1138.3,497.5,100.0,255.3,1.67,2667.7,0
77.12,1695.4,498.9,78.7,169.9,2.023,3462.0,1
51.78,2402.9,598.8,100.0,173.1,0.034,647.6,1
58.35,1911.5,546.3,,115.4,5.105,3372.6,1
74.03,1667.5,481.7,79.09,491.1,0.962,3268.2,0
59.71,1205.9,747.9,98.73,349.3,3.188,2693.1,0
64.5,2315.0,560.7,99.76,269.2,0.706,4625.4,0
83.32,9078.055387214892,403.8,84.03,66.0,5.73,3779.4,1
28.57,1135.8,602.4,100.0,411.9,2.606,3909.5,0
63.8,1073.2,454.2,94.98,58.4,0.892,743.8,0
46.25,1136.7,514.4,86.21,247.4,1.816,3700.1,0
53.82,1651.8,631.5,92.69,410.7,2.703,412.0,0
78.81,1621.2,749.3,90.93,347.9,4.551,2692.2,0
58.24,1459.0,702.5,99.05,171.3,1.412,875.1,0
49.86,1865.8,378.8,84.65,420.9,3.525,1715.7,0
59.77,1858.5,334.0,100.0,,4.089,3758.0,0
57.53,1808.7,585.9,100.0,245.2,4.499,1896.6,0
99.42,2195.0,629.3,93.2,92.0,2.668,543.9,1
52.0,1484.6,527.3,90.24,283.8,2.355,2802.2,0
92.15,1496.0,631.2,92.55,99.9,2.797,3246.2,1
62.31,1099.7,389.7,86.13,366.0,4.039,3484.2,0
40.59,2180.4,321.2,98.39,82.8,0.965,4089.8,0
94.62,1780.7,558.7,89.96,,1.899,3807.9,1
88.37,2015.7,581.8,92.85,114.6,3.959,4233.2,1
53.87,1379.8,553.5,91.77,90.5,1.306,2464.1,0
63.84,1225.8,547.0,100.0,,3.993,2781.2,0
,2118.9,529.3,96.21,449.9,2.748,1002.5,1
49.53,2019.9,449.8,88.38,294.4,5.715,3508.9,0
70.3,1196.2,654.7,95.46,419.1,2.488,2074.6,0
48.66,1627.0,624.3,85.21,383.1,1.648,3461.6,0
65.63,1594.4,741.6,94.89,146.2,8.168,713.8,0
58.62,1828.3,620.7,86.72,325.8,7.832,4012.0,0
61.36,1610.2,598.6,85.27,91.9,4.066,4672.1,1
79.11,1445.4,651.8,95.05,226.5,3.997,864.6,0
74.74,1935.0,611.3,96.85,469.4,1.481,550.4,0
44.31,1597.4,637.5,90.84,218.1,2.994,1751.2,0
31.1,1273.0,482.8,90.7,57.4,4.729,3879.2,0
,2446.1,407.2,82.45,189.8,4.554,4381.4,1
,1526.6,471.8,93.55,165.6,4.674,3435.1,0
69.37,1985.6,664.5,100.0,486.0,6.124,1452.0,0
70.55,1183.2,581.8,77.88,437.4,6.01,778.1,0
52.09,1475.4,542.9,99.12,169.3,3.965,4479.3,0
57.66,2067.0,509.3,85.79,105.5,0.207,3040.4,0
28.87,1970.3,436.0,90.71,51.2,1.384,3020.7,0
16.93,1686.8,498.1,99.35,417.6,2.768,3270.1,0
40.48,1214.1,387.6,96.51,447.3,,4947.7,0
35.16,2586.6,552.1,88.04,,2.501,1627.6,0
50.61,1525.7,547.0,85.22,322.7,2.882,2916.1,0
84.99,2013.7,493.5,85.03,455.9,6.845,386.1,1
69.54,1749.2,277.4,84.78,272.2,3.001,1036.0,0
74.23,1594.3,576.8,82.55,339.6,0.733,3695.6,0
74.91,1299.4,427.0,89.11,436.9,2.588,23.2,0
47.56,783.0,788.6,88.6,237.5,0.247,2339.4,0
53.07,1173.3,506.4,92.24,341.8,4.597,71.4,0
63.03,1910.6,467.1,99.79,114.2,0.076,2437.4,0
87.7,1231.7,449.0,97.48,248.9,1.507,542.8,0
49.93,1709.7,645.1,96.46,344.2,0.161,1921.7,0
84.22,1448.8,518.4,88.53,470.0,0.132,1887.9,0
30.79,1494.6,281.9,99.18,347.5,0.721,3717.6,0
64.1,840.9,699.5,94.68,233.6,1.08,2065.7,0
58.2,2199.2,592.3,90.95,464.4,5.122,1571.6,0
72.1,2122.4,543.6,96.33,130.2,1.568,151.1,0
56.15,1951.4,528.3,89.82,468.9,1.341,592.5,0
61.35,1963.8,706.2,100.0,138.6,2.069,625.7,0
55.77,899.0,476.5,100.0,127.7,2.281,3172.1,0
61.97,808.6,377.5,86.96,394.6,0.529,2572.1,0
,1669.4,602.5,96.63,119.1,1.606,2312.7,0
81.57,1503.3,555.1,99.59,157.0,5.373,1744.2,0
64.09,2125.8,439.1,100.0,499.9,2.904,350.6,0
60.05,1471.1,537.6,,295.0,0.733,2364.2,0
,1794.6,468.7,79.18,264.1,4.747,4606.8,1
72.52,1258.8,499.7,92.33,409.8,1.732,2060.8,0
86.33,1217.9,605.3,100.0,429.6,2.699,1677.0,0
85.79,845.2,580.4,93.19,186.6,3.39,1451.9,0
38.95,1924.4,523.9,87.05,213.2,1.095,1557.9,0
54.43,2155.1,506.1,87.97,,4.114,4813.1,1
42.35,1786.7,485.3,96.75,248.6,0.171,2425.6,0
73.43,1854.3,634.4,95.89,434.9,0.994,1953.2,0
75.39,1299.6,496.4,99.16,417.1,0.129,3667.3,0
49.97,2257.9,462.7,,139.3,3.47,4253.4,1
48.8,1432.3,534.9,84.31,87.3,3.903,4719.3,1
74.59,1481.5,522.4,88.21,207.4,5.537,400.5,0
34.08,1397.4,534.5,100.0,198.3,1.233,3051.8,0
61.46,1749.6,647.4,98.46,55.5,4.221,4063.0,1
54.13,1096.4,303.7,95.18,69.9,1.68,1261.3,0
41.37,881.7,391.5,91.06,99.1,7.344,983.0,0
34.13,1490.3,499.1,93.57,477.5,0.723,1078.1,0
25.62,1929.2,824.0,100.0,145.7,6.411,2233.6,0
92.51,1601.5,517.5,100.0,237.4,0.684,3722.0,0
45.65,1586.4,505.2,90.72,,5.689,1156.8,0
62.81,2346.6,676.4,95.81,322.8,3.765,3736.9,0
80.93,2195.4,526.2,90.71,266.2,0.501,3373.7,0
83.31,1400.8,635.2,97.44,,6.065,1507.5,0
94.86,1357.4,505.6,83.48,166.7,5.714,3713.4,0
88.84,1148.6,596.1,87.27,115.1,6.181,2707.0,1
33.81,1375.6,520.6,100.0,445.4,4.716,2767.1,0
49.7,1372.0,665.5,88.54,233.1,,3295.8,0
90.12,1257.8,354.7,84.7,409.9,1.04,2863.3,0
56.17,1800.8,557.8,100.0,172.1,2.156,4280.5,0
27.44,1795.1,599.7,93.95,69.5,4.847,4543.8,0
91.15,1385.4,547.7,91.97,232.0,5.682,79.2,0
63.59,1282.2,634.8,96.43,350.1,0.856,487.4,0
65.74,1918.5,405.1,100.0,182.2,6.484,1787.6,0
76.98,1473.7,448.6,98.77,373.7,1.325,3276.8,0
53.05,1839.4,481.3,86.56,292.2,2.551,2407.4,0
67.8,1173.4,725.5,90.03,284.8,0.774,3822.3,0
50.85,1032.6,468.2,78.46,89.7,2.784,3724.0,1
77.6,1959.4,721.4,96.23,480.7,4.488,3244.9,0
57.66,2052.3,401.8,87.29,166.1,4.445,2521.7,0
66.59,1169.5,550.2,95.63,289.9,2.517,2822.3,0
55.8,1136.0,541.8,91.26,66.4,1.784,4102.7,0
68.49,1137.7,603.9,85.52,499.8,2.285,3285.1,0
49.39,1077.9,529.5,81.65,378.5,2.622,3101.6,0
61.51,1423.3,506.1,91.38,71.8,2.23,2989.9,1
48.25,1766.1,278.7,89.25,389.9,1.564,615.3,0
75.94,2100.7,320.5,93.86,371.2,4.416,1392.1,0
57.01,2073.5,492.4,93.13,434.7,1.131,2989.7,0
93.16,1272.6,496.8,95.7,231.2,0.354,3419.0,0
44.12,1301.4,631.4,100.0,,0.673,3996.5,0
46.76,1670.0,806.5,91.0,190.8,5.536,1003.3,0
51.42,2568.1,653.4,94.4,312.3,0.815,4343.0,0
94.31,1340.0,547.4,91.46,145.6,,2426.1,0
43.48,1350.2,576.2,96.81,290.8,4.612,2203.5,0
57.06,1620.9,523.1,100.0,182.8,5.843,2511.3,0
77.53,1773.3,639.7,97.33,232.3,0.972,1653.5,0
65.79,1457.1,510.0,100.0,382.3,,3587.8,0
71.19,1057.5,697.4,91.62,129.3,4.89,2728.4,0
-34.58469697415048,1502.3,327.5,88.95,314.3,4.979,2826.9,0
74.76,940.0,720.0,,419.5,4.553,761.9,0
48.11,2366.9,346.0,90.73,409.2,0.583,2740.0,0
84.13,1759.4,505.6,79.12,438.0,0.017,3659.5,0
72.45,1857.8,630.5,89.0,161.2,1.8,2277.3,0
39.37,1881.4,330.2,92.03,402.0,2.05,1791.1,0
,1636.8,512.7,99.99,417.4,4.032,575.1,0
76.35,1497.6,381.2,91.94,154.9,,978.7,1
84.67,1611.5,572.7,84.56,312.6,4.404,3509.9,0
47.39,1888.7,617.8,96.7,91.6,7.233,2317.6,1
90.79,1348.4,555.2,93.98,243.9,4.513,2486.8,0
,1758.3,555.8,90.77,486.7,2.536,2521.2,0
67.57,2121.6,516.0,93.63,293.0,1.041,907.5,0
51.88,1215.1,530.4,94.69,264.6,2.72,2472.2,0
53.25,1491.3,411.8,84.78,399.7,3.298,4671.7,0
79.97,1148.6,361.8,78.7,320.9,5.68,4318.2,1
78.5,1532.0,474.7,87.6,364.5,,4055.8,0
88.53,368.7,505.4,100.0,495.9,1.737,4364.5,0
61.86,1813.9,583.7,88.59,101.9,2.316,1264.5,0
74.5,1592.9,542.2,90.65,254.3,6.149,1127.8,0
55.83,628.4,447.1,100.0,201.8,0.668,3620.9,0
74.25,2177.0,497.0,82.95,148.9,2.878,3818.8,1
74.66,1589.4,477.7,99.16,293.9,3.762,2463.0,0
50.34,2391.5,555.2,82.49,272.8,0.67,1355.9,0
58.68,1990.6,393.7,100.0,263.9,8.271,4728.6,0
47.12,1353.1,573.9,99.8,67.8,4.575,3693.0,0
79.73,1548.4,586.4,90.14,204.8,1.573,3589.2,0
49.64,2283.1,680.2,88.12,379.2,1.237,618.9,0
76.0,1342.4,750.3,100.0,312.1,1.225,4597.9,0
52.98,1252.5,567.6,97.28,373.8,5.284,1470.6,0
83.33,1214.7,654.3,100.0,141.1,4.552,169.0,0
53.53,1838.3,287.0,97.38,336.5,5.236,1477.4,0
60.7,1943.6,529.9,93.78,291.6,0.072,3847.3,0
60.12,1457.7,479.5,91.87,379.8,0.99,54.2,0
42.64,1869.2,388.4,92.95,404.2,5.104,4034.3,0
65.27,1588.5,608.9,84.01,94.0,0.581,3288.8,0
63.96,2180.7,521.2,93.79,201.1,2.31,3561.6,0
66.77,1083.0,468.5,83.26,94.2,4.777,1358.2,1
61.16,1402.8,339.7,78.08,178.1,4.208,959.0,0
60.73,1676.8,595.9,91.93,404.9,5.003,740.6,0
55.93,1857.1,661.6,91.44,453.3,1.813,4832.6,0
67.65,2236.5,747.7,91.33,142.9,1.261,2516.2,1
85.96,1561.4,540.1,100.0,449.1,7.226,510.1,0
71.45,1431.6,460.4,92.35,391.9,4.229,26.4,0
31.02,944.4,395.7,97.8,214.1,4.504,2809.3,0
62.6,1488.0,485.0,87.04,470.8,3.107,675.8,0
,1148.9,668.7,89.15,280.1,0.272,4254.8,0
62.46,1350.6,495.2,100.0,380.7,0.465,2438.0,0
58.82,1181.3,603.1,96.75,492.2,1.765,4494.2,0
55.05,1505.4,609.6,97.34,220.2,6.169,2990.6,0
69.57,1059.3,391.3,100.0,229.6,5.428,1556.7,0
64.04,1761.6,641.9,91.23,459.2,5.679,3474.5,0
69.86,1061.6,339.2,92.15,220.8,3.424,1339.7,0
65.37,1446.6,417.6,93.62,159.8,5.746,3740.7,0
91.63,2084.7,485.0,95.95,175.0,7.38,3147.7,1
62.6,1442.4,611.7,86.07,112.9,4.718,2098.8,1
73.28,1375.1,418.4,87.45,406.4,1.85,356.4,0
89.04,1728.3,480.9,88.41,161.8,4.736,4929.5,1
58.64,1420.5,718.1,91.05,497.5,0.386,599.9,0
88.88,1848.7,512.9,82.95,101.7,2.382,3332.4,1
55.99,1043.8,382.8,100.0,319.7,4.383,4859.8,0
33.65,1868.1,493.7,93.94,415.7,3.265,3776.3,0
49.26,1944.2,459.7,87.74,482.3,6.275,3240.0,0
70.95,1950.5,403.3,89.72,337.8,3.786,4819.8,0
68.49,1342.3,466.7,88.06,326.1,0.068,929.2,0
47.97,2160.0,614.8,94.36,417.8,3.717,2252.9,0
68.89,2048.4,401.6,82.44,369.0,1.789,2865.8,0
73.99,1410.2,555.8,100.0,132.2,4.758,45.2,0
70.76,1648.5,400.1,100.0,208.4,3.522,3711.6,0
79.85,1657.6,727.3,92.41,370.1,1.696,4154.4,0
82.68,1542.4,387.0,69.91,496.6,0.667,4218.7,1
46.79,1773.5,599.8,89.73,381.0,1.82,4321.9,0
74.08,1441.4,340.7,92.92,318.4,4.643,518.2,0
36.5,1038.6,389.0,100.0,189.5,3.069,2824.7,0
44.58,1260.5,547.4,94.85,300.2,3.318,1872.2,0
68.66,1202.6,546.9,92.87,74.4,6.298,507.2,1
54.97,2004.9,526.0,78.07,273.1,2.079,1764.2,0
41.0,1539.4,450.4,90.16,155.7,3.432,4569.0,0
56.9,1729.8,545.8,97.64,304.1,3.653,1613.5,0
52.17,1339.2,663.4,92.59,346.5,1.492,3785.3,0
77.89,1621.7,489.0,,336.7,4.058,3365.0,0
,1142.7,441.9,98.28,364.5,4.388,4052.5,0
76.73,2002.1,773.6,86.27,254.3,1.956,3135.6,0
70.86,1583.1,765.4,91.82,,3.742,3626.8,1
72.59,2183.3,525.8,96.52,168.0,6.255,1018.4,1
,1202.7,375.4,93.7,212.2,2.852,2632.5,0
62.34,1644.1,645.1,87.76,230.6,3.306,994.1,0
71.78,1081.9,403.9,89.96,204.9,3.752,1725.4,0
65.84,1717.3,436.0,96.98,160.1,4.496,2048.2,0
45.81,1985.9,440.4,100.0,287.7,2.179,3114.8,0
78.48,1236.6,358.7,95.86,131.1,8.442,2949.4,1
63.04,1226.9,603.2,90.07,179.2,1.718,3743.0,0
81.58,2285.2,635.9,100.0,227.0,2.569,1109.3,0
57.56,1462.4,521.0,100.0,488.7,2.184,3131.7,0
70.3,2045.4,534.2,83.82,93.1,4.063,615.3,1
80.2,1869.8,536.7,81.41,96.5,5.745,3797.1,1
30.14,1161.5,526.8,93.46,227.9,3.986,4469.8,0
67.36,2205.9,570.1,93.68,105.8,1.915,4951.6,1
56.14,1944.4,338.7,92.86,107.6,4.607,4801.5,1
55.23,1475.1,618.3,100.0,244.8,2.269,1253.2,0
82.53,1375.7,479.4,100.0,99.7,3.151,3637.3,0
39.4,851.9,791.2,100.0,138.4,2.049,2026.5,0
64.63,1721.1,432.4,100.0,359.4,2.006,898.8,0
86.25,1483.2,266.6,100.0,476.4,1.818,2691.0,1
61.92,1450.1,602.9,96.99,275.4,3.829,1976.2,0
76.19,1362.0,656.4,84.5,488.9,0.99,258.7,0
38.02,1605.6,449.0,84.77,103.9,4.433,596.9,0
84.99,2375.8,494.5,89.01,276.7,2.088,1462.4,0
96.52,1606.8,377.8,100.0,113.5,0.321,4197.9,0
56.09,888.8,536.3,96.35,186.2,5.46,3097.0,0
69.67,1686.4,375.6,89.63,191.2,1.421,4895.4,0
52.78,1558.5,490.9,87.11,,6.084,532.7,0
50.56,2294.3,506.5,91.65,193.8,3.432,1268.2,0
70.5,1023.8,264.6,100.0,203.9,3.607,3786.0,0
51.37,2024.2,574.6,89.11,348.2,,3612.0,0
47.46,2143.9,559.1,92.96,382.7,6.744,2750.0,0
77.21,1382.5,503.5,100.0,454.3,0.926,1899.2,0
60.52,2026.3,412.3,93.42,237.7,1.475,2678.4,0
46.69,1980.8,474.6,91.03,447.7,3.892,137.7,0
56.12,1211.5,649.1,88.33,381.2,3.793,1124.6,0
70.95,1836.3,399.4,93.72,480.4,2.537,11.1,0
64.05,1947.7,356.8,89.08,71.2,3.636,3630.5,0
80.64,1639.1,669.8,95.23,60.6,4.779,4346.9,1
62.51,1573.5,480.3,98.1,145.9,1.272,1184.9,0
83.68,1413.7,713.0,88.65,160.3,1.642,378.2,0
49.14,1563.1,719.4,89.22,,4.562,4885.3,0
62.65,1875.8,492.5,100.0,218.9,4.265,1611.7,0
55.47,1551.4,566.6,100.0,287.1,3.885,4270.6,0
61.8,1633.8,344.3,83.67,271.2,,2177.1,0
63.79,1985.3,478.5,85.47,239.4,6.043,4666.5,1
58.05,1093.7,604.0,97.57,215.4,0.213,4306.3,0
65.49,1339.0,517.7,91.18,68.0,0.487,922.0,0
60.63,1712.7,684.4,79.49,388.9,3.022,2298.3,0
89.04,1728.3,480.9,88.41,161.8,4.736,4929.5,1
78.65,1324.2,349.9,93.36,376.7,6.032,4105.0,0
49.46,1540.5,407.6,88.62,259.7,2.021,3047.3,0
79.21,1581.5,461.8,96.63,110.0,4.28,4550.3,0
54.15,1355.6,595.2,88.52,89.7,3.997,1204.6,0
61.59,1570.1,618.7,92.2,118.5,2.644,2726.0,0
57.43,1300.7,514.1,91.5,459.7,3.62,73.8,0
71.66,1228.4,424.2,77.56,106.2,3.743,3329.1,1
45.16,1356.6,481.6,89.82,246.4,,253.5,0
51.4,1726.0,703.8,83.81,490.5,2.852,4228.7,0
71.97,2195.3,544.2,90.9,163.3,2.385,4034.5,0
46.65,2035.0,456.7,79.31,286.9,2.795,2029.0,0
80.91,1829.2,552.4,98.69,83.7,4.418,3785.7,1
64.91,630.2,547.0,96.18,175.4,3.478,3757.8,0
39.7,1677.0,611.6,85.23,167.8,1.133,1276.6,0
69.13,1412.0,607.6,97.91,327.5,5.403,1926.8,0
61.24,1037.7,526.4,86.94,441.4,6.606,716.7,0
61.19,2104.4,353.2,100.0,150.8,5.158,1957.4,0
37.06,2252.9,656.1,86.02,437.5,4.375,3871.6,0
78.5,1514.7,600.8,96.67,185.4,3.518,1182.6,0
52.55,1237.1,302.0,100.0,470.7,3.277,4212.0,0
55.46,2122.7,664.9,93.96,83.3,0.544,3220.2,0
76.76,1428.4,345.8,99.8,259.0,3.965,3406.1,0
69.76,2171.6,541.9,88.96,78.8,3.274,2634.7,1
21.97,1160.7,428.6,99.23,90.2,,3187.1,0
54.08,1178.9,612.1,98.27,286.3,4.162,3922.1,0
61.57,1498.9,494.3,86.08,175.0,1.479,2243.9,0
67.0,2120.9,410.9,78.83,260.8,,344.5,0
60.08,1741.7,447.4,95.48,123.5,4.881,2734.0,0
50.66,1705.7,602.4,100.0,333.5,,4184.3,0
73.08,869.6,443.3,97.22,240.5,1.811,2830.3,0
71.82,2373.6,522.3,92.24,262.0,2.157,4915.5,0
53.16,1557.7,764.8,81.5,475.3,4.211,823.2,0
75.06,889.5,417.8,97.64,144.4,6.727,797.8,0
47.68,1873.8,483.5,95.01,351.2,2.071,3204.3,0
54.62,633.8,564.3,88.29,284.4,2.941,300.9,0
74.41,1807.5,628.5,97.55,57.8,5.867,2923.3,1
72.94,2223.6,637.4,93.59,380.5,7.469,4220.0,0
55.28,1195.3,661.5,86.8,53.8,5.024,3017.4,1
62.39,1664.5,458.9,84.47,396.7,2.968,4213.0,0
67.78,1070.0,529.8,99.75,92.6,1.172,985.6,0
64.74,2188.2,561.0,86.16,288.4,0.721,4169.6,0
50.87,1637.5,470.5,85.86,197.8,3.013,1648.7,0
65.51,1023.4,598.1,87.76,,1.79,196.7,0
62.96,1384.0,513.3,100.0,411.3,3.664,4091.6,0
79.78,1483.0,723.3,100.0,166.4,0.666,1436.3,0
72.44,1295.7,548.4,97.49,90.2,5.447,1483.3,1
59.01,916.9,387.0,82.77,421.9,4.017,1418.1,0
61.22,1665.1,585.5,90.77,273.9,0.13,4368.3,0
,1639.2,750.8,88.28,216.2,3.653,447.9,0
53.42,1393.1,579.5,90.2,393.7,0.19,2624.8,0
87.77,1015.5,457.4,84.11,325.1,4.005,414.9,0
54.34,1968.5,566.1,91.6,401.2,4.973,4210.1,0
57.47,1600.7,420.9,94.65,86.6,3.546,2966.7,0
51.22,10144.819724145886,478.4,100.0,286.5,4.462,4341.1,0
41.37,1412.4,570.9,100.0,157.4,3.33,4434.7,0
100.05,2083.1,625.2,87.95,245.9,0.825,4449.0,0
70.96,695.0,778.3,92.64,474.0,5.042,2623.3,0
74.3,1889.2,577.1,97.21,87.0,1.868,4925.2,0
39.96,1745.2,482.4,74.02,150.0,1.916,998.4,0
47.83,2274.7,488.4,95.75,176.8,3.78,3128.0,0
50.38,1787.4,660.9,87.26,203.0,2.92,3070.0,0
41.25,1496.8,522.9,87.58,,0.613,4863.9,0
65.28,2156.8,458.5,96.39,246.5,1.811,535.7,0
78.96,1048.7,632.7,87.15,227.8,1.094,2460.7,0
58.55,765.3,591.1,92.12,71.0,2.668,3861.7,1
86.22,1724.8,602.2,85.33,267.6,3.898,4851.3,1
86.9,1332.6,550.9,100.0,468.3,0.86,1967.2,0
60.83,1261.7,308.5,89.19,244.1,6.589,2801.2,0
66.21,1685.2,649.4,92.95,208.5,9.838,4865.7,1
53.48,2279.2,519.1,90.44,362.1,0.47,2554.0,0
80.99,1694.1,622.2,94.9,297.9,3.364,95.9,0
58.89,1788.2,469.7,95.76,396.9,1.958,3327.3,0
54.38,1672.3,473.3,93.56,111.7,0.745,3131.7,0
70.31,2088.8,504.5,91.66,244.5,0.26,4222.2,0
30.73,1523.2,568.8,100.0,441.1,1.467,4538.7,0
59.53,1235.0,531.1,94.7,200.9,1.86,4164.6,0
,1740.4,704.6,92.6,443.3,1.316,3899.6,0
55.28,2095.6,495.8,85.74,79.8,2.6,1742.6,0
69.79,1488.4,496.7,100.0,92.7,2.891,855.4,0
75.63,1544.1,577.1,82.96,167.9,2.327,708.0,0
80.6,1091.0,549.4,99.19,311.2,2.888,3532.6,0
65.95,1259.1,587.0,,180.3,1.134,1685.5,0
70.73,1620.0,463.8,91.15,139.6,2.22,373.5,0
81.39,1562.3,606.0,,303.4,1.286,3083.9,0
60.5,1275.3,543.0,92.24,126.9,2.449,570.6,0
81.33,1843.1,428.5,88.82,419.8,7.774,1588.7,0
48.57,1716.3,381.9,97.85,243.0,2.132,2994.2,0
47.62,1823.1,563.3,100.0,104.4,,1756.4,0
72.37,1736.1,539.4,100.0,263.9,1.479,641.3,0
37.31,1849.1,435.7,83.55,202.7,,2930.5,0
58.15,1775.8,330.2,,429.1,2.056,280.2,0
64.67,1313.8,455.2,94.96,110.3,2.734,368.7,0
78.83,2133.7,489.2,94.03,269.9,1.72,2411.6,0
69.12,1591.4,409.7,94.39,451.2,2.056,881.3,0
60.54,1472.0,435.5,97.23,,1.773,3003.6,0
69.4,1511.9,547.8,85.9,139.6,3.2,2748.0,0
68.38,1893.9,639.8,83.15,88.2,2.295,4483.3,1
47.49,1881.0,345.3,83.01,253.8,4.67,3223.7,0
70.97,1783.0,478.7,100.0,419.9,0.572,2017.4,0
66.97,2378.3,476.2,82.0,197.1,4.987,3370.9,1
69.2,2139.7,597.0,93.15,63.8,0.471,1110.8,0
47.37,1975.4,322.2,87.09,221.7,2.428,4803.6,0
80.64,1541.7,523.4,97.19,130.9,3.822,1016.4,0
93.3,1331.2,495.9,95.18,198.8,5.937,3007.3,0
70.36,2052.5,558.5,95.42,104.0,0.593,1982.3,0
68.3,1881.9,513.5,89.51,216.3,2.118,1518.0,0
52.65,1497.7,488.4,95.61,299.4,3.44,4472.3,0
69.14,1366.2,452.7,89.72,50.5,2.553,1990.9,1
80.07,1545.9,547.2,88.75,72.3,5.805,3286.7,1
66.56,1667.0,519.3,93.62,147.4,2.257,4676.4,0
39.4,320.3,626.8,96.05,327.9,1.709,2036.6,0
77.33,1681.0,422.4,80.19,497.0,0.379,3362.0,0
52.38,1695.2,471.0,98.72,183.1,6.834,4329.9,0
73.46,1913.8,316.0,89.18,95.7,3.971,461.0,1
71.02,1205.9,359.4,86.35,466.5,1.54,4046.2,0
49.14,1410.4,701.3,90.94,119.3,2.699,3171.4,0
55.24,1295.3,503.4,100.0,162.7,6.707,2006.3,0
77.7,1341.6,376.1,93.51,327.5,2.0,2305.3,0
49.3,1261.1,646.3,97.51,152.0,1.025,4102.7,0
58.21,1883.4,558.3,92.31,362.8,3.466,828.9,0
77.28,2134.1,509.9,91.21,282.5,3.507,4625.7,0
57.34,2288.5,532.3,94.72,87.3,2.817,294.0,0
67.01,1852.1,589.0,83.19,269.3,1.097,1652.6,0
32.57,1393.2,432.5,78.91,324.0,2.932,709.5,0
51.31,1173.0,490.9,93.15,88.3,6.295,273.3,0
61.7,1233.0,409.5,96.78,447.2,2.73,2256.5,0
57.79,1475.4,630.6,93.81,436.7,3.253,2964.1,0
36.16,1740.2,374.8,97.39,203.9,4.416,942.4,0
80.99,1807.5,388.9,87.03,246.1,3.257,699.5,0
63.37,1717.4,572.1,100.0,350.5,,1982.6,0
69.08,2117.2,494.9,86.59,439.8,0.963,3345.0,0
57.92,881.4,333.5,86.63,239.1,8.852,3121.2,0
55.46,2052.2,593.0,89.54,203.6,2.863,2430.0,0
39.12,1047.0,259.1,83.58,395.2,1.138,581.0,0
51.81,1385.1,459.9,92.62,247.6,2.529,1876.6,0
55.89,1499.2,502.9,90.53,307.7,5.181,1777.2,0
25.76,1885.3,635.6,82.3,424.2,2.497,1871.6,0
73.17,1971.0,611.0,86.95,424.3,1.809,2866.8,0
67.62,2368.7,452.5,94.76,66.5,2.203,4306.7,1
76.28,2145.9,645.6,100.0,84.4,2.184,419.4,1
66.28,1824.8,526.8,95.32,199.7,3.273,4416.4,0
40.59,1208.5,650.5,92.53,98.7,5.278,4410.9,0
58.37,1257.9,405.6,98.4,168.4,3.032,3741.4,0
62.78,820.2,289.9,100.0,221.6,0.448,4777.1,0
51.78,1290.3,386.6,90.29,134.4,6.22,3688.3,0
57.97,1327.0,600.2,93.61,463.4,,2161.1,0
83.4,2301.2,541.8,97.11,350.3,5.055,2358.0,1
42.53,1700.8,580.4,85.56,,0.958,1505.8,0
53.92,2158.5,689.1,91.01,228.1,5.975,1395.5,0
44.45,2119.4,493.3,83.42,133.2,1.695,4055.3,0
65.34,1459.2,416.1,100.0,52.1,0.016,1860.0,0
65.76,1597.0,406.3,87.89,384.7,3.515,4102.1,0
40.58,2210.5,510.3,98.3,172.9,4.141,1.0,0
70.85,1374.8,526.8,80.41,304.8,,4430.7,0
46.27,964.8,556.2,85.99,483.0,4.573,1365.3,0
47.24,1440.6,532.4,100.0,155.1,1.03,3364.4,0
38.06,1458.2,289.8,91.26,170.3,3.647,2296.4,0
26.44,2140.9,504.1,100.0,66.6,0.181,1755.1,0
58.03,1084.5,483.5,91.48,317.5,5.235,4285.6,0
55.66,1879.1,498.4,92.31,78.9,3.643,85.5,0
65.88,1066.1,456.0,90.14,260.9,2.698,1719.1,0
41.96,1028.0,580.8,93.1,199.9,1.914,4332.3,1
61.88,2098.4,465.1,91.24,495.4,6.101,2757.3,0
57.04,1746.3,359.1,100.0,286.2,2.042,965.9,0
62.49,1846.4,461.5,95.37,288.8,3.426,2564.0,0
67.18,1618.9,541.0,91.8,223.0,5.585,4039.3,0
77.0,1151.1,678.4,93.42,174.5,2.08,1910.4,0
71.62,1763.2,324.2,96.78,217.6,4.211,1801.4,0
77.41,1253.6,513.5,,203.8,2.424,4193.0,0
77.91,2038.6,578.6,100.0,484.2,7.376,3312.3,1
42.35,739.9,553.8,97.19,448.3,0.041,4019.6,0
75.57,2262.7,491.4,83.26,104.1,2.908,2171.3,1
60.38,1883.0,730.7,91.73,276.7,2.26,769.9,0
67.18,1402.3,763.6,91.54,240.6,3.946,3913.8,0
33.84,1298.0,482.1,82.02,365.0,0.896,383.0,0
53.14,1671.0,601.4,92.82,459.0,,290.0,0
48.85,1697.8,491.1,85.64,337.2,5.412,4436.3,0
59.46,799.6,670.1,,226.3,1.309,219.3,0
80.17,1437.8,274.8,86.56,321.6,0.587,325.4,0
81.34,2097.9,605.3,92.48,417.6,0.048,2988.8,0
72.04,1728.7,487.1,100.0,343.2,5.856,4055.8,0
55.56,1528.3,446.9,90.31,379.4,4.156,1038.8,0
64.12,1632.7,344.9,,334.1,0.985,378.3,0
51.35,1421.8,413.4,100.0,336.9,0.862,1111.7,0
56.96,898.0,397.1,92.1,440.1,3.998,1142.3,0
70.49,1218.7,208.1,86.87,125.2,2.406,2984.6,1
67.67,1580.7,312.7,99.7,320.8,4.682,186.4,0
39.53,447.1,687.1,95.46,392.1,3.86,2627.8,0
46.26,1308.4,672.5,95.9,295.2,5.159,2032.4,0
65.62,1796.0,502.2,90.2,455.3,1.441,3365.5,0
83.35,1773.5,456.8,80.84,92.5,1.043,2878.7,1
54.56,1874.9,573.3,100.0,109.1,6.739,4838.3,1
39.41,1838.6,517.0,100.0,476.9,0.193,4599.1,0
52.73,954.9,336.1,94.45,496.9,3.651,4216.4,0
63.52,1359.6,258.0,95.15,414.9,4.395,528.8,0
55.67,1729.4,463.6,93.91,227.1,2.367,3446.1,0
48.19,1928.9,349.7,97.79,,5.253,4796.1,0
55.09,1824.6,351.9,97.51,235.7,1.299,1256.6,0
79.4,1802.7,446.5,86.49,197.5,7.174,4943.0,1
47.68,1353.9,457.6,99.36,375.6,0.316,1703.5,0
59.36,1199.3,684.0,90.31,278.8,1.464,4593.4,0
93.7,1956.2,334.6,83.26,465.5,0.801,1331.7,0
71.57,1846.4,386.1,100.0,402.5,5.195,2282.4,0
42.84,885.1,523.1,88.71,321.0,0.015,1782.3,0
81.53,1294.3,360.4,100.0,293.6,6.828,2617.5,0
22.5,1208.0,246.5,100.0,89.9,2.108,3551.0,0
59.42,1560.9,518.6,93.14,67.8,3.726,3060.7,1
71.78,1906.1,572.3,94.91,147.4,5.915,4595.5,1
97.02,1474.5,445.0,90.34,248.7,1.213,3072.3,0
75.07,1583.0,622.0,98.99,327.5,0.51,4890.8,0
40.91,1395.1,548.1,95.47,148.9,5.55,609.1,0
77.78,1550.4,483.2,93.2,84.5,4.435,2297.2,1
41.49,1553.0,433.7,89.22,279.5,4.153,2521.0,0
95.9,1792.9,512.6,100.0,144.6,6.083,3485.2,1
81.17,1470.4,746.5,100.0,330.9,1.222,4023.3,0
63.66,1421.9,712.4,93.14,,1.597,4550.7,0
84.38,1691.7,602.8,83.15,488.8,5.989,246.0,0
53.06,2103.9,569.6,89.92,77.6,1.948,171.2,0
57.72,1434.7,535.4,97.46,401.3,6.509,4135.9,0
85.23,1267.8,526.8,99.23,70.0,3.382,2931.1,1
101.0,1151.8,578.2,91.82,482.5,4.116,239.1,0
31.06,1401.7,510.4,92.72,370.1,0.939,2224.3,0
47.3,2301.7,299.5,93.18,481.4,1.579,1823.3,0
67.83,1851.9,516.7,88.39,432.1,4.207,2691.9,0
42.97,1761.7,562.2,86.25,442.0,3.722,2651.8,0
48.0,2651.9,679.8,100.0,466.5,0.055,1067.6,0
66.25,1952.0,505.3,96.64,232.2,0.172,1479.5,0
65.85,1284.3,493.0,85.06,389.5,0.742,4264.2,0
72.74,1469.4,490.9,85.48,99.4,6.054,3769.8,1
69.34,1541.6,736.3,92.31,122.5,4.07,443.6,0
71.72,2405.1,696.7,83.45,386.9,,1128.4,1
62.64,12269.147114223979,595.5,96.52,431.1,1.289,3966.7,0
57.12,1818.8,435.3,88.65,464.9,3.594,179.4,0
69.42,2198.7,484.9,100.0,199.2,0.309,4868.9,0
52.54,1637.2,317.0,97.1,237.5,7.107,2790.0,0
49.69,1998.3,343.3,83.46,315.9,1.681,4583.6,0
70.36,1077.9,504.5,93.81,448.3,2.137,2416.4,0
76.11,1080.3,506.6,100.0,121.7,0.162,2119.1,0
49.56,1428.8,511.1,95.86,76.9,0.259,1665.0,0
41.96,1648.9,598.5,82.42,356.0,5.386,291.4,0
51.97,1743.1,699.7,96.03,101.3,0.645,3901.9,0
50.41,1451.5,626.1,89.92,411.9,4.722,1378.3,0
33.05,1562.9,582.3,87.84,275.0,5.575,1478.0,0
64.78,1408.9,625.1,89.34,296.6,3.632,2603.8,0
21.88,1046.9,474.9,87.88,181.3,5.652,4149.8,0
,1827.7,430.4,94.88,237.1,1.44,605.1,0
,1090.6,661.9,93.81,,1.495,3354.9,0
70.13,1419.4,276.3,97.38,102.5,3.634,4511.0,1
,683.4,787.6,79.57,80.2,4.238,4480.9,1
77.35,1614.0,521.4,83.7,248.9,6.76,760.9,0
53.39,1184.5,417.2,100.0,54.2,1.018,3862.3,0
62.14,1767.0,510.0,,268.5,4.43,2749.1,0
65.42,1766.4,468.1,100.0,389.7,,4082.0,0
49.71,2486.1,541.1,97.3,112.6,5.145,4429.3,1
81.35,1451.0,771.3,98.23,399.5,4.196,2439.5,0
45.02,1160.7,382.5,86.06,366.6,,194.3,0
55.7,2168.6,621.5,90.01,171.8,2.626,3804.0,0
87.4,1744.7,465.8,93.55,162.3,2.85,1454.0,0
84.45,1550.8,528.6,100.0,337.9,8.447,2734.6,0
94.41,1011.7,549.4,81.51,495.8,5.101,4406.2,0
33.22,1990.2,542.8,82.13,294.9,3.583,3156.5,0
56.52,1853.8,473.0,100.0,427.8,3.533,4382.0,0
71.07,2324.5,598.2,93.55,166.4,1.198,2250.3,0
77.07,953.2,491.4,98.12,328.9,0.053,3622.1,0
53.09,1484.2,600.7,100.0,473.6,1.039,1921.6,0
53.89,1750.6,489.0,93.61,413.9,1.573,111.9,0
39.22,1088.5,484.8,94.68,121.8,2.823,1857.9,0
29.29,1969.2,696.3,92.34,286.5,4.456,1756.8,0
47.89,1798.8,620.4,93.9,182.0,6.036,4873.4,0
81.3,1638.6,380.6,88.57,414.9,1.333,2507.5,0
94.24,2031.2,538.1,84.53,88.2,3.4,2014.7,1
75.57,1229.7,380.0,93.97,474.0,3.349,2888.1,0
70.39,1459.2,415.9,89.6,127.7,2.258,724.6,0
58.48,1665.4,397.1,92.04,140.5,6.537,4623.0,1
64.42,1899.6,382.6,89.51,221.8,,1813.3,0
77.7,1667.9,617.6,83.84,256.5,4.784,4257.3,1
38.12,1059.3,620.7,95.87,363.1,4.08,2295.6,0
45.28,1713.8,538.9,99.23,332.9,3.924,2044.9,0
47.4,1694.5,560.0,89.19,438.5,2.453,3830.5,0
58.16,2141.5,450.2,98.89,436.2,4.395,4499.8,0
70.86,1828.0,483.6,92.59,185.1,4.66,1694.7,0
77.51,1535.2,513.4,93.28,213.9,8.525,3908.4,1
40.95,1403.4,539.4,87.7,113.7,0.292,634.0,0
65.18,1916.0,460.9,98.68,469.5,5.409,503.1,0
43.5,2396.8,491.1,86.93,415.3,2.306,1946.6,0
50.35,1587.3,553.9,100.0,387.7,5.055,290.3,0
99.3,2001.9,515.8,92.64,321.4,5.466,2624.9,1
73.55,1651.0,485.3,88.79,50.3,2.063,1433.4,1
64.9,1687.1,461.8,90.84,153.6,2.079,4594.4,0
62.32,1800.4,569.0,83.71,236.2,3.559,2821.7,0
62.36,1297.9,550.6,89.72,380.7,0.309,816.8,0
87.74,1263.7,651.1,85.42,335.0,3.753,4312.4,0
86.73,1562.6,618.1,98.87,344.0,4.806,1339.2,0
52.96,1455.0,719.9,100.0,160.3,2.081,3573.1,0
62.05,1039.5,667.3,90.54,100.1,3.416,2232.2,0
32.62,2208.5,550.1,98.6,184.7,5.137,571.2,0
69.93,1950.7,391.3,,343.2,6.455,4731.7,0
49.91,1814.4,453.5,93.91,188.8,0.763,1519.0,0
55.64,1232.5,653.9,100.0,134.6,5.225,238.3,0
40.96,1633.5,541.4,80.45,272.3,0.905,4245.2,0
46.47,1953.7,617.6,100.0,244.2,0.889,421.4,0
45.62,1352.4,374.7,100.0,453.7,3.043,4885.3,0
64.58,1725.1,503.1,89.08,428.3,4.81,1975.9,0
43.12,2221.8,458.3,97.78,293.7,3.036,3297.2,0
58.74,1291.7,737.3,92.89,403.6,4.089,2710.5,0
55.84,1252.4,561.8,95.06,130.3,2.974,2290.9,0
71.92,1554.3,414.6,97.98,262.2,5.02,3629.9,0
64.6,1948.4,704.5,93.34,452.6,2.286,2797.9,0
53.32,2467.2,592.1,91.73,367.5,3.837,4901.7,0
63.04,2187.0,595.7,96.83,477.1,5.886,4131.3,0
54.6,1757.1,453.9,86.75,59.0,3.755,2544.3,1
56.69,1713.8,452.8,88.94,80.7,1.341,2543.4,1
85.55,1044.5,481.5,96.4,122.5,2.714,724.8,0
77.29,1688.8,298.6,88.97,350.6,0.976,2258.3,0
53.79,1356.6,631.7,96.86,252.2,3.035,3573.0,0
62.05,1859.6,539.1,98.42,326.5,3.272,4092.3,0
95.28,1147.1,560.2,90.74,351.0,4.187,2960.6,0
74.48,1288.4,545.4,85.55,176.3,3.593,4867.9,1
50.99,1728.9,598.9,90.08,240.0,3.564,525.5,0
74.43,1205.3,409.1,86.6,176.0,2.626,2418.0,0
46.17,1965.2,637.0,83.13,470.5,0.518,4839.6,0
42.05,14551.919003464882,594.3,98.06,487.5,4.779,184.2,0
62.51,2115.4,642.9,83.06,393.2,1.97,3246.9,0
54.65,1385.1,589.9,100.0,431.9,4.852,138.5,0
43.55,1701.8,440.0,87.42,205.7,0.221,206.1,0
45.06,1108.8,631.7,100.0,433.3,,3744.5,0
105.49,1789.1,733.3,91.62,366.6,3.629,818.8,0
58.19,1286.5,511.6,100.0,217.4,3.285,2421.8,0
67.54,1891.3,639.1,90.2,217.3,4.751,466.0,0
60.64,1835.4,639.4,80.1,303.2,1.661,4008.6,0
44.78,2119.6,545.4,93.21,101.7,2.575,165.9,0
57.07,1503.7,468.0,80.87,379.2,5.736,3835.9,0
44.59,1497.5,465.3,94.22,217.0,2.075,3497.0,0
49.52,1867.5,699.3,98.02,268.7,5.609,4959.5,0
39.56,1583.1,519.9,82.83,175.3,3.678,3678.9,0
59.77,1404.8,630.1,97.09,439.5,5.174,2592.6,0
68.77,850.5,441.4,87.73,62.4,0.52,2092.5,1
83.27,1761.7,429.0,100.0,80.0,4.501,2488.0,1
66.99,1489.4,486.1,86.66,394.8,1.077,1073.3,0
51.49,1480.1,451.9,100.0,263.3,4.708,2147.6,0
59.59,1258.5,427.6,82.22,,2.407,4286.3,1
47.68,2142.7,576.3,91.9,350.4,3.813,3713.9,0
69.6,1919.8,584.0,96.81,154.3,2.17,4014.3,0
44.48,1993.9,417.2,100.0,226.1,4.521,59.7,0
42.2,1288.2,467.0,97.77,69.2,1.011,3394.3,0
64.97,748.1,453.6,100.0,180.8,1.947,799.8,0
66.87,1899.3,659.9,97.78,308.7,4.597,4876.2,0
52.76,1292.1,462.4,89.63,294.2,2.324,1570.8,0
60.62,2129.7,598.8,100.0,117.6,1.955,431.7,0
87.22,1833.2,507.4,90.82,135.0,4.308,3646.7,1
77.49,1936.7,358.0,97.38,240.7,6.354,4373.7,1
,718.3,513.5,97.45,221.2,4.611,4896.4,0
63.45,1573.6,541.1,88.02,233.9,4.751,1738.7,0
92.11,1836.1,500.4,85.01,215.0,1.005,118.4,0
55.43,1300.6,600.5,83.4,177.1,0.421,1702.4,0
46.35,1589.3,653.5,99.01,264.6,3.536,2649.7,0
69.32,1121.3,415.6,90.99,322.8,1.945,2600.5,0
58.94,2053.9,399.6,100.0,281.2,2.22,4370.7,0
115.41,1621.9,414.5,90.66,177.0,1.993,606.7,0
71.19,1295.1,541.6,83.41,,0.846,1163.0,0
53.18,906.3,526.1,95.89,294.4,3.611,1868.0,0
55.01,2087.6,605.2,96.54,444.8,1.886,2826.7,0
37.53,1438.5,649.3,93.07,213.3,2.108,4784.1,0
59.61,1665.7,730.5,100.0,66.8,0.573,1074.1,0
63.38,1948.3,662.2,100.0,317.8,4.037,2383.7,0
60.28,1777.8,625.4,,330.2,3.686,1231.1,0
54.03,1234.0,478.8,100.0,159.6,0.162,4649.0,0
36.35,1830.2,340.6,100.0,53.5,3.372,4985.7,0
46.17,959.1,593.6,100.0,436.4,5.467,3567.7,0
45.5,1683.4,505.6,96.8,154.1,2.117,4784.9,0
49.62,1668.3,432.1,96.43,286.4,2.71,3713.5,0
45.4,1809.0,509.8,93.44,240.2,1.492,581.7,0
-24.666466427717793,1406.9,658.1,100.0,397.0,1.499,3858.3,0
,1510.3,430.7,100.0,430.0,2.297,4857.3,0
65.47,1567.3,419.2,100.0,302.8,4.25,4539.6,0
67.72,1065.4,527.2,96.76,444.4,2.225,4890.6,0
58.32,970.3,671.1,95.49,255.6,0.263,1968.9,0
55.59,1690.9,399.5,84.9,426.1,1.428,2861.2,0
65.95,1571.6,656.4,81.57,363.5,2.544,481.6,0
104.42,1298.6,565.8,100.0,374.4,1.344,827.1,0
47.64,13718.20120706168,616.4,91.24,403.3,1.923,4723.4,0
50.66,1425.9,324.4,98.48,311.6,0.422,3101.2,0
48.67,1637.8,590.4,100.0,325.6,5.928,2123.6,0
41.94,2002.9,633.9,90.24,443.6,0.099,4543.7,0
61.0,2125.2,534.4,100.0,145.7,3.508,3137.7,0
56.59,1469.7,703.4,100.0,309.4,4.517,3055.4,0
66.85,1755.9,642.8,88.08,454.1,1.295,425.3,0
55.19,819.6,466.2,88.54,490.1,3.845,2269.2,0
59.96,2147.3,469.4,95.68,194.5,2.054,731.4,0
66.07,1007.8,602.7,94.52,177.3,3.119,4284.1,0
61.12,1274.2,514.9,94.78,458.8,7.398,3355.7,0
91.42,1837.3,708.3,100.0,262.1,6.293,2923.2,0
70.93,1378.3,435.3,99.94,228.2,2.205,3037.3,0
78.58,1384.1,503.9,72.29,372.1,4.395,482.1,0
47.12,1524.8,505.6,89.48,215.5,1.376,3486.6,0
57.13,1581.9,465.9,89.97,270.0,0.005,1718.6,0
50.73,788.5,546.1,88.14,90.8,0.246,87.2,0
55.7,2040.3,615.8,89.29,130.7,5.621,4684.6,1
,1327.3,630.3,100.0,156.6,4.79,3499.9,0
47.4,1711.3,456.8,88.36,255.8,4.363,3943.7,0
53.54,1741.4,487.6,83.51,157.0,4.895,4241.7,1
52.5,1642.1,592.2,99.38,62.8,1.432,4215.5,0
31.4,1697.8,548.3,94.37,115.6,1.19,2166.0,0
58.85,1863.8,478.8,99.8,100.6,1.846,2712.1,0
50.28,1800.1,563.9,82.01,321.3,0.048,4588.5,0
57.2,1232.3,574.4,89.06,326.1,2.905,4547.4,0
59.66,1657.1,388.8,87.31,70.4,1.589,3779.9,1
91.88,2656.1,608.6,76.48,139.8,6.662,2542.7,1
57.25,1064.9,585.7,81.86,230.8,4.511,2772.2,0
53.93,1892.3,432.8,,210.0,1.616,4498.3,0
57.56,1840.1,333.6,,114.7,0.712,4832.4,0
65.67,1924.7,554.7,87.87,419.2,0.665,4865.0,0
80.5,2295.4,334.8,96.82,355.1,2.009,2577.0,0
62.54,978.6,386.2,100.0,161.9,1.884,4197.8,0
56.6,2269.7,535.6,97.42,341.0,0.629,2635.6,0
92.13,1533.5,447.0,88.24,282.1,2.494,4879.9,0
81.83,1053.8,564.8,89.75,335.3,0.889,3295.2,0
70.0,1521.1,686.1,95.6,102.7,2.723,2003.0,0
70.69,2294.4,488.2,86.1,204.3,3.926,4531.4,1
64.09,1606.3,572.3,94.87,84.9,7.452,3099.5,1
46.86,2093.5,460.9,100.0,217.8,,4084.0,0
71.23,1576.5,685.0,89.65,181.0,1.998,4830.3,1
72.63,1339.1,357.8,89.46,496.1,2.537,855.9,0
77.11,1745.4,635.6,100.0,197.9,3.195,4921.4,0
26.73,1331.1,658.9,94.85,307.4,1.704,471.9,0
68.21,1529.8,484.3,90.52,211.9,2.688,2099.5,0
88.71,1326.7,637.0,93.6,160.8,6.621,3652.9,1
42.55,1524.3,637.8,98.75,89.9,0.688,3681.8,0
52.82,1775.8,576.3,96.28,69.7,2.835,4231.3,1
66.66,797.5,408.6,88.38,111.1,0.805,4143.0,0
50.8,2007.3,358.1,89.45,180.3,0.28,929.1,0
66.98,1538.5,543.4,91.0,369.3,1.87,1270.9,0
,1607.4,376.9,95.59,112.6,2.534,4095.9,0
59.68,1965.4,412.5,85.59,116.1,,1349.2,0
,1397.6,549.1,97.48,423.2,4.041,773.7,0
81.11,1555.8,620.2,92.9,192.1,3.563,1961.0,0
71.52,1667.3,571.2,85.66,135.3,,998.7,0
80.89,1799.1,364.4,81.52,217.3,2.584,4291.4,1
65.15,979.3,622.7,100.0,114.9,1.649,3004.5,0
57.96,2288.1,493.8,97.8,323.8,5.054,2583.3,0
45.01,1186.3,466.2,,379.2,0.605,4219.4,0
61.15,1557.6,523.6,87.92,64.9,1.13,4371.1,1
105.89,1866.2,509.9,90.06,99.7,1.466,2015.3,1
56.5,1609.9,566.7,91.94,326.7,3.908,4522.6,0
,1199.9,569.2,97.79,110.6,1.296,1878.1,0
71.34,1578.5,480.1,93.95,233.0,4.038,1222.5,0
65.39,1619.9,665.1,96.38,257.9,5.567,479.8,0
57.39,1566.1,481.8,95.5,113.4,3.595,85.7,0
70.14,1657.1,437.1,97.65,298.5,4.461,3007.7,0
69.53,1934.0,479.0,87.19,315.4,3.852,2187.1,0
66.99,1500.1,444.1,89.92,156.8,1.989,2204.6,0
53.85,1726.9,611.3,88.33,350.9,5.219,4935.7,0
42.95,1606.7,548.7,93.42,493.3,2.462,719.7,0
71.92,1559.7,557.8,94.66,,3.435,4589.7,1
60.51,912.9,432.9,85.79,446.6,3.161,981.9,0
73.47,1023.8,643.4,95.34,357.0,0.452,1711.7,0
68.89,1069.7,543.4,91.84,94.3,2.903,1362.2,0
52.26,1736.9,530.2,97.87,310.2,3.877,4568.7,0
86.31,1876.9,790.2,97.17,288.0,1.082,3652.2,0
57.9,1816.9,402.0,90.48,58.0,8.399,4639.3,1
57.06,1322.2,323.5,100.0,482.8,1.323,2165.8,0
60.77,1654.8,580.1,97.73,61.0,4.504,2626.5,1
35.45,1818.1,606.4,96.01,163.5,2.711,3496.9,0
53.06,1436.0,599.3,100.0,398.0,6.912,2705.1,0
72.27,1658.4,247.3,88.47,450.6,0.362,4051.6,0
52.56,1458.4,617.0,98.75,268.1,5.331,4121.9,0
81.73,1377.6,565.2,94.51,51.3,2.692,286.5,1
69.58,1924.7,679.6,82.47,435.9,6.901,3207.9,0
65.93,1941.9,574.9,93.55,417.1,1.345,1612.4,0
60.29,1532.1,524.0,94.49,301.6,1.391,4271.4,0
55.91,1623.5,558.1,92.05,155.2,5.664,271.1,0
55.26,986.9,605.3,89.07,154.5,4.841,3742.8,0
61.69,1060.8,617.6,100.0,468.9,0.824,2766.4,1
47.15,1376.5,567.1,100.0,289.9,2.195,397.0,0
68.7,1401.5,363.3,93.27,370.3,4.402,488.8,0
53.38,1233.1,596.6,100.0,309.6,9.562,3264.8,0
53.27,1968.0,403.9,96.94,325.9,4.063,609.8,1
86.28,1898.2,422.1,88.67,387.0,2.446,3413.7,0
85.57,1606.2,567.8,81.39,338.5,1.06,2484.1,0
58.01,1313.0,684.5,96.1,95.3,1.203,1714.9,0
78.27,1262.1,506.0,94.45,373.7,2.658,826.3,0
53.26,2344.0,537.9,86.21,83.1,3.295,2902.5,1
40.87,1301.0,445.9,84.03,265.5,6.918,1474.2,0
59.39,2287.1,668.3,91.29,177.5,5.973,4518.3,1
80.27,1563.6,594.0,88.29,185.6,3.827,722.3,0
52.93,1860.3,570.9,89.36,193.5,6.98,3391.7,1
65.98,1519.2,452.7,87.11,222.8,2.381,3706.5,0
53.21,2298.3,604.4,83.74,246.1,1.88,745.4,0
50.3,1345.7,501.0,99.87,97.5,5.659,3239.5,0
70.9,1431.7,723.1,86.76,368.9,6.65,1065.9,0
82.72,1243.7,630.0,100.0,383.9,5.229,2295.9,1
70.34,1695.0,745.9,92.62,459.1,2.135,4273.8,0
82.98,1332.4,519.9,90.91,311.0,1.149,4991.9,0
46.64,1501.0,435.0,75.38,409.9,1.368,320.3,0
60.75,1863.1,569.0,87.81,390.9,2.871,2330.1,0
71.48,1725.4,570.9,81.53,220.8,1.825,4680.2,1
58.63,1569.2,403.1,81.73,80.6,0.522,3496.5,1
59.94,1582.1,545.9,95.12,367.4,3.021,1301.7,0
52.08,952.2,564.0,89.11,366.0,0.551,609.8,0
42.77,1728.8,648.5,92.68,365.3,4.749,3829.4,0
62.71,1694.6,535.0,97.23,167.7,4.278,4584.5,0
70.73,1235.2,421.0,92.05,382.9,0.251,2685.6,0
63.39,2196.1,601.4,92.19,167.6,3.592,3734.3,0
64.92,1307.0,392.1,,305.8,1.712,1058.7,0
60.02,1450.1,476.9,88.98,462.2,3.049,532.0,0
71.73,1854.2,525.6,98.94,450.8,4.637,436.9,0
94.96,1666.2,617.9,96.15,402.8,1.975,1640.3,0
45.75,1484.7,616.8,96.31,297.4,4.616,2633.9,0
19.03,1651.3,616.1,98.98,428.2,0.122,3176.6,0
57.52,1233.6,671.2,88.54,481.2,2.147,2344.1,0
96.38,2350.3,583.6,100.0,463.1,3.442,1413.4,0
64.53,1481.0,493.5,97.92,,4.954,2089.3,0
51.61,1493.1,464.5,79.29,458.1,1.955,4374.4,0
46.07,1680.2,530.3,99.57,223.9,,713.9,0
63.49,1630.6,272.6,84.07,235.3,4.153,4963.2,1
48.84,1267.6,392.7,92.44,282.7,0.235,3037.3,0
58.69,1997.3,509.3,100.0,439.8,3.426,1718.3,0
60.84,1890.1,705.5,100.0,102.8,3.712,4398.9,1
56.27,1790.8,616.8,81.52,461.1,5.509,4008.4,0
55.61,1499.3,427.4,96.72,230.8,3.725,1847.8,0
,1249.0,684.5,86.43,81.0,0.09,794.8,0
76.09,1423.7,490.9,98.29,192.6,2.933,4447.1,0
104.81,1300.1,426.6,99.52,375.3,6.74,3113.0,0
57.16,1351.5,394.1,96.88,274.8,2.791,2617.1,0
-38.66947182446911,1443.9,561.7,99.27,192.1,0.575,3058.3,0
73.55,1955.1,402.1,,470.9,3.316,3786.1,0
54.42,2056.1,554.7,86.17,401.0,1.747,3871.2,0
69.19,1892.0,582.5,76.78,158.7,0.776,4804.8,1
48.99,1417.8,413.1,99.26,193.7,4.035,2656.7,0
66.29,876.4,350.8,89.18,291.2,4.112,2030.9,0
67.14,1542.7,335.8,92.5,239.4,4.111,447.1,0
49.85,1512.5,501.0,98.35,480.4,5.617,3942.2,0
75.18,1039.2,698.8,100.0,352.8,4.303,4712.6,0
17.08,1566.7,596.1,91.29,483.2,0.022,2040.7,1
50.55,1440.1,559.7,99.6,179.1,,679.4,0
59.48,1683.9,502.2,95.95,124.5,4.83,1951.3,0
65.79,1965.9,440.7,95.79,91.9,0.228,1761.8,0
81.95,1081.6,440.9,78.18,385.7,6.332,2341.6,0
120.08,1207.5,470.6,88.72,425.7,5.258,175.7,0
53.03,2063.6,558.1,94.78,469.1,2.002,3084.4,0
54.56,1541.7,401.2,100.0,397.0,3.766,3276.6,0
49.45,1877.4,679.4,88.35,166.0,5.41,4105.4,1
,1682.1,705.2,85.85,471.4,4.002,4686.1,0
50.4,2092.5,543.7,88.88,,0.076,2441.1,0
43.77,1159.3,563.0,88.68,56.6,5.556,3264.5,1
90.64,1532.4,621.0,93.01,485.6,,333.4,0
38.14,2208.0,468.1,93.19,195.5,1.684,1942.7,0
57.24,1613.2,532.1,95.18,243.3,0.032,2292.8,0
65.41,1775.8,614.7,95.38,274.7,3.426,4011.1,0
26.85,1639.2,394.1,82.58,77.5,2.212,1538.2,0
76.86,1564.4,442.9,100.0,499.0,2.848,4678.5,0
,1573.2,458.9,92.08,181.1,4.16,179.1,0
83.46,2191.8,571.0,,71.1,2.527,2461.8,1
51.13,1893.0,658.8,94.91,244.5,2.664,4606.6,0
48.73,1362.6,441.1,88.8,178.3,5.705,4784.2,0
60.43,975.4,682.8,88.71,270.1,5.663,2809.5,0
75.46,1357.8,416.0,99.13,325.5,0.628,3250.5,0
74.36,2001.4,735.8,100.0,95.4,0.646,3963.4,0
71.14,1088.3,508.4,91.74,298.3,0.074,4814.4,0
30.17,1916.8,377.3,93.72,209.6,0.026,2698.6,0
65.75,1608.4,465.2,97.26,389.0,2.535,3826.0,0
75.23,1207.7,619.8,87.77,457.2,0.884,596.4,0
80.73,1651.3,581.9,85.15,191.0,5.664,897.7,0
75.82,1524.2,535.6,94.21,376.5,3.283,1597.8,0
52.52,1237.6,725.1,97.75,97.9,0.591,4036.8,0
56.53,906.5,604.8,100.0,431.3,1.141,3786.6,0
23.06,2081.9,463.7,93.23,,2.293,3179.5,0
77.56,1644.0,713.9,82.0,111.9,0.794,504.6,0
66.02,1219.4,337.5,95.85,74.4,4.247,2562.8,1
64.22,1889.1,375.4,92.1,58.9,7.605,1682.7,1
66.82,1761.8,460.0,82.53,362.5,5.408,3502.5,0
35.74,1186.8,487.1,93.86,140.8,2.046,1319.3,0
62.31,1495.7,565.1,88.9,434.2,0.852,3864.1,0
85.01,1530.6,518.5,100.0,243.5,2.385,4115.2,0
53.57,1585.3,500.2,88.86,102.8,1.817,26.1,0
50.65,2098.2,418.2,93.61,256.0,3.048,909.0,0
43.34,1695.3,498.4,82.12,445.5,2.631,1484.2,0
71.93,1595.4,605.8,,451.5,0.855,2767.2,0
47.25,2756.6,498.8,86.86,402.6,4.082,1729.8,0
69.04,1877.9,567.5,83.77,455.3,3.799,373.7,0
49.61,2078.3,699.9,97.24,391.9,4.788,661.0,0
62.1,1270.0,413.0,89.46,437.9,3.257,2343.1,0
62.84,985.6,689.0,96.54,114.3,1.454,4098.8,0
52.8,1927.2,492.8,100.0,379.2,1.283,4797.6,0
46.42,1282.8,525.9,93.73,418.6,2.936,104.1,0
74.37,1518.3,377.4,89.22,104.4,3.116,3224.5,1
72.61,1501.7,328.5,87.18,399.4,2.99,2072.8,0
-34.61857465706582,1499.4,572.9,92.07,77.0,6.202,1216.0,1
54.49,1839.4,600.4,88.51,182.2,3.727,65.5,0
62.95,2103.1,440.3,96.91,145.0,2.447,3346.1,0
47.22,1619.0,575.1,84.08,57.8,1.074,4143.1,1
97.7,1115.0,550.2,86.4,242.9,1.11,3800.0,0
87.36,1868.5,633.2,90.7,425.0,0.918,1777.5,0
42.02,1906.8,377.8,100.0,301.1,3.91,3028.2,0
76.7,1550.4,502.1,93.47,296.2,4.167,2895.1,0
43.61,738.8,366.8,89.97,238.6,1.582,3254.2,0
85.83,2027.3,580.0,86.53,99.3,3.421,2469.2,1
48.03,1915.8,429.5,100.0,193.3,4.61,421.3,0
63.24,794.7,419.0,97.31,,1.997,2922.1,0
45.18,1973.6,482.4,100.0,172.6,6.076,4123.6,0
57.9,1554.1,868.1,87.19,461.4,1.471,3918.6,0
50.88,820.4,342.1,100.0,104.5,1.909,3707.7,0
44.01,1997.4,596.6,88.15,67.5,0.173,2209.6,0
63.94,1863.2,586.2,90.98,128.4,3.678,2750.1,0
97.87,1998.7,442.2,90.72,74.2,1.937,1992.1,1
44.52,1172.6,568.3,90.55,251.9,2.281,406.9,0
76.44,1633.1,536.8,87.43,302.9,2.871,3190.1,0
69.79,1284.0,490.9,87.25,308.9,4.198,1332.6,0
52.83,1181.7,530.8,100.0,251.7,3.268,2890.4,0
46.03,976.3,761.1,83.67,498.3,0.729,2078.0,0
71.68,1741.1,585.3,98.66,78.2,3.935,909.0,1
79.81,1719.8,469.9,85.52,307.9,3.057,596.1,0
46.61,2084.9,646.1,92.18,223.2,2.026,1299.8,0
47.0,1256.1,445.8,81.16,88.3,3.68,2102.6,0
65.52,1655.4,471.7,95.94,491.3,2.944,772.6,0
47.76,1543.8,558.0,90.15,342.2,3.932,1486.3,0
60.55,1153.7,527.8,86.29,217.1,4.188,3518.4,0
65.52,1466.6,480.1,,146.6,0.447,3636.1,0
32.97,1322.5,542.8,84.04,277.4,3.625,2045.8,0
60.06,1487.5,634.0,90.12,178.8,4.942,1998.6,0
65.09,1855.0,590.6,83.76,455.1,0.051,1872.5,1
70.44,1347.7,495.7,84.8,496.1,9.028,1007.9,0
84.32,1796.5,397.4,94.02,361.8,5.889,652.8,0
72.68,760.9,404.8,93.18,77.6,0.997,621.8,0
45.91,1660.4,644.5,86.06,368.6,1.514,3368.3,0
66.25,1714.8,531.5,91.72,355.7,2.195,1139.2,0
51.16,1028.7,379.1,86.41,320.2,2.899,3545.1,0
54.48,1475.4,448.2,81.63,474.3,4.963,4810.4,0
52.69,1171.3,471.9,82.88,208.5,1.265,4145.4,0
64.32,1668.0,379.7,97.3,61.2,0.352,4789.3,1
32.95,1393.7,646.4,86.95,219.5,4.463,4996.8,0
34.45,1911.1,305.6,84.74,345.5,4.19,4374.7,0
66.04,1125.2,523.0,100.0,334.3,2.147,1540.0,0
66.58,1342.2,651.2,95.15,172.3,2.926,2029.4,0
51.69,1657.4,545.7,94.69,433.0,5.644,1208.9,0
66.87,1869.4,645.9,96.74,459.6,3.392,1489.9,0
55.41,1599.2,786.8,90.14,424.9,3.392,2410.3,0
50.41,1091.3,221.4,82.85,457.9,0.684,4510.6,0
69.89,2237.3,437.0,,491.6,0.315,1746.1,0
68.71,1308.7,423.1,87.96,387.5,3.991,4884.3,0
83.12,1633.1,549.7,95.17,234.3,2.966,4574.6,0
57.46,976.0,357.6,100.0,280.8,3.96,1861.4,0
83.62,1537.8,447.1,93.3,434.4,1.631,1068.5,0
58.61,1076.0,522.9,94.37,488.1,5.512,2412.8,0
57.13,1858.5,578.0,84.6,382.5,3.632,1654.1,0
47.4,1652.6,553.6,96.01,451.7,1.781,3194.8,0
60.94,1131.9,351.8,94.99,60.5,2.978,3801.2,1
63.65,1647.4,360.7,91.62,460.1,1.296,4552.5,0
42.52,1349.7,586.3,99.43,358.5,4.0,1791.5,0
69.05,1930.6,701.5,86.07,336.3,5.01,576.3,0
61.99,2523.6,487.6,84.45,66.9,0.018,4726.7,1
43.22,1899.0,399.3,90.99,,0.354,3944.4,0
69.59,1335.3,389.1,99.64,118.0,2.857,4393.4,0
59.33,1674.8,440.3,91.49,458.2,1.86,1063.9,0
71.31,2405.5,505.9,80.6,165.8,,2793.6,1
49.37,1143.4,515.7,100.0,155.6,2.475,2094.4,0
77.48,1659.7,498.7,91.28,316.1,1.445,697.5,0
78.5,1775.6,528.4,87.55,195.4,2.244,833.8,0
53.41,1935.5,431.5,88.81,450.4,2.275,739.2,0
56.57,1111.2,528.8,93.21,233.7,4.238,1316.5,0
52.08,1844.6,585.1,91.36,77.6,1.283,0.2,0
56.42,1318.9,640.2,95.15,395.5,2.574,4496.3,0
82.17,1569.7,473.2,89.35,395.1,4.985,1528.1,0
61.35,1762.4,512.6,99.06,229.3,4.823,1056.7,0
48.91,1744.4,569.6,86.04,67.6,,2813.3,0
64.71,1908.2,433.8,93.57,76.3,3.434,2120.8,1
70.92,1587.2,429.0,91.86,441.3,5.64,4767.6,0
66.85,2360.5,470.6,86.61,198.9,8.862,1931.6,1
44.79,1047.7,569.4,98.84,121.9,1.383,1898.7,0
43.83,1135.9,490.3,86.91,262.4,2.4,3475.3,0
58.69,1428.6,434.0,89.54,336.4,2.586,4413.1,0
85.24,1982.7,373.1,80.18,495.9,3.287,1507.5,0
61.65,1578.2,481.2,97.75,248.2,0.634,1176.7,0
46.71,2019.3,474.7,93.48,439.2,3.116,814.0,0
,1963.6,479.6,92.48,179.3,0.451,3128.9,0
45.38,1143.7,513.7,90.13,271.2,0.191,3217.8,0
71.08,1540.6,367.7,84.86,131.5,0.846,1498.8,0
65.34,2012.6,548.7,94.56,428.9,2.997,2998.4,0
52.7,1299.5,305.8,90.29,415.4,0.418,678.0,0
43.54,1997.1,517.5,100.0,397.1,1.913,4368.6,0
61.85,2124.3,461.3,93.59,166.7,3.899,2806.1,0
84.19,1166.9,625.5,93.71,191.7,4.208,332.5,0
-9.208497679659704,1986.1,748.0,92.02,332.6,1.78,2631.3,1
59.72,913.3,493.2,94.81,304.5,7.051,141.5,0
64.34,1630.4,492.8,100.0,333.2,1.207,2051.3,0
60.37,1691.0,299.4,100.0,499.3,1.769,2886.4,0
47.93,2154.7,688.1,94.3,444.2,0.731,1615.6,0
49.45,1802.4,564.2,96.99,115.3,2.779,3501.5,0
28.73,2191.3,408.5,77.47,111.7,1.717,1815.6,0
67.16,803.3,627.1,98.89,,0.644,260.7,0
74.9,1399.4,529.1,84.87,357.7,3.894,27.4,0
63.82,1693.7,495.4,70.59,170.2,2.931,4623.5,1
66.53,1886.8,695.3,100.0,,0.138,2926.3,0
69.01,1211.3,284.6,98.26,311.0,3.332,2503.3,0
51.58,1059.2,426.8,96.32,454.2,1.259,1414.9,0
92.11,1736.5,674.5,88.16,206.6,2.973,1437.9,0
32.62,1229.2,580.7,98.35,194.3,6.005,135.8,0
42.51,1754.4,341.9,100.0,226.2,8.22,1864.2,0
79.69,1553.0,649.9,96.74,350.4,0.667,3039.7,0
89.78,1352.6,470.6,81.76,474.4,3.55,340.1,0
43.53,1449.6,608.5,82.98,318.7,0.977,1631.9,0
62.78,1600.9,518.0,78.57,142.6,1.149,3015.9,0
69.98,1593.2,760.1,94.24,138.9,4.665,4055.1,1
69.96,1385.6,629.1,85.68,174.2,7.803,1422.5,1
68.73,1968.1,592.0,85.16,314.4,0.461,499.0,0
65.01,981.0,748.0,91.9,491.2,5.966,4666.9,0
57.08,449.8,471.0,86.8,209.4,2.95,4900.3,0
71.87,1970.7,444.0,91.01,209.0,0.543,2432.6,0
79.27,1606.8,501.0,89.83,392.2,1.319,24.2,0
63.9,701.6,378.8,89.65,345.3,3.634,2093.9,0
66.68,1697.1,362.7,89.6,391.3,2.668,457.6,0
36.82,1520.3,457.6,90.23,378.4,2.489,876.5,0
77.84,2351.6,384.5,92.6,256.3,4.05,3221.8,1
75.18,1326.2,399.5,92.64,180.5,5.262,4694.3,0
63.93,1063.3,350.8,97.18,91.1,7.192,1775.2,1
26.63,1995.2,301.9,100.0,184.4,5.801,2027.1,0
74.04,2224.3,489.4,87.33,271.0,2.704,2051.4,0
67.55,2178.7,530.8,95.0,369.3,4.704,1213.7,0
70.81,1209.8,613.9,,183.7,4.197,1134.3,0
88.13,1971.0,373.3,91.1,256.4,2.671,4006.2,0
66.79,1688.1,574.1,99.84,345.2,7.413,1083.5,0
76.86,1706.6,483.4,88.3,396.0,1.468,2815.5,0
87.81,1930.5,255.3,85.39,297.6,3.032,2802.1,1
54.99,1357.6,574.6,89.41,357.5,4.378,1330.1,0
38.0,1792.6,789.5,92.19,410.5,5.377,416.5,0
73.87,1379.2,531.9,98.66,112.3,5.987,1424.5,1
50.14,1431.9,402.9,92.78,115.2,2.906,4371.4,0
43.33,1701.8,612.2,90.52,407.3,6.378,4018.6,0
69.0,1053.5,423.2,97.45,311.0,2.945,1892.8,0
86.17,951.1,380.6,98.56,421.0,2.432,3525.3,0
45.05,1692.7,508.5,83.08,436.8,3.625,2044.4,0
66.28,1078.9,492.4,84.27,347.3,4.476,2071.6,0
68.35,1741.8,487.4,87.42,89.6,0.426,296.0,0
86.93,2257.0,624.8,96.03,292.4,8.035,4867.3,1
52.75,1602.7,535.4,89.36,165.9,4.151,624.5,0
98.38,1888.5,409.5,93.9,144.1,3.597,4420.9,1
70.92,1409.6,380.7,91.55,413.1,4.358,4553.5,0
36.1,1576.7,657.8,94.18,474.5,4.916,2418.2,0
66.38,1748.4,378.8,92.28,349.7,3.271,1961.9,0
73.72,1581.3,608.0,97.94,341.2,3.55,2509.6,0
45.84,1726.5,635.0,95.19,444.6,6.87,1573.3,0
59.88,2009.4,347.0,96.86,183.8,1.004,2781.2,1
68.47,1971.7,501.9,99.42,117.9,6.46,435.0,1
59.98,1737.5,535.9,82.87,,5.114,1815.4,0
39.23,1232.5,577.0,90.51,133.1,5.541,3090.2,0
57.73,1201.6,560.7,89.7,388.3,1.359,995.6,0
60.38,1676.0,625.9,100.0,60.2,3.787,1912.0,1
63.03,1403.5,374.6,90.25,173.2,7.66,4239.7,1
77.97,1890.7,441.6,,358.3,3.402,4687.5,1
80.35,1885.9,408.8,88.96,292.3,5.126,2625.6,0
68.52,1276.1,377.6,96.64,96.0,1.531,1259.9,0
45.97,2031.1,548.9,100.0,182.1,5.092,575.5,0
85.52,1461.8,532.8,97.18,419.1,1.329,2485.4,0
58.21,1619.0,582.8,90.5,118.7,2.541,1929.8,0
33.91,1323.2,430.9,97.68,266.8,0.959,3817.1,0
79.33,1748.4,564.7,89.29,256.2,6.188,3720.5,0
67.63,1450.5,510.3,93.96,156.5,1.711,1935.0,0
58.99,1670.1,435.6,95.06,464.1,3.192,552.1,0
67.63,1451.3,696.8,93.45,412.5,0.067,3148.3,0
34.68,2075.9,617.4,93.82,445.0,3.877,417.8,0
60.81,1716.7,607.2,92.63,436.1,3.213,4990.3,0
56.28,1523.0,430.7,99.35,286.4,0.852,2958.9,1
,1872.6,478.2,85.91,394.7,4.537,2133.7,0
44.39,1842.2,595.8,100.0,387.2,3.957,2406.2,0
93.67,1587.5,417.9,86.86,371.8,4.381,4651.2,0
64.99,1875.8,401.9,100.0,61.8,5.278,100.9,1
78.31,1282.4,462.0,93.25,420.5,2.928,175.9,0
55.69,2086.0,409.5,81.32,125.7,3.2,4795.1,1
77.37,2109.6,623.9,91.38,278.8,2.015,1849.0,0
74.1,1608.9,533.7,90.84,210.9,5.547,4000.7,0
40.22,1072.9,737.8,90.95,256.7,,4100.6,0
59.33,1153.5,586.7,81.57,417.1,2.523,710.3,0
71.42,1641.1,496.2,83.93,444.4,2.645,4079.1,0
69.31,938.4,563.4,94.38,294.4,2.337,2383.1,0
57.56,1883.1,558.5,100.0,397.6,0.619,1845.3,0
63.89,1626.0,391.3,97.75,110.9,0.822,1407.0,0
54.58,1849.6,572.8,100.0,,3.384,1092.7,0
67.36,2076.4,365.1,83.12,375.1,2.282,3525.5,1
68.49,1247.6,379.2,97.06,366.0,4.379,921.9,0
,1458.2,682.0,94.35,481.8,3.394,2447.3,0
68.47,1269.5,549.5,88.93,,1.325,3046.3,0
64.17,2598.9,420.7,,140.8,6.918,1968.4,1
48.4,1679.3,532.3,97.26,180.5,0.937,183.2,0
77.64,1176.0,519.6,92.11,367.9,0.243,4547.2,0
55.13,1812.0,593.5,100.0,332.3,4.818,1517.3,0
63.01,1762.4,569.8,91.97,290.8,0.57,3575.9,0
60.98,2334.4,631.0,91.7,129.6,3.002,4264.1,1
58.63,1484.7,416.0,88.88,167.2,,4118.2,0
69.69,1967.6,473.1,88.74,363.5,3.3,4433.0,0
69.64,1856.0,660.8,93.13,87.2,2.512,3487.3,1
73.21,1687.2,434.9,89.34,443.1,2.748,4315.4,0
81.86,1102.1,581.6,92.41,262.6,2.947,3434.5,0
53.64,2704.7,451.0,98.55,240.7,7.147,4412.8,0
33.12,1440.3,379.6,82.55,232.9,10.364,2812.9,1
43.57,1815.3,764.3,86.93,138.2,4.796,260.0,0
96.63,2366.7,563.7,96.57,92.1,2.403,1608.6,1
,2249.0,409.9,91.09,351.0,3.258,3519.8,0
72.71,1297.1,271.0,94.7,168.7,0.508,4102.8,0
35.9,2269.2,481.8,87.08,388.7,1.575,4123.0,0
81.03,1245.3,526.5,95.92,181.2,0.488,1642.6,0
70.37,1920.4,359.0,87.68,402.5,5.099,667.2,0
47.3,2058.3,500.2,91.84,53.4,5.343,3565.4,1
85.22,1014.3,392.6,80.31,352.8,5.597,2141.6,0
58.95,2132.3,406.9,82.47,333.4,0.552,500.8,0
61.41,1657.4,188.4,95.07,158.8,,3105.6,0
52.19,1183.2,627.0,88.3,290.5,1.392,4291.4,0
49.19,1316.7,523.3,75.67,181.1,4.693,3062.8,1
78.97,1192.3,576.5,98.19,80.9,2.417,4424.9,1
60.91,1622.8,582.2,84.1,473.1,1.5,2497.7,0
71.03,1107.6,372.4,86.81,447.6,1.387,4211.2,0
69.11,1383.3,440.0,88.21,175.8,4.486,4982.5,1
100.86,1452.9,596.4,98.23,,4.006,890.2,0
59.17,1404.3,569.4,94.87,177.6,2.933,278.8,0
30.83,1683.2,574.7,91.35,336.8,7.0,666.8,0
75.41,1524.2,340.8,92.87,357.9,3.104,4614.4,0
81.8,1279.4,487.0,100.0,209.5,1.762,1113.5,0
70.94,1894.6,710.6,89.23,165.4,5.445,208.3,1
50.94,1376.8,308.6,100.0,136.9,4.08,574.2,0
59.37,2086.8,466.7,88.75,75.9,6.198,1089.3,1
73.44,1274.3,599.3,85.81,495.8,2.466,1820.2,0
77.56,1468.4,422.7,100.0,492.7,5.068,179.6,0
65.18,977.7,418.7,100.0,200.0,5.116,4234.4,0
56.95,2007.9,439.5,90.3,279.8,5.222,437.7,0
107.24,1849.2,343.6,96.95,291.3,4.094,4706.9,0
50.56,1455.7,660.5,94.51,391.2,3.815,4137.6,0
40.34,1368.0,636.1,88.23,331.0,3.031,4003.7,0
36.32,2366.8,621.6,92.11,67.8,3.238,2458.4,0
51.15,1138.8,596.3,100.0,376.4,4.353,3813.2,0
14.19,935.7,389.7,85.24,359.4,7.576,2535.6,0
54.33,1823.6,412.7,79.03,242.9,4.975,2223.2,0
68.93,1762.7,391.0,100.0,472.0,0.398,3699.4,0
24.97,1419.2,701.4,97.87,203.7,2.149,4868.0,0
50.58,1687.8,675.5,92.41,92.0,2.255,4075.0,0
40.12,2233.7,617.0,88.68,389.9,2.182,2719.2,0
30.61,1562.7,586.3,100.0,56.5,4.534,3415.6,0
61.87,1962.3,395.7,96.47,231.4,5.346,334.2,0
53.86,1721.4,463.0,94.47,449.1,1.439,4162.4,0
48.73,2012.8,518.1,97.85,333.6,7.211,4431.8,0
65.74,408.8,390.9,97.57,423.3,4.621,4800.2,0
94.78,1936.7,491.8,91.22,189.9,0.392,468.3,0
57.47,2081.8,602.0,84.46,128.4,4.825,2446.2,1
63.01,1833.0,327.1,92.44,454.8,2.845,355.8,0
73.15,1612.2,623.8,87.72,203.2,1.649,603.1,0
59.9,1823.8,531.2,93.28,58.3,4.123,4306.1,1
56.27,1729.6,480.1,86.13,113.8,9.135,2776.6,1
72.0,2113.7,623.2,87.53,385.2,0.616,2580.8,0
43.15,1583.7,750.4,92.25,337.5,4.864,602.1,0
40.42,888.0,536.6,86.96,461.2,1.669,224.4,0
54.03,2381.7,485.0,100.0,397.5,5.133,2193.1,0
45.09,928.7,505.3,68.94,135.7,1.013,880.2,0
73.61,1914.9,608.5,99.96,293.5,3.574,3560.2,0
60.91,1630.8,439.1,100.0,258.6,0.005,554.8,0
70.99,1442.8,412.5,83.92,86.1,1.652,911.1,0
56.92,1983.5,669.3,88.98,498.6,2.664,4484.4,0
48.07,2178.5,645.7,90.95,223.7,1.248,1205.7,0
41.6,1245.4,476.5,96.75,301.4,0.648,3984.3,0
62.62,1815.8,542.5,98.03,213.6,2.412,749.8,0
77.93,1270.5,473.0,99.85,159.5,3.388,3979.8,0
52.99,1275.7,523.1,88.04,371.2,1.586,3095.5,0
56.05,1414.0,573.9,99.29,,4.561,3837.1,0
75.31,1990.3,448.5,100.0,481.8,2.901,1625.3,0
71.56,1498.7,573.8,86.9,313.1,4.027,4960.5,0
62.33,1153.2,445.6,80.76,217.3,0.851,4911.2,0
60.32,1632.3,483.0,80.69,215.2,2.715,289.8,0
33.54,1482.0,513.0,97.8,101.8,0.373,4342.5,0
64.36,2050.2,594.8,100.0,230.1,2.484,2981.2,0
46.11,2058.6,643.5,98.77,328.6,4.022,3895.5,0
77.21,1574.4,533.8,85.81,377.6,3.469,3176.0,0
48.75,2027.7,493.5,90.19,421.8,1.796,4905.2,0
45.33,1668.0,428.5,98.79,148.8,0.008,3378.3,0
60.96,1679.4,762.1,92.41,226.9,1.208,2272.0,0
51.21,1658.2,235.5,98.35,55.7,1.488,2782.3,0
55.39,1622.5,612.8,90.12,,3.642,4188.8,1
65.38,1451.1,614.8,100.0,402.9,1.068,3433.6,0
46.65,1534.9,411.8,97.33,273.5,,2190.1,0
69.87,1674.9,311.7,90.07,137.0,1.862,4824.2,0
63.28,2195.7,614.2,99.89,352.6,1.868,2131.4,0
75.15,1303.6,564.5,86.25,287.4,3.649,2082.5,0
61.35,1384.6,450.7,85.2,187.7,2.17,102.1,0
46.26,1411.8,854.4,92.86,380.8,3.713,2387.2,0
69.9,1441.4,609.8,85.71,209.3,0.926,3610.4,0
79.42,1638.8,629.3,91.81,56.0,2.432,2603.6,1
68.37,1285.3,474.0,85.8,306.0,5.368,2298.6,0
86.01,1784.0,658.8,87.16,153.3,4.675,2135.7,1
57.6,1959.9,492.3,94.01,400.8,3.332,1145.0,0
68.06,2267.6,656.1,85.46,65.2,4.295,3257.5,1
42.84,2340.4,281.1,91.2,308.7,4.182,1570.5,0
36.53,941.6,570.1,95.38,77.3,5.624,2526.3,0
79.29,2101.8,671.0,98.48,89.0,3.75,3460.3,1
66.01,1371.9,594.9,94.42,439.2,0.576,3476.0,0
50.25,1380.9,664.4,97.19,,5.273,3314.0,0
75.55,1335.5,632.0,100.0,78.6,1.575,4119.8,0
74.36,1445.1,486.2,96.53,420.9,1.417,4436.8,0
89.84,1415.3,582.8,100.0,185.8,1.79,2284.2,0
41.32,1922.5,329.7,99.58,136.4,5.994,4308.9,0
-22.186406952874297,1411.4,338.0,97.83,333.9,0.626,3357.1,0
56.66,1508.7,596.2,100.0,57.8,4.675,3902.3,1
64.75,1235.4,327.0,100.0,215.3,5.621,2455.0,1
79.16,1276.2,655.0,98.36,135.0,7.598,209.0,1
81.47,631.2,489.3,85.49,381.9,0.81,1755.5,0
74.74,1834.1,468.0,90.64,201.2,,3000.5,0
46.06,1555.0,612.9,100.0,231.0,7.366,4376.6,0
67.59,1356.7,696.1,86.39,361.8,4.261,1200.0,0
72.56,1121.4,668.0,93.07,353.0,2.977,3192.0,0
77.66,1814.2,710.9,87.26,70.1,3.282,508.7,1
54.7,1472.5,448.5,89.24,357.8,2.204,4772.7,0
55.02,1583.1,556.6,85.44,371.1,3.904,4709.8,0
70.83,1117.3,563.6,85.35,75.2,2.357,3855.1,1
66.32,1457.2,530.1,83.22,369.0,2.455,33.0,0
59.18,1282.6,638.3,87.03,488.8,2.741,3886.5,0
64.16,2132.9,469.4,93.89,273.0,0.303,2974.4,0
61.37,2179.3,484.9,91.04,62.7,6.583,1047.2,1
88.63,1183.9,574.6,92.93,70.8,4.7,4433.5,1
48.53,1856.2,601.9,97.84,118.4,1.433,1689.3,0
88.25,1984.0,634.7,95.87,64.4,2.814,4434.4,1
67.85,1282.9,415.7,99.78,64.1,4.529,1271.2,1
39.35,1220.0,549.3,90.42,473.5,6.269,4165.4,0
50.96,1882.4,383.6,95.16,147.1,9.297,1813.5,1
60.17,1508.9,443.9,82.25,436.3,6.43,2750.5,0
42.98,1542.0,514.2,91.44,427.8,4.303,3156.4,0
,1252.9,420.8,96.72,122.5,3.134,4696.5,0
59.83,1482.2,140.3,94.96,110.0,0.852,4877.2,0
81.42,512.1,410.1,100.0,326.5,5.332,3659.1,0
86.74,1105.5,600.7,88.13,323.7,1.604,4027.5,0
84.21,949.6,664.0,91.28,328.7,2.627,2128.4,0
46.71,1497.8,338.7,87.68,176.4,3.82,836.0,0
67.99,1667.8,624.6,96.89,89.9,4.127,2875.3,1
75.85,1563.7,605.8,89.8,427.9,2.456,4893.8,0
58.12,1427.5,637.1,100.0,414.0,6.052,4105.1,0
31.64,1478.9,776.8,87.12,310.1,4.261,4737.7,0
67.03,1604.0,457.5,92.94,471.1,3.707,1890.0,0
63.6,1351.8,789.2,90.43,282.0,4.657,4875.0,0
71.65,1336.4,519.5,95.96,361.6,3.76,2351.4,0
75.7,1309.0,408.9,81.34,405.6,3.629,1142.6,0
66.89,1623.5,368.9,100.0,461.8,2.004,3206.9,0
49.56,1601.9,512.0,100.0,247.5,1.195,55.2,0
61.76,2028.7,576.4,98.75,382.6,3.224,4408.5,0
87.6,828.6,512.6,99.28,78.8,6.018,1784.0,1
59.63,2105.4,639.5,100.0,179.0,3.761,3704.6,0
76.02,1298.5,564.8,99.22,491.1,5.296,2862.0,0
56.18,1493.1,725.0,97.21,140.7,3.372,2560.3,0
66.2,1198.1,679.0,95.85,205.2,6.727,286.7,0
,1998.6,569.8,98.15,396.2,4.301,1291.4,0
38.4,1460.9,520.6,100.0,434.8,0.057,2841.6,0
58.5,1845.7,365.7,90.87,54.4,3.327,1741.2,1
71.02,1657.8,484.7,100.0,,2.892,2633.2,0
63.89,1845.1,461.9,98.76,376.6,0.761,3653.3,0
66.07,1596.9,567.6,95.21,,5.051,2214.1,1
57.28,1850.9,428.4,90.47,189.7,4.51,986.1,0
76.52,1827.4,192.9,89.35,236.0,0.864,3651.5,0
89.37,1128.3,335.9,87.68,359.3,2.085,1443.0,0
75.13,1438.7,553.0,96.46,130.3,7.913,1873.5,1
32.66,1466.6,607.1,93.44,326.3,4.788,4435.6,0
65.57,1521.9,417.4,94.04,294.0,1.56,1700.5,0
53.03,1540.6,438.2,99.91,181.7,,717.1,0
86.72,1544.4,501.3,88.26,484.9,1.364,1032.2,0
76.44,1614.3,428.8,92.15,166.4,1.89,1767.7,0
45.23,2044.1,517.2,99.27,447.9,0.852,2045.9,0
62.58,1853.5,547.7,84.16,430.4,7.297,4260.7,0
49.0,1225.0,417.8,94.44,299.5,,750.8,0
71.82,1504.9,491.8,99.16,316.8,4.367,3490.4,0
89.97,1925.8,534.9,87.78,89.3,4.188,4544.4,1
104.47,1695.8,533.9,94.4,410.3,0.299,525.4,0
41.16,1472.8,634.7,100.0,128.6,0.506,400.8,0
86.57,1378.2,750.8,89.23,421.7,0.575,3771.2,0
58.78,1441.9,563.0,93.44,90.5,6.673,2129.6,1
23.81,1834.7,569.8,100.0,308.9,7.862,2033.1,0
81.27,1632.8,578.7,100.0,291.2,0.569,2549.3,0
51.88,1116.8,686.5,89.0,145.1,2.975,4961.4,1
65.01,1347.6,451.3,100.0,438.4,3.637,1562.2,0
61.06,1653.4,567.3,86.05,301.0,2.222,2232.6,0
52.67,1470.8,497.2,90.43,,3.841,182.6,1
68.0,1249.4,417.0,83.63,129.1,3.48,3951.8,1
73.66,1079.3,766.1,97.8,162.0,0.676,3092.1,0
62.07,1961.9,586.4,,321.2,4.422,390.6,1
51.34,1615.7,627.5,95.71,326.4,4.062,1977.0,0
53.39,1641.2,628.1,98.49,385.2,5.4,4900.8,0
78.41,1807.6,556.6,88.04,366.8,1.92,2885.7,0
86.24,1382.3,627.8,87.47,90.5,1.85,4393.3,1
65.34,1669.9,428.3,99.39,434.0,2.327,3873.1,0
63.08,1358.5,597.1,87.77,209.7,3.611,4986.8,0
53.48,1753.0,552.0,91.18,328.8,6.879,4998.3,0
77.58,1856.9,543.9,89.93,492.1,1.904,3013.2,0
83.87,2138.2,410.2,93.63,228.5,8.022,3530.7,1
71.21,2115.6,473.6,91.44,162.1,3.457,2293.7,0
61.76,1622.9,694.8,97.53,197.4,3.889,2833.7,0
70.87,1475.5,647.0,97.81,417.5,0.938,1588.2,0
50.68,1866.9,663.1,97.85,,0.954,4953.2,0
54.17,1674.2,442.2,78.11,221.8,7.007,2481.1,1
79.41,320.9,443.6,91.75,206.1,3.757,4845.5,0
61.58,1465.0,719.8,100.0,403.5,6.594,4372.1,0
57.47,1533.7,568.0,96.65,399.3,0.725,1845.5,0
59.99,1538.2,384.4,89.63,417.6,2.843,4398.1,0
83.1,1926.4,660.8,85.01,65.2,6.773,324.6,1
62.05,1348.2,560.0,95.9,282.0,3.704,4681.1,0
74.03,1765.2,611.5,91.1,250.0,1.752,3009.7,0
18.59,1587.9,545.4,87.01,299.3,2.207,4071.5,0
38.01,2149.9,445.3,94.88,210.7,0.892,1510.0,0
70.58,1823.4,546.5,99.45,324.9,2.399,4084.0,0
54.2,1448.0,625.4,95.65,220.3,3.901,3762.2,0
56.58,1949.9,413.3,90.79,178.0,3.546,2638.7,0
85.67,1936.7,722.0,80.96,165.1,3.912,4121.2,1
57.81,1339.6,568.0,80.7,310.5,7.669,2716.1,0
,1635.8,396.9,81.4,152.5,0.216,2213.4,0
33.07,1160.6,590.2,100.0,218.2,2.946,21.3,0
54.79,1836.7,529.1,100.0,459.9,7.116,155.4,0
65.85,1573.1,479.1,99.05,479.0,7.437,2242.7,0
43.52,1560.0,565.6,91.51,67.6,5.59,3055.3,0
56.65,1103.9,577.8,99.61,139.2,0.466,4505.9,0
50.57,1074.9,584.8,96.59,198.8,2.108,1644.1,0
-16.149216223309505,1078.5,446.9,95.49,281.8,2.479,1047.7,0
73.2,2015.5,504.0,90.19,248.8,4.916,32.7,0
64.36,563.5,511.3,89.69,228.2,4.646,457.6,0
56.88,1796.9,625.2,93.29,203.0,5.553,3742.4,0
51.88,1051.4,625.8,95.4,441.9,4.104,3495.6,0
88.37,1777.6,623.9,97.27,347.1,0.271,1240.3,0
75.1,1429.5,480.5,98.61,334.8,4.471,925.9,0
48.63,1925.0,570.3,90.84,301.8,5.502,3425.6,0
74.26,1745.8,615.0,79.68,187.9,2.466,1967.6,1
61.3,2368.3,567.6,100.0,134.7,4.132,2015.8,0
64.92,1054.3,706.6,95.36,343.3,5.673,4534.7,0
86.17,1492.8,617.0,100.0,316.2,0.362,825.5,0
,1793.0,586.3,97.12,63.4,3.815,587.3,0
75.78,1727.9,559.2,100.0,227.2,3.867,4222.5,0
76.26,1562.5,617.8,90.06,354.6,5.188,762.5,0
56.79,1825.7,547.2,82.79,357.8,3.467,2411.0,0
44.99,1572.3,560.5,100.0,135.9,2.424,2582.6,0
56.4,1493.7,641.6,99.24,432.3,2.964,2841.4,0
74.63,2254.5,625.8,87.55,85.8,,2703.8,1
,1837.2,436.2,92.55,92.6,0.375,374.5,0
73.47,1689.3,482.5,100.0,435.5,4.554,2661.0,0
51.89,1174.2,427.6,97.38,276.5,3.842,2330.5,0
,1110.9,516.2,91.7,304.0,8.111,2575.9,0
69.54,1223.5,400.7,87.7,487.4,4.884,4784.4,0
,11995.821721057759,490.6,90.93,54.3,4.21,1632.1,0
76.76,2022.5,651.0,96.52,460.3,4.248,3977.7,0
79.21,1525.5,274.6,100.0,142.1,7.309,3250.7,1
78.2,1977.1,529.9,89.44,198.3,2.323,3.9,0
40.87,1279.0,455.0,85.29,263.7,7.556,2148.2,0
63.28,2131.1,386.5,96.03,121.9,4.881,1677.8,1
62.5,953.7,530.1,100.0,271.2,2.679,3192.0,0
94.33,1603.2,502.2,87.17,,4.341,4232.9,0
45.54,1422.6,373.4,,163.4,1.334,1513.4,0
59.01,1408.1,419.5,82.8,263.0,3.417,3665.5,0
66.69,1876.2,392.9,100.0,359.9,2.9,3218.2,0
72.08,2015.3,720.1,99.64,492.8,4.889,1839.8,0
57.53,1587.1,493.5,91.92,301.1,2.649,3195.5,0
48.81,1143.6,345.6,88.36,407.7,3.116,581.8,0
80.74,948.5,460.0,100.0,381.6,5.961,1776.0,0
55.23,1571.8,491.5,89.85,54.3,1.349,2038.2,0
61.96,2174.1,405.8,99.32,130.7,0.624,474.7,0
88.56,1846.3,479.8,100.0,223.4,0.585,117.1,0
61.0,1842.0,589.1,97.38,151.9,1.234,4153.2,0
43.97,1583.9,442.9,85.82,229.2,3.339,2969.8,0
72.44,1179.2,473.7,100.0,389.3,2.277,3944.7,0
77.73,2223.2,635.9,97.39,305.0,5.551,1990.2,1
55.72,376.6,496.3,92.45,416.0,3.725,4974.2,0
25.61,1146.3,384.1,90.52,114.6,0.836,4115.5,0
32.01,1403.2,544.7,92.96,194.8,4.798,3170.6,0
27.63,1612.1,480.2,91.17,365.2,6.25,3445.9,0
62.74,1471.5,254.0,94.74,111.0,5.629,2352.7,1
54.16,1444.4,639.5,100.0,415.5,3.662,2747.0,0
34.18,1316.1,607.1,93.04,267.3,3.861,1651.8,0
70.81,1993.0,333.8,79.34,95.5,0.848,2650.7,1
63.8,1521.1,687.1,95.98,154.1,5.64,2439.1,0
72.52,1075.9,526.7,,221.7,0.34,3918.6,0
,1858.4,567.3,100.0,242.0,2.889,896.4,0
74.42,1602.7,653.0,96.69,455.1,0.318,2342.0,0
66.74,1779.1,670.3,99.92,204.0,5.107,550.5,0
66.93,2132.8,541.9,95.6,383.7,1.756,2228.7,0
55.46,1801.0,432.5,100.0,392.2,0.941,2076.9,0
54.59,1495.5,426.8,86.94,133.5,5.122,4898.7,1
58.89,1572.2,508.1,80.12,469.3,1.665,3522.0,0
60.71,1679.1,627.2,83.96,276.5,2.382,2783.7,0
65.18,1859.5,578.6,93.73,420.1,7.388,2843.7,0
74.17,2419.1,541.8,100.0,377.1,5.007,1645.3,0
58.31,2093.4,484.1,88.55,385.4,6.539,1863.8,0
40.4,1375.6,514.0,91.26,339.0,3.378,2969.4,0
62.82,1951.6,466.3,91.7,58.7,2.291,4403.2,1
,1199.3,652.7,97.8,178.0,2.596,2360.6,0
62.37,1628.6,649.6,93.37,76.2,4.545,1780.9,1
44.72,1746.8,468.3,90.32,132.1,1.461,188.7,0
71.65,1535.5,418.3,90.4,165.2,3.39,125.1,0
69.6,1474.8,439.7,100.0,415.5,0.173,2391.8,0
84.94,1689.3,571.1,99.15,293.1,6.796,2878.3,0
52.03,1774.7,432.5,84.86,370.1,,1766.6,0
37.28,2208.0,501.8,99.49,323.9,3.797,1867.6,0
91.99,1762.8,495.8,96.1,455.8,1.919,3587.0,0
70.9,2193.0,590.4,94.65,356.6,5.848,783.0,0
81.07,1808.5,408.0,86.33,188.1,0.557,2796.3,0
61.51,1800.8,637.9,94.54,451.5,5.217,2869.5,0
76.83,952.0,701.8,84.96,99.1,1.733,4558.4,1
73.02,994.1,619.4,94.14,315.0,3.825,2386.8,0
62.88,1726.8,525.4,94.44,418.4,3.669,914.0,0
,2257.0,502.0,86.44,209.1,4.286,3659.0,0
64.2,757.4,378.8,92.52,365.8,3.382,626.3,0
46.55,1169.4,449.6,97.08,459.0,0.151,4935.7,0
63.45,1446.4,407.5,90.7,360.3,3.225,842.1,0
75.24,1034.1,794.3,96.09,359.9,2.887,2494.6,0
70.31,1617.0,508.9,87.32,140.7,4.953,476.7,0
,1458.8,574.5,86.38,128.8,,333.6,0
55.53,1096.7,495.9,100.0,470.2,1.837,446.9,0
22.53,1460.5,654.0,86.87,222.6,3.741,3586.3,0
24.24,2374.2,423.0,90.19,336.4,5.135,4050.4,0
44.28,1264.6,492.8,100.0,450.8,2.262,4287.6,0
53.99,2049.0,648.5,100.0,116.6,,2242.8,0
83.68,2002.7,187.5,96.44,98.9,0.365,3109.4,1
42.85,1149.3,575.9,96.41,285.8,0.4,677.2,0
42.98,2021.7,491.6,97.69,326.8,1.799,30.3,0
82.1,1735.3,533.3,88.72,300.7,1.843,3712.0,0
91.35,1016.5,539.0,92.14,373.1,4.39,3703.7,0
58.08,2065.1,433.4,92.53,105.2,1.912,1199.5,0
91.64,1518.2,428.5,100.0,179.7,2.094,1538.2,0
76.82,2258.5,445.2,100.0,250.9,5.613,3583.0,1
78.27,1441.6,305.1,100.0,339.8,4.83,2820.0,0
53.15,2060.6,505.2,90.28,170.8,,42.2,0
58.29,1617.5,456.0,79.02,473.6,3.037,2074.8,0
53.97,1973.7,462.5,100.0,60.6,3.887,2546.3,1
59.39,1658.0,537.7,100.0,364.5,5.727,3308.0,0
48.16,1654.4,341.5,98.66,177.8,3.32,2325.3,0
40.82,2046.3,557.8,80.81,421.6,5.105,1242.5,0
58.74,1812.4,500.8,91.88,79.3,2.841,2194.8,1
54.86,1396.7,566.3,92.7,252.4,5.219,596.8,0
71.26,1284.5,597.1,99.91,367.6,3.947,2912.8,0
47.84,1571.1,437.3,92.72,392.1,1.136,4681.8,0
89.93,1426.2,501.4,100.0,457.3,4.085,240.9,0
30.58,782.3,505.1,95.08,197.3,1.375,1542.6,0
56.79,1187.9,393.3,87.05,221.3,0.597,2524.4,0
56.69,1350.1,551.8,91.23,173.8,1.122,1700.3,0
53.3,2396.6,588.3,86.34,75.5,4.309,1627.4,1
100.6,1520.2,475.0,100.0,461.4,0.185,801.2,0
58.42,1912.7,411.5,88.06,326.4,3.731,3792.1,0
31.92,1226.0,508.9,92.7,420.5,0.761,4805.3,0
83.31,1999.3,359.2,97.11,152.9,3.948,3769.0,0
72.96,1816.2,700.3,100.0,347.6,1.998,3782.8,0
75.26,2186.2,629.3,98.16,395.7,1.685,1205.5,0
59.64,1310.1,396.2,81.41,485.3,0.574,422.4,0
52.16,1857.8,409.6,95.39,176.8,1.074,3857.3,0
56.87,1883.9,539.0,79.96,65.9,0.413,1473.5,0
41.34,14441.332453119301,549.4,96.1,146.7,4.165,3876.7,0
59.51,1208.8,607.9,88.79,128.4,2.22,3795.0,0
74.79,1544.1,478.8,96.05,387.0,2.927,3329.0,0
24.43,1865.5,400.8,85.8,492.0,0.031,2561.2,0
33.43,1859.0,627.1,96.47,197.2,4.419,4848.1,0
72.0,1003.3,526.7,89.05,234.4,2.528,2698.3,0
59.22,1813.5,653.2,96.97,51.4,6.97,4236.4,1
36.82,2120.8,452.5,85.74,476.5,3.426,1893.5,0
105.19,1229.1,565.2,95.41,243.1,1.744,2539.0,0
84.65,1904.0,392.5,100.0,475.2,0.55,4195.3,0
46.54,1709.0,484.5,86.76,110.4,0.894,4094.2,0
32.28,1318.4,473.7,100.0,248.8,3.119,2211.7,0
75.66,1515.7,503.9,100.0,449.3,2.974,3475.8,0
78.17,1487.3,655.1,88.77,242.5,,1839.6,0
42.41,1589.6,553.4,92.12,457.2,4.92,3888.7,0
56.04,1448.7,450.5,98.69,214.5,3.945,1802.3,0
74.79,1491.6,692.4,94.3,97.7,2.012,170.0,0
52.42,1945.9,451.9,92.01,413.2,6.48,1099.3,0
,1253.5,659.7,,401.5,0.747,2965.9,0
54.71,2084.7,655.1,100.0,469.9,1.993,1568.9,0
97.73,2077.1,710.6,86.07,329.6,5.741,528.5,1
88.98,1264.0,719.9,90.84,103.2,0.177,3550.8,1
41.9,772.8,514.4,79.73,480.7,,1910.1,0
61.67,1804.2,647.5,92.43,192.7,4.085,3957.1,0
43.81,1965.8,446.8,,410.5,2.749,1598.7,0
78.78,1416.6,582.5,87.97,71.4,1.558,4763.4,1
77.59,1458.3,437.1,98.2,94.4,0.17,4530.0,0
59.92,2163.2,692.4,83.96,254.6,4.355,4147.6,1
65.75,1962.9,552.1,88.11,385.7,2.587,3374.6,0
55.45,2109.7,290.2,98.82,431.1,0.919,4349.3,0
81.65,2047.6,781.9,92.23,486.0,0.183,4937.2,0
82.47,1701.2,214.9,94.84,336.1,6.445,2511.1,0
41.55,1810.3,286.1,96.51,316.1,7.077,3824.7,0
61.42,1681.1,494.1,79.12,403.1,1.269,1561.8,0
56.49,1438.3,631.0,100.0,152.5,2.718,3273.9,0
50.95,1719.3,496.0,95.04,126.7,0.278,808.9,0
79.98,1690.5,480.5,90.75,254.7,2.48,501.5,0
62.01,1397.6,577.8,97.71,337.5,3.551,3146.6,0
66.31,1745.6,532.4,86.63,,0.635,2310.0,0
38.06,1782.7,631.0,93.66,466.3,3.182,670.7,0
27.18,2261.9,699.4,95.4,268.3,4.326,3385.2,0
81.49,1602.4,587.9,98.6,106.2,4.707,2883.4,1
54.78,1540.5,423.0,100.0,103.5,5.684,3006.5,1
53.82,1880.8,258.8,85.15,188.7,3.648,4809.3,1
60.25,1722.5,513.4,94.32,330.1,1.478,1843.7,0
44.65,1981.8,442.2,91.64,338.6,3.9,4008.8,0
74.3,1318.2,571.1,100.0,199.8,2.761,3676.7,0
34.91,2041.0,424.6,100.0,184.9,5.345,4577.6,0
68.36,1504.7,493.8,88.46,427.7,2.283,2784.2,0
70.37,1460.6,633.1,86.68,84.0,6.115,1849.4,1
79.63,1907.6,558.2,96.22,435.5,0.542,1547.8,0
59.96,1250.5,341.0,90.26,94.7,2.374,1219.7,0
68.06,1826.9,631.1,88.29,206.4,0.137,2631.7,0
47.03,1925.8,369.5,87.29,198.4,6.235,3114.6,1
83.59,1045.0,514.0,73.94,283.0,0.408,72.5,0
72.14,1510.8,391.8,100.0,225.2,5.161,1464.9,0
74.16,1647.0,495.6,94.17,96.3,2.504,2294.3,0
59.28,2523.1,579.8,87.86,453.6,0.853,1511.1,0
67.6,835.8,377.4,96.05,250.0,5.081,4699.0,0
37.66,729.0,509.1,81.54,305.9,4.241,4650.5,0
83.45,1961.3,611.3,86.29,,0.492,4240.4,0
69.73,1005.2,424.6,95.66,141.8,2.687,715.8,0
,1849.5,505.9,90.31,103.1,2.53,230.5,1
42.7,1193.3,563.5,97.62,371.7,2.408,4391.3,1
52.91,1539.3,472.9,100.0,127.5,2.284,3197.0,0
52.29,1627.0,542.8,92.73,486.0,2.723,2309.1,0
66.76,2026.3,472.8,81.76,118.0,2.599,2659.0,1
47.7,2284.1,349.7,97.84,117.1,2.805,3803.7,0
89.56,1265.3,313.1,79.13,180.4,3.228,693.0,0
82.83,1699.7,808.2,94.15,270.3,1.492,3722.9,0
86.13,1648.5,352.5,88.93,351.1,,3840.7,0
48.26,1391.2,449.1,86.58,315.7,0.731,4534.4,0
34.1,1445.0,609.1,93.41,491.9,4.32,219.9,0
56.56,2064.5,515.6,87.32,190.4,3.402,4931.3,0
51.35,1343.9,429.8,87.48,300.1,6.122,3661.4,0
73.61,1272.7,597.0,86.75,281.4,3.944,2476.2,0
41.43,1338.1,392.1,86.36,219.7,0.604,4752.1,0
,1724.7,624.0,95.26,352.3,5.423,2913.3,0
39.13,1443.0,683.1,87.55,276.4,8.412,3642.3,0
64.51,1769.9,359.9,93.04,384.9,2.087,372.5,0
63.98,1224.1,537.1,100.0,104.5,,4702.9,0
74.3,1744.2,587.2,100.0,338.0,3.471,1898.6,0
45.01,1621.1,519.9,91.59,472.3,7.692,1608.0,0
64.99,1317.2,601.1,93.78,270.4,3.734,1737.5,0
,2048.4,566.4,81.98,294.3,3.398,2036.6,0
89.67,1208.3,504.0,83.61,483.7,0.707,4821.4,0
81.5,1600.0,507.7,89.79,127.8,7.425,689.7,1
55.42,2143.5,265.3,92.6,142.1,0.314,4695.5,0
43.86,1564.4,678.7,90.73,416.7,,1846.3,0
70.23,1601.8,364.7,100.0,70.0,2.3,4171.3,1
59.96,1197.1,559.7,100.0,68.7,2.16,3839.1,0
61.04,1240.9,290.5,94.19,219.4,4.033,3153.9,0
64.64,1355.6,572.8,89.85,224.1,8.217,2536.8,0
42.18,1700.5,623.3,100.0,225.7,2.305,2619.5,0
67.14,1812.2,545.4,91.71,396.1,2.207,3311.7,0
76.31,994.0,671.4,100.0,289.4,2.623,2161.5,1
65.48,1430.2,607.5,92.75,,0.158,4225.4,0
56.74,2192.2,442.9,100.0,345.2,,1970.0,0
57.07,1376.6,540.2,88.8,198.3,6.439,1457.8,0
57.99,2394.4,617.9,98.97,222.4,3.274,2900.4,0
56.35,2035.8,526.9,100.0,497.7,3.276,3066.8,0
62.25,1669.9,558.3,95.9,166.3,2.424,226.2,0
90.2,1850.3,588.5,93.55,377.5,2.889,2441.7,0
69.58,2298.1,567.6,91.27,122.6,5.014,3790.6,1
48.58,1523.8,472.4,88.31,357.2,6.425,4619.3,0
69.22,1514.8,711.9,87.49,482.4,3.931,3799.0,0
77.39,1997.6,405.4,97.26,401.3,1.133,3261.4,0
39.55,2204.0,553.5,93.97,99.1,1.616,3572.6,0
68.02,2046.0,497.2,98.04,336.0,3.517,4349.3,0
61.14,1934.9,571.3,88.02,,4.371,3318.3,0
84.21,1587.3,513.8,93.17,424.3,1.854,3300.2,0
46.47,1346.5,574.4,89.32,472.8,2.947,4234.3,0
65.32,1861.4,507.3,80.43,425.9,5.242,1208.3,1
66.82,1487.2,346.3,87.36,67.1,2.798,4045.6,1
59.21,1705.0,353.5,89.39,95.4,,3718.3,1
50.75,1563.4,567.4,79.34,226.5,3.73,4668.9,1
62.83,1747.9,476.4,78.15,154.3,1.414,2580.9,1
57.52,1506.2,608.4,90.94,317.0,4.683,4906.8,0
57.59,1926.3,457.9,94.47,490.1,7.809,4823.0,0
60.77,1379.3,394.2,99.08,273.4,3.742,4053.0,0
90.6,1644.7,469.1,92.66,133.5,1.93,2766.0,0
82.13,1735.3,573.3,92.04,188.5,3.884,4854.7,0
73.11,1415.5,620.6,94.57,262.7,4.477,669.5,0
54.72,2089.7,639.0,95.18,451.3,3.415,2389.0,0
,2077.4,375.0,94.01,440.2,1.454,2166.2,0
53.84,1709.9,525.9,92.61,364.9,0.465,2212.9,0
60.71,1696.7,400.4,91.75,149.6,0.067,2881.7,0
45.44,1953.4,438.8,92.07,483.5,2.645,2270.2,0
52.85,2007.8,637.5,87.59,497.3,3.613,3935.9,0
31.95,1403.6,511.8,100.0,456.3,4.548,1809.4,0
74.07,1396.8,658.8,89.18,413.4,,874.6,0
64.26,1252.2,575.5,100.0,99.5,1.494,35.3,0
,1317.1,465.5,87.46,123.5,2.103,353.4,0
51.74,1431.2,446.6,90.95,355.8,2.883,2332.4,0
37.2,2112.2,318.7,90.66,333.0,1.224,3653.9,0
76.37,1528.7,486.1,,288.4,1.006,2005.2,0
62.77,2036.6,492.6,88.81,476.0,4.459,3609.4,0
47.67,1046.8,450.5,83.23,331.1,3.507,2686.4,0
55.99,859.2,739.8,92.88,227.1,3.382,4000.3,0
41.42,913.5,569.5,85.75,181.0,2.346,4790.5,0
72.25,2110.4,386.5,91.83,391.7,3.649,4490.0,0
55.66,1554.5,442.0,84.19,83.2,4.527,57.8,1
39.89,973.9,316.2,93.05,226.7,0.252,4955.5,0
58.03,1694.5,400.5,88.29,216.6,3.992,2258.4,0
44.88,1641.0,351.5,96.36,254.4,1.269,4615.9,0
38.96,2057.6,455.0,98.53,492.5,1.441,2353.6,0
55.55,1788.9,318.5,88.77,464.3,3.098,3616.5,0
59.28,1775.3,447.3,100.0,248.4,0.421,1304.5,0
44.56,1591.2,434.4,83.1,81.5,0.703,1736.6,0
46.62,2019.9,471.4,93.3,197.4,0.819,2839.5,0
80.46,944.5,352.9,91.28,261.0,1.118,4700.5,0
42.63,2174.0,411.3,89.79,291.6,3.223,2879.6,0
72.49,1108.7,774.8,99.17,173.1,3.432,2347.7,0
50.46,1334.2,456.1,88.25,473.5,1.078,4438.2,0
53.81,1299.8,460.3,85.83,203.3,,4483.1,0
73.82,1956.3,533.8,96.64,254.7,2.334,3797.2,0
79.71,2229.0,612.0,98.1,309.1,3.157,684.5,0
48.55,2622.6,544.8,94.68,463.2,1.139,616.0,0
25.93,1211.8,493.6,90.15,411.3,5.109,3705.8,0
50.91,1552.2,467.5,100.0,312.8,4.873,3693.0,0
58.95,1575.9,432.3,88.75,50.4,1.203,1368.2,1
82.6,2148.1,333.8,96.93,60.2,3.289,3217.5,1
56.95,1279.9,557.6,92.31,483.9,4.527,4408.8,0
53.96,1787.7,603.3,98.77,164.1,5.627,689.6,0
87.0,1357.2,524.5,93.53,137.6,1.209,1151.0,0
61.4,1007.9,723.4,94.18,269.8,2.711,1739.0,0
77.18,787.0,578.1,95.98,451.2,4.139,4988.1,0
80.98,1895.7,392.5,100.0,447.0,1.844,3040.2,0
55.73,1247.1,490.3,100.0,376.6,4.376,3871.7,0
68.8,1742.2,556.8,99.9,151.2,0.145,4149.7,0
53.1,1699.0,472.5,98.31,156.3,0.27,1340.1,0
97.07,2057.8,379.1,86.93,276.3,1.678,108.2,0
65.99,1435.5,481.3,92.78,387.3,1.031,4371.5,0
42.18,1422.3,232.8,90.2,423.4,3.467,3621.4,0
106.63,1348.0,544.5,100.0,386.7,,2733.9,0
40.76,469.4,527.4,91.31,261.4,7.901,2170.6,0
47.14,2016.4,586.3,94.06,190.0,1.245,4765.1,0
50.01,1611.0,616.2,77.83,336.8,1.089,3088.9,0
52.75,12940.486223311278,608.9,94.76,154.5,1.772,4097.7,0
92.51,1310.6,447.3,87.9,380.2,2.013,2347.9,0
38.88,1849.2,459.3,91.03,200.9,0.289,3798.4,0
32.82,1775.4,493.6,92.36,108.3,1.076,1472.0,0
49.46,1327.9,484.8,89.07,164.7,4.073,1670.9,0
60.85,1124.8,649.0,87.84,494.8,6.462,3286.3,0
50.29,1813.5,676.9,92.97,362.3,6.529,3326.1,0
56.82,1493.4,614.0,99.3,209.3,6.575,512.7,0
60.45,1402.7,642.0,97.9,115.1,4.007,2643.5,0
63.8,957.0,332.2,100.0,284.0,0.712,4476.1,0
52.96,1114.3,429.5,96.88,207.9,2.436,1124.6,0
63.64,1353.8,361.5,93.55,153.5,2.509,654.7,0
24.23,1967.3,569.2,100.0,91.6,3.636,2865.8,0
90.03,1429.3,550.7,94.46,,1.235,3917.2,0
62.03,1647.3,717.5,75.62,212.3,5.762,4138.8,1
53.32,1908.1,426.8,99.63,457.5,2.523,3583.6,0
61.8,1666.4,548.2,90.14,194.0,1.7,2843.8,0
57.57,1452.9,722.1,100.0,221.8,4.226,3316.3,0
78.82,1761.0,382.0,97.24,86.7,1.117,3610.8,0
59.34,1388.2,532.8,94.87,469.0,2.593,3755.5,1
70.01,1380.7,549.4,85.02,215.1,2.617,3210.5,0
73.22,983.5,600.5,,123.0,0.806,985.0,0
49.52,1400.1,499.2,95.59,446.9,5.368,1207.1,0
61.47,1776.2,556.5,89.87,425.5,2.418,807.4,0
57.36,888.0,549.5,96.12,280.8,0.404,1570.0,0
57.81,1987.1,503.6,98.87,311.7,6.031,445.1,0
60.39,1815.1,552.3,93.95,95.8,3.266,4458.1,1
81.08,1683.8,465.1,92.14,109.4,6.052,1939.9,1
67.73,2226.9,526.3,86.38,406.8,4.091,1702.5,0
47.88,1474.4,403.9,86.85,119.2,6.687,2801.2,1
81.82,1450.8,634.5,86.66,79.1,2.381,2365.1,1
45.27,2063.2,332.1,94.41,281.9,6.221,385.0,0
38.24,1465.7,601.3,89.67,61.2,4.892,820.2,0
32.9,1623.7,398.0,78.71,481.9,4.497,4894.1,0
60.02,9035.60167423316,567.5,100.0,319.2,1.123,4092.3,1
48.81,1792.4,748.8,94.21,247.6,2.926,2310.9,0
85.5,2145.3,461.4,85.67,87.2,6.755,1919.7,1
55.0,1843.4,548.6,89.15,82.6,2.427,793.6,0
43.86,1821.5,595.9,92.78,244.5,1.017,731.3,0
72.64,1958.5,480.1,94.72,392.4,9.163,863.8,0
62.94,13368.008029014782,514.0,77.44,362.9,2.095,858.2,0
61.55,1821.4,696.5,96.99,322.8,,4576.4,0
73.69,9490.12958064988,599.4,84.84,90.3,2.73,1953.2,1
72.02,1632.0,535.7,95.42,344.8,3.428,335.1,0
45.55,1200.1,642.0,90.43,161.4,3.314,2244.3,0
63.03,1434.0,374.8,95.75,143.0,4.022,538.0,0
49.64,955.6,532.9,86.75,232.9,0.164,3756.8,0
79.65,1220.8,552.4,89.78,289.9,3.361,3648.4,0
53.84,1868.9,445.6,91.55,113.6,1.903,563.7,0
38.21,1332.6,392.2,85.49,373.4,3.002,1384.5,0
52.3,2167.9,553.7,98.98,224.8,4.075,3959.7,0
41.19,1656.2,418.7,85.37,269.0,1.576,1237.0,0
52.18,905.5,448.3,91.03,451.5,3.57,4333.6,0
47.05,1770.9,386.8,92.53,314.1,2.297,1730.2,0
92.76,1241.6,517.5,100.0,280.5,3.211,1109.1,0
62.56,2174.2,495.4,82.18,426.9,4.089,426.2,0
78.54,2186.4,445.8,91.91,251.8,2.439,4510.3,0
65.43,1175.5,600.3,78.17,263.9,4.935,1793.5,0
48.11,2071.8,632.0,94.58,184.5,4.56,396.9,0
85.17,1976.2,421.8,100.0,441.7,5.824,2327.5,0
89.16,2056.8,525.7,93.42,403.5,2.756,119.0,0
50.25,1288.2,467.6,86.97,444.4,,2548.6,0
36.71,1276.2,405.2,95.36,153.2,1.686,3674.7,0
63.15,1432.3,475.3,84.49,171.5,1.792,1810.7,0
56.77,2123.4,437.3,94.66,471.4,3.56,2581.5,0
67.54,1965.9,613.8,100.0,438.2,3.964,1136.4,0
68.79,1632.6,693.1,90.23,62.1,1.304,2861.3,1
81.47,953.2,374.3,90.0,76.1,2.671,4974.7,1
,665.4,668.0,95.75,71.5,0.968,2580.1,0
63.83,1197.4,553.1,93.75,126.8,1.21,3764.8,0
59.05,842.1,526.3,93.86,85.6,0.085,3778.9,0
71.65,2027.0,602.5,80.1,483.0,0.38,969.2,0
71.15,1847.1,500.1,98.84,217.9,0.616,4118.3,0
73.67,1623.0,450.0,87.77,57.7,0.211,1652.4,1
46.89,2094.6,416.8,96.41,302.5,3.573,1737.4,0
64.28,960.4,431.5,86.1,121.2,1.452,3837.3,0
56.46,1922.9,507.0,93.33,208.6,1.68,3546.2,0
72.75,1941.7,367.2,99.5,330.0,4.273,3999.2,0
66.1,1581.0,595.6,,84.3,7.671,3629.0,1
65.31,1435.7,471.3,83.01,478.0,2.771,1677.1,0
76.56,1902.0,533.6,92.95,299.3,3.605,1756.8,0
45.16,2659.3,628.9,99.42,196.7,7.866,1878.1,0
,1149.8,305.6,93.85,488.0,3.497,2822.5,0
53.45,1184.0,523.7,96.91,315.6,2.976,3308.3,0
77.1,913.3,342.3,94.32,120.1,0.978,664.4,0
58.69,1870.6,350.5,95.11,388.3,6.267,4931.5,0
67.49,1613.9,551.6,92.48,314.1,3.151,2630.8,0
42.23,979.6,455.5,86.9,389.0,1.772,243.9,0
62.15,1628.5,487.4,88.27,206.0,2.61,3233.2,0
62.78,1854.5,470.8,82.28,111.4,5.552,1925.7,1
50.39,1948.6,477.9,85.38,438.1,5.423,4167.0,0
48.77,1413.1,401.0,91.09,416.6,1.394,4725.6,0
69.85,1077.3,572.9,96.45,243.0,3.318,4718.6,0
107.67,1403.6,555.8,90.33,344.5,3.147,4766.1,0
69.66,1887.9,445.6,99.02,302.3,5.436,33.0,0
86.15,1428.6,566.8,84.95,432.8,1.222,4522.6,0
52.87,2249.5,777.9,80.53,,5.474,2829.5,1
53.49,2047.9,485.1,95.74,112.3,5.42,1674.8,0
,1468.2,623.2,90.56,257.0,1.101,4012.5,0
84.46,1386.4,536.8,98.08,402.0,1.758,2527.6,0
59.24,1013.1,655.7,90.99,117.1,3.364,4336.9,0
69.45,1355.6,599.2,84.07,405.9,0.689,4308.0,0
69.53,1513.3,320.3,77.8,365.9,5.381,2581.8,0
75.97,2366.8,495.0,88.19,166.1,4.597,2402.1,1
76.54,1658.2,679.2,94.49,214.7,5.239,3537.7,0
51.9,1861.2,418.2,89.82,298.3,1.433,4487.9,0
40.2,1457.2,347.0,90.64,183.1,4.725,3875.2,0
33.51,2019.3,442.6,100.0,57.4,3.502,623.9,0
40.71,2044.0,448.1,89.16,189.1,2.613,632.9,0
27.34,1269.7,513.2,95.44,51.2,5.062,4642.0,0
69.43,1521.2,748.5,88.06,431.4,3.872,2408.6,0
58.4,1027.9,534.8,100.0,230.5,4.132,150.1,0
59.09,1589.2,277.8,92.57,169.8,1.438,4949.5,0
54.65,1980.3,565.5,100.0,298.1,2.454,1857.2,0
63.37,1191.0,662.2,100.0,288.9,1.374,2963.9,0
68.55,1943.9,629.4,92.06,,3.638,3695.3,0
67.82,1230.5,466.0,92.59,347.8,4.684,2244.3,0
47.5,1101.7,502.6,93.56,290.8,1.661,309.7,0
52.22,1942.6,596.4,91.13,273.5,2.076,2579.1,0
76.8,2366.3,329.5,91.72,281.4,0.129,3214.7,0
52.8,1146.3,560.1,91.82,401.0,4.008,1425.7,0
71.13,1694.1,366.5,99.11,293.1,2.324,1189.1,0
60.52,1440.9,453.3,92.89,119.7,4.833,1573.8,0
94.72,2196.5,512.8,94.47,234.0,1.549,1117.1,0
52.34,1552.5,371.1,82.45,152.4,5.936,2379.3,1
84.72,1708.6,461.9,84.15,87.9,1.404,2119.2,1
72.46,982.4,552.7,95.14,321.5,3.407,2881.6,0
73.78,1399.5,533.5,93.3,309.5,3.713,2796.1,0
56.86,1642.9,426.3,84.82,59.3,0.161,3947.7,1
58.11,1232.3,531.3,83.09,241.8,2.411,3749.3,0
47.44,1947.9,660.3,100.0,163.1,2.322,4171.9,0
38.78,2794.0,421.6,81.59,469.0,7.732,4470.3,1
58.73,1561.3,567.1,89.91,498.4,2.833,968.4,0
48.7,1731.3,435.2,80.96,235.1,0.189,708.9,0
72.02,1814.2,528.0,92.4,113.7,2.721,2190.8,0
40.94,1898.5,619.8,87.98,213.0,0.59,2229.1,0
75.73,1716.7,692.7,98.36,454.0,2.353,3663.0,0
,975.5,428.1,87.5,372.5,2.753,442.2,0
102.34,1755.0,559.8,100.0,431.1,4.67,4851.3,0
41.67,1562.4,488.5,96.7,183.9,4.674,2451.3,0
65.64,1670.2,479.9,93.65,394.1,1.046,3336.3,0
60.22,1484.6,647.7,94.36,404.0,3.608,1020.0,0
53.79,1510.9,678.6,100.0,237.5,3.429,2796.6,0
41.43,2108.8,624.3,100.0,151.8,0.41,3630.8,0
50.73,1681.4,718.3,86.31,151.0,3.169,3869.3,0
59.81,1668.3,450.4,88.54,189.7,3.351,1685.6,0
51.4,1695.6,391.6,90.11,168.0,3.769,2633.1,0
81.62,955.2,761.9,89.14,197.1,4.876,4161.6,0
66.64,1626.6,662.7,100.0,453.2,3.269,1551.0,0
68.25,1441.1,518.5,85.43,193.6,3.385,2896.9,0
71.55,1175.1,540.1,91.15,129.7,2.768,1988.2,0
49.09,1447.2,336.7,85.48,125.9,1.714,4548.8,0
53.09,1458.7,403.2,100.0,306.4,2.027,956.5,0
62.04,1226.0,356.2,91.75,414.5,2.89,4731.4,1
68.17,518.0,391.4,78.51,482.0,8.542,1384.0,0
24.63,1523.7,557.8,93.58,294.8,4.701,970.1,0
59.62,1845.6,589.5,88.91,355.0,3.35,1717.1,0
65.24,2056.9,524.8,100.0,332.2,2.379,953.9,0
35.98,1333.5,450.3,84.55,467.6,1.914,3015.5,0
52.97,1612.6,513.0,91.28,406.3,4.472,235.7,1
57.69,2003.9,661.3,99.87,177.8,5.7,2721.8,0
33.23,1531.9,676.0,78.12,181.5,0.639,3919.2,0
90.99,1553.6,532.3,95.5,335.8,3.158,4181.3,0
40.35,1715.5,682.2,92.53,351.3,2.546,3740.8,0
44.85,1581.8,579.2,100.0,176.6,3.58,826.1,0
40.54,1246.4,727.8,87.59,201.4,4.134,302.5,0
89.48,1477.4,498.8,,124.1,2.628,1776.9,0
58.25,1849.2,628.6,91.16,352.4,5.223,4039.9,0
64.65,1587.3,674.9,94.36,217.4,0.616,878.2,0
65.43,1591.2,426.6,86.73,438.1,2.886,4861.1,0
59.1,2186.1,522.8,92.49,214.3,2.479,2979.0,0
79.06,1068.4,544.5,95.83,145.5,0.395,350.4,0
49.35,1748.7,536.1,81.46,473.6,2.806,898.0,0
83.67,1712.1,345.5,95.33,468.9,6.218,2546.8,0
51.62,1114.0,494.5,96.11,113.6,2.021,1533.8,0
65.95,998.6,443.7,86.64,340.8,2.016,168.0,0
49.61,1001.7,553.7,92.73,174.2,5.271,3458.5,0
74.73,2274.5,474.7,100.0,167.2,4.124,425.2,0
52.24,1998.0,608.4,86.23,217.9,3.361,3838.0,0
76.28,1170.0,347.7,99.03,,3.69,3938.6,0
65.36,2536.6,490.5,90.46,333.3,3.596,3023.5,0
71.85,1357.6,429.8,94.2,214.6,1.791,1970.6,0
59.74,1452.0,758.9,93.98,202.1,0.144,2524.6,0
59.35,1177.7,644.4,97.24,417.9,3.366,3825.9,0
75.81,1425.0,412.0,100.0,244.5,2.028,2877.4,0
54.01,1790.7,565.3,89.21,230.9,1.767,4408.8,0
53.37,1505.5,481.2,92.02,182.9,4.062,1621.4,0
72.12,1091.7,331.9,,382.5,6.157,3529.0,0
52.52,1535.0,514.5,100.0,64.1,5.954,2195.9,1
70.63,1455.7,739.9,92.84,196.8,5.532,817.1,0
79.75,771.2,517.8,96.72,435.3,9.127,3862.2,0
66.08,1972.8,736.3,91.49,413.3,2.187,2601.7,0
53.54,1645.1,508.9,87.69,211.6,1.965,3014.4,1
17.37,955.5,744.9,96.77,340.8,4.527,1499.4,0
41.89,1646.5,563.0,81.01,185.9,4.343,2233.3,0
50.15,2295.6,492.8,91.28,464.6,4.985,326.0,0
62.77,1177.9,633.3,83.04,160.6,7.291,11.7,0
88.77,1846.5,599.4,,90.0,4.874,4149.6,1
59.03,1556.1,668.5,100.0,381.0,1.919,1720.2,0
86.51,2008.1,465.6,93.22,97.1,1.344,3763.5,1
,1523.6,486.5,100.0,132.7,4.894,4136.3,0
73.17,1829.5,444.7,84.52,192.4,1.562,4779.2,1
47.62,1004.3,606.3,79.49,125.7,3.472,1218.5,0
86.13,1103.5,506.4,94.73,466.6,1.417,2094.7,0
86.62,1931.5,584.0,96.15,224.8,4.613,4618.6,1
63.3,1763.5,414.1,,52.6,2.193,802.6,1
77.26,2366.7,396.8,87.55,491.5,2.533,3013.1,0
76.67,939.6,449.2,87.69,317.2,0.842,3914.9,0
65.29,1470.8,533.1,98.82,411.5,3.772,1142.5,0
60.56,1601.4,481.3,90.51,367.0,1.406,3754.7,0
63.8,1871.4,373.6,89.02,498.5,5.178,1914.5,0
61.55,1426.5,491.3,81.33,320.8,4.494,2560.0,0
80.24,1627.4,445.2,96.37,319.7,0.955,1440.4,0
39.43,2075.7,468.9,83.08,118.4,1.663,1638.0,0
55.45,1092.8,639.0,93.4,,1.989,1612.6,0
83.79,2154.9,458.9,94.31,320.8,2.055,3295.0,0
76.18,1452.7,442.9,91.75,175.8,4.051,3159.0,0
66.61,1002.6,508.3,97.45,222.4,5.964,4577.4,0
81.93,2297.6,415.5,96.24,333.5,4.592,3481.5,1
62.38,1536.5,699.4,80.52,467.7,4.709,4644.9,0
67.86,1740.6,554.5,95.46,136.5,5.363,3623.3,0
53.6,2040.3,523.4,85.86,282.9,,2980.0,0
71.85,1734.0,483.8,98.99,293.8,3.325,2128.2,0
84.4,1381.0,400.7,88.97,197.6,0.936,3905.5,0
63.57,1646.3,581.9,92.79,429.7,,4105.0,0
67.15,1107.2,610.9,96.91,94.1,0.138,453.8,0
53.9,1812.1,744.0,96.04,237.1,5.994,2313.3,1
53.29,1568.2,467.7,99.59,297.7,3.62,1603.0,0
42.61,1045.5,586.5,85.99,404.9,3.439,1908.3,0
46.96,1308.8,533.1,93.76,275.1,2.345,1096.3,0
74.64,2079.0,380.6,92.45,268.7,3.861,3392.5,0
63.65,1775.7,464.2,92.65,320.9,0.666,4333.1,0
45.73,1815.6,549.3,77.65,425.8,1.141,4504.2,0
52.63,1884.9,303.0,91.55,292.7,4.083,2524.0,0
36.12,1897.4,524.8,83.61,456.2,2.397,1687.8,0
50.86,1366.0,341.9,82.21,488.5,1.544,3816.7,0
71.13,2353.8,586.5,94.58,304.0,1.952,3788.7,0
45.58,1373.1,689.0,93.4,390.7,4.434,3481.1,0
73.01,774.9,723.5,91.64,406.5,9.082,1454.4,0
69.44,1828.0,449.9,98.41,293.9,0.773,3313.8,0
73.17,1065.8,438.0,100.0,,1.871,1319.6,0
56.76,1356.2,466.9,96.42,475.4,1.201,730.2,0
64.64,2048.7,653.2,100.0,209.7,0.374,2806.7,0
105.89,1493.3,379.7,77.03,472.5,1.356,1436.4,0
81.88,2111.7,599.6,96.76,387.5,4.922,3347.0,0
44.01,1812.8,709.8,91.77,456.7,1.312,2431.5,0
62.83,2137.5,517.0,97.08,265.8,4.029,2587.0,0
44.22,1524.3,342.4,92.25,347.2,0.132,3448.3,0
62.42,1841.6,317.7,90.98,467.7,5.96,34.6,0
44.88,1043.3,471.3,87.18,56.4,1.401,3276.7,0
66.95,1578.8,612.7,93.66,299.3,5.225,1064.3,0
81.6,1948.3,355.2,89.43,295.6,1.251,3273.7,0
-13.730629759857173,1832.5,580.1,,315.6,0.244,769.4,0
50.77,830.1,501.5,100.0,69.2,1.526,1355.4,0
70.48,2194.1,520.3,89.7,62.5,2.01,1714.1,1
55.97,1706.8,733.3,81.45,224.1,6.109,4259.5,1
40.66,1831.7,380.5,,87.4,2.457,1433.0,0
41.27,2100.7,661.9,71.95,412.3,4.679,1693.5,0
95.11,1821.7,606.5,95.15,312.1,2.94,589.0,0
55.68,1933.5,471.3,98.13,,1.488,1796.5,1
65.83,2156.3,527.4,91.06,128.3,2.628,4317.9,0
74.02,1704.1,428.8,97.03,157.9,4.306,3826.3,0
34.29,1251.0,599.6,95.65,475.6,0.899,1730.4,0
75.26,1263.3,563.5,88.73,90.3,3.763,125.1,1
54.67,1744.8,540.4,85.95,54.5,4.183,1157.5,1
,1793.3,455.9,97.43,451.0,6.562,3416.6,1
62.67,1611.7,396.2,,129.0,0.246,3265.1,0
48.6,2361.9,474.7,94.12,236.6,0.079,1042.7,0
72.18,1670.0,526.8,89.58,195.7,3.519,244.0,0
77.62,1480.0,626.1,79.6,69.8,4.999,390.5,1
43.78,1315.1,673.1,94.18,422.0,3.115,2770.2,0
43.54,1211.0,688.5,92.84,312.0,7.043,3093.0,0
67.98,2004.2,509.6,100.0,317.6,2.514,4407.9,0
86.29,1684.1,276.4,100.0,321.7,3.543,3757.9,0
55.38,1486.3,647.4,94.4,480.5,0.58,2331.6,0
57.41,1659.9,421.4,87.95,287.0,3.073,1054.1,0
55.92,1023.7,415.1,100.0,485.9,4.756,599.7,0
59.7,1452.9,461.8,88.27,313.7,0.207,3282.2,0
72.26,2131.7,416.1,98.43,288.4,8.113,4543.6,0
62.88,1416.5,568.0,100.0,175.6,1.624,3260.8,0
52.64,1517.4,430.5,91.81,421.2,2.125,2921.5,0
47.74,1808.0,484.1,90.78,459.9,2.265,3058.3,0
32.05,1255.5,340.8,96.39,,5.444,1652.3,0
63.93,1665.6,254.1,97.86,469.6,5.409,1823.2,0
60.08,2291.5,587.4,97.62,425.4,2.492,1465.9,0
44.91,730.7,531.9,89.42,,2.167,240.6,0
63.18,1530.6,446.6,89.24,436.2,1.356,262.2,0
66.15,1355.8,419.0,93.78,285.2,1.407,797.8,0
75.81,2167.3,425.1,95.88,405.3,2.324,655.7,0
74.3,1821.4,406.4,94.95,482.7,2.302,2163.1,0
64.57,2018.9,606.8,93.55,123.4,3.783,3415.6,0
68.05,2070.7,513.2,81.9,485.2,3.35,3723.4,0
49.02,1658.3,596.7,96.72,203.1,1.555,439.2,0
46.66,1381.0,451.4,100.0,406.5,2.661,565.2,0
65.0,2086.1,553.6,86.83,473.3,6.269,4520.7,0
89.98,2052.2,450.0,87.37,296.9,4.553,4160.2,1
81.52,1371.0,562.4,99.09,155.4,3.199,1608.6,0
35.58,1723.6,732.8,88.54,203.1,1.586,3921.9,0
64.44,2750.6,477.4,89.89,174.5,5.266,4821.4,1
50.39,2169.9,505.7,88.91,444.2,3.047,77.2,0
50.12,1282.8,673.4,93.98,454.2,1.843,3907.6,0
65.09,1965.1,428.7,88.88,297.8,4.824,420.7,0
59.63,2126.4,608.4,100.0,367.5,0.018,1392.5,0
56.98,1539.2,553.8,76.6,151.2,,2055.9,1
75.51,1177.5,572.5,100.0,264.0,3.414,1785.3,0
84.82,1214.9,547.1,100.0,231.3,4.467,2845.4,0
45.07,1991.0,549.6,90.78,457.7,1.609,2157.2,0
73.71,1964.5,575.2,90.07,264.7,3.389,1031.0,0
84.39,1970.3,433.3,96.51,381.6,4.982,766.5,1
83.29,1356.5,518.7,91.23,463.9,0.578,656.4,0
,1175.2,585.7,82.63,126.6,1.911,4630.9,1
68.9,1774.0,563.1,89.23,313.2,1.382,4438.9,0
66.23,12084.866421715244,536.2,96.38,80.6,2.851,1516.2,1
51.67,1355.1,521.0,94.81,242.3,2.285,251.8,0
85.16,1394.3,386.7,92.38,169.4,0.148,2885.4,0
48.16,1392.7,540.6,85.73,307.0,2.321,2936.3,1
45.28,1935.4,675.7,100.0,205.0,2.225,2422.4,0
,1382.5,326.2,96.81,241.7,0.695,2599.7,0
60.42,1206.8,413.4,84.04,133.9,4.915,161.7,0
64.11,1903.4,498.4,80.99,131.8,5.609,118.9,1
44.82,1820.8,485.2,95.31,225.4,2.226,1254.4,0
61.84,1297.3,555.6,100.0,444.3,3.827,3873.5,0
86.1,1650.9,504.0,100.0,231.1,0.806,4261.3,0
53.31,1631.0,455.8,97.58,402.6,0.114,2983.0,0
22.23,1956.2,445.7,88.78,387.2,1.46,1336.3,0
50.66,1218.2,442.8,93.65,184.1,4.346,272.1,0
45.18,2164.7,819.9,83.1,126.8,4.206,3201.9,1
43.57,1928.6,444.5,94.43,,0.526,430.8,0
53.21,1250.0,443.2,91.55,,4.724,3435.6,1
65.86,1962.4,398.5,100.0,485.6,4.101,4909.0,0
68.14,1434.0,372.6,96.84,85.3,0.275,3987.3,0
51.56,1035.5,687.5,90.98,223.6,0.884,3749.3,0
71.04,1413.8,402.8,99.12,243.5,0.105,1606.4,0
41.52,1968.1,581.2,90.03,456.4,3.453,4573.5,0
-30.038468837532925,1689.7,671.0,87.95,454.9,1.581,1137.2,0
16.62,1621.0,195.7,77.99,340.6,1.782,2981.1,0
68.84,1871.2,659.1,100.0,145.2,2.293,2659.2,0
52.97,1208.5,463.1,100.0,377.5,2.966,4813.8,0
60.09,1806.5,363.6,85.62,293.7,4.109,3854.7,1
53.83,1572.6,589.7,97.13,365.4,1.489,2383.4,0
71.44,1475.4,546.9,75.69,357.3,4.216,4155.1,1
82.93,801.9,362.7,100.0,343.5,1.845,2772.8,0
78.59,1644.2,621.8,96.09,273.3,2.232,1758.5,0
56.38,1477.9,513.9,88.36,485.9,5.358,1900.7,0
52.1,1959.5,450.5,99.72,127.4,4.78,2680.7,0
93.66,2112.7,401.7,85.96,482.0,5.435,828.4,1
66.81,1449.8,317.8,84.09,481.9,5.723,1904.3,0
74.35,1745.8,485.2,96.37,486.6,1.2,2522.1,0
73.34,1787.6,213.3,100.0,423.4,1.814,1844.3,0
35.38,1112.8,687.5,100.0,71.4,2.681,554.6,0
51.71,2212.6,718.3,96.37,370.6,4.729,3724.6,0
53.51,1567.3,359.3,78.29,348.3,3.82,3051.7,0
53.03,1657.8,594.9,100.0,357.7,2.621,1050.7,0
78.55,1770.4,360.1,91.84,78.1,1.324,1632.0,1
86.13,1205.6,527.4,72.45,,8.209,2132.1,1
46.15,2092.4,577.1,88.51,93.9,2.811,2726.6,0
36.26,1378.7,554.5,96.85,118.0,3.967,547.0,0
83.12,1698.6,608.2,94.14,57.3,4.301,4977.5,1
37.65,1325.2,587.2,86.54,114.4,1.899,832.2,0
66.59,9730.704718834135,721.7,83.52,205.2,3.881,842.1,0
90.39,1900.4,573.9,95.55,145.6,0.595,1798.1,0
29.31,1498.1,439.5,83.24,369.0,9.561,4002.2,1
79.6,1751.0,446.7,97.5,209.3,3.202,3426.4,0
65.29,2080.4,269.0,100.0,309.1,1.558,1755.6,0
56.45,1075.5,662.7,100.0,,2.068,4266.7,0
47.96,1566.8,495.6,92.58,283.4,6.591,4892.3,0
54.3,1352.0,471.9,95.57,422.9,5.536,1101.5,0
37.9,1234.4,381.1,95.95,173.8,6.932,2964.9,0
37.45,1060.4,474.8,100.0,115.8,4.116,1083.7,0
66.47,1376.9,428.7,80.17,133.1,5.04,4451.1,1
60.84,2003.4,512.9,96.55,221.5,1.151,2124.1,0
79.5,1615.6,313.4,97.67,338.2,5.397,505.2,0
68.08,2376.3,609.2,100.0,99.4,5.638,184.3,1
80.29,1474.6,571.2,78.11,422.4,1.686,3298.7,0
35.9,916.7,393.6,94.72,308.5,4.147,3281.6,0
54.26,1313.0,635.6,89.41,95.3,,2666.7,0
78.23,2166.2,450.1,89.41,455.0,4.918,1282.8,0
67.99,2112.2,362.9,93.73,445.4,4.069,196.8,0
46.16,1741.3,509.1,95.47,348.5,1.592,1219.7,0
63.21,1697.1,651.8,91.47,206.4,4.816,3335.9,0
86.42,11032.284477409874,831.8,83.6,474.8,1.723,4062.3,0
73.11,1797.9,381.2,100.0,179.0,3.871,2979.9,0
67.29,1493.3,462.9,100.0,348.1,2.839,2794.8,0
62.8,1684.9,608.5,94.85,103.3,0.83,957.1,0
65.29,1178.8,675.2,83.54,215.3,4.168,4152.7,1
44.61,2245.4,437.3,88.42,475.2,2.345,4945.2,0
88.16,1205.6,324.0,96.4,194.2,8.27,794.2,0
60.97,1888.7,477.3,94.94,242.0,3.557,2821.9,0
,2182.6,595.1,93.81,189.5,0.809,2963.2,0
58.31,1527.5,663.6,94.0,238.6,6.053,830.3,0
,1294.8,487.1,100.0,299.3,1.598,4779.9,0
73.83,1769.9,270.2,92.82,111.6,4.606,3348.5,1
61.14,1132.4,564.7,100.0,469.6,0.839,3332.1,0
61.67,887.8,658.5,77.17,201.3,4.478,4408.1,1
38.17,1267.1,667.0,84.84,431.4,2.986,2646.2,0
49.82,1746.7,505.7,100.0,142.0,1.544,3371.6,0
61.72,1092.9,584.4,85.58,272.3,1.331,1183.1,0
67.08,1258.5,539.8,93.82,,1.781,4649.1,0
73.05,1007.6,663.1,94.05,469.8,3.134,4998.2,0
48.75,1965.1,437.5,92.77,58.0,1.491,1089.8,0
43.69,1429.2,353.5,89.25,412.1,2.39,3660.7,0
59.18,1693.6,364.9,99.95,104.9,1.895,2013.4,0
69.82,2240.3,676.8,99.38,375.9,6.475,754.1,0
47.87,1725.5,517.3,85.61,376.5,,4715.5,0
75.15,1139.2,439.6,100.0,486.2,3.653,1358.5,0
50.72,1615.1,476.3,89.12,247.1,0.293,1329.5,0
52.68,1359.6,520.0,94.53,447.6,0.82,659.8,0
67.35,1371.6,643.1,93.32,481.0,4.221,2805.9,0
58.03,780.9,521.8,86.16,241.5,5.878,3215.7,0
68.92,1259.5,707.3,84.46,70.0,0.182,4562.0,1
69.73,1627.7,469.7,100.0,400.7,2.623,559.1,0
45.45,1408.7,334.8,96.89,363.8,3.46,1145.1,0
59.02,1254.4,473.4,99.69,121.7,5.087,3981.8,0
-39.33054557484816,2246.0,498.5,87.13,183.9,3.724,1876.6,0
,1007.2,552.8,97.12,238.4,2.222,3953.0,0
94.17,1892.5,215.3,99.89,207.0,2.346,1590.8,1
69.78,1466.7,580.2,93.4,407.2,2.276,826.1,0
65.63,1225.1,609.5,92.17,467.8,8.256,4213.7,0
79.5,1044.5,601.9,87.04,122.4,0.445,4420.0,0
54.79,2187.4,463.0,93.54,471.0,5.444,41.2,0
-35.98567664512018,1364.1,617.4,94.59,321.9,0.699,1931.5,0
53.72,1716.7,550.8,100.0,373.3,1.802,4651.6,0
74.96,948.9,563.0,98.86,281.7,3.134,1715.1,0
59.28,1706.7,591.4,91.87,337.9,5.668,850.1,0
65.94,1886.3,505.8,92.47,291.0,3.323,3507.3,0
71.79,1831.0,679.9,85.34,427.8,5.301,2784.1,0
66.07,1380.2,612.2,84.65,244.1,2.769,828.1,0
61.06,1562.3,423.7,95.41,174.2,4.885,1064.4,0
69.95,1792.6,586.1,86.4,314.4,4.634,994.2,0
44.27,1400.2,565.5,89.46,155.3,0.34,298.5,0
59.27,1347.6,551.9,85.77,394.5,4.709,135.2,0
49.1,1723.5,524.7,90.49,428.7,5.493,3857.1,0
75.34,1032.1,505.0,,411.5,0.777,1659.5,0
60.64,1470.7,536.1,90.37,367.3,1.938,1696.6,0
44.25,1335.2,524.8,96.22,93.4,2.182,1181.7,0
72.04,1676.0,480.1,90.26,311.4,3.029,2155.6,0
71.56,1288.5,627.3,88.71,140.1,3.5,4051.0,0
98.93,1370.5,511.9,89.14,473.7,1.381,1541.8,0
33.45,1820.1,579.9,87.86,407.9,2.992,1224.7,0
57.34,1615.2,603.5,91.89,410.9,4.896,804.9,0
79.94,1625.5,584.3,96.95,217.5,2.025,2506.0,0
63.39,1291.8,360.6,91.51,172.5,4.903,496.4,0
37.22,1833.1,484.2,98.2,120.8,1.204,5.8,0
29.54,1477.3,575.1,88.13,263.7,1.746,4103.4,0
59.55,2224.0,791.8,99.71,329.4,1.08,167.7,0
65.32,1963.0,715.1,83.37,318.4,0.683,2268.1,0
,915.4,573.5,81.1,172.7,5.54,1227.9,0
50.04,745.4,547.4,87.32,171.6,2.262,2547.8,0
55.84,2393.4,567.9,94.18,454.6,4.935,2260.9,0
79.45,1016.7,565.4,96.47,362.2,2.023,3197.4,0
73.32,643.5,414.8,95.08,143.1,2.719,2459.6,0
80.31,1997.8,648.8,87.18,432.1,1.141,196.3,0
84.77,1435.2,622.0,80.74,277.7,3.249,4132.9,1
96.38,1496.2,446.3,88.71,325.3,0.003,340.2,0
,1576.0,589.8,98.96,86.3,8.01,1309.1,1
57.54,1605.3,712.1,77.8,237.7,5.251,1549.3,0
51.35,2396.6,451.7,92.94,287.4,1.684,3307.4,0
58.45,2264.1,428.6,95.62,115.3,0.642,1401.4,0
71.5,1777.9,339.1,92.89,59.2,0.339,1291.4,1
47.0,1171.9,267.1,80.98,68.3,3.677,57.8,0
57.87,1315.4,585.4,90.65,367.7,7.614,1463.0,0
54.45,1173.7,480.5,96.48,203.3,5.267,4207.1,0
57.6,1329.0,635.8,84.21,314.2,,1336.1,0
35.95,1422.9,752.7,99.07,163.4,3.21,572.1,0
91.19,1274.6,591.5,99.09,493.3,4.319,383.6,0
77.14,1576.6,602.6,95.54,183.5,1.77,243.8,1
80.27,1767.4,418.4,81.66,89.5,3.109,2725.1,1
72.72,1286.9,481.3,81.8,465.9,0.986,1266.8,0
73.38,1727.4,513.4,97.69,452.3,4.536,1098.0,0
43.34,1681.0,356.0,95.25,101.2,0.494,2097.9,0
53.3,1317.5,685.4,84.43,410.5,3.081,1102.1,0
76.22,1332.7,542.6,91.85,408.9,2.745,3426.7,0
68.75,1573.7,471.4,100.0,296.0,2.585,2791.0,0
57.4,2133.0,510.6,92.22,211.9,2.432,4622.3,0
117.81,976.6,511.9,,433.3,0.568,2653.3,0
67.43,1132.6,555.0,91.86,189.2,3.015,83.1,0
65.4,1671.5,693.9,93.5,322.3,1.723,1938.2,0
72.57,1587.6,353.8,88.01,311.4,2.531,1938.8,0
75.93,1645.6,364.3,95.47,351.6,0.727,3440.5,0
59.94,1710.0,587.8,86.95,126.8,4.591,4307.4,1
87.4,1874.1,788.6,100.0,68.9,0.473,4422.4,1
48.9,2234.8,448.2,89.69,228.8,1.77,1496.0,0
59.26,1683.1,776.1,94.26,397.6,5.409,265.8,0
75.87,1110.2,643.5,,446.0,1.587,2876.0,0
61.48,1548.2,552.5,79.05,153.4,1.253,3867.7,0
55.33,1988.2,549.2,98.66,184.8,2.251,1836.4,0
32.69,1429.6,604.7,100.0,343.4,2.355,2143.4,0
61.07,1987.0,629.0,98.5,126.2,5.877,3206.3,1
60.64,2171.7,465.9,100.0,63.9,4.259,1886.6,1
,1733.5,439.0,99.98,367.2,,2768.3,0
53.32,1458.4,383.2,93.31,325.1,5.079,3613.1,0
,1978.8,578.7,93.13,236.0,0.02,1992.8,0
43.08,840.2,544.0,85.89,242.1,,2642.0,0
53.24,2103.0,345.7,91.26,196.0,4.391,920.7,0
54.01,782.4,789.6,90.78,264.6,5.986,3891.2,0
58.63,1921.4,631.7,90.44,275.9,,1563.0,0
59.86,1369.0,476.4,93.54,400.4,2.593,1076.9,0
62.08,1397.8,514.4,86.75,463.4,5.908,1578.6,0
49.26,1064.0,569.5,89.99,417.1,2.759,3210.7,0
67.87,1248.7,514.8,71.74,75.2,2.558,2891.3,1
55.36,1316.1,404.6,89.46,370.0,5.138,932.0,0
60.42,1245.4,515.3,87.21,341.1,2.046,4271.4,0
74.04,1612.5,558.6,95.93,257.8,,362.5,0
51.68,2236.0,535.4,83.38,129.0,0.369,3469.4,0
64.8,1629.0,534.9,95.85,255.0,1.226,1751.5,0
64.7,1480.3,443.0,84.23,402.3,1.632,1147.5,0
78.86,1688.7,492.9,91.35,97.2,1.072,3982.7,1
44.98,1153.0,514.9,100.0,189.9,1.085,4043.9,0
87.55,1560.1,446.5,100.0,433.8,4.939,3859.0,0
81.97,1663.2,487.3,99.26,,,1849.1,0
47.59,1482.9,563.3,96.65,135.9,0.441,3682.3,0
87.9,1023.9,527.7,87.73,420.9,4.108,2152.3,0
,1139.8,498.1,100.0,291.6,1.301,918.5,0
76.17,1544.5,168.4,85.15,,4.886,1013.8,0
60.03,1182.2,531.1,93.97,484.5,5.536,2031.9,0
70.97,1299.6,488.5,93.36,218.9,1.641,1097.3,0
52.53,1722.1,686.0,95.5,489.9,0.535,245.0,0
63.22,1900.7,441.9,93.01,374.0,3.963,4776.8,0
55.68,1804.7,773.1,97.69,105.7,0.386,2667.6,0
51.48,1637.5,472.0,98.58,311.1,,2747.7,0
107.5,1059.6,534.0,92.38,243.9,2.457,1131.4,0
42.39,1137.4,330.8,80.23,127.6,1.31,1105.7,0
42.42,1221.1,370.9,88.59,222.7,,1877.9,0
106.92,1664.7,492.6,93.18,289.2,3.377,1411.1,0
84.02,2019.0,478.3,97.42,264.3,2.218,4992.4,0
47.26,1642.7,522.3,99.5,294.4,1.382,4571.3,0
58.56,1758.1,653.2,93.45,104.9,4.795,2711.1,1
,1340.4,411.0,82.99,285.2,,4006.1,0
46.83,1568.6,352.0,90.48,231.6,7.251,3167.1,0
73.48,1344.4,644.9,100.0,149.2,2.156,884.4,0
50.63,1375.1,655.6,100.0,153.4,4.096,4544.2,0
79.89,1491.7,572.9,89.34,307.9,3.611,293.6,0
37.12,2088.9,497.5,80.29,78.5,0.776,3476.7,0
61.66,2044.5,457.8,86.1,198.0,0.218,2525.8,0
54.44,1338.3,487.4,100.0,296.9,0.882,956.3,0
,1488.3,499.6,96.84,162.9,2.954,1879.5,0
70.51,1388.9,511.9,100.0,310.1,6.283,3391.0,0
50.83,1236.4,734.5,74.36,362.6,,747.3,0
46.72,1397.0,631.2,100.0,112.4,3.659,4760.6,0
68.01,2044.4,410.5,89.4,409.9,9.794,1783.6,0
77.55,1888.8,574.2,99.83,237.0,5.055,1825.2,0
63.65,901.3,497.3,96.18,165.4,2.43,565.7,0
61.56,2143.8,562.8,100.0,77.5,6.513,3872.1,1
113.31,1230.7,660.4,88.97,491.9,2.718,771.4,0
66.39,1378.3,428.6,91.92,94.3,2.972,2707.5,0
86.06,1567.1,523.4,84.16,455.0,0.644,2418.0,0
65.97,1543.1,553.1,100.0,197.9,3.533,232.2,0
79.66,1161.0,628.5,95.33,436.2,3.372,3677.2,0
65.5,2018.0,703.4,91.38,259.4,2.9,938.7,0
98.15,1922.4,437.9,92.06,103.5,1.577,4436.7,1
39.59,2061.2,604.4,97.99,296.3,0.272,2873.7,0
,1923.9,568.0,100.0,182.0,3.391,842.0,0
65.84,1479.8,672.2,,339.5,1.771,754.2,0
95.2,1553.6,483.5,93.35,294.8,2.803,2859.0,0
62.55,1477.6,609.1,99.1,156.5,2.438,3626.0,0
63.71,1518.4,548.3,92.3,76.3,3.328,2152.1,0
70.23,11155.134521355412,617.2,100.0,249.3,2.034,3661.7,0
97.6,1918.6,524.7,97.45,498.0,4.24,448.6,0
66.03,1310.2,370.1,85.27,479.6,1.655,3174.8,0
59.22,2083.0,608.2,83.92,208.2,1.635,1412.6,0
58.51,1212.0,603.3,87.88,381.6,2.8,230.4,0
86.26,1384.0,547.5,100.0,88.8,1.193,785.5,0
54.52,1178.2,554.7,,422.4,0.045,2940.6,0
48.54,1496.3,558.9,100.0,478.5,4.79,4176.1,0
,2077.2,459.5,89.13,68.5,2.102,587.5,1
51.91,1536.6,552.2,88.77,277.0,4.57,937.2,0
46.65,2070.5,523.3,100.0,124.1,1.795,3470.0,0
39.07,2180.2,457.6,84.03,168.6,1.293,3081.0,0
40.76,1837.4,346.4,95.31,98.7,0.497,2619.3,0
52.11,1210.0,644.8,88.66,230.9,7.454,351.7,0
69.79,2221.5,493.5,99.11,108.2,5.704,2398.2,1
32.87,1367.8,434.8,78.01,66.6,3.683,3090.7,1
39.27,2444.5,450.6,96.12,302.0,2.166,3561.3,0
56.81,1803.9,593.0,89.46,85.8,1.511,961.6,0
71.44,2255.6,407.2,91.05,,2.298,93.5,1
78.23,1503.4,584.3,98.84,381.2,1.132,4057.4,0
81.55,1904.6,583.4,89.49,97.7,5.399,2405.6,1
55.39,1619.4,456.8,91.65,98.1,0.769,3456.2,0
,1499.5,644.7,97.55,165.3,7.075,1620.0,0
65.73,1514.6,673.4,87.05,261.3,4.476,4427.9,0
46.42,2462.7,755.0,100.0,107.5,3.843,1453.0,0
57.69,1215.6,501.9,88.96,327.3,7.839,1079.1,0
43.97,1601.1,633.8,100.0,143.9,2.279,4352.6,0
24.86,2067.9,591.5,92.64,472.5,2.514,1393.9,0
61.39,1400.6,685.4,100.0,379.5,4.545,1312.1,0
67.45,1521.6,636.8,80.6,,2.928,901.5,0
44.9,1475.2,423.7,81.96,439.9,1.421,1577.6,0
58.66,1833.4,628.5,80.61,163.4,3.629,362.5,0
99.77,1417.9,660.7,87.58,239.9,5.506,4928.3,1
,2597.0,553.7,93.3,225.3,2.491,1384.9,0
76.96,1759.0,473.3,95.69,367.6,3.175,2491.2,0
59.72,1614.3,498.0,87.61,425.5,4.503,4495.5,0
,1984.8,384.2,91.83,434.2,5.101,4969.2,0
30.23,2253.0,531.9,95.21,409.3,2.589,3877.2,0
72.8,1216.0,481.1,96.66,467.2,3.951,2562.8,0
58.16,1659.1,547.9,100.0,449.5,2.564,139.8,0
76.59,1309.8,301.7,99.43,276.2,3.406,3079.5,0
60.57,656.3,445.3,100.0,111.3,1.84,3606.5,0
93.09,2002.4,558.1,78.57,110.3,4.443,4919.9,1
69.68,2379.0,607.8,100.0,54.4,5.297,2888.3,1
41.3,1257.2,487.4,100.0,242.1,5.1,1608.5,0
54.98,1955.0,602.5,95.79,346.8,0.463,3054.4,0
54.2,2322.6,660.3,92.94,351.7,4.442,3437.4,0
87.17,1950.0,620.2,95.21,,2.448,2675.0,0
49.3,1493.0,614.8,83.98,345.9,4.373,4758.9,1
70.53,1671.5,619.8,92.51,100.4,0.082,4231.8,0
79.1,1325.9,428.9,87.3,384.6,2.357,4053.0,0
79.39,1754.5,527.8,94.87,168.2,2.214,1510.1,0
82.72,1491.5,617.7,91.76,176.4,6.533,3322.9,1
59.58,1728.7,544.1,83.7,91.9,4.559,4796.1,1
72.65,1583.8,427.4,91.98,467.3,1.459,4370.5,0
71.05,1497.4,666.9,100.0,167.8,0.672,2166.7,0
64.67,1388.5,330.0,87.41,,5.302,4799.1,0
69.07,1135.3,553.5,86.75,79.8,1.53,4535.0,1
67.56,1508.8,601.9,86.48,387.1,4.725,4720.4,0
59.01,1810.0,440.0,92.42,427.1,1.041,933.5,0
53.34,1104.2,397.0,89.3,,0.802,4385.1,0
63.46,2053.3,542.3,100.0,441.3,3.737,1598.6,0
52.81,1982.3,450.4,93.98,178.5,1.307,3204.3,0
44.69,1552.9,613.1,93.62,307.4,0.227,3147.7,0
,1501.9,562.6,76.74,373.4,2.232,3249.7,0
65.46,1314.8,629.7,93.06,247.8,1.161,2063.0,0
74.46,1663.9,353.7,91.82,59.6,3.72,4899.6,1
3.31,1763.7,468.3,86.52,349.2,0.646,4947.1,0
61.38,1852.1,467.2,82.4,313.2,3.264,196.8,1
53.59,1934.9,461.8,95.23,179.8,0.978,4600.6,0
51.94,1586.2,519.1,98.43,73.9,1.742,1938.0,0
86.21,2093.9,399.5,97.58,438.5,5.127,127.4,0
74.36,1389.5,637.8,94.58,191.6,2.524,1202.2,0
26.35,1428.0,598.9,94.93,265.1,2.281,3307.9,0
68.09,1557.5,600.0,88.86,225.7,2.263,4950.2,0
58.78,1550.0,721.3,99.63,307.0,3.984,4448.5,0
33.53,1708.8,527.8,92.7,83.5,,529.4,0
58.94,2252.6,406.4,83.01,348.3,4.718,4339.0,1
39.9,1274.0,529.9,81.26,443.4,6.21,1526.4,0
70.03,1020.2,410.4,85.18,77.3,2.707,1266.5,1
60.69,2021.7,400.9,95.74,434.5,1.546,4962.9,0
45.0,1330.9,585.0,89.43,376.3,1.415,3352.1,0
23.71,1795.5,525.4,86.41,279.9,6.0,599.8,0
63.72,1670.3,664.2,99.58,394.9,0.604,859.9,0
51.47,797.3,677.8,98.75,186.6,7.437,3067.4,0
81.35,1484.6,554.5,87.21,158.6,0.225,1240.5,0
36.4,2216.5,597.5,87.2,489.9,4.958,4486.3,0
40.92,2312.7,471.5,94.85,52.9,3.695,2335.5,1
54.87,1202.7,570.7,98.64,394.0,2.982,4503.7,0
71.61,1806.2,768.8,83.28,148.2,4.181,1305.4,1
48.49,1016.2,354.6,89.96,313.9,2.326,1625.1,0
69.36,980.4,470.6,76.0,241.6,,391.7,0
56.96,1390.9,605.3,81.08,57.9,2.869,761.5,1
90.44,1618.2,589.2,100.0,201.1,2.272,1125.1,0
45.63,1938.6,406.5,99.2,87.3,2.968,3751.9,0
81.74,1943.1,470.8,77.93,90.1,4.65,1892.3,1
86.1,1778.0,515.0,92.89,397.9,3.361,103.6,0
68.23,1622.0,463.1,95.88,321.2,1.141,663.8,0
49.41,1486.4,575.9,97.29,488.2,4.889,3319.8,0
65.19,1420.7,610.8,85.72,332.7,1.044,477.8,0
82.03,1888.8,471.3,91.33,79.4,0.429,4516.3,1
70.66,1592.9,430.0,100.0,432.4,4.911,4946.2,0
61.6,1945.8,347.2,94.8,141.7,2.311,4145.4,0
54.09,1785.1,378.9,87.19,96.3,6.809,4120.2,1
49.97,1324.4,471.8,86.08,425.8,3.049,4.6,0
66.16,1333.7,409.9,100.0,56.6,2.461,2987.2,1
61.58,1310.0,320.7,99.45,204.8,0.869,1174.4,0
52.56,1816.0,449.5,96.46,409.8,2.182,459.0,0
66.43,2108.3,407.6,100.0,140.7,5.91,4078.5,1
65.91,1350.0,480.2,94.7,172.0,3.87,1864.9,0
71.67,1530.4,580.6,100.0,325.1,0.138,4147.6,1
77.88,1753.2,568.3,86.26,174.8,7.658,1673.7,1
49.55,2183.6,590.2,89.99,306.8,6.691,3593.9,0
69.65,1247.3,355.9,88.15,404.7,0.95,1563.2,0
,1518.2,643.4,85.36,109.3,2.838,2861.0,1
57.86,1398.8,575.3,92.75,,7.476,287.7,0
51.69,1107.0,553.7,91.68,,0.914,3882.1,0
79.66,1085.3,534.2,91.18,223.9,1.137,1773.1,0
50.52,1607.2,546.9,82.95,473.6,2.771,647.4,0
,2400.0,537.4,92.22,442.5,5.056,1707.4,0
41.22,2116.8,461.2,90.3,220.3,5.025,2570.8,0
65.11,2312.6,501.1,94.82,134.2,1.413,3449.4,0
60.16,1296.0,578.6,83.3,201.3,1.933,2099.6,0
77.62,1183.3,478.3,93.54,193.3,0.793,3655.2,0
46.59,1441.0,837.5,91.06,399.8,6.114,4904.1,0
80.07,912.5,526.6,94.77,322.8,2.72,3750.3,0
83.19,1449.6,317.0,95.05,495.3,1.903,4850.0,0
73.47,1747.8,450.8,89.63,432.9,4.777,955.6,0
75.31,1589.5,611.2,95.83,117.3,3.153,4364.1,1
47.85,10772.920597743443,463.2,97.47,330.0,2.575,90.9,0
60.7,1057.9,573.7,99.91,92.8,3.221,1059.7,0
60.05,1836.2,394.2,97.51,87.8,0.998,2815.6,0
55.32,1839.3,514.2,84.48,494.4,5.14,3209.4,0
25.08,1715.7,587.5,100.0,490.8,3.915,574.3,0
64.75,2258.3,473.0,94.06,159.1,3.246,2169.8,0
49.32,1973.7,485.3,81.28,263.9,5.998,3515.3,1
103.79,1394.8,634.6,94.0,362.3,4.224,1635.5,0
58.58,1667.1,551.0,93.62,369.6,7.607,3235.3,0
60.27,2411.5,456.5,100.0,258.0,4.4,2554.7,0
55.15,2214.4,525.8,90.68,343.3,2.257,1424.6,0
43.78,1279.2,587.5,95.34,216.4,6.463,3921.5,0
76.19,1893.0,684.4,80.89,435.8,1.363,2547.1,0
40.13,1251.5,548.5,89.18,441.3,5.459,3672.1,0
62.95,976.1,644.7,87.53,99.8,0.021,4538.4,0
55.26,2035.2,574.3,100.0,90.7,3.72,984.6,0
44.8,1912.3,614.2,100.0,370.3,2.084,4006.4,0
79.91,1541.4,452.7,100.0,187.2,0.787,1979.7,0
45.16,1183.7,665.2,100.0,280.7,3.417,1566.0,0
74.64,1515.1,457.3,97.29,304.6,0.276,4023.1,0
61.79,1085.4,582.4,99.23,318.1,1.766,1024.8,0
53.39,1096.6,624.6,86.11,433.8,0.269,897.6,0
83.5,1636.8,522.2,89.62,329.8,3.775,1817.6,0
59.35,1374.9,639.8,100.0,315.8,2.721,3198.8,0
77.92,1754.9,473.4,92.01,346.3,6.026,914.1,0
54.44,1467.4,577.8,93.83,280.7,4.444,3200.2,0
48.81,1313.7,482.1,94.37,480.9,3.171,1525.6,0
60.79,2411.3,481.4,89.13,274.2,7.874,1825.9,0
70.95,2011.2,642.1,89.98,104.7,2.564,1134.2,1
62.04,1857.5,666.6,,341.6,2.884,4912.0,0
80.29,1297.5,650.0,97.85,261.9,3.419,4101.0,0
53.46,1772.5,624.7,87.74,240.6,4.295,2642.1,0
86.72,1123.6,529.8,86.83,447.7,3.262,1814.2,0
98.8,1864.5,747.8,89.15,212.2,2.023,4057.6,1
30.57,1449.9,502.2,91.46,325.5,2.516,2127.1,0
79.0,750.5,509.7,95.51,475.8,3.246,3034.0,0
60.23,1710.0,385.9,98.49,148.4,5.588,1237.0,0
43.66,914.8,520.2,96.37,99.0,4.977,1866.6,0
60.4,1092.8,488.7,100.0,231.3,5.509,1012.8,0
56.14,1594.5,634.5,99.04,397.7,3.311,1895.9,0
75.16,2425.9,560.9,92.63,453.7,3.794,2681.4,0
46.15,1854.9,636.0,,284.4,3.762,1789.0,0
60.45,1847.2,607.4,90.09,434.0,2.559,3727.1,0
63.74,1753.8,585.6,94.29,53.0,4.328,3304.0,1
55.44,1784.9,493.5,91.68,330.4,0.797,4698.0,0
53.38,1235.8,448.9,83.53,357.5,3.855,2338.8,0
58.8,1155.2,459.8,91.66,226.4,3.253,1803.0,0
52.96,1395.1,566.3,100.0,296.3,2.708,3956.6,0
74.84,1127.3,305.6,100.0,105.0,2.835,2438.0,0
64.66,1479.2,629.8,88.96,174.9,0.715,2017.2,0
52.22,1846.3,540.6,78.65,56.9,5.377,1280.1,1
49.67,1519.1,408.0,92.52,330.3,5.353,342.6,0
,2207.8,590.4,83.18,52.5,1.579,3246.4,1
66.83,1355.8,603.3,95.9,89.3,1.529,393.2,0
50.86,1518.2,640.4,93.02,246.1,0.665,4557.7,0
99.44,1404.5,635.8,84.33,251.6,1.399,4008.8,0
77.03,1808.2,465.3,94.41,213.1,3.635,1449.9,0
65.85,1612.6,504.8,,301.5,0.095,168.4,0
42.18,1915.6,406.0,88.32,168.1,0.296,812.7,0
61.6,945.6,448.5,90.51,450.0,0.741,4671.9,0
20.51,1164.7,506.7,100.0,181.6,6.275,1957.7,0
79.31,2251.5,484.2,98.67,86.9,3.202,2308.9,1
,1096.3,495.6,90.24,185.6,2.235,4614.7,0
61.44,12804.729223005488,455.5,80.55,396.2,5.531,4811.3,1
56.46,1723.4,568.7,88.48,405.7,5.104,3624.5,0
55.49,1431.9,659.8,93.31,256.7,0.695,509.7,0
65.27,2231.6,516.0,94.65,132.7,1.22,1347.1,0
76.84,1604.6,624.5,92.15,376.1,0.349,2377.0,0
67.49,1559.0,634.8,91.22,468.7,2.907,520.7,0
65.1,1927.2,432.7,92.77,407.9,4.765,2908.3,0
41.4,1659.5,424.9,91.07,365.2,,1902.0,0
64.38,1574.7,547.5,88.23,162.7,3.653,547.5,0
70.27,1570.2,555.7,85.1,293.2,3.657,4124.6,0
54.67,1457.4,609.6,84.04,205.7,2.901,1434.6,0
67.23,1707.9,557.5,92.2,425.7,2.843,569.9,0
62.82,1257.2,450.1,85.89,359.3,3.376,3683.7,0
71.31,1882.4,681.4,85.13,278.1,3.645,1830.0,0
75.04,1271.6,595.1,82.99,135.1,0.219,729.9,0
70.38,1595.8,547.4,88.86,311.9,0.169,502.2,0
59.78,1567.8,618.5,97.36,184.2,0.069,1397.8,0
58.39,1858.1,498.4,92.19,96.2,4.642,264.2,1
59.52,1013.0,601.4,92.98,294.9,1.842,4981.6,0
55.87,1488.3,484.0,90.34,290.4,5.525,12.9,0
79.05,482.0,501.0,87.8,124.3,4.516,746.7,1
57.66,1370.3,471.5,98.76,381.9,0.724,2806.4,0
65.82,1765.5,667.4,97.68,445.1,3.839,2688.0,0
60.47,1147.1,561.0,90.1,420.9,4.264,1711.9,0
56.14,2014.2,640.1,100.0,208.3,2.963,2389.6,0
70.01,1718.6,484.0,90.44,395.1,5.099,3349.6,0
43.34,1638.8,688.6,100.0,309.9,3.71,4173.0,0
74.1,2004.4,434.8,96.96,136.6,4.238,1186.7,0
-9.667990857608554,1881.2,510.3,87.78,365.5,5.714,3689.8,0
65.23,1811.1,600.8,96.75,290.3,2.083,1582.0,0
56.98,741.2,531.6,95.49,329.3,1.121,2729.7,0
82.07,1670.5,774.1,76.98,235.7,1.516,4321.9,1
,1033.8,506.4,100.0,372.5,6.284,877.0,0
23.73,1429.9,413.2,95.88,113.9,4.443,1795.2,0
65.22,1799.6,426.2,93.74,296.6,0.111,559.1,0
75.77,894.1,588.5,99.67,172.4,2.746,78.2,0
44.56,1557.0,464.1,82.59,98.2,2.339,4855.5,1
63.32,1844.6,538.1,96.43,477.9,4.733,1951.2,0
67.16,2244.6,530.7,98.03,456.1,3.617,3938.4,0
57.62,2243.9,387.7,95.62,245.8,4.504,3298.2,0
59.9,1776.6,422.1,100.0,495.7,1.947,1102.5,0
64.17,1222.5,355.6,85.9,205.1,3.712,2284.9,0
56.66,1981.2,507.7,95.87,146.5,0.359,3101.0,0
54.53,1914.4,579.3,98.35,212.3,1.826,2938.7,0
88.04,1721.9,352.0,95.09,412.6,,822.2,0
73.36,1657.0,436.4,88.96,254.4,3.913,568.8,0
84.75,1331.7,525.0,100.0,228.8,,2733.0,0
73.54,1751.8,462.9,91.48,474.5,1.013,3461.1,0
78.07,1843.3,511.5,89.62,498.8,3.852,3879.1,0
94.17,1748.1,611.5,100.0,459.4,2.217,4935.4,0
81.74,1240.4,401.2,97.6,91.9,9.705,4216.0,1
65.81,1749.0,557.9,92.81,339.4,4.533,1093.0,0
88.2,1654.6,585.4,97.3,295.2,2.11,4114.9,0
61.58,1299.6,372.4,88.03,389.5,1.559,1619.4,0
70.89,881.0,275.2,80.1,334.6,5.694,3522.9,0
54.8,1418.6,581.6,90.14,116.1,,861.0,0
71.64,1286.0,713.6,96.87,104.4,2.04,1878.2,0
46.99,1076.3,534.6,79.11,209.4,0.413,3474.6,0
63.07,2110.2,806.5,92.94,483.4,2.793,3815.7,0
69.94,2026.0,477.8,92.45,148.1,4.541,3706.9,1
62.64,1814.0,556.7,94.34,449.8,5.269,2076.3,0
73.41,1420.4,413.5,88.99,91.2,2.821,1854.4,1
65.14,1899.6,477.3,87.35,220.7,4.454,3579.3,0
,1494.0,460.9,86.95,384.4,1.157,385.9,0
40.69,2113.3,525.9,83.17,392.3,6.412,3817.6,0
43.69,1314.1,462.8,95.48,87.4,1.197,4934.3,0
48.67,2057.0,541.7,98.7,65.9,2.749,3885.2,0
79.13,1427.9,524.3,91.93,480.9,2.952,1216.8,0
73.34,1201.8,701.2,89.43,76.4,3.613,1783.0,1
69.42,1747.4,497.7,95.22,270.8,3.261,1108.4,0
90.56,1318.7,565.1,92.62,210.2,4.264,3834.9,0
101.46,1681.9,547.2,99.61,58.3,,4346.8,1
55.85,1280.6,473.3,96.89,367.9,3.162,4434.9,0
78.44,2063.1,464.2,97.6,244.8,1.627,4755.1,0
57.45,1209.7,473.9,84.57,475.7,10.698,2577.4,0
70.12,1797.9,634.3,85.31,269.3,2.849,2673.6,0
50.32,1651.3,642.2,91.46,121.5,3.665,4074.9,0
81.69,1402.6,482.1,92.02,411.8,3.47,1289.9,0
47.16,1570.7,520.3,100.0,324.1,0.993,321.8,0
90.01,1442.0,424.6,91.5,308.9,0.435,4427.4,0
80.99,1258.7,478.3,89.08,192.0,1.375,3622.3,0
90.99,1181.4,534.5,99.28,393.2,5.101,380.2,0
59.37,1453.2,438.4,100.0,117.4,0.269,4974.1,0
45.65,1209.5,499.3,80.5,70.0,2.339,1207.1,1
32.54,1652.4,411.7,95.2,234.2,1.103,2244.1,0
68.4,1442.0,613.4,,405.3,2.151,4182.9,0
62.33,1919.9,560.2,82.28,194.9,3.448,3936.3,1
68.0,1875.8,551.7,90.14,120.3,2.854,1273.6,1
43.0,1453.3,588.8,94.81,485.7,1.185,1103.5,0
69.64,1348.5,533.1,93.51,135.4,1.609,2760.1,0
90.7,2543.2,360.0,95.71,,0.177,251.2,0
49.48,1528.3,485.8,87.13,189.7,0.825,516.2,0
62.17,1388.6,702.7,91.61,343.9,1.287,559.4,0
64.17,1204.3,580.9,100.0,,0.118,345.3,0
49.79,1775.6,443.1,90.84,84.8,3.248,3205.7,0
35.97,1246.9,431.9,91.08,493.8,7.404,2681.0,0
61.27,1106.7,613.0,92.86,170.2,6.516,4589.6,0
51.47,1386.2,516.2,81.88,202.6,0.487,4682.0,0
61.87,1625.6,500.1,89.3,271.8,3.749,2052.9,0
66.05,1657.0,421.0,100.0,54.7,4.181,750.2,1
71.07,1871.8,723.0,,58.5,6.364,1937.1,1
83.83,1336.8,595.3,100.0,339.5,0.623,3016.2,0
54.5,1935.9,573.8,90.32,442.2,4.895,4868.1,0
72.69,993.4,618.9,98.55,361.2,4.44,810.1,0
42.35,1649.4,376.2,97.85,362.5,0.285,2799.2,0
83.49,2027.3,443.7,94.43,171.4,4.555,4085.4,1
79.16,1763.5,423.5,81.4,328.6,3.135,515.6,0
78.75,1500.1,580.4,89.17,94.3,3.274,861.7,1
70.42,1493.1,614.2,94.6,484.4,6.334,3560.0,0
77.69,966.6,717.0,87.02,350.1,1.365,3498.1,0
25.8,1406.6,578.3,100.0,85.1,6.034,3758.8,0
78.18,1399.2,239.3,98.93,103.5,2.415,2055.9,0
51.04,1650.1,485.8,95.75,422.5,7.49,4877.4,0
70.27,1491.3,555.5,93.57,199.6,2.826,822.9,0
,1654.0,592.5,88.78,391.3,1.871,4839.1,0
70.84,2334.5,577.9,100.0,,3.813,1372.9,1
82.44,1015.9,465.8,95.01,,6.629,2116.4,0
75.77,1145.7,518.5,91.0,234.8,2.301,4985.5,0
39.85,1901.3,353.4,86.8,398.8,3.449,280.9,0
64.86,1707.0,353.3,89.4,283.7,4.313,4002.2,0
46.34,1855.5,520.3,92.64,235.1,3.792,1916.9,0
65.14,1816.1,563.1,86.24,431.6,2.912,373.9,0
71.57,1870.9,347.7,90.27,479.8,4.291,2718.9,0
63.21,1414.3,808.6,88.12,174.8,2.777,401.0,0
82.43,1343.1,817.5,96.86,304.2,3.871,4686.1,0
52.64,882.9,482.6,100.0,244.6,2.384,3127.5,0
46.34,1010.8,497.0,91.15,311.2,7.311,320.3,0
52.43,831.6,264.6,100.0,,2.371,2871.6,0
38.51,1573.1,520.4,96.56,102.1,1.509,3566.3,0
81.27,1750.6,535.6,93.34,97.5,2.794,1410.5,1
52.01,2135.5,595.2,85.37,456.9,1.674,1652.7,0
78.68,1870.5,535.3,94.96,172.3,6.864,3546.2,1
59.02,1317.8,639.4,90.6,499.4,6.336,2735.2,0
42.42,1780.9,371.6,88.62,224.1,4.964,2882.4,0
78.27,1157.5,505.4,88.89,302.9,1.962,503.9,0
55.92,2004.7,421.1,83.32,366.5,1.718,2700.3,0
80.98,1704.5,390.3,92.98,60.8,0.818,1728.9,1
44.98,1485.0,553.1,92.67,462.0,3.121,3520.7,0
77.45,1654.0,674.5,79.77,496.9,0.899,591.4,0
69.92,1637.7,504.9,93.79,369.8,0.941,4585.3,0
58.34,1160.0,524.4,100.0,480.6,5.659,2627.4,0
54.65,2128.0,670.7,96.29,315.0,2.174,2985.2,0
50.38,1336.0,449.7,,302.9,2.309,4941.3,0
65.91,1843.4,325.2,94.84,499.1,3.183,2633.1,0
52.21,1126.4,569.7,95.38,148.0,1.401,3424.6,0
64.01,2043.8,591.8,88.6,283.6,0.115,908.1,0
61.52,1378.8,457.0,97.75,496.5,3.684,1747.7,0
85.45,1851.6,568.4,94.73,157.2,1.077,1593.0,0
46.03,1263.8,628.6,100.0,233.0,4.199,4162.5,0
63.16,1547.6,535.4,94.24,76.4,4.096,3915.5,1
68.98,1142.7,725.3,77.68,393.1,0.321,2731.7,0
45.21,1286.8,435.4,91.64,473.7,1.846,1141.9,0
59.07,1736.3,690.4,87.5,178.4,3.719,3241.1,0
74.48,2242.8,482.9,89.35,68.9,2.581,4697.8,1
60.56,1532.9,654.0,99.39,73.4,2.397,3009.5,1
76.05,1478.4,612.4,96.48,298.4,3.28,2498.0,0
50.52,1288.7,494.7,100.0,483.9,2.596,3660.2,0
33.55,1731.4,699.1,97.73,335.9,5.089,1161.9,0
59.08,1917.6,664.6,86.36,222.0,1.983,1981.3,0
52.97,1883.6,563.2,93.26,408.7,3.606,4631.1,0
56.09,2050.5,419.6,94.9,354.9,0.797,476.5,0
42.69,1497.9,487.1,85.47,196.4,1.724,1326.2,0
81.89,2035.7,597.9,95.61,81.4,2.809,1634.7,1
46.47,1530.6,708.4,100.0,205.5,0.668,929.2,0
75.01,1749.5,597.1,88.36,50.8,4.372,4471.0,1
52.76,1631.4,464.4,100.0,117.8,6.657,4061.4,0
47.9,1517.2,608.3,89.55,163.0,1.148,1815.8,0
40.28,1609.0,488.2,100.0,408.5,6.912,923.8,0
27.04,1438.2,461.1,86.78,439.7,3.528,4302.9,0
48.69,1381.0,460.2,100.0,241.2,4.663,3093.1,0
59.79,1882.9,542.8,95.35,146.5,4.033,364.8,0
66.7,1699.3,712.9,85.36,130.3,3.871,1317.4,1
71.63,1369.4,514.7,100.0,137.0,6.262,994.1,0
51.68,1588.6,447.6,93.16,113.3,1.746,2969.2,0
80.97,1883.7,467.1,87.28,,4.108,3458.1,0
82.8,1499.3,557.3,83.39,255.3,3.045,1866.2,0
37.68,1810.2,577.1,100.0,406.0,2.96,1748.8,0
63.89,1648.9,502.8,89.33,207.7,1.861,3474.7,0
81.98,1554.5,424.4,99.16,251.5,6.312,1078.0,0
71.52,2012.6,434.6,95.87,213.1,5.09,4897.0,0
73.22,1839.9,415.6,96.45,165.6,6.063,895.3,0
87.01,1715.3,419.0,89.86,84.6,2.039,4956.8,1
67.09,2109.8,483.5,100.0,113.3,4.073,1053.9,0
73.49,970.1,219.9,98.74,285.4,4.672,1452.7,0
51.9,2311.0,444.5,90.37,113.0,2.38,4119.8,0
72.01,1659.2,549.4,92.0,308.1,0.37,1906.0,0
15.34,1414.2,581.7,92.02,54.8,2.433,4197.3,0
74.1,2299.4,552.8,87.12,263.8,0.606,4578.1,0
72.71,1810.4,489.4,96.03,378.1,2.528,2334.0,0
83.08,2460.4,496.3,93.46,244.0,3.777,3525.9,0
49.88,771.1,571.2,86.92,201.0,0.704,996.6,0
58.17,1723.2,479.7,90.46,176.9,5.251,3375.1,0
81.41,1438.2,633.3,93.53,342.8,2.948,3144.7,0
58.46,1393.2,336.3,89.96,93.3,5.306,3389.3,0
66.98,1035.1,429.0,99.44,77.4,1.624,229.9,0
73.61,1874.7,645.2,100.0,470.9,6.15,3377.0,0
60.7,2014.7,408.4,87.16,420.3,4.02,2510.2,0
79.26,1080.9,580.2,92.16,79.1,5.74,4299.1,1
48.8,1957.4,594.9,100.0,375.6,5.049,3947.5,0
,1909.0,315.6,95.64,382.5,2.457,2746.8,0
54.75,1284.3,463.6,100.0,395.4,6.097,3564.2,0
,1532.1,379.2,93.25,456.2,3.61,1568.9,0
33.8,1494.7,503.6,88.02,448.9,1.692,2282.0,0
41.81,1525.5,615.5,81.44,247.7,2.814,3555.2,0
56.42,1827.1,410.9,100.0,295.9,3.997,1814.9,0
57.94,1834.7,375.1,,357.4,2.124,3336.4,0
36.1,900.1,492.2,87.93,350.8,1.051,4298.7,0
65.52,1197.9,527.0,90.84,122.1,0.557,2630.3,0
69.07,1608.5,445.2,90.12,112.2,4.095,3567.1,1
49.08,1461.0,570.0,93.23,424.0,4.108,2025.1,0
59.02,1327.7,486.6,100.0,222.4,0.824,1292.2,0
80.68,1446.3,457.5,93.55,478.5,3.763,4323.6,0
53.75,1299.0,555.0,99.41,64.2,1.356,4679.0,0
47.12,2067.2,583.2,81.34,196.9,1.642,2741.8,0
67.51,1957.4,550.4,92.6,377.9,3.018,900.6,0
38.31,1144.0,355.0,100.0,419.8,0.385,4476.3,0
80.88,1572.1,591.9,100.0,263.8,1.607,958.5,0
,1752.2,657.4,86.01,223.6,5.688,2398.2,0
44.15,1678.2,530.7,77.63,402.7,0.463,3386.3,0
79.14,1937.0,685.4,100.0,239.7,3.75,1805.5,0
53.88,2001.9,422.9,92.31,197.1,6.073,4382.4,0
40.53,1029.0,416.0,88.87,301.1,2.48,879.8,0
27.5,1759.7,532.8,97.52,316.3,1.656,3194.4,0
50.56,1825.5,580.2,90.18,410.2,4.775,1720.6,0
76.19,1483.0,475.7,91.02,156.9,6.188,4412.4,1
70.91,1014.1,491.0,92.86,239.1,1.823,4418.0,0
52.24,2290.1,680.2,97.88,451.5,2.655,1044.4,0
53.02,1768.8,283.9,96.6,292.9,7.973,2645.2,0
66.05,1222.8,567.2,87.91,344.6,3.951,2373.4,0
81.57,1642.8,487.7,89.81,415.6,3.683,4825.8,0
33.94,884.9,576.5,83.96,356.8,5.247,2095.8,0
54.55,1676.8,272.4,95.06,386.6,2.114,580.2,0
28.59,1141.3,490.5,,276.5,1.383,4320.9,0
65.29,2017.9,389.7,96.37,367.2,3.235,3521.9,0
53.7,1718.9,674.5,100.0,443.8,0.98,4047.8,0
86.18,1750.9,439.2,92.72,166.6,5.774,1204.7,1
62.92,1161.7,348.8,90.6,169.0,0.145,3159.7,0
43.03,1768.6,606.2,90.49,134.9,5.546,4083.9,0
61.57,2309.9,465.7,94.95,213.5,,4745.5,0
49.84,1128.1,510.8,90.94,273.7,1.999,4778.1,0
68.92,2566.7,562.6,94.25,133.7,1.94,3358.7,0
60.61,925.2,689.6,93.93,359.8,2.124,2304.5,0
36.02,935.7,456.7,,75.2,2.95,4991.3,0
56.69,1407.9,399.7,100.0,268.9,3.542,55.3,0
85.92,846.0,585.9,92.26,474.4,1.643,193.1,0
64.25,1982.8,455.9,100.0,354.7,4.382,532.8,0
31.52,1387.7,650.4,95.7,456.8,2.976,1702.3,0
21.89,2012.9,493.1,79.5,413.3,4.705,3113.6,0
79.1,1559.5,740.7,100.0,321.6,6.744,3534.5,0
69.16,1841.5,369.8,100.0,276.8,0.182,1962.0,0
88.1,1764.1,442.9,93.98,487.0,0.483,3593.9,0
76.04,1602.6,346.9,100.0,489.2,2.269,1921.8,0
80.66,1610.5,460.0,98.84,97.5,0.879,3446.1,0
55.56,933.8,644.9,86.52,302.2,0.002,4599.9,0
54.84,11700.31401819458,476.6,88.69,285.0,1.225,3755.9,0
,1064.5,530.6,100.0,342.7,1.399,2552.2,0
53.23,1629.0,594.5,92.02,158.1,2.327,1921.0,0
59.58,2237.5,499.2,91.91,448.8,6.903,4514.2,0
70.75,1334.0,452.2,93.68,298.3,2.504,3829.1,0
59.49,1349.6,567.2,100.0,192.9,3.73,2393.3,0
70.82,1838.0,548.8,100.0,302.3,2.757,5.6,0
80.33,1090.3,453.2,,,3.923,2327.5,1
52.47,2210.7,501.8,96.96,168.3,0.521,2921.8,0
50.37,906.1,332.6,92.28,470.9,3.36,1008.0,0
87.55,1572.8,547.7,92.95,307.6,6.381,1830.6,0
61.94,1972.7,413.8,100.0,478.4,3.712,2023.2,0
70.53,1789.2,390.7,98.35,370.1,2.739,3206.9,0
83.2,1393.1,616.3,94.99,155.6,2.082,3434.7,0
73.41,1726.9,395.1,95.07,256.8,0.355,4259.5,0
45.33,1655.2,555.6,98.63,388.8,2.981,3493.8,0
54.75,1114.1,738.6,94.84,135.9,4.735,4573.9,0
40.42,1850.9,413.9,83.72,172.3,5.062,3875.6,1
58.25,1408.2,624.1,85.69,269.6,4.034,3564.9,0
39.16,1466.8,460.2,86.07,264.4,0.46,925.9,0
92.75,889.7,320.2,91.33,485.2,0.163,4730.2,0
58.81,1981.6,542.2,100.0,262.7,1.07,1367.9,0
60.23,843.9,565.7,95.17,,1.157,902.9,0
72.87,2038.3,560.1,80.29,417.4,0.769,2475.9,0
52.81,1986.8,403.8,93.35,465.3,3.916,3586.8,0
42.2,1849.1,485.7,97.79,185.0,0.636,2039.5,0
31.22,1747.4,496.8,83.72,164.2,3.287,1202.9,0
50.68,879.7,508.9,93.28,243.2,5.755,1808.6,0
66.27,1755.7,760.4,87.04,185.4,3.088,3950.5,1
71.69,1105.5,444.0,88.88,451.0,3.496,170.8,0
47.93,1384.3,596.9,91.1,74.8,3.97,2937.2,1
51.39,1820.3,687.7,91.55,454.9,0.809,3128.4,0
,1373.3,492.8,89.75,71.0,4.164,1646.3,1
72.91,1393.6,525.9,96.16,302.7,2.691,273.0,0
76.28,1291.9,461.9,98.77,251.5,1.092,1347.3,0
54.97,1486.6,512.6,86.02,358.6,6.456,4355.0,0
78.36,1923.9,630.1,97.44,462.0,3.561,2123.0,0
77.52,1778.2,510.5,90.04,305.7,3.725,3298.7,0
55.85,1031.8,246.3,100.0,430.5,1.119,524.5,0
67.4,1635.3,400.6,95.68,143.5,2.401,2592.4,0
66.63,1821.1,704.1,91.44,,0.367,1790.1,0
70.81,1315.9,553.5,99.7,393.9,4.143,727.6,0
31.34,1692.2,338.1,85.62,435.5,5.682,743.1,0
73.67,1150.5,411.2,92.98,439.9,2.813,1014.5,0
22.23,1452.9,500.9,88.16,357.6,4.488,2396.8,0
70.48,885.6,456.0,96.55,397.0,2.329,658.7,0
81.49,2201.9,577.0,95.37,188.9,2.877,3482.4,0
58.54,1190.0,412.0,88.03,205.4,0.011,1973.3,0
71.28,1691.9,516.1,95.13,249.5,2.785,1228.2,0
48.06,1531.1,436.2,93.84,97.1,6.922,584.7,1
40.71,1813.7,622.8,100.0,251.2,1.562,1032.8,0
55.54,1161.6,652.6,85.36,160.7,1.457,3206.5,0
80.05,1730.1,417.4,98.13,104.2,1.913,1043.6,0
80.49,1641.5,508.9,92.34,269.8,3.231,1264.4,0
44.31,1979.6,452.3,93.26,206.8,3.293,4586.1,0
66.35,1845.1,423.2,79.18,277.6,4.797,1291.3,0
46.86,1572.5,589.2,83.1,329.3,4.983,2849.2,0
76.21,1141.3,481.2,94.23,223.8,7.171,721.3,0
57.77,2095.9,551.7,98.03,327.2,0.718,1569.4,0
88.08,1240.9,718.2,91.17,286.1,3.859,748.2,0
29.69,1709.4,572.8,98.18,165.7,2.977,3184.2,0
-24.68297793662338,1345.6,434.4,84.1,189.3,0.171,1829.6,0
85.04,898.3,529.0,93.02,301.5,6.149,1479.3,0
87.67,2041.6,542.4,94.76,75.5,0.575,1514.4,0
54.57,851.4,565.3,98.37,158.4,4.747,2647.9,0
35.41,1952.4,551.4,96.81,131.3,2.578,3444.1,0
64.62,1752.8,585.2,99.52,208.9,5.382,3972.4,0
62.68,1168.5,437.0,91.26,309.2,3.434,4438.0,0
40.55,1645.9,590.0,99.79,197.5,0.153,4927.9,0
74.27,2252.9,712.5,97.34,478.0,0.286,4969.7,0
82.74,1514.4,542.1,99.13,309.3,4.14,808.2,0
61.46,2128.7,420.2,88.3,484.3,1.311,3116.7,0
68.98,1517.1,695.9,93.14,239.3,4.209,311.2,0
35.2,2032.5,683.2,93.93,443.4,0.455,2293.3,0
49.18,1925.1,731.9,99.21,479.2,3.925,4572.1,0
107.99,613.7,470.0,83.25,378.4,0.962,3190.7,0
69.55,1972.9,461.9,98.8,147.9,2.184,4432.6,0
51.02,1130.7,486.7,90.24,388.4,3.283,1093.5,0
69.76,1741.8,475.0,89.05,158.0,1.563,3956.2,1
83.78,1602.1,486.5,92.41,498.0,3.509,1428.1,0
57.81,2029.7,586.0,97.35,368.6,1.925,3412.1,0
32.56,1900.3,282.1,100.0,272.5,0.067,252.4,0
61.38,1971.4,523.7,85.76,333.5,4.817,3045.0,0
67.78,973.6,480.5,100.0,271.2,5.612,4875.3,0
31.46,1392.0,662.5,95.83,388.3,5.227,262.2,0
66.43,1311.2,352.5,90.36,191.0,0.381,236.8,0
63.27,1808.4,626.3,94.37,239.0,3.909,729.0,0
84.15,2010.9,509.5,84.88,269.2,0.737,2114.8,0
72.66,1748.9,599.6,100.0,464.4,0.373,2100.3,0
38.11,1353.3,679.9,,480.0,1.297,3952.1,0
,1378.1,587.2,87.38,196.9,2.65,1964.1,0
38.45,1226.1,659.8,87.19,89.2,6.12,974.0,0
46.46,1704.1,417.8,87.78,,1.681,3371.9,0
86.44,1029.7,689.1,75.74,55.0,1.659,317.5,1
84.23,2069.1,562.5,87.42,277.1,1.409,891.0,0
64.81,1085.7,692.2,100.0,317.7,4.031,1373.1,0
74.38,1905.8,622.8,91.98,177.1,1.158,1458.0,0
45.83,2169.9,365.0,93.52,420.4,0.109,2994.5,0
86.62,1455.7,457.8,89.68,486.8,6.882,3924.3,0
62.21,1456.7,642.7,95.61,399.3,7.419,3520.8,0
59.62,1741.0,560.5,96.26,421.7,1.53,2929.3,0
53.54,1510.1,601.0,89.92,460.5,0.335,145.9,1
,1856.8,512.3,92.33,91.9,0.855,1440.3,0
63.66,1230.7,490.9,81.61,266.0,1.655,2043.9,0
48.48,1294.9,686.6,90.5,392.2,1.917,2860.1,0
67.19,733.1,311.1,96.1,191.8,4.801,3082.4,0
73.06,1959.0,584.8,96.93,418.5,7.996,4018.9,0
55.33,1661.4,537.6,100.0,440.7,5.093,4582.0,0
59.77,1372.8,279.6,87.43,63.7,6.22,4579.9,1
47.13,2178.4,405.9,100.0,227.4,4.548,3307.9,0
50.9,1276.5,297.1,90.4,469.9,0.519,3135.0,0
53.57,2385.8,440.2,88.04,330.2,1.52,4722.0,0
64.39,1446.3,470.3,80.55,456.8,,3003.9,0
40.84,1394.8,555.2,87.02,359.1,0.203,4946.4,0
54.41,1215.9,627.4,93.09,128.5,3.689,3926.9,0
65.77,2043.1,564.7,87.14,277.8,0.378,1280.0,0
66.72,1821.7,653.1,88.03,411.7,0.394,691.4,0
55.65,1468.3,499.2,91.63,307.5,,133.8,0
74.88,1080.7,530.4,89.04,244.2,5.482,3425.1,1
39.7,1094.5,552.1,90.51,360.4,5.288,1029.0,0
75.83,607.8,322.6,100.0,473.7,3.005,2540.6,0
58.33,1857.9,258.1,90.23,357.6,2.016,3326.2,0
45.27,1591.5,446.1,85.88,397.8,3.214,3227.4,0
66.56,698.9,441.3,91.76,149.6,2.47,1906.8,0
82.63,1587.3,390.4,88.73,231.6,2.3,638.6,0
50.96,1624.1,675.1,100.0,444.3,,2690.4,0
65.6,2426.0,388.8,96.22,412.0,1.436,4432.8,0
71.26,703.5,594.3,86.72,243.5,1.747,3235.2,0
52.08,2505.8,424.0,88.93,326.2,1.91,1864.4,0
82.11,1087.9,442.3,95.6,205.1,4.986,1365.3,0
37.9,1186.0,630.8,89.33,192.5,6.6,1179.5,0
,1530.1,398.4,87.98,233.1,4.505,915.3,0
65.38,1936.2,448.6,100.0,205.9,2.331,607.3,0
62.66,1835.2,519.4,93.0,144.5,2.914,1789.9,0
101.05,1965.3,494.7,89.87,115.3,2.255,3299.3,1
77.02,1753.1,655.6,96.43,100.6,0.486,1342.3,0
51.18,1380.9,815.9,,260.1,1.661,2357.3,0
63.46,1422.8,546.8,92.12,293.8,4.149,447.1,0
28.9,1002.7,545.1,100.0,325.7,7.004,3923.5,0
76.84,1524.0,645.0,92.26,171.9,2.72,1829.4,0
101.85,1734.8,631.8,93.18,139.9,0.25,4491.7,0
68.82,1991.2,324.5,87.53,375.5,7.429,855.9,0
61.53,1519.3,600.3,93.35,463.9,4.311,816.9,0
65.15,1109.2,600.4,88.34,325.8,2.161,4575.0,0
57.57,1159.3,442.0,97.22,150.6,0.801,1299.2,0
52.48,1903.6,494.8,95.99,,1.179,2645.0,0
54.24,884.3,612.8,91.31,420.8,7.055,4027.9,0
44.5,1202.7,505.8,81.66,316.7,3.31,919.1,0
,1408.8,292.5,83.78,271.1,5.954,4853.2,1
74.92,1962.2,500.3,92.02,408.4,3.678,3125.7,0
74.29,940.9,484.5,85.27,304.3,0.238,3322.1,0
64.7,1641.9,638.2,90.02,318.3,6.333,4338.7,0
73.21,1814.5,542.7,84.56,52.5,4.693,1514.7,1
52.01,1730.7,562.9,91.37,193.0,,203.8,0
55.91,1534.1,554.1,100.0,127.7,0.179,774.8,0
65.95,1855.7,591.9,78.3,81.3,5.223,4166.3,1
82.42,896.4,638.1,88.11,158.2,5.588,4312.4,1
-33.509859935998506,2299.2,725.5,89.35,404.9,5.476,1842.9,0
52.1,751.4,510.9,94.24,166.7,6.043,3132.4,0
53.6,1684.8,535.8,88.03,,5.436,535.4,0
53.83,1189.3,579.0,98.7,241.9,2.139,744.7,0
66.72,1865.2,585.5,88.1,316.3,2.183,2307.6,0
100.18,1249.5,496.0,92.37,128.9,2.138,601.6,0
84.4,911.0,343.5,100.0,,5.211,3904.4,0
65.66,2114.2,631.0,98.62,425.5,7.79,956.9,0
67.46,1941.4,437.5,,402.0,1.417,2071.5,0
76.35,1832.4,542.0,82.59,396.6,1.391,3117.8,0
54.02,1685.7,492.1,100.0,273.7,5.548,1243.6,0
74.68,1242.7,604.0,82.13,138.8,2.414,1604.7,0
52.29,2162.9,214.7,100.0,203.3,0.013,1367.4,0
51.02,1286.6,422.5,87.31,409.0,2.4,4539.1,0
55.65,1595.6,612.6,100.0,184.2,4.912,4510.5,0
84.94,902.1,432.0,77.6,498.4,3.263,2796.0,0
84.39,1286.0,634.7,93.7,80.4,4.375,3196.5,1
83.07,1887.3,635.6,97.62,196.7,0.525,4588.2,0
39.11,1793.6,434.6,89.91,391.5,6.373,1340.1,0
63.94,1474.2,448.7,95.29,475.8,5.325,4736.4,0
48.16,1845.4,452.6,100.0,139.8,7.267,4095.9,0
54.54,1303.5,515.0,100.0,149.0,0.164,1648.8,0
83.93,2087.7,642.0,86.64,434.8,4.009,407.1,0
63.59,1257.8,505.6,92.7,295.5,0.023,3166.2,0
79.04,1619.4,463.2,73.08,266.6,5.139,2311.9,0
95.06,1837.6,455.3,100.0,283.1,7.63,3865.2,0
67.76,2085.5,501.9,92.7,291.2,3.668,2183.4,0
54.88,1401.4,448.5,94.18,339.3,3.433,4914.3,0
67.49,1849.1,389.4,91.27,353.0,2.72,91.3,0
58.01,1099.5,525.8,94.34,404.2,5.017,2673.6,0
93.37,2251.4,577.9,98.05,50.4,2.409,4043.6,1
56.14,2068.4,534.8,95.12,401.4,1.406,2027.9,0
49.93,1289.5,417.8,90.36,348.4,5.137,4668.0,0
60.93,1950.7,744.2,97.13,265.0,4.416,4847.6,0
79.01,1421.6,668.0,90.58,241.8,0.117,4789.9,0
62.57,1237.3,400.7,98.4,444.9,0.631,119.0,0
35.76,1453.3,435.7,91.2,373.1,2.875,4647.7,0
30.82,757.9,491.2,91.92,464.0,5.121,2641.8,0
52.91,1428.9,546.4,90.3,260.8,2.879,4853.7,0
47.13,985.1,492.0,100.0,406.8,1.241,2535.5,0
,1337.3,405.1,84.88,425.4,3.27,865.7,0
41.96,1267.3,496.0,95.03,441.4,,3739.2,0
39.82,1901.5,557.9,86.12,54.2,5.228,2689.7,1
65.52,1966.9,556.0,93.2,396.4,4.976,2691.5,0
35.48,1465.1,516.4,100.0,336.5,1.829,2382.8,0
72.32,1717.9,622.0,93.28,78.2,3.858,2596.8,1
94.41,1849.3,585.2,88.34,350.3,0.374,2035.4,0
67.56,1526.6,497.7,93.17,413.7,6.409,1794.0,0
87.34,1374.2,534.6,100.0,,1.99,3988.8,0
89.56,1126.0,347.2,100.0,79.8,,4996.1,1
52.63,2151.7,461.0,92.38,362.8,,3822.6,0
76.29,1908.2,375.9,83.6,179.4,1.529,1206.4,0
83.56,1967.8,472.4,90.34,471.0,2.504,1318.1,0
68.27,1452.8,555.1,100.0,468.1,7.878,4415.9,0
68.22,1557.3,395.2,98.33,479.0,3.62,4734.2,0
80.63,1270.5,546.3,96.85,189.8,0.205,1655.8,0
51.11,1423.8,607.1,83.59,57.1,1.656,3935.5,1
81.49,2075.7,503.3,97.86,349.3,0.97,4031.0,0
77.09,1276.7,424.2,100.0,195.3,1.703,406.4,0
37.57,1840.5,599.9,95.13,167.7,3.288,1080.1,0
79.61,1779.8,508.7,99.78,351.6,0.988,1979.7,0
64.74,1563.5,606.5,76.71,301.2,7.061,1112.7,0
81.55,2155.1,576.8,86.52,101.1,8.514,3565.2,1
,777.6,354.7,96.18,400.3,6.5,3319.5,0
,1510.7,683.9,91.56,354.7,1.215,3522.5,1
28.53,770.4,585.3,97.82,306.6,3.343,4289.8,0
40.65,1450.4,534.9,100.0,477.9,4.247,1284.4,0
63.14,1795.5,383.1,85.85,252.8,6.095,1702.6,0
66.09,2036.2,513.4,100.0,,3.185,3135.0,0
51.4,1151.6,349.5,100.0,101.0,3.091,214.5,0
51.35,1779.3,595.0,94.98,299.4,,3504.7,1
61.24,1801.8,483.3,93.2,134.5,2.587,4365.2,0
47.92,1581.0,567.6,88.31,481.9,4.672,432.5,0
82.89,1688.5,502.7,92.2,130.1,2.096,3601.1,1
95.7,1801.9,566.8,97.3,249.9,3.735,3242.5,0
84.67,1620.8,429.8,90.04,151.7,0.607,3345.2,0
68.67,1430.9,550.9,100.0,396.2,3.902,3023.7,0
59.23,1394.2,408.9,95.07,114.8,4.238,3332.1,0
48.58,2155.0,384.9,92.93,452.4,4.418,3621.0,0
77.98,1702.1,402.8,86.35,132.9,5.835,4172.6,1
84.64,2166.1,529.0,97.5,58.5,0.949,313.8,1
33.57,1537.0,577.8,86.47,224.1,5.578,964.6,0
40.63,1131.5,505.4,97.71,221.4,0.641,1111.6,0
73.68,1047.5,622.1,100.0,476.1,5.418,4385.2,0
37.41,1873.6,590.1,100.0,494.5,1.097,2937.9,0
47.54,1560.0,456.6,,370.5,3.758,2475.5,0
51.93,1736.1,377.6,91.51,66.7,0.51,3757.2,0
74.97,1604.0,479.4,88.56,144.0,0.799,3063.9,0
48.45,1521.3,561.1,100.0,,4.367,647.4,0
59.2,2239.1,438.3,88.93,278.0,,4643.3,0
57.59,1191.1,496.8,81.11,112.4,0.909,1577.1,0
79.65,1383.7,540.8,88.19,163.6,7.269,3439.4,1
45.73,1774.0,388.3,87.83,270.3,2.651,2789.5,0
27.29,1539.6,310.0,100.0,364.8,0.333,2679.7,0
46.14,1443.5,461.6,97.42,440.0,2.304,405.3,0
74.39,1929.9,636.0,86.27,367.5,7.58,3658.0,1
30.13,1898.5,694.0,86.35,476.1,2.516,3010.5,0
67.42,1852.8,629.0,89.38,113.7,3.504,3867.7,1
84.6,1700.7,760.3,91.08,411.7,2.101,3420.8,0
58.92,1850.5,367.6,98.98,314.1,2.472,4100.2,0
53.8,1660.9,444.7,92.54,168.5,1.344,2532.7,0
85.32,1692.4,531.2,98.87,228.4,2.178,1027.8,0
78.76,2065.3,571.5,94.93,386.8,0.321,1590.7,0
64.54,1770.8,443.7,89.69,117.1,3.825,1186.4,0
66.99,1890.0,468.8,88.78,183.1,3.899,2852.9,0
85.05,2222.5,523.3,91.53,175.9,2.544,2873.3,0
35.5,1671.3,665.3,85.12,139.2,4.267,3066.5,0
66.0,692.9,612.9,86.09,68.6,3.712,3166.6,1
52.02,1778.3,381.4,78.11,162.3,0.355,4259.6,1
58.2,2004.6,567.7,99.75,258.8,2.103,3641.0,0
57.75,2047.7,415.3,96.37,354.9,3.04,3291.3,0
74.99,1440.8,710.1,100.0,426.9,4.374,4518.9,0
38.47,1457.1,519.1,86.29,461.2,5.001,1074.0,0
,1684.2,424.0,93.33,349.1,4.521,4921.9,0
43.2,983.9,581.9,96.95,401.0,4.935,735.8,0
47.3,1741.6,364.9,86.99,53.8,3.135,1418.1,1
88.63,1336.5,593.1,94.91,424.4,2.833,4419.6,0
48.87,1502.9,587.1,100.0,394.4,5.135,2965.5,0
80.78,1993.0,465.4,87.59,367.6,2.375,2768.6,0
81.97,1004.4,627.3,91.35,363.3,2.638,1136.0,0
52.39,1611.9,462.4,87.32,451.6,0.192,3846.3,0
64.13,2133.7,448.6,100.0,358.9,4.653,4879.8,0
67.81,1700.4,435.3,100.0,114.5,2.068,2223.5,0
,1774.8,440.0,89.88,70.6,2.513,3435.0,0
73.24,2533.6,355.2,94.41,421.1,6.674,808.1,0
66.59,1766.5,552.9,84.11,282.3,0.037,1019.8,0
91.64,1708.5,322.1,79.95,113.4,5.397,4302.7,1
58.73,1581.1,510.4,92.02,438.0,0.85,2792.6,0
51.78,837.5,627.8,85.26,469.0,0.621,1647.0,0
41.78,1715.3,555.5,89.73,122.5,0.451,3727.8,0
63.15,1985.4,446.4,100.0,152.3,8.572,252.7,1
67.05,1775.8,407.5,92.28,431.2,0.343,4298.1,0
44.1,835.8,513.3,98.33,480.9,0.106,3764.0,0
57.36,1320.6,583.6,100.0,,2.992,496.3,0
35.85,1225.0,628.4,91.08,309.3,3.23,3680.5,0
55.38,1977.6,578.8,100.0,192.7,3.653,2498.9,0
88.56,1790.0,535.6,97.8,355.3,2.715,1989.0,0
62.81,1366.8,655.7,91.8,181.2,5.033,89.7,0
52.62,1903.3,523.8,91.86,192.5,2.497,1685.6,0
58.3,1794.0,452.7,88.89,492.1,0.484,3763.4,0
70.77,1504.8,477.8,96.86,55.7,2.721,3049.0,1
43.29,1782.1,738.3,80.76,342.2,1.778,1402.9,0
,1215.8,413.1,73.97,98.2,5.67,534.5,1
62.08,1226.2,680.8,84.19,112.9,3.306,2544.0,0
66.36,1020.7,439.5,100.0,112.6,1.402,2037.8,0
64.26,1914.7,446.1,74.11,84.7,2.981,1416.9,1
56.09,1114.7,432.3,88.25,436.8,0.419,4830.5,0
102.55,1325.4,553.7,84.05,315.5,5.016,4311.6,1
40.66,1140.1,227.0,91.79,498.4,6.364,2852.5,0
87.71,2178.9,669.1,98.48,442.2,2.996,227.3,0
50.61,1948.4,659.9,99.93,141.2,2.042,2039.1,0
38.51,1797.9,687.8,96.0,284.1,2.823,4674.4,0
57.21,1460.3,330.5,86.71,249.1,2.305,1261.7,0
80.92,1645.5,632.0,91.27,495.6,1.886,2907.6,0
70.21,1517.8,612.9,100.0,391.7,0.136,3645.9,0
63.48,2419.4,513.9,87.8,120.4,4.155,1312.6,0
70.73,1716.0,589.8,75.99,298.1,8.381,2798.2,1
56.35,1402.2,398.4,100.0,486.2,0.664,2953.6,0
70.77,1226.1,596.5,90.28,122.4,5.971,2208.3,1
,1618.2,520.1,99.01,165.9,3.844,3653.8,0
62.07,1276.2,554.9,87.58,382.1,0.833,774.7,0
62.37,618.7,518.2,99.32,124.0,4.846,3363.7,0
46.74,1811.9,628.8,96.46,,3.795,3657.3,0
78.84,1582.8,518.9,100.0,294.4,4.775,3298.6,0
73.71,1264.3,503.0,88.71,93.0,1.395,2785.4,0
67.25,1097.6,379.0,92.59,147.7,4.924,1307.4,0
67.12,1455.4,360.5,87.6,97.0,0.69,3098.5,0
64.66,1897.1,591.2,84.73,69.8,2.534,519.5,1
41.06,952.3,313.8,94.01,249.3,1.619,2340.4,0
74.02,1990.8,454.3,99.69,377.7,3.831,2042.6,0
49.22,1969.5,396.0,99.8,169.1,1.45,4033.4,0
57.59,2007.1,355.3,95.28,290.2,0.808,3461.7,0
40.53,12612.822913978707,423.1,93.08,386.8,1.98,3537.1,0
72.03,1435.1,531.1,83.38,198.3,1.094,2299.3,0
77.25,1157.8,583.9,100.0,460.3,1.763,3713.2,0
82.8,1627.9,500.8,93.56,499.2,2.341,844.1,0
21.01,1813.9,564.0,96.67,122.8,3.815,4747.8,0
55.79,1429.8,389.5,92.02,425.3,4.71,3764.0,0
67.29,1834.6,528.8,91.41,299.2,4.738,4490.1,0
36.05,1266.7,639.0,95.65,496.5,5.879,1710.0,0
71.35,1824.0,433.3,89.58,307.1,1.385,3023.7,0
60.23,1813.5,643.8,93.81,298.9,5.039,4890.1,0
72.18,1272.4,514.6,98.64,138.7,3.834,4758.4,0
56.64,1888.4,485.3,97.59,69.6,0.127,3257.2,0
43.98,1369.9,683.4,91.27,287.5,2.502,710.5,0
69.91,2258.9,427.4,89.27,295.7,5.217,518.9,1
44.14,1449.8,602.6,95.26,316.5,0.504,1750.9,0
81.89,1131.9,517.6,79.15,498.9,1.797,4825.9,0
98.35,1943.5,539.7,100.0,177.5,2.491,460.9,0
53.77,1527.2,563.2,84.35,106.1,3.927,1493.1,0
46.99,1067.3,426.3,95.44,369.8,,3297.8,0
85.0,1539.6,561.7,85.49,262.0,0.193,4834.4,0
15.96,1524.0,502.6,,212.6,2.556,3349.2,0
73.03,1804.4,464.3,84.55,383.8,0.973,2439.4,0
38.57,2161.4,655.3,87.99,217.8,1.293,4138.5,0
62.36,1065.4,417.9,95.69,223.6,1.222,3092.9,0
46.41,1155.7,503.7,88.67,230.1,2.312,573.3,0
81.52,1820.4,495.5,81.98,488.0,1.779,4826.0,0
,1282.4,379.1,100.0,282.5,3.099,3892.6,0
80.83,818.9,353.9,90.52,419.2,1.487,513.2,0
100.17,1313.7,615.0,88.85,240.2,0.084,4248.3,0
66.47,2250.4,443.2,100.0,,5.128,3669.8,0
66.3,1741.4,451.4,100.0,326.3,4.041,3749.3,0
50.38,916.6,459.4,95.92,51.4,2.545,1906.2,0
44.6,1360.8,356.8,99.16,146.1,2.557,274.2,0
50.81,1801.8,558.8,100.0,172.8,5.347,3406.5,0
53.52,1462.6,482.6,88.29,114.5,2.929,1274.0,0
49.72,1168.8,423.4,100.0,82.0,2.405,2659.2,0
51.83,1503.6,567.7,82.25,274.8,2.499,3251.6,0
64.3,1125.3,332.6,99.69,,0.944,1263.8,0
54.17,767.7,387.9,100.0,262.4,,4598.6,0
91.99,1250.3,604.5,98.74,192.0,6.161,1216.9,0
55.61,660.0,514.9,,218.0,0.499,3201.2,0
87.68,1983.3,439.8,89.51,393.2,2.275,4279.7,0
59.05,1870.0,738.3,93.67,204.1,7.398,537.1,0
47.17,1397.3,462.3,86.03,86.9,5.178,3433.8,1
57.73,1167.9,479.0,84.66,329.6,3.795,1749.7,0
67.99,1292.6,440.9,87.54,430.4,0.451,3424.9,0
86.64,2339.2,415.6,87.68,107.6,3.197,1262.5,1
62.84,2125.4,674.6,98.66,491.0,1.965,905.9,0
,1298.5,728.3,97.4,287.9,4.517,283.8,0
54.89,1749.1,570.0,89.83,56.6,3.008,1154.2,1
45.85,1423.4,662.7,100.0,410.9,1.26,1772.3,0
66.48,1459.5,567.4,89.63,79.2,0.337,3585.8,1
51.64,1764.1,553.1,99.89,478.7,2.955,4210.9,0
,1624.6,544.8,86.88,480.8,3.875,1049.6,0
76.23,1563.0,677.0,100.0,433.0,0.826,4216.2,0
33.32,1603.0,783.1,89.46,287.2,2.004,1891.4,0
71.48,1298.6,467.0,91.05,188.9,2.156,2939.1,0
53.37,2040.9,526.3,88.04,71.0,5.237,1233.6,1
51.06,1377.4,416.0,88.24,482.2,1.898,2913.9,0
91.89,1670.6,448.9,97.51,297.4,1.651,3772.5,0
35.87,1772.5,586.4,83.91,257.1,1.458,3731.0,0
72.96,1634.0,398.2,94.62,470.1,2.502,2842.3,0
50.29,1061.6,716.7,96.15,234.1,0.241,4666.1,0
42.05,1428.9,691.6,98.64,357.6,3.575,2891.4,0
71.18,1642.3,624.3,83.45,164.7,2.272,2126.3,0
88.69,1320.2,262.8,84.48,166.3,6.139,1463.7,1
53.88,2040.9,505.6,91.61,256.4,6.536,2186.9,0
99.2,908.6,660.2,85.69,463.4,1.04,2340.4,0
39.65,1444.0,577.0,100.0,434.9,0.977,4455.7,0
67.51,1755.5,452.5,91.62,214.8,2.795,3168.0,0
,1953.8,698.4,77.11,217.8,2.852,2586.9,0
70.47,2039.2,558.4,91.45,102.3,0.509,2291.2,0
38.75,1942.6,453.3,83.99,118.2,8.653,4012.4,1
51.75,1106.5,339.6,85.81,412.4,1.81,4959.6,0
57.2,1929.3,311.7,100.0,295.8,4.746,806.6,0
24.19,1193.1,755.6,95.15,387.5,6.918,1436.9,0
66.29,1692.7,554.7,97.16,386.7,5.374,2029.6,0
81.2,1054.8,473.8,77.24,140.1,2.248,2672.4,0
54.02,1680.8,581.0,98.75,109.7,0.827,1624.4,0
51.28,1276.5,628.7,86.26,469.6,3.038,1920.5,0
50.39,1535.0,588.9,95.36,119.7,4.239,597.6,0
77.31,1445.8,544.5,86.0,329.5,3.371,2424.8,0
48.79,1564.3,432.9,92.01,122.2,,2803.3,0
64.23,2058.4,524.7,100.0,412.5,3.972,3562.5,0
69.86,1945.5,500.0,90.06,295.5,0.517,2969.9,0
50.94,1778.3,641.2,100.0,310.1,2.612,3317.2,0
34.28,1877.8,582.3,99.82,183.9,0.626,1542.5,0
96.0,1428.4,568.2,100.0,198.5,3.567,1401.7,0
58.89,1958.4,427.1,100.0,427.6,6.285,3016.8,0
69.81,1233.2,628.5,73.53,459.2,0.955,1621.9,0
62.39,1212.6,427.3,74.76,418.1,1.029,1798.4,0
66.65,1418.6,516.8,92.87,210.6,0.589,2207.6,0
57.13,1993.5,662.1,90.65,139.5,7.2,2455.0,1
75.72,1229.0,509.0,92.69,140.5,3.743,1415.9,0
68.86,1248.8,548.1,,309.2,0.532,424.5,0
43.31,1615.4,511.3,84.0,449.9,1.264,2578.7,0
84.06,1765.0,503.9,100.0,334.4,2.167,968.8,0
,1752.8,516.6,96.92,311.8,4.134,2340.2,0
57.7,1881.5,574.6,84.25,471.7,,4497.0,0
63.79,1681.5,545.6,96.84,149.0,2.667,2864.6,0
53.27,1719.2,439.2,77.51,,1.419,531.5,0
71.43,1597.1,457.9,91.53,370.7,3.372,3098.0,0
38.95,1848.2,198.0,100.0,195.1,2.331,3502.0,0
65.31,1794.4,313.2,97.7,160.6,6.744,1050.5,1
65.12,1452.5,391.0,86.89,233.2,5.423,3480.4,0
71.38,734.7,564.0,93.29,471.2,0.07,265.7,0
49.22,1643.6,582.7,89.23,426.6,1.654,299.1,0
44.02,1374.4,484.1,100.0,489.4,0.01,1323.0,0
83.65,2411.9,660.4,98.59,411.2,0.845,4093.0,0
69.83,1406.5,605.1,90.3,492.3,4.817,849.0,0
57.81,949.9,639.8,100.0,239.1,2.318,2026.8,0
67.69,1526.3,637.9,94.45,190.6,3.262,4057.9,0
54.36,1601.5,541.8,92.43,265.2,0.047,4381.4,0
27.58,1442.6,514.1,76.21,275.5,7.05,2249.5,0
59.6,1443.9,764.1,85.01,355.7,,1886.3,0
23.41,1150.0,331.7,92.14,343.0,4.834,1000.9,0
51.02,1341.1,487.2,95.09,168.7,1.919,1641.2,0
63.6,646.7,442.6,100.0,90.9,4.816,1261.0,0
36.42,1671.1,645.4,92.21,415.6,1.635,614.4,1
84.27,1180.9,455.9,100.0,62.5,2.633,4776.3,1
85.48,1571.4,535.7,93.73,489.4,1.962,1942.3,0
72.41,1707.7,700.7,90.53,256.6,2.449,3411.1,0
39.82,1796.2,375.1,86.24,119.5,3.822,128.5,0
62.34,989.3,244.0,85.5,291.8,0.027,2141.7,0
84.28,1764.6,503.7,100.0,435.4,3.634,1154.1,0
34.57,1716.4,716.3,92.24,193.0,2.911,4875.0,0
-12.547984674549223,1739.5,501.4,99.05,483.0,4.022,2904.6,0
64.59,1942.6,432.2,100.0,,1.979,4142.4,0
63.59,1538.5,469.1,100.0,286.7,0.315,4330.8,0
60.0,902.4,495.4,,477.1,1.259,2989.9,0
43.13,1579.8,669.2,99.31,376.1,1.925,3755.3,0
86.0,2122.6,647.8,99.05,454.9,2.561,3668.2,0
72.94,1795.7,526.5,94.81,267.1,2.375,1451.2,0
44.56,1486.7,701.5,86.75,307.1,4.773,638.4,0
47.97,1324.2,649.7,99.86,480.1,,4103.8,0
56.68,1518.5,681.3,97.48,228.0,4.16,2570.9,0
69.1,2154.3,540.5,94.2,477.3,3.067,2911.3,0
58.77,1239.6,427.4,93.33,,2.982,2384.8,0
76.17,1068.8,437.4,97.11,362.9,3.482,1934.6,0
68.56,1813.2,569.6,85.88,101.1,5.796,637.5,1
64.94,1454.2,610.6,99.76,462.2,5.483,1186.2,0
78.79,2297.0,681.5,91.12,,3.569,819.1,0
40.18,1419.2,611.2,100.0,152.5,4.248,4582.9,0
50.88,1859.3,420.0,100.0,315.5,0.506,4976.0,0
71.36,1293.0,669.8,91.84,231.2,1.592,802.4,0
59.05,1498.2,406.8,94.29,249.4,2.965,4673.5,0
53.97,2257.0,509.8,86.0,293.6,4.658,2318.4,0
68.41,1645.1,732.1,86.27,435.8,2.479,3323.3,0
72.0,2178.6,696.4,100.0,287.4,0.354,1202.5,0
52.22,1174.1,483.1,91.95,79.5,3.333,3619.9,1
56.92,2018.1,514.8,91.07,339.7,2.849,1573.5,0
68.37,1660.4,578.3,98.75,377.3,4.795,1998.4,0
65.75,2360.6,582.2,97.46,150.6,3.543,2585.3,0
49.02,2089.5,543.9,92.36,107.8,5.189,328.8,0
64.24,1277.7,529.6,96.44,478.5,2.454,2191.8,0
49.86,1374.8,718.9,100.0,260.3,1.523,2003.6,0
81.74,1871.5,651.5,95.93,100.1,2.553,3632.8,1
85.33,1495.5,601.0,88.68,372.3,5.771,3165.6,0
67.42,1653.7,407.0,100.0,178.7,1.222,322.9,0
56.46,1589.8,402.0,94.76,300.1,2.46,4560.7,0
47.73,1501.2,510.7,93.19,357.5,1.141,1897.0,0
68.89,1761.7,478.3,98.62,225.4,1.734,4878.3,0
36.69,1118.6,566.7,100.0,433.2,5.072,2519.6,0
87.36,1735.3,451.8,100.0,,2.125,2495.6,0
78.32,1133.8,572.4,93.01,362.2,4.029,2541.2,0
62.43,1705.0,583.3,99.92,,4.432,465.1,0
42.23,1292.0,230.1,90.06,90.2,3.985,1300.9,0
90.43,1306.8,560.5,93.06,105.1,4.512,4528.1,1
13.48,833.4,589.3,95.28,63.2,6.572,4846.9,0
90.56,1395.4,566.2,84.43,201.7,3.587,2271.4,0
42.15,1211.2,524.5,99.78,174.1,2.641,2061.2,0
47.29,1002.4,526.4,97.22,114.6,1.938,2712.7,0
68.42,1888.3,703.1,80.34,320.7,1.012,3623.6,0
83.81,2199.4,458.1,99.76,373.0,5.544,2817.2,1
57.5,1939.8,741.6,97.28,75.6,2.984,3788.1,1
67.44,1454.8,562.4,82.71,133.8,2.11,4314.6,1
77.11,1035.0,386.4,77.39,,1.832,1740.7,1
64.29,1705.7,707.8,92.9,258.7,2.653,2942.8,0
38.87,1808.0,521.0,89.83,310.7,6.586,3843.0,0
84.44,2132.9,535.8,94.0,280.9,5.678,106.3,1
41.71,1555.9,443.0,98.96,137.9,0.412,3915.5,0
77.35,1488.2,557.2,100.0,116.0,3.069,2343.1,0
63.35,2213.1,490.9,92.66,341.3,5.987,3301.7,0
34.11,1609.3,364.6,93.19,475.4,0.266,4755.9,0
82.67,1885.5,517.7,92.98,139.2,5.889,2924.6,1
63.16,1499.3,588.6,100.0,50.9,0.359,3737.7,0
54.02,802.8,602.1,86.72,229.0,3.52,1624.2,0
70.47,1727.7,541.8,85.47,58.2,5.251,586.5,1
68.12,2031.6,414.6,84.86,156.8,3.589,1579.7,0
53.2,1526.8,730.2,93.92,428.7,3.228,3863.4,0
70.52,1705.5,671.1,91.03,396.5,3.435,2880.9,0
54.16,1440.0,464.6,84.13,225.3,0.54,4591.9,0
61.51,1424.3,676.6,98.11,52.4,3.052,3943.5,1
52.61,1758.4,596.4,93.25,309.2,3.742,3487.2,0
29.87,1321.1,718.1,88.5,314.3,0.648,3214.3,0
66.48,1508.8,751.3,94.65,320.0,5.968,537.2,0
69.68,1750.1,612.3,100.0,280.9,2.01,4255.4,0
57.68,756.5,456.0,93.59,395.3,1.668,4879.2,0
79.67,2015.8,414.7,100.0,275.9,3.459,1184.9,0
63.46,1852.9,459.2,93.16,174.7,5.129,137.1,0
77.16,2069.8,514.9,97.16,369.1,8.202,1969.6,1
40.61,2076.3,467.3,96.87,114.1,4.454,864.0,0
19.21,1174.7,378.4,94.43,309.4,4.759,444.1,0
73.5,1416.7,510.1,91.95,288.0,3.563,2470.7,0
88.77,1562.0,257.7,81.06,342.4,3.846,2883.4,0
59.36,1940.9,509.0,88.71,,3.321,2156.3,0
67.26,1961.6,548.7,88.91,414.7,5.608,2532.6,0
66.29,1299.6,413.9,98.68,491.3,1.9,1201.7,0
28.62,2232.3,494.5,81.98,353.9,4.844,1432.0,0
78.64,1115.2,600.4,81.5,225.6,3.891,1607.8,0
85.88,1410.1,592.6,98.21,235.4,4.913,4165.2,1
92.37,1972.8,395.9,95.24,141.0,4.698,464.5,1
63.21,1442.2,623.4,93.39,93.3,4.871,3396.9,1
64.56,1224.8,450.9,,299.8,6.045,2643.0,0
67.28,1437.9,691.8,98.41,433.9,4.8,1822.7,0
39.38,1513.9,564.9,85.89,57.5,2.645,2469.2,1
,841.6,540.6,86.74,244.8,,4756.7,0
36.68,1809.5,767.7,95.86,283.1,3.077,4923.1,0
47.67,1753.8,412.4,84.21,76.5,5.491,1372.3,1
84.16,1372.2,453.0,,99.9,6.148,3661.7,1
47.83,963.2,610.1,100.0,344.4,8.518,48.3,0
58.84,1140.0,440.1,100.0,127.9,4.38,1903.6,0
58.43,2077.7,430.3,72.39,497.4,2.125,3818.6,0
54.94,2009.4,412.9,91.92,102.2,2.358,133.4,0
52.44,1600.8,712.9,93.04,399.0,4.011,4973.9,0
87.55,1936.1,540.3,85.23,483.2,3.314,2110.7,0
70.2,2119.2,634.5,86.55,426.3,2.212,3807.9,0
41.49,1036.0,303.8,99.9,112.8,2.162,3380.6,0
34.0,1672.6,558.4,82.51,164.1,5.162,482.7,0
70.18,1367.4,344.6,92.48,261.8,1.686,3534.0,0
79.21,1637.4,601.2,86.43,67.6,3.699,4778.8,1
60.92,1927.8,764.4,87.31,301.4,0.333,4030.7,0
48.01,1989.1,537.6,96.44,488.5,6.593,1605.2,0
63.77,2072.9,534.1,91.8,157.2,8.891,746.1,1
33.9,1195.3,393.3,89.78,270.8,3.041,4163.3,0
52.89,1783.7,425.6,87.96,446.0,0.449,1974.9,0
57.2,1285.9,395.5,100.0,418.2,4.772,706.8,0
61.01,1537.9,404.4,88.79,362.6,1.501,402.7,0
67.85,2132.7,452.1,95.63,315.5,3.582,4756.4,0
35.21,2231.4,437.0,95.18,193.9,7.63,4213.1,0
65.61,996.7,565.4,91.69,,0.181,1685.1,0
70.38,1255.1,347.2,100.0,107.7,3.497,2924.4,0
82.88,2178.5,401.6,85.31,153.8,2.739,1999.2,0
69.69,1854.9,411.7,90.7,164.6,2.059,626.4,0
55.03,1493.1,387.9,96.99,167.2,0.475,2108.0,0
70.79,1794.4,597.8,100.0,213.2,7.135,4632.4,0
75.86,1935.0,489.3,98.82,439.6,4.658,1868.0,0
60.98,1203.0,474.6,95.87,113.5,4.302,1691.6,0
55.85,1566.8,587.6,87.37,89.0,1.092,4885.8,0
58.39,1168.8,481.9,85.37,381.2,5.125,4061.1,0
69.04,1900.9,582.7,96.05,289.5,3.43,3738.9,0
48.53,1411.6,484.2,88.97,371.8,,4515.4,0
69.52,1872.3,422.7,87.44,169.9,0.997,2435.8,0
83.04,2190.1,471.3,85.91,431.8,4.585,4739.6,1
70.71,2137.3,334.0,92.48,128.0,0.131,3008.1,0
69.74,2437.7,668.5,99.16,244.8,0.242,4373.0,0
86.44,1513.8,523.0,92.63,307.8,2.61,1267.6,0
59.47,1733.0,325.9,85.91,432.9,6.101,1605.3,0
48.16,1473.1,452.6,100.0,326.2,4.304,613.5,0
75.05,1153.6,561.4,93.64,485.3,5.126,4404.5,0
68.97,1990.4,482.3,95.47,337.5,3.866,3179.5,0
64.65,2157.2,663.8,94.11,493.8,1.262,135.1,0
52.4,1288.9,656.7,93.84,346.0,5.798,1826.5,0
60.42,1583.4,773.4,100.0,111.8,2.254,863.0,0
94.82,1409.5,450.1,90.51,484.8,2.821,3568.1,0
64.55,1475.0,431.8,,447.0,3.977,1283.0,0
71.93,766.9,515.0,93.43,327.4,5.869,3318.6,0
88.96,1464.3,528.2,94.9,88.5,5.178,2355.3,1
58.89,1550.2,595.8,87.13,208.7,4.008,3176.0,0
73.38,713.8,746.8,87.06,143.7,2.93,1861.7,0
49.48,1832.4,570.8,84.39,160.0,3.688,4001.1,1
51.08,1396.9,403.0,88.18,405.4,4.655,3660.9,0
54.97,1616.1,715.0,95.05,214.9,1.479,2404.7,0
61.56,1461.4,566.9,94.54,212.3,3.395,1701.9,0
66.39,1526.8,597.0,93.5,70.8,5.647,2320.9,1
66.68,1603.9,436.2,86.5,461.5,1.752,3521.5,0
71.44,1523.5,352.8,95.9,452.7,4.666,2984.4,0
67.62,1517.3,525.3,100.0,335.5,6.616,4375.3,0
75.91,2152.4,517.1,94.95,424.8,1.66,2462.8,0
46.65,1140.3,402.8,97.65,404.5,2.745,1334.2,0
92.97,1391.6,380.8,86.62,369.8,0.403,4502.4,0
42.9,1563.7,650.7,83.09,448.7,1.201,2317.9,0
72.53,1737.2,770.6,97.26,475.7,3.43,1990.7,0
36.08,975.5,344.9,98.68,193.9,6.386,3583.3,0
37.48,921.8,308.5,90.27,343.5,6.443,1735.3,0
57.27,1748.3,449.6,99.62,318.1,4.787,1263.9,0
74.91,1559.2,558.5,80.13,422.2,1.509,2626.0,0
,2063.6,362.9,88.92,235.7,3.456,1980.7,0
81.31,2027.9,350.6,90.93,145.5,6.147,4734.2,1
87.83,1271.2,281.6,98.47,463.4,0.235,4197.6,0
51.66,1377.6,515.2,99.68,175.0,8.501,1718.5,0
79.82,1855.6,524.2,100.0,149.6,2.6,1894.6,0
80.15,2010.1,467.4,87.2,472.8,3.763,2453.0,0
72.99,1306.1,447.4,86.19,406.9,2.497,247.1,0
76.64,1391.7,584.0,100.0,293.3,3.657,178.5,0
51.56,1371.9,461.5,86.68,405.3,3.532,3772.0,0
87.93,1169.1,426.3,100.0,242.9,2.727,2610.3,0
53.2,1967.7,731.8,86.44,205.5,2.204,775.1,0
50.26,1364.6,322.6,100.0,308.2,2.478,16.0,0
67.32,1748.6,648.5,100.0,128.7,3.347,4372.0,0
98.01,1897.1,437.9,83.91,423.6,2.406,43.6,0
59.88,1781.6,509.6,100.0,221.3,3.311,4001.3,0
66.09,1416.8,571.3,93.37,60.6,7.506,2097.4,1
46.94,988.3,702.8,83.76,221.4,1.087,3607.4,0
33.33,1337.3,586.1,98.72,279.5,6.691,2556.4,0
70.3,2359.5,602.4,96.8,409.5,3.478,1281.4,0
65.21,1547.8,401.7,91.65,422.9,2.78,2991.1,0
85.58,2044.8,389.8,93.83,316.0,,563.3,0
64.39,2461.7,555.1,92.97,292.2,3.855,4921.0,0
81.78,1661.4,596.9,85.87,369.5,3.249,4019.4,0
59.86,1981.3,411.7,95.11,473.5,5.786,2822.3,0
50.62,1843.9,473.7,88.21,304.3,4.018,3395.7,0
54.07,1118.0,518.3,85.89,423.9,3.169,4707.8,0
51.76,1330.2,479.2,94.08,203.0,3.128,1529.4,0
66.96,1258.2,523.0,92.57,361.7,2.837,1365.9,0
66.53,2224.9,539.5,90.85,94.6,0.079,23.2,0
50.08,1102.6,684.4,90.35,457.8,0.913,347.7,0
57.76,898.0,599.9,86.25,369.5,0.751,2421.1,0
71.83,1446.2,509.9,100.0,250.6,1.332,1214.4,0
61.45,1554.8,709.8,85.51,252.7,1.919,310.5,0
87.78,1690.6,291.9,85.54,308.1,5.251,1146.9,0
60.24,1688.4,584.8,95.81,341.7,1.196,2910.3,0
78.99,1460.4,492.6,73.25,151.8,3.525,4121.3,1
55.61,2383.2,544.5,96.82,176.4,1.69,532.9,0
73.91,1055.1,477.9,,301.9,3.822,3135.5,0
59.71,1311.0,349.2,96.39,270.9,,3119.0,0
49.92,1778.9,371.5,100.0,77.0,4.699,3011.0,1
59.33,1561.8,586.7,96.34,166.6,,126.0,0
53.19,2120.5,464.2,100.0,308.3,3.747,352.7,0
60.99,1565.6,467.8,88.21,290.0,5.637,3259.4,0
75.13,1759.1,570.6,92.7,443.0,3.248,4504.1,0
53.85,1838.5,458.8,100.0,68.5,1.206,1944.4,0
72.06,1624.3,503.8,94.66,345.1,3.816,4222.0,0
104.24,2135.1,309.4,85.25,494.4,6.294,4033.2,1
44.63,1829.5,758.6,92.69,256.5,2.333,1159.4,0
64.74,1649.5,393.1,79.93,454.2,4.341,4556.5,1
48.25,1158.6,508.8,89.25,206.7,3.19,2148.0,0
46.52,1445.1,440.9,100.0,233.7,0.907,2909.6,0
59.9,799.2,541.1,97.4,407.4,2.384,2262.0,0
69.6,1392.9,477.7,99.33,162.4,2.048,1050.5,0
77.32,2231.0,634.8,100.0,70.6,0.602,3281.4,0
82.73,1418.2,580.1,83.3,315.3,0.211,1379.6,0
52.79,1017.5,602.9,94.2,156.3,0.325,3341.5,0
82.72,1576.0,502.2,86.51,374.9,3.216,4160.3,0
77.85,1216.0,472.2,100.0,293.5,0.192,334.7,0
50.19,1425.4,534.7,,134.6,4.899,3289.9,1
74.81,1605.1,676.3,93.47,246.2,3.193,3667.1,0
26.4,2031.2,536.5,90.16,384.2,2.67,3481.3,0
49.8,1412.6,418.0,90.81,357.7,5.228,4099.1,0
57.84,1093.8,591.7,100.0,426.7,2.012,1608.6,0
53.86,1959.1,431.8,97.23,442.8,3.391,4708.6,0
39.73,1515.6,582.4,96.97,57.6,2.763,3789.7,0
67.63,1638.7,604.5,87.76,234.7,5.025,4917.0,1
61.87,1468.1,332.0,90.87,363.3,0.506,2801.2,0
78.01,1165.1,473.5,89.03,204.5,2.867,2935.2,0
64.85,1870.1,575.2,94.42,54.9,4.086,1128.8,1
82.14,688.3,602.8,79.31,493.4,0.824,1122.1,0
69.86,1121.1,554.6,82.4,380.1,1.392,2326.4,0
23.42,2128.6,554.7,92.1,352.6,3.487,3175.8,0
48.72,1587.6,674.6,83.81,470.4,3.687,3602.8,0
45.81,1869.3,443.9,82.06,183.0,1.975,1810.3,0
73.44,1503.6,650.6,81.37,450.9,6.306,1651.1,0
51.21,1811.6,640.3,93.66,66.1,0.254,2263.2,0
64.66,1547.8,613.3,96.6,306.3,2.862,1867.1,0
61.48,1384.8,505.5,84.49,288.6,3.432,3326.3,0
55.92,867.8,536.8,93.17,486.8,5.192,4961.8,0
41.56,2033.6,521.0,96.6,408.9,4.649,268.4,0
53.14,2600.6,541.2,100.0,414.1,1.114,4523.8,0
93.0,1491.7,642.4,98.62,499.2,,291.2,0
77.93,1575.7,383.2,91.05,224.8,0.726,4482.7,0
71.19,1960.4,487.5,81.73,169.4,4.763,173.3,0
48.19,1729.8,641.3,93.96,449.7,0.347,2067.1,0
,1337.4,250.6,90.35,70.9,5.417,1862.4,1
47.74,1319.5,498.0,93.69,360.2,1.599,4490.4,0
87.85,1649.3,623.1,96.85,133.0,0.971,1630.0,0
70.88,1358.5,450.8,100.0,54.6,1.063,1042.4,1
64.62,2128.4,356.4,86.22,471.5,0.664,4832.2,0
70.69,1220.0,512.3,86.42,176.3,2.248,527.5,0
54.72,1519.8,641.7,83.55,189.4,0.492,388.1,0
56.08,2161.7,294.6,90.34,244.5,7.929,3275.7,0
89.83,1775.8,409.6,100.0,318.2,7.084,3815.8,0
34.7,1886.7,550.3,85.15,149.2,1.431,2360.4,0
55.36,1444.4,340.1,100.0,260.5,0.797,2072.1,0
52.26,993.4,818.0,100.0,174.7,2.672,4477.5,0
74.96,1895.9,510.1,91.57,307.6,3.709,1261.4,0
72.6,2157.8,547.6,91.35,71.3,8.327,989.2,1
,1793.4,551.8,92.66,435.1,6.148,405.7,1
39.98,1378.2,415.0,90.5,300.5,1.981,904.8,0
77.78,1817.8,449.5,90.5,330.4,1.755,4371.3,0
91.56,1022.3,456.4,96.86,228.0,0.039,225.9,0
51.44,1257.3,620.0,96.27,,4.082,900.4,1
56.72,882.7,440.6,94.11,214.8,3.168,3384.3,0
63.4,1567.3,682.8,100.0,177.3,4.951,529.0,0
34.4,1158.4,588.0,100.0,,1.807,2257.6,0
44.9,1650.1,527.2,95.88,135.0,0.916,2908.1,0
7.03,1851.7,645.8,,405.4,2.07,4105.3,0
42.24,1142.7,493.3,83.74,149.9,4.597,4775.9,1
52.84,1534.9,547.9,85.28,281.6,4.837,4609.5,0
61.98,1645.2,610.3,91.63,131.1,7.603,3096.5,1
69.19,1250.7,426.9,82.79,443.5,1.296,4620.2,0
79.0,1479.6,443.4,95.97,371.5,1.362,1883.9,0
71.84,1230.3,487.3,99.97,171.0,8.066,445.8,0
53.36,1816.0,518.8,100.0,350.8,1.372,469.1,0
50.4,1805.9,431.0,,422.5,4.837,3632.5,0
82.66,826.9,513.1,93.85,156.5,1.713,4450.7,0
71.28,1623.6,676.5,100.0,305.2,2.242,3284.7,0
64.87,1556.1,505.1,85.87,351.9,0.168,2494.7,0
59.38,1847.4,522.3,89.79,215.0,4.043,1446.8,0
86.26,1780.5,403.1,,160.8,3.481,3828.3,0
48.76,1542.4,608.7,82.44,499.5,3.709,4403.7,0
63.77,1585.4,656.5,96.61,289.9,0.797,1672.5,0
66.3,1295.9,287.3,90.59,192.0,2.344,4410.7,0
46.11,1859.4,522.1,96.29,204.3,0.655,3613.3,0
68.91,1780.1,460.3,100.0,457.7,2.728,4389.7,0
77.76,1542.1,589.9,88.65,157.3,2.972,102.1,0
62.3,1662.8,375.9,91.77,203.7,4.639,1023.3,0
59.57,1223.2,374.0,100.0,497.8,5.943,4909.4,0
77.1,1496.8,463.2,86.5,127.4,1.753,4334.8,1
51.96,1609.3,547.8,83.84,403.1,3.776,1434.7,0
87.07,1347.3,608.3,,499.6,0.794,3674.4,0
78.95,2132.0,511.4,91.5,335.8,6.898,2659.4,1
54.74,1343.5,641.2,100.0,177.5,3.485,1649.4,0
56.97,1915.5,548.5,93.41,241.9,3.373,1347.7,0
49.47,1861.7,560.7,87.38,121.1,1.328,335.9,0
60.95,2148.1,487.2,92.07,424.8,6.239,3645.4,0
63.12,1751.4,673.0,91.96,270.0,5.463,4906.6,0
79.63,1210.9,465.4,100.0,368.6,4.078,3836.8,0
51.99,1468.1,535.9,90.03,371.8,4.138,2455.4,0
44.09,1518.8,720.0,93.74,233.1,3.428,681.1,0
57.2,2079.0,702.9,98.49,318.7,6.377,4004.7,0
73.84,1220.3,528.3,87.25,283.1,6.07,3191.1,0
49.5,1490.6,597.2,94.12,486.8,2.302,2434.9,0
62.49,1601.6,491.3,99.13,99.0,2.165,2645.8,0
64.87,2002.4,568.7,94.7,119.1,0.814,332.8,0
86.64,2042.8,463.8,99.81,62.0,3.41,1280.4,1
76.25,1116.2,239.0,90.94,340.5,4.414,3008.2,0
58.08,1887.5,431.5,95.1,102.7,3.28,201.0,0
65.88,1422.4,380.1,93.09,173.9,4.597,3645.9,0
68.54,1233.5,393.0,91.31,358.4,2.622,647.3,0
75.19,9353.102631194992,684.6,87.16,479.0,0.248,3899.5,0
68.85,1111.6,531.4,91.5,357.8,1.692,3354.8,0
34.86,1814.1,611.3,90.78,300.9,3.842,2935.8,0
82.46,2026.2,643.6,94.82,465.4,5.278,3289.4,1
77.14,1799.8,463.9,94.95,84.2,1.503,2531.2,1
72.44,1974.9,664.5,100.0,193.2,0.573,1902.6,0
55.53,1790.1,477.4,97.7,128.1,1.074,261.2,0
77.49,1423.9,484.6,87.27,479.6,1.025,2670.9,0
74.13,1633.8,539.4,92.88,448.5,3.376,3658.0,0
61.04,388.0,458.2,87.0,472.6,3.681,107.1,0
67.16,2180.9,575.8,,74.5,4.077,2986.1,1
29.9,2033.1,461.1,89.0,407.4,2.16,249.7,0
43.38,1641.8,544.0,91.99,295.2,3.37,4207.1,0
79.74,2352.6,611.8,96.76,433.6,9.205,791.0,1
62.34,1566.6,449.0,78.34,363.4,4.374,3353.6,0
90.01,767.6,713.9,82.79,57.0,3.987,2716.3,1
86.33,2146.4,742.9,85.26,461.2,3.242,1509.4,0
53.52,1845.9,665.4,94.55,163.4,,2952.2,0
70.92,2076.6,499.5,96.01,361.0,2.473,4513.9,0
49.0,1290.2,553.8,81.5,154.1,5.9,355.5,0
41.4,1955.6,631.4,99.26,416.5,4.476,466.7,0
45.41,1881.9,727.5,100.0,138.2,3.884,1052.6,0
54.69,1381.7,457.8,91.93,294.0,0.001,3679.1,0
37.55,2226.7,496.4,97.95,365.4,0.455,2502.1,0
61.71,1320.9,455.6,83.95,280.0,4.803,3634.9,0
88.61,1430.1,647.5,100.0,98.6,2.898,1803.9,1
61.96,2426.1,391.1,86.55,325.9,1.712,2664.3,0
94.88,2236.9,747.2,94.93,185.8,4.628,390.0,1
44.86,1423.6,698.6,,371.6,7.733,721.9,0
40.88,1502.6,402.8,100.0,448.5,3.393,892.8,0
59.23,1983.0,624.1,84.37,375.2,2.148,4893.8,0
50.3,2055.9,228.3,89.44,472.0,3.514,896.2,0
39.3,1602.7,438.0,100.0,282.2,6.879,12.7,0
62.91,1570.4,463.9,92.11,454.9,1.475,1559.4,0
66.69,1143.1,454.1,83.58,449.9,2.659,1970.9,0
62.73,1748.3,579.4,98.43,268.7,8.854,3312.5,0
37.17,1694.4,614.0,89.88,422.6,5.84,475.2,0
71.83,2237.2,778.8,84.33,467.0,0.364,3776.7,0
64.9,1129.2,382.8,95.68,178.0,3.419,3773.7,0
58.66,1466.3,500.2,87.24,92.5,6.85,3238.4,1
67.45,1251.2,614.7,90.46,62.2,5.076,244.1,1
20.52,808.9,444.9,100.0,185.1,2.03,3886.7,0
47.26,1314.5,530.0,83.86,225.7,1.873,991.5,0
69.19,1632.2,547.1,84.52,77.3,4.997,2935.9,1
94.82,12661.926399887836,413.3,84.95,442.4,5.784,4975.4,0
,1557.9,456.8,83.61,498.2,6.234,3885.1,1
77.62,1085.2,704.8,,217.5,1.459,3900.6,0
47.28,1701.8,732.9,87.95,93.6,1.701,4915.3,1
78.73,1765.7,677.2,91.0,258.8,6.368,2712.7,0
57.57,2300.7,415.9,96.64,449.0,1.805,52.3,0
37.88,1511.8,541.2,79.72,222.9,2.437,545.3,0
64.13,2026.7,599.2,94.31,332.3,0.368,1172.6,0
51.46,2035.1,552.7,86.74,244.6,4.168,734.3,0
70.12,1024.5,554.0,90.4,357.0,0.937,983.5,0
79.03,1774.2,471.6,84.14,250.1,2.406,91.3,0
67.18,2421.8,517.6,96.43,363.3,0.934,4651.3,0
55.67,1845.9,701.3,87.67,355.6,3.098,3849.9,0
78.37,1260.9,250.3,79.66,149.5,0.981,2766.1,0
73.49,1617.6,519.3,89.91,334.7,1.765,660.3,1
40.62,1532.3,567.4,96.8,356.4,1.061,4476.2,0
63.63,1860.5,586.8,88.41,118.5,1.939,1872.0,0
36.97,2045.1,741.1,90.97,114.8,4.171,4606.8,0
63.77,1227.8,681.5,99.95,296.7,2.624,1738.4,0
87.03,1230.6,456.8,93.13,350.8,2.277,1395.8,0
85.04,756.5,550.5,95.41,197.1,1.682,1319.5,0
44.51,2064.5,407.2,89.99,417.8,1.074,4521.0,0
54.12,1403.2,502.2,89.62,277.6,2.743,2269.1,0
87.7,1524.1,563.3,100.0,75.5,5.577,1010.7,1
71.84,2187.7,427.7,95.12,221.0,0.249,24.3,0
62.5,1699.5,516.1,100.0,289.6,4.527,92.8,0
54.41,1976.8,515.9,92.25,171.6,2.145,4279.9,0
70.65,1479.2,350.0,90.53,183.0,4.777,4886.8,1
73.93,1643.4,575.9,95.63,186.3,5.429,1739.2,0
55.14,1287.0,621.0,98.23,152.2,3.324,4315.6,0
79.29,1075.1,588.3,94.27,330.6,3.853,2214.0,0
78.93,1628.1,474.2,91.51,409.8,0.602,4034.1,0
89.45,1211.5,375.0,82.06,399.9,1.388,639.4,0
46.67,1069.5,430.5,87.92,330.0,7.206,2519.5,1
60.36,2143.7,449.3,98.87,288.2,2.829,4232.6,0
54.34,1592.8,540.3,100.0,170.9,6.116,1350.3,0
76.14,934.6,680.3,91.26,409.2,3.298,4487.1,0
71.61,1561.5,562.9,91.61,291.8,5.13,1221.0,0
29.3,2054.8,643.2,91.23,149.8,3.029,4151.7,0
60.58,820.8,379.0,92.11,496.6,1.213,3212.0,0
,1566.3,342.0,75.69,261.7,2.827,302.1,0
60.94,1168.9,745.8,91.41,262.6,5.595,4223.2,0
59.08,1648.6,516.4,99.79,108.5,3.894,559.2,0
88.66,2388.9,361.2,96.59,488.7,3.032,1886.0,0
66.95,2549.6,524.6,100.0,429.2,2.817,3664.6,0
73.47,1677.4,484.7,93.94,76.9,1.633,3562.9,1
75.97,1436.6,308.6,91.34,266.4,2.713,620.5,0
78.64,1058.2,472.6,100.0,197.9,3.297,2601.1,0
38.31,827.3,608.1,96.18,105.2,4.246,3622.8,0
63.49,1895.1,575.0,86.13,463.1,2.697,1292.2,0
59.46,1705.7,624.1,94.72,466.0,5.535,3285.4,0
61.18,2413.9,601.2,92.88,,1.019,867.2,0
80.13,1840.5,627.0,95.12,,0.189,4048.0,0
63.67,1715.7,442.2,84.66,,0.447,3586.5,0
54.89,975.5,495.9,100.0,67.0,0.208,1658.4,0
52.04,1801.7,414.5,95.31,291.1,3.816,280.1,0
75.93,1622.5,371.9,89.81,497.8,1.385,4652.2,0
86.09,1963.9,277.3,95.24,251.6,5.648,2364.5,1
95.37,2659.0,630.7,92.87,350.0,3.734,1629.1,0
55.37,1835.1,505.1,92.55,109.1,2.813,3576.1,0
55.32,1575.0,537.3,,275.5,1.767,736.5,0
54.55,1912.3,422.8,94.54,383.5,2.358,2862.3,0
69.81,1559.5,692.0,96.36,473.6,7.766,2644.6,0
35.32,2065.6,447.9,85.11,163.1,0.269,1219.5,0
84.36,1952.8,691.6,92.45,153.4,3.326,1504.7,0
58.92,1858.7,437.5,97.13,392.0,0.332,3084.7,0
65.02,1345.1,439.2,95.02,377.6,2.752,2281.4,0
35.78,1625.8,484.0,81.78,50.7,6.671,906.5,1
71.89,1664.5,358.9,97.01,,1.932,1937.0,0
76.82,1013.1,447.2,85.77,484.2,3.751,3252.8,0
46.38,1889.8,713.2,100.0,286.7,1.259,1702.1,0
49.53,1548.2,678.4,87.72,186.5,5.651,150.3,0
44.18,1928.5,573.9,100.0,406.2,1.641,735.6,0
46.89,1652.2,570.1,77.53,177.1,6.382,4062.9,1
78.65,1070.8,522.8,100.0,189.1,0.763,3709.6,0
58.1,2198.3,348.0,89.38,234.9,6.413,2399.4,1
36.21,1555.1,414.7,91.29,200.0,3.054,4410.0,0
61.34,12743.084569975552,514.7,99.83,279.2,4.646,2384.7,0
94.47,1066.0,477.0,89.62,225.2,3.699,1519.9,0
59.91,1414.2,567.5,84.25,,4.8,1021.0,0
60.33,1215.0,550.7,72.87,481.0,0.44,3061.4,0
52.09,2028.8,486.7,100.0,153.2,3.161,3960.6,0
67.65,1957.7,604.3,81.0,207.6,0.293,2217.9,0
87.58,1876.1,385.4,,195.5,3.018,4887.3,0
50.7,1712.4,606.0,96.07,179.2,1.119,2117.0,0
56.8,1970.2,501.0,96.87,84.0,0.264,3114.8,0
82.2,1068.9,351.2,97.41,279.2,3.396,531.8,0
65.15,1402.3,508.3,99.27,54.1,3.637,266.9,1
61.19,1793.5,627.6,84.56,465.0,3.747,3761.8,0
78.51,1490.5,514.9,100.0,158.6,0.39,1801.1,0
57.6,2000.2,603.7,95.86,359.1,2.879,553.6,0
50.19,1438.6,707.2,88.68,80.3,1.778,1271.8,0
68.44,1198.9,581.6,81.62,184.4,1.264,3374.5,0
23.32,1565.8,712.2,97.5,422.9,3.117,4387.3,0
58.78,1888.5,448.2,100.0,369.1,2.789,2862.2,0
47.05,1782.2,675.5,100.0,121.7,2.548,1910.0,0
86.24,1892.2,579.5,93.11,75.8,6.014,4183.4,1
85.97,1395.9,498.6,90.81,459.4,5.891,3978.8,0
50.31,1444.8,440.2,84.31,256.9,0.389,1860.6,0
66.5,1517.2,525.5,91.04,439.6,4.336,614.4,0
50.41,1793.1,516.9,100.0,100.1,5.332,4296.9,0
37.01,1248.9,655.0,84.15,240.3,2.415,3527.0,0
43.9,1073.9,305.6,82.43,235.6,4.843,1606.2,0
72.2,1900.2,582.2,95.78,291.0,2.923,2250.1,0
47.57,1674.0,514.5,94.24,200.6,0.512,1056.6,0
45.04,1861.6,386.8,78.76,474.4,4.988,1581.3,0
,1761.0,410.0,91.68,365.8,0.689,1523.6,0
61.6,1732.3,445.8,86.21,448.1,0.977,362.1,0
95.37,1773.0,551.3,,311.6,0.479,3651.5,0
65.21,918.9,597.5,94.11,79.3,5.557,451.0,1
49.59,1113.8,564.0,93.0,405.3,2.642,4002.2,0
42.66,1989.4,590.6,100.0,52.6,2.549,1055.0,0
71.97,864.2,550.5,91.27,304.1,3.472,4312.6,0
59.04,2315.9,444.3,94.94,412.3,0.791,3097.5,0
57.94,1649.8,698.6,90.17,278.0,2.902,1227.8,0
83.03,1818.0,472.6,92.63,403.8,4.164,390.9,0
65.53,1924.2,489.2,92.86,344.5,1.264,3591.8,0
73.21,1488.3,462.9,89.5,263.1,1.404,3537.9,0
57.93,1629.7,637.9,94.54,363.8,4.125,2770.7,0
62.72,1832.4,563.8,100.0,361.1,3.756,23.0,0
46.85,1126.2,643.1,97.08,116.7,0.91,2140.7,0
39.3,1797.2,472.5,100.0,416.5,0.386,2976.2,0
52.61,1036.9,477.1,93.29,262.8,6.856,711.5,0
65.06,1522.9,428.8,91.86,479.5,5.761,4273.3,0
39.62,1693.4,472.9,96.73,,4.152,3457.2,0
37.05,1898.3,508.8,93.52,428.9,5.022,407.7,0
71.76,1402.7,492.4,87.79,128.1,2.3,436.8,0
64.45,1729.0,661.9,100.0,198.9,4.446,3823.8,0
-17.58850723889431,1972.0,606.6,100.0,434.8,3.184,4408.1,0
21.61,1941.9,512.6,100.0,350.7,7.427,4466.2,0
67.55,1222.0,662.0,94.31,,2.461,4071.1,0
86.48,1233.5,367.6,83.37,77.8,3.127,2983.4,1
75.22,1922.9,505.5,98.35,82.5,,3707.6,1
54.53,1923.3,463.1,97.84,416.8,5.202,836.6,0
60.5,1595.0,708.6,100.0,102.7,4.583,2738.8,0
76.88,1663.6,536.0,99.91,292.6,2.499,988.4,0
55.44,2416.5,522.6,100.0,163.7,3.166,1493.7,0
55.43,1813.2,472.7,97.26,104.8,0.533,3888.2,0
69.98,1929.2,565.5,84.45,320.3,2.445,1691.9,0
67.22,1872.3,339.0,94.99,335.9,4.912,4903.9,0
114.57,1793.2,554.8,96.29,89.0,3.387,436.0,1
41.91,1805.7,420.6,91.68,361.6,5.214,10.4,0
51.09,1930.8,505.0,91.06,409.9,3.327,3505.1,0
94.82,1065.4,561.2,100.0,238.8,1.877,131.3,0
86.96,1234.7,484.7,79.68,480.5,3.9,2354.4,0
84.62,2389.8,473.4,89.29,169.0,0.993,3562.3,0
71.54,1761.3,387.4,100.0,443.9,6.111,1213.4,0
72.43,1719.6,545.4,92.17,154.7,4.259,2021.2,0
69.21,2260.0,550.2,83.19,495.1,3.918,1982.6,0
73.43,1297.6,578.1,100.0,51.8,5.182,350.0,1
45.58,1688.6,456.1,100.0,462.3,1.93,4829.0,0
44.81,1919.3,485.8,86.03,204.7,4.229,1227.7,0
62.38,2073.2,533.4,90.82,,4.718,2104.5,0
86.66,2099.6,685.8,100.0,54.3,3.809,2679.1,1
65.0,1429.9,361.6,75.7,51.0,4.506,1960.7,1
52.1,2140.4,336.8,,196.4,2.602,1679.7,0
75.99,1595.3,554.6,96.46,245.4,1.104,1397.2,0
53.65,1723.8,660.6,100.0,368.7,0.204,3730.4,0
53.11,1641.6,493.5,90.59,351.9,1.678,1588.6,0
84.43,1412.9,785.2,89.62,394.6,1.317,1540.1,0
50.12,2066.2,691.9,88.16,380.0,3.322,108.6,0
33.02,2457.4,410.2,,273.8,4.042,1436.0,0
57.6,1927.0,538.8,88.42,310.9,3.914,645.3,0
70.91,2049.4,206.6,94.56,143.8,7.306,4709.4,1
,1720.1,585.7,100.0,261.8,3.725,1101.2,0
46.17,1177.8,436.0,98.82,372.6,1.816,2532.8,0
36.65,1984.1,396.0,97.42,241.2,1.912,4240.8,0
46.81,1255.6,338.7,84.01,174.4,1.797,4547.0,1
78.03,1517.6,564.4,82.85,133.1,6.783,1320.9,1
66.87,1439.7,672.4,100.0,319.3,3.35,1842.4,0
59.65,1476.3,565.8,,239.9,0.171,4063.3,0
48.32,1366.6,400.3,78.7,328.5,3.76,218.2,0
82.3,1475.4,617.2,75.77,320.8,4.516,1246.9,0
54.05,1117.9,694.1,100.0,448.0,4.329,932.8,0
52.99,1930.3,503.1,79.2,312.4,3.479,3380.3,0
88.26,1476.6,533.2,89.0,430.8,3.576,1411.5,0
62.65,2329.1,370.0,98.9,250.8,1.032,1605.0,0
78.27,1341.3,580.2,97.03,476.1,1.76,1144.0,0
55.86,1537.8,578.9,85.63,365.7,6.422,2586.6,0
73.88,1014.5,293.3,89.66,271.5,3.069,2468.4,0
80.15,1797.1,515.0,100.0,424.7,5.121,1964.3,0
53.39,2081.5,611.7,98.91,259.8,1.299,287.1,0
43.86,1002.5,435.9,90.72,431.6,4.243,3503.1,0
70.25,1993.7,623.1,100.0,342.2,3.835,3191.7,0
46.61,2118.9,483.6,100.0,476.8,3.084,4716.6,0
76.75,1711.1,492.1,96.19,106.8,3.573,418.3,1
62.81,1654.5,410.5,90.33,243.5,3.282,1425.2,0
53.46,1202.2,779.7,91.79,96.4,1.391,42.6,0
37.26,1753.9,555.3,100.0,152.5,3.911,1829.7,0
63.29,1855.0,512.6,98.48,277.6,2.992,3433.7,0
93.61,1239.6,357.0,94.39,443.3,2.64,1297.0,0
63.39,1091.9,468.0,87.06,62.4,0.829,1639.8,0
60.38,1455.2,495.8,100.0,99.0,4.556,4575.0,0
42.01,2471.7,427.6,81.9,195.3,7.546,3533.5,1
68.28,1810.8,473.3,84.64,480.8,6.461,3988.0,0
61.48,1886.5,641.7,100.0,465.1,5.785,3200.2,0
76.0,1065.7,598.5,94.67,149.0,0.161,1446.2,0
75.68,2418.6,681.2,90.73,297.2,2.116,3566.8,0
48.08,2037.7,623.7,94.67,494.7,5.553,679.6,0
52.68,1433.7,473.1,100.0,129.0,2.414,2094.9,0
88.76,2324.2,350.0,98.53,121.5,5.263,4860.8,1
70.83,1356.3,574.8,92.68,247.9,4.8,4441.2,0
74.99,973.9,458.6,96.79,464.1,0.367,1764.6,0
75.12,2119.5,493.6,95.8,461.4,3.886,4995.3,0
71.06,940.5,363.2,93.04,67.4,7.738,3330.4,1
42.61,1945.0,583.5,92.4,462.2,7.51,4812.3,0
13.47,1733.6,448.7,90.05,224.8,5.766,4407.8,0
76.92,1737.9,581.7,85.28,335.8,2.645,782.2,0
48.75,2164.0,578.2,84.84,,0.512,164.2,0
62.63,1515.9,521.7,91.26,393.3,0.671,2399.9,0
76.84,1671.6,545.3,81.21,196.5,3.728,1140.4,0
83.77,1663.9,592.6,87.51,395.3,0.877,612.2,0
69.41,1230.0,492.2,91.96,238.4,2.136,1751.1,0
37.01,1253.6,515.2,100.0,280.2,7.732,3638.8,0
59.8,2398.3,546.9,100.0,249.1,3.739,2125.8,0
57.66,1398.1,443.4,85.14,488.8,2.504,4799.0,0
65.66,1646.9,720.6,78.79,318.8,5.089,1434.7,0
39.95,2177.7,366.3,84.15,,0.829,2367.4,0
79.35,1838.3,578.3,94.76,103.5,4.234,3961.5,1
62.94,1783.7,606.0,91.7,85.9,4.922,1738.8,1
65.54,1356.3,516.6,88.22,132.4,0.804,122.6,0
77.94,2131.4,663.3,96.3,103.6,5.648,2553.6,1
70.33,1286.4,531.3,90.61,495.0,2.09,2242.6,0
62.38,1557.7,398.7,95.29,430.3,0.655,657.6,0
80.75,1102.1,586.8,97.82,151.9,4.165,2511.7,0
54.48,1458.4,628.0,97.65,210.7,1.937,1465.2,0
42.48,1795.7,537.7,100.0,487.3,3.165,2194.0,0
73.69,1947.6,290.4,100.0,380.6,0.774,1902.6,0
46.26,1271.6,467.7,96.79,155.8,2.584,1018.8,0
75.73,1806.9,507.7,79.38,367.7,1.517,23.2,0
66.35,1125.5,697.2,90.52,94.2,6.925,2842.8,1
87.02,1875.1,541.4,84.02,343.1,,4759.2,1
74.84,2123.5,532.4,89.26,426.2,5.313,1431.5,0
58.28,632.6,499.4,100.0,375.3,1.197,2055.2,0
43.97,1112.7,511.1,100.0,158.4,5.567,4322.0,0
100.19,2052.5,550.2,86.17,390.6,3.252,470.7,0
76.84,1590.6,527.1,94.3,366.8,2.719,4201.5,0
51.83,1751.4,793.0,84.85,445.0,1.601,4712.2,0
72.98,1655.8,640.2,98.91,320.2,3.049,789.6,0
56.34,1708.1,461.0,82.25,176.5,2.598,2843.6,0
42.57,1220.8,505.5,97.75,425.5,5.034,88.8,0
71.53,1899.1,485.2,95.28,332.7,2.191,699.7,0
82.64,1194.2,627.7,93.68,194.2,4.435,2494.7,0
85.9,1279.9,647.7,92.52,371.1,2.528,573.1,0
,1976.5,440.2,92.83,112.7,3.504,4001.6,1
41.67,1518.1,646.1,89.48,324.8,6.135,3192.3,0
68.34,1791.8,413.5,100.0,75.3,2.251,3971.4,0
87.58,1407.9,509.5,89.95,101.5,0.401,2051.9,0
,1457.5,567.3,100.0,,3.77,1365.1,0
39.96,1590.1,616.7,99.91,186.0,,3635.8,0
73.02,1628.1,492.9,93.87,,0.763,4605.9,0
22.14,1887.4,423.7,97.38,151.6,3.632,3503.9,0
65.21,1427.7,608.9,89.76,408.4,1.911,3397.0,0
13.65,1608.0,401.2,90.05,187.8,6.122,1866.1,0
34.22,1661.3,544.5,89.68,191.2,0.557,4367.0,0
53.95,2002.5,566.7,,321.1,2.015,2293.0,0
67.07,2347.4,493.3,100.0,,4.882,1255.5,0
73.82,1918.1,332.3,89.12,245.8,0.888,4961.5,0
45.91,1985.6,517.1,94.48,186.2,2.089,2495.6,0
58.26,1167.7,363.5,100.0,50.8,1.573,1385.3,0
,2118.9,504.7,93.48,277.2,3.492,2707.4,0
57.58,1086.7,551.8,93.72,327.0,1.676,318.9,0
72.25,1443.6,564.6,95.44,56.8,4.716,3282.6,1
77.25,1878.6,580.5,89.19,231.6,0.95,297.5,0
68.18,1437.3,508.3,82.36,393.6,4.959,4258.7,0
32.46,1105.7,492.1,93.79,425.1,2.781,2567.4,0
48.66,1538.1,399.8,77.85,425.4,1.472,2759.0,0
75.4,9760.358724899834,457.6,100.0,402.1,2.435,2224.7,0
88.01,1684.9,498.6,99.1,68.3,4.508,2532.5,1
69.63,2101.5,572.1,97.45,179.2,0.952,4995.8,0
82.41,1831.2,497.0,95.26,407.9,0.596,2682.7,0
75.44,1684.6,539.6,94.66,385.9,5.607,3005.4,0
49.05,1202.6,556.3,100.0,482.7,4.899,1456.0,0
46.34,962.0,545.2,93.15,418.6,4.294,518.4,0
70.43,1189.9,544.7,90.87,327.5,4.151,804.0,0
71.77,13809.34010721341,502.8,92.91,172.4,5.678,4248.5,1
68.98,1859.5,644.1,84.28,355.0,0.007,1172.0,0
60.7,2104.6,681.1,,421.8,2.236,1491.7,1
47.09,1854.1,480.3,96.16,279.4,4.744,2674.6,0
70.58,1550.0,409.8,91.08,248.4,4.616,4074.0,0
62.59,1639.3,420.5,94.23,183.3,,1878.0,0
62.82,1831.0,395.8,86.53,,1.392,1309.7,0
46.72,1397.7,458.3,100.0,313.1,6.104,743.5,0
40.85,2049.0,497.5,84.51,228.7,1.833,1227.2,0
53.99,1312.1,583.7,93.9,112.8,1.368,3629.9,0
66.32,1681.0,517.1,99.83,398.9,5.774,2452.9,0
61.03,1510.4,487.3,,237.1,5.368,2145.5,0
74.52,1871.8,584.5,96.53,418.7,4.172,4441.0,0
81.38,2188.2,363.1,94.69,312.8,3.475,2042.8,0
53.14,1882.2,539.0,100.0,287.5,0.217,1373.0,0
60.51,1662.7,608.6,100.0,346.5,0.013,3978.3,0
52.26,1837.5,570.8,,482.1,1.643,1557.1,0
57.1,1264.8,423.6,100.0,348.7,1.974,1885.9,0
72.79,2738.5,568.1,82.23,201.5,7.891,3806.6,1
70.48,2065.5,516.3,81.47,95.2,1.712,884.6,0
64.1,1892.8,567.1,100.0,495.7,6.382,3174.8,0
65.51,2765.5,567.7,93.58,138.9,3.16,967.7,0
69.97,1868.1,530.3,90.6,156.4,3.928,2729.8,0
72.84,1676.2,438.8,91.44,485.0,2.447,1054.1,0
27.19,1895.8,934.4,,489.2,2.45,1461.9,0
110.09,1561.7,343.7,88.98,239.3,3.975,1598.6,0
76.26,1553.8,406.2,93.56,70.9,3.311,2358.2,1
71.3,1930.0,628.3,80.86,108.2,0.531,4635.3,1
64.11,2314.3,435.0,71.77,255.0,4.146,1978.1,1
79.59,1238.5,573.6,96.19,472.5,1.173,4864.3,0
72.83,2236.6,533.9,95.36,449.5,1.125,1760.3,0
85.52,1507.9,580.5,99.25,398.4,1.948,165.3,0
48.94,1518.0,565.2,90.5,232.6,3.343,305.5,0
71.82,2242.7,564.9,89.45,431.9,3.786,1844.7,0
60.43,1061.6,649.8,88.6,316.1,1.504,484.5,0
85.67,1066.3,480.1,96.78,468.2,0.057,1266.5,0
-30.065765476315452,1532.1,663.7,98.41,230.8,0.423,3588.5,0
50.22,1381.2,570.9,86.93,68.7,4.897,1593.4,0
58.23,1188.8,630.8,78.08,456.6,2.202,4467.9,0
49.56,971.3,507.1,94.04,238.4,3.824,3148.3,0
75.98,746.2,437.2,82.75,112.7,6.881,3380.4,1
28.46,1175.4,606.2,96.56,457.3,6.84,1441.3,0
74.37,1396.2,450.1,97.26,344.8,1.498,2655.9,0
52.59,1386.4,589.5,92.32,109.6,3.32,138.8,0
72.13,1228.0,576.9,98.13,421.5,5.107,4836.9,0
47.51,2366.7,621.6,,99.2,5.331,2352.6,1
28.41,1497.5,466.5,94.78,105.9,2.718,3191.9,0
77.21,958.8,533.9,100.0,314.1,,1761.1,0
23.44,1584.5,419.3,100.0,387.2,6.069,2328.2,0
34.21,1949.9,635.5,92.18,68.9,,4497.8,0
75.69,1299.4,805.8,100.0,383.0,2.431,1327.5,0
59.34,2202.0,658.6,94.34,354.0,7.142,3661.2,0
56.38,1489.0,617.4,97.34,74.5,0.017,2356.6,0
43.95,1581.3,632.0,86.19,331.1,0.808,97.3,0
62.76,1426.4,568.9,87.04,66.5,3.029,2193.5,1
74.12,1072.4,434.5,89.84,371.9,1.283,1141.8,0
68.97,1947.5,511.3,99.39,100.6,2.53,3237.9,0
59.51,1209.5,484.9,,129.7,2.2,179.1,0
65.29,1710.0,332.4,93.82,275.2,5.883,1104.6,0
57.5,1221.2,236.5,94.9,,2.925,1233.3,0
50.39,1345.8,373.5,96.52,366.2,4.591,4749.4,0
55.84,1431.8,533.4,93.3,186.6,4.1,2705.1,0
65.29,1469.1,800.0,99.48,454.1,5.535,2354.2,0
49.12,1507.5,488.0,100.0,93.3,1.719,3504.6,0
88.25,1862.7,288.1,90.61,,0.401,3839.8,0
42.62,1543.4,519.1,100.0,261.1,2.306,400.2,0
76.88,2066.1,668.5,94.44,408.4,1.154,2919.3,0
31.59,1800.8,623.3,91.8,141.8,,2155.1,0
66.72,1964.0,709.9,92.3,258.9,0.811,3291.4,0
68.52,1452.9,577.4,83.06,267.4,3.109,2662.4,0
,1663.3,661.9,86.97,383.3,3.15,162.9,0
41.69,1535.7,517.8,84.13,67.1,3.973,2159.9,0
41.92,1627.6,597.0,91.9,488.8,1.534,2283.7,0
70.82,2078.5,668.6,88.93,144.5,2.448,1325.4,0
69.66,1296.0,449.4,91.95,50.8,4.776,3208.0,1
85.54,1382.4,591.6,81.46,362.8,3.308,3834.6,0
72.08,1359.6,477.6,98.1,422.9,5.563,4234.5,0
57.7,948.8,575.4,91.8,483.8,2.27,3190.3,0
51.04,1284.3,575.8,96.18,459.8,5.585,3651.5,0
41.65,885.7,501.4,95.77,364.3,2.933,1658.9,0
57.85,2402.2,507.2,95.85,323.6,2.49,3973.1,0
41.36,1927.0,557.3,90.78,336.5,2.834,4711.0,0
73.92,1709.0,585.3,95.82,143.6,2.484,1991.8,0
47.23,1854.9,587.9,87.75,322.0,0.018,3562.1,0
80.14,1676.1,238.2,74.4,321.5,3.638,2789.5,1
63.5,1670.7,606.5,92.45,413.1,,3154.6,0
65.49,1565.2,593.5,96.06,80.6,0.854,3993.8,0
53.06,1442.8,535.5,100.0,127.3,5.217,1390.9,0
54.04,1781.7,532.3,92.9,349.8,4.619,1334.9,0
38.71,1822.5,502.0,91.51,313.7,4.014,3365.9,0
62.39,2162.8,531.0,92.0,199.0,0.101,294.9,0
71.84,1339.8,504.3,87.56,,3.782,4856.5,0
54.84,1644.6,529.2,92.91,180.9,0.705,3260.3,0
67.01,2805.9,561.7,78.33,190.9,5.26,3161.1,1
48.28,1631.1,615.4,97.6,304.7,2.028,2507.0,0
54.61,1464.0,522.6,88.56,271.5,5.14,717.8,0
66.13,1068.1,442.9,100.0,90.8,5.123,1345.4,1
80.29,1932.7,539.8,97.87,458.8,3.596,3065.9,0
47.46,1410.6,486.5,100.0,439.5,1.114,2648.6,0
75.32,2222.8,537.5,85.87,279.6,5.518,1926.1,1
37.33,1625.1,513.5,96.31,378.6,5.306,3539.0,0
49.95,1556.7,593.4,93.55,75.4,3.397,1369.2,0
53.3,1399.9,589.3,89.47,156.1,0.823,1602.0,0
41.43,1829.2,455.2,100.0,200.9,2.482,2833.0,0
73.66,1290.3,493.5,90.35,390.7,,946.5,0
81.13,1649.3,909.4,94.81,450.3,2.906,1421.3,0
67.2,1296.3,430.5,96.31,165.5,2.743,574.1,0
26.36,1470.2,699.8,100.0,218.4,0.029,3348.2,0
37.17,1545.2,593.9,90.04,384.5,2.707,1802.9,0
72.31,1640.3,430.1,89.69,115.5,2.221,3549.0,0
58.39,1344.0,256.0,91.83,242.5,2.854,3799.3,0
56.93,1585.4,342.9,81.9,285.3,3.653,2001.2,0
79.62,1381.2,587.1,84.87,76.6,3.725,1760.0,1
70.3,1733.2,431.9,90.4,108.1,2.036,2173.0,1
16.04,1703.2,378.1,97.36,54.8,3.564,4481.8,0
45.7,1259.4,271.2,88.53,108.7,4.136,4286.8,0
-31.298487811746305,1540.2,492.4,88.73,52.9,1.655,2856.0,1
49.43,1568.7,664.2,91.9,312.6,,1712.2,0
73.57,1788.5,522.9,86.57,294.3,4.192,2433.9,0
52.19,1500.5,482.6,84.91,414.0,1.708,4500.8,0
56.01,1223.1,403.6,96.82,477.6,4.008,1979.0,0
59.67,1815.4,461.6,98.64,132.7,2.552,3321.3,0
61.8,2010.6,668.0,100.0,413.3,6.667,3635.5,0
97.87,1632.8,439.4,93.6,444.3,,2970.1,0
77.24,1829.7,393.7,87.99,110.4,3.535,223.9,0
41.93,1587.6,616.0,84.42,,3.264,2233.4,0
51.79,2014.9,390.0,100.0,200.0,3.652,4177.4,0
29.23,1787.9,488.8,87.31,98.2,2.203,3045.6,0
50.65,1476.8,523.5,96.53,285.5,4.638,4446.0,0
63.0,2061.6,544.0,87.89,211.6,0.724,3405.3,0
74.24,2101.0,567.6,91.94,139.4,1.936,3917.6,0
81.59,1046.8,382.2,88.34,281.3,0.947,1300.7,0
,2106.2,653.8,93.1,487.8,4.145,4654.5,0
61.51,2440.9,493.1,92.5,239.4,5.328,4346.9,0
79.33,1726.5,542.9,97.89,134.5,4.399,1211.9,0
57.41,1450.5,508.3,96.82,436.8,2.194,2040.3,0
37.25,727.8,260.2,96.4,401.4,4.789,4297.5,0
91.46,1788.2,705.1,85.16,271.9,5.198,4193.6,1
46.64,2089.4,334.6,86.81,277.5,5.407,4348.1,0
,2432.8,545.4,96.26,202.8,0.337,643.5,0
54.96,1987.9,547.4,95.94,196.1,0.716,4223.0,0
66.44,960.3,545.1,99.28,55.2,1.732,4874.6,1
89.67,1875.8,416.2,88.64,434.2,2.876,14.1,0
84.36,2148.8,487.1,89.48,470.2,3.7,3467.6,0
77.17,1875.4,570.8,97.54,354.2,7.14,1207.7,0
48.21,1465.4,455.4,83.86,393.1,2.229,4053.3,0
59.51,1060.5,708.9,92.57,127.8,3.057,3614.8,0
86.48,2093.0,622.4,,94.5,4.642,1899.3,1
88.69,2083.5,282.5,95.99,427.6,0.685,2134.6,0
43.28,1556.8,684.9,83.8,337.9,5.141,3708.2,0
60.11,2104.4,414.6,85.6,283.7,3.356,3639.7,0
61.32,743.1,568.3,91.2,290.4,3.849,2144.6,0
63.7,2309.3,469.8,90.42,437.2,2.987,3454.7,0
,997.6,527.2,88.75,76.2,3.695,4229.1,1
61.26,843.3,356.6,90.82,158.8,0.836,2492.6,0
77.76,819.6,488.5,83.47,169.0,2.835,1100.7,0
41.92,2100.7,681.3,90.56,463.2,1.958,905.5,0
76.94,1967.8,396.4,100.0,436.5,3.714,264.9,0
65.27,1696.4,445.2,99.11,119.8,1.304,2433.3,0
54.92,1157.6,489.5,100.0,328.4,5.122,208.7,0
79.41,1718.7,462.3,99.42,260.9,0.044,2508.6,0
71.6,997.4,615.8,88.92,234.9,8.335,4494.9,0
59.66,1671.8,596.1,96.52,238.4,4.169,4149.0,0
49.85,1635.6,530.7,95.51,228.6,5.361,2978.8,0
61.83,1498.1,547.4,86.1,207.5,4.843,3723.8,0
45.01,1510.8,614.7,89.05,491.2,3.02,4104.1,0
62.98,1718.9,493.1,100.0,107.4,0.066,572.0,0
70.38,1374.8,506.7,94.91,276.3,1.195,2742.8,0
59.48,2032.4,587.8,89.18,318.8,1.806,4038.4,0
69.26,1126.2,374.8,90.02,165.2,2.678,263.9,0
56.35,1809.4,419.7,100.0,294.2,2.343,253.0,0
43.4,1857.6,467.7,97.16,74.2,1.433,669.2,0
51.92,718.1,410.8,100.0,186.0,3.074,2955.3,0
78.71,1104.6,600.6,87.46,420.2,5.27,781.8,0
46.52,2337.9,478.2,93.98,212.0,3.476,399.8,0
68.34,1550.0,359.6,98.84,224.3,0.223,2431.6,0
47.22,2134.8,751.7,89.95,293.6,4.57,3853.2,0
64.45,1811.9,416.3,98.31,367.1,4.441,1834.5,0
81.58,1759.5,343.2,96.96,493.6,6.999,875.6,0
84.32,1656.8,635.6,94.07,169.5,1.399,4722.8,0
68.32,1375.4,680.7,,157.5,2.616,4856.4,0
33.68,1427.8,661.0,86.96,260.5,4.316,553.6,0
,1397.9,512.9,100.0,126.1,5.545,2074.2,0
54.57,1411.8,484.1,100.0,457.8,0.086,2356.6,0
43.98,1369.6,522.8,96.17,329.9,,3945.6,0
65.23,1251.1,497.0,86.05,379.1,2.403,647.0,0
41.77,1304.2,548.0,93.17,329.5,4.958,1398.1,0
50.36,1099.3,545.9,95.35,314.6,0.245,3767.9,0
74.66,1740.9,400.2,100.0,76.2,5.647,4506.3,1
70.15,1582.8,396.5,80.47,457.5,8.046,1130.6,0
39.58,1786.8,505.4,95.17,313.1,4.154,1370.3,0
58.71,1587.8,537.4,94.65,307.2,4.139,1387.1,0
64.85,1887.9,502.0,68.91,456.6,4.744,825.0,0
85.04,1398.1,363.2,99.93,229.9,0.291,11.8,0
54.26,1874.7,620.3,,,3.471,2659.2,0
58.92,893.3,491.3,100.0,253.9,2.929,4124.5,0
96.28,1673.8,466.4,89.15,378.9,,465.0,0
43.54,1335.7,408.5,96.01,158.9,0.279,3897.2,0
100.11,1505.6,497.0,92.2,416.5,1.15,2768.0,0
81.96,1463.2,389.4,90.51,99.0,6.034,3984.9,1
54.02,1652.2,551.4,,259.8,3.72,1418.4,0
39.87,1831.9,549.3,84.05,268.1,2.859,860.0,0
66.55,1353.1,434.0,87.72,462.2,0.417,3919.2,0
51.82,1595.9,636.8,,232.7,6.445,214.6,0
73.77,1034.3,610.6,96.93,353.2,1.575,4393.5,0
45.38,2064.2,502.3,100.0,302.4,2.156,164.4,0
54.31,2021.9,451.7,91.32,410.1,1.304,3582.7,0
64.03,1114.9,801.4,79.82,123.8,6.959,1281.1,1
54.87,1486.3,638.5,87.25,91.5,2.549,3556.1,1
44.53,1085.1,516.0,87.19,433.9,2.48,2243.9,0
72.26,2052.7,219.2,88.29,215.8,4.86,4842.4,1
,1986.6,581.6,91.25,71.4,5.587,3067.8,1
45.04,1076.4,528.2,92.21,233.4,0.936,1210.3,0
55.88,1293.5,657.1,91.61,106.0,5.792,4038.2,1
63.24,1444.0,466.3,87.2,336.1,1.026,3748.2,0
53.97,1996.3,604.2,100.0,356.8,5.25,266.8,0
54.74,2067.9,448.7,87.9,250.9,4.441,1083.2,0
53.05,1059.8,467.4,94.59,452.5,2.508,1970.0,0
57.73,1495.9,397.5,100.0,219.8,5.352,3614.1,0
25.1,1341.9,631.6,80.4,59.6,5.189,2516.5,1
90.36,1824.0,351.5,97.88,278.4,2.625,2631.2,0
66.79,2257.6,401.1,97.96,208.4,5.83,3800.6,0
44.82,1580.8,404.6,94.08,293.5,0.966,1072.0,0
56.54,1773.5,480.7,88.69,294.6,6.322,2698.7,0
72.74,1209.2,277.3,93.5,145.9,0.182,3176.7,0
59.63,1280.0,599.7,86.19,453.4,2.311,1427.6,0
,1875.8,533.5,94.47,425.7,1.64,1476.9,0
7.71,1918.9,352.7,89.77,81.3,4.528,3005.2,0
73.32,990.5,478.2,79.76,,1.471,4787.3,1
81.35,2643.2,617.7,83.17,188.6,2.076,2362.1,0
76.67,1720.5,535.8,96.64,72.3,4.901,563.9,1
67.15,1854.1,410.9,100.0,242.5,2.949,3895.5,0
84.33,1949.3,600.9,99.89,326.9,2.019,3890.4,0
80.14,1676.1,238.2,74.4,321.5,3.638,2789.5,1
68.02,1634.0,515.7,92.26,94.3,4.619,4492.3,1
62.17,1433.3,597.2,83.37,479.1,3.5,3744.4,0
59.9,799.2,541.1,97.4,407.4,2.384,2262.0,0
56.07,885.0,521.7,92.8,138.2,,3350.0,0
52.99,1753.6,522.1,97.82,190.4,2.534,881.9,0
55.63,1917.7,284.9,,378.9,4.732,4136.1,0
40.07,982.3,595.0,95.73,332.7,5.134,4397.0,0
91.92,1656.8,646.2,97.16,443.9,4.354,2431.5,0
38.03,1846.1,557.8,100.0,367.6,2.307,1962.7,0
68.89,1491.0,549.5,92.44,319.8,4.955,213.3,0
68.34,1183.6,488.6,86.56,244.6,2.714,3677.6,0
71.31,1874.0,479.7,82.93,482.2,3.113,3137.8,0
65.95,1536.3,550.7,92.94,322.0,4.313,600.3,0
39.81,1391.2,389.5,90.95,288.1,4.17,1787.9,0
,1380.2,544.1,86.35,93.2,1.384,3721.3,0
33.87,1271.5,583.9,100.0,128.3,4.96,1287.4,0
54.75,954.2,561.0,100.0,195.0,2.487,631.9,0
66.89,1044.6,387.7,82.72,51.8,2.486,2138.8,1
50.25,1853.6,475.3,100.0,52.1,2.785,4166.5,1
57.2,1935.2,428.6,92.88,467.6,3.778,2772.4,0
46.14,1306.4,565.3,96.5,101.0,2.704,3434.9,0
61.87,1755.2,498.4,93.47,491.1,4.746,439.7,0
70.88,1919.0,541.1,94.3,445.1,5.295,2010.3,0
67.81,1192.6,503.4,83.53,338.6,5.349,3792.4,0
108.17,1893.6,520.9,,90.1,5.05,1757.8,1
61.7,2176.1,693.5,99.18,183.8,3.199,3588.2,0
67.11,2230.5,350.0,99.64,245.3,1.314,201.0,0
57.72,1289.6,475.0,93.67,164.9,6.075,759.7,0
91.81,1666.5,457.3,96.71,135.1,3.277,3421.8,1
64.48,1727.0,630.4,99.49,100.1,2.758,3748.6,0
74.5,1932.8,590.2,91.64,336.7,2.493,952.8,0
88.17,1311.7,609.9,93.52,493.3,3.699,2935.2,0
45.78,1710.8,508.6,98.76,403.5,0.161,2014.6,0
57.22,1334.6,579.2,87.07,489.7,4.644,2385.8,0
55.42,1863.7,432.1,97.53,107.8,5.189,3468.6,0
,1203.7,516.7,,392.1,2.018,2547.6,0
76.32,1904.4,499.6,76.28,,3.419,4205.0,1
46.5,1794.7,575.6,82.4,457.2,0.329,3506.6,0
62.68,1428.4,556.2,100.0,285.9,1.173,502.6,0
,1521.0,454.6,98.89,320.7,5.438,3593.6,0
61.4,1352.6,615.1,93.39,258.2,2.319,3923.8,0
47.76,1785.7,704.7,92.92,488.4,3.122,1380.5,0
50.75,1195.3,559.4,84.45,416.1,3.131,625.6,0
85.7,1241.3,410.4,100.0,148.0,3.254,565.6,0
78.7,1652.6,500.5,100.0,449.3,3.47,1840.8,0
21.07,1330.1,573.6,94.12,74.2,3.757,4953.8,0
84.84,1291.5,308.3,88.67,388.6,5.709,205.5,0
98.73,2156.4,625.2,85.63,372.8,2.238,3041.5,0
75.16,2020.3,589.2,96.93,285.8,4.808,1938.2,0
66.28,1707.5,544.0,93.11,55.1,6.14,983.5,1
72.03,1400.6,507.0,100.0,253.5,1.984,803.1,0
61.1,1148.7,310.0,92.44,120.4,3.656,276.6,0
69.48,2090.9,468.0,90.16,438.1,0.353,1228.1,0
39.59,1533.5,729.1,80.43,66.9,3.076,4826.4,1
76.62,1915.7,594.0,89.72,277.5,3.172,765.7,0
54.52,1806.3,417.8,87.94,315.3,3.967,2894.7,0
69.21,1879.4,550.3,95.99,81.3,7.116,3204.5,1
48.79,1049.6,366.9,100.0,463.1,1.576,2485.7,0
59.88,1499.4,538.5,99.16,,1.792,4059.4,0
51.86,1322.3,584.0,98.34,421.2,1.258,1788.8,1
70.49,1047.4,334.1,82.71,279.0,2.04,4409.0,0
100.73,2407.0,473.4,100.0,90.3,1.493,3494.3,1
89.9,2279.0,653.3,94.4,492.7,2.177,3733.3,0
49.55,1481.8,347.6,99.89,111.8,4.585,4237.0,0
64.91,1859.7,383.1,87.18,311.3,1.081,763.5,0
62.91,1692.3,634.4,89.66,154.7,3.827,603.7,0
41.96,1715.0,654.4,99.59,136.0,0.153,127.3,0
70.2,1641.1,680.9,84.92,150.2,3.377,1457.4,0
59.98,1292.5,495.6,99.19,227.6,4.096,3624.9,0
67.37,1903.2,520.9,80.53,176.0,3.436,855.3,0
45.19,822.3,392.4,97.5,351.4,2.57,1974.7,0
55.81,1813.9,550.6,88.56,54.8,0.593,3185.3,1
71.69,1938.4,422.9,89.56,127.2,2.101,2224.2,0
28.84,1597.9,549.2,93.32,182.5,1.081,219.1,0
48.08,2235.1,549.3,99.65,122.6,3.355,2649.1,0
74.35,1446.7,512.5,,167.3,5.299,3288.5,0
57.16,1287.8,407.0,82.39,254.0,4.783,4624.2,1
50.37,1927.6,586.8,86.59,194.0,4.075,890.4,0
58.02,1878.0,734.0,92.13,197.7,0.62,390.6,0
35.49,1814.7,407.9,100.0,405.3,3.226,4564.1,0
45.99,1987.8,394.8,88.63,178.9,4.626,2469.6,0
87.4,1566.1,592.9,92.64,144.8,1.857,299.4,0
53.51,1654.4,490.3,92.41,155.4,2.415,4988.4,0
53.32,1685.7,535.5,99.59,210.3,0.726,4483.8,0
45.57,1173.2,472.3,100.0,382.2,4.076,899.6,0
68.95,2005.5,441.0,93.1,108.0,0.401,4602.8,0
77.71,1147.5,599.6,100.0,239.8,1.341,30.6,0
91.22,1291.1,533.2,90.67,255.4,4.536,2484.1,0
75.14,1524.9,347.6,93.96,441.6,4.105,4709.7,0
47.98,1690.7,580.6,90.29,461.9,8.149,220.7,0
40.84,1208.4,598.8,90.32,321.7,1.533,2962.6,0
43.07,1295.4,514.0,90.96,342.3,2.621,1304.6,0
43.94,1418.6,424.8,97.91,336.3,5.567,2140.0,0
45.02,1531.2,575.6,91.17,271.5,2.253,0.4,0
62.71,1542.8,597.4,88.8,186.5,0.452,4819.6,0
25.09,1706.8,543.0,97.1,391.5,1.639,1499.0,0
69.67,1643.7,689.6,82.75,153.7,3.764,2972.3,1
51.51,1394.5,537.7,87.99,268.6,4.161,944.0,0
46.35,1923.7,539.1,85.45,50.5,2.067,4374.5,1
77.34,1778.6,460.5,,88.1,5.604,102.2,1
63.14,1564.4,691.6,87.08,284.2,2.901,907.3,0
49.92,1099.5,499.2,94.01,152.1,1.733,2669.0,0
48.71,1964.1,556.9,100.0,382.1,5.839,3487.5,0
47.27,1617.4,727.2,82.84,287.7,3.192,2199.2,0
45.65,1238.3,443.9,88.58,416.9,4.067,1729.5,0
55.4,1868.6,533.3,96.26,159.8,1.883,2981.8,0
77.17,2200.1,494.3,100.0,,6.775,3137.7,1
62.34,1904.1,679.0,92.26,70.4,3.31,3955.0,1
69.88,877.4,461.1,96.78,290.4,0.579,849.8,0
50.5,2119.9,593.7,92.27,234.6,3.967,2452.1,0
62.36,1942.7,504.0,86.93,405.4,0.539,14.4,0
61.57,1692.5,537.2,95.16,183.7,3.462,4078.5,0
58.42,1258.2,391.5,100.0,233.2,5.87,2468.3,0
43.02,1447.6,529.1,74.12,206.8,,3518.8,0
63.58,1774.5,620.0,87.42,441.6,3.146,925.6,0
56.88,1613.6,485.2,92.59,248.2,3.673,3081.4,0
70.17,1263.4,638.0,80.17,463.8,4.001,538.2,0
66.65,1878.1,579.0,100.0,117.5,0.598,2649.8,1
,1259.1,597.6,89.95,405.3,4.423,3879.5,0
74.31,1395.6,671.4,93.52,488.1,1.268,3269.6,0
63.11,1112.7,498.5,79.22,259.0,4.793,2398.0,0
53.87,1448.6,381.0,100.0,477.4,1.361,3294.5,0
36.38,1755.1,385.0,79.86,263.7,5.288,1356.2,0
36.94,2297.3,638.8,90.78,480.7,5.26,290.3,0
64.42,1849.1,462.4,100.0,408.4,2.822,3047.7,0
40.01,1749.4,617.9,100.0,497.4,3.38,554.5,0
69.45,1610.5,761.9,88.92,277.0,4.019,621.6,0
70.27,2189.6,356.4,91.9,378.0,6.287,4610.4,1
58.22,1229.2,355.4,76.93,417.9,1.629,1173.2,0
75.22,1395.6,330.6,99.56,96.7,0.771,2048.9,0
26.63,2121.9,459.1,100.0,235.0,1.863,4119.6,1
47.95,1602.0,442.1,100.0,358.9,4.676,3717.4,0
52.68,2042.7,413.5,93.35,99.1,4.876,3157.3,1
76.05,2469.1,311.0,97.84,373.9,4.97,3828.8,1
45.36,2316.0,596.3,87.16,249.2,7.022,1752.4,1
54.06,1798.4,542.3,100.0,268.2,6.592,2183.1,0
70.82,1981.2,305.6,87.28,98.7,2.042,3910.5,1
73.62,1558.1,715.5,80.59,66.2,1.351,4805.3,1
47.76,1999.6,476.0,95.54,457.4,5.596,2827.0,0
66.29,1520.5,594.6,91.3,335.7,6.26,1959.6,0
70.73,1236.8,594.4,94.79,75.6,0.739,1435.6,0
54.89,1442.2,661.0,95.36,440.2,0.013,1560.2,0
67.15,1478.9,519.4,80.77,386.6,0.261,1006.6,0
37.47,1370.6,482.3,86.37,223.1,3.758,3905.9,0
69.66,1883.8,714.0,89.56,218.5,2.651,3931.5,0
44.64,2277.3,453.6,88.91,,0.042,3557.9,0
69.26,1310.3,548.3,97.68,123.3,6.154,3049.5,0
,1429.4,470.8,99.23,260.3,3.472,4402.8,0
54.79,1679.2,478.5,100.0,424.4,2.373,4905.8,0
64.47,1586.3,681.1,100.0,71.9,2.228,1082.2,1
61.45,1223.0,421.4,100.0,342.9,3.658,4986.6,0
76.84,2131.3,489.3,96.01,241.7,5.639,4672.9,1
46.82,1783.1,511.2,100.0,83.8,4.215,673.4,1
60.28,1764.1,550.4,,105.1,4.457,4408.0,1
77.12,1071.2,439.4,83.2,61.4,0.869,4935.6,0
38.7,1450.0,624.1,100.0,242.0,4.352,1319.1,0
82.05,2092.1,477.6,92.15,466.8,3.745,4546.0,0
61.39,997.2,631.0,95.88,167.4,1.572,3932.1,0
49.57,1140.1,417.4,94.65,345.3,2.459,92.6,0
55.57,1749.5,576.2,100.0,170.0,1.891,3279.8,0
68.02,1339.5,327.5,93.61,488.0,1.723,1552.5,0
60.92,809.8,547.5,96.21,331.5,2.594,1031.1,0
60.12,1065.6,434.3,89.82,296.1,4.081,3354.6,0
33.63,1194.6,435.7,100.0,216.3,3.833,747.6,0
47.14,1465.2,624.9,100.0,303.0,3.826,3740.4,0
59.31,1780.1,514.7,95.28,268.1,3.006,3048.6,0
66.17,1757.9,613.4,88.68,56.2,6.225,586.1,1
,1030.5,487.0,99.02,235.1,4.03,1522.5,0
73.64,1517.2,523.3,93.34,383.0,4.805,3940.4,0
103.23,1414.6,446.5,91.12,159.9,4.48,3757.9,1
37.87,2035.7,467.4,94.62,183.5,4.53,1858.6,0
66.11,1438.2,509.0,98.4,186.8,3.7,4652.7,0
82.27,1229.5,463.0,97.5,383.8,1.918,4704.0,0
81.54,2195.4,610.3,95.24,482.4,5.008,2286.7,0
57.58,996.1,569.5,84.48,390.2,5.293,728.9,0
74.41,1553.9,462.1,96.12,368.9,7.395,941.7,0
46.8,1188.8,510.1,100.0,319.4,2.029,2401.7,0
78.77,1278.9,486.4,92.07,178.2,5.043,3871.8,0
56.9,2603.5,536.0,90.42,459.2,3.015,1108.9,0
44.59,1488.6,426.4,89.08,169.8,7.569,2325.6,0
76.81,2000.5,496.6,89.42,253.1,4.481,2841.8,1
55.41,1591.0,431.1,100.0,,2.013,2518.2,0
70.37,1503.2,409.5,85.71,148.6,0.366,2197.7,0
47.9,2087.7,487.1,85.57,310.0,7.379,4855.7,1
89.22,1719.7,325.6,84.99,420.9,1.908,2775.3,0
66.06,1388.6,542.9,87.83,305.3,6.232,2808.2,0
69.16,1877.8,727.3,96.95,365.2,3.308,3889.1,0
40.66,2478.4,562.2,100.0,437.2,4.227,1504.8,0
92.04,1657.5,736.0,95.76,251.1,5.852,4335.7,0
55.37,1703.3,530.9,94.56,240.7,3.382,1734.3,0
58.78,10677.196271693421,571.7,95.41,317.3,1.766,1695.7,0
62.39,1653.6,533.8,99.56,284.8,3.739,284.0,0
60.48,1593.0,565.2,93.25,81.0,5.459,1046.4,1
60.39,1522.4,601.7,93.64,398.6,4.019,4527.7,0
63.62,1929.1,696.9,77.28,223.5,0.509,1157.8,0
74.37,1231.0,569.7,100.0,278.2,2.378,2300.1,0
64.85,1819.5,651.2,95.4,95.9,7.134,3524.4,1
51.19,1611.0,326.1,94.94,494.1,5.554,2272.0,0
46.37,1148.0,520.4,,193.2,2.548,3094.1,0
30.22,1586.8,625.8,88.88,187.9,1.567,577.5,0
59.9,1922.3,382.0,95.06,265.9,0.437,415.3,0
54.6,1031.2,521.1,97.45,497.2,5.962,709.4,0
61.12,1270.0,390.3,81.45,221.7,4.314,179.0,1
37.55,1456.3,658.6,88.68,85.8,1.653,39.6,0
36.22,1392.3,592.0,82.5,258.2,5.587,635.0,0
59.64,1101.9,468.0,85.12,372.2,4.726,4156.0,0
40.2,1863.3,596.7,96.08,427.5,1.693,1891.7,0
55.16,1267.6,446.8,97.52,79.3,1.022,2864.3,0
69.53,401.4,535.8,97.21,281.7,2.06,3640.3,0
92.49,1489.9,443.4,85.27,371.8,3.055,4670.5,0
42.73,993.9,509.8,79.44,65.1,2.423,4317.5,1
47.66,1748.8,655.5,87.79,129.1,3.483,3465.5,1
91.41,1469.3,418.0,100.0,246.5,0.739,2273.5,0
67.81,823.8,673.0,100.0,178.5,0.485,612.4,0
38.98,2625.1,517.2,100.0,289.8,,4458.8,0
48.63,1822.0,429.5,95.12,97.8,0.961,2417.8,0
71.38,1136.1,569.1,85.72,208.0,1.758,3078.5,0
72.25,1815.3,518.2,100.0,233.3,3.765,3813.1,0
92.92,1307.3,314.3,100.0,276.0,3.058,519.6,0
48.79,1871.9,436.2,94.36,207.3,4.416,261.6,0
55.94,1211.2,584.0,98.03,421.1,2.209,900.5,0
88.84,1387.6,377.8,91.21,318.4,1.261,494.8,0
71.67,1810.6,336.9,99.53,109.5,4.594,2340.1,1
50.43,954.9,518.6,89.72,112.8,3.321,2112.5,0
63.41,585.1,642.9,93.72,317.9,1.782,1290.0,0
57.82,853.9,397.1,98.36,56.0,2.333,3457.6,0
51.95,1341.0,699.3,89.88,103.4,0.141,2160.2,0
67.49,979.3,589.1,77.29,414.1,2.172,1007.8,0
85.84,1811.3,680.2,98.58,,4.075,2630.8,0
61.0,1735.8,588.3,85.8,218.9,0.299,1467.0,0
60.37,1599.0,553.8,100.0,164.6,4.275,3300.0,0
55.75,12432.007723271567,491.2,90.67,212.1,3.931,847.8,0
39.15,1589.8,673.2,87.59,396.4,3.501,4471.2,0
70.5,2297.9,397.1,87.32,499.1,3.034,2481.4,0
77.96,1202.8,678.7,100.0,250.1,0.748,2556.9,0
82.51,1746.4,500.6,100.0,398.8,4.919,722.1,0
86.08,1852.1,569.5,76.63,457.1,1.356,4718.9,0
66.45,1642.7,550.7,,333.7,2.616,89.9,0
89.39,1945.7,623.9,100.0,126.0,0.311,4225.8,0
37.52,1071.4,485.1,80.63,246.2,2.778,134.9,0
61.2,1758.7,403.4,93.78,178.0,0.672,4524.5,0
76.18,2318.5,638.4,100.0,442.1,2.68,292.1,0
63.54,1643.0,385.6,96.04,80.7,3.1,3156.0,0
79.28,904.2,419.1,89.57,,0.521,1679.1,0
64.67,1836.2,548.7,95.14,324.8,3.518,1540.7,0
71.5,1494.5,648.9,99.05,101.0,1.972,2911.7,0
72.09,2076.6,533.5,89.02,262.8,4.409,4123.9,0
74.88,1586.5,499.7,91.81,124.6,0.24,4328.2,0
45.76,1096.2,406.3,87.97,249.7,3.09,4093.8,0
69.95,2120.0,604.3,86.67,180.1,4.457,3106.3,1
55.88,1707.1,719.0,96.81,367.5,2.539,2486.1,0
56.05,1810.2,586.4,82.82,265.3,2.306,868.2,0
60.28,1982.3,441.0,85.65,422.9,5.533,1457.0,0
52.15,1579.7,509.9,96.79,279.2,0.472,2729.5,1
36.05,1717.1,706.1,92.6,127.7,7.035,3111.1,0
79.35,1130.4,510.0,78.82,414.3,5.552,1420.5,0
46.25,1502.6,495.3,98.06,232.2,0.45,3628.3,0
34.23,1984.9,370.5,97.05,486.6,2.132,1234.1,0
-28.01811189917033,1438.3,558.5,95.22,340.0,3.561,3650.5,0
57.14,1969.9,446.9,88.72,197.9,0.622,1106.8,0
73.49,1758.9,435.4,79.87,375.8,0.173,575.8,0
50.97,1355.2,616.6,95.12,63.3,5.25,257.6,1
60.99,1039.1,673.2,81.02,74.4,3.858,4398.4,1
73.2,987.0,453.3,91.27,295.6,2.39,1011.9,0
75.97,2421.2,296.1,82.94,239.7,4.412,123.6,1
48.48,1666.9,674.8,95.96,440.0,1.07,1513.4,0
64.08,1251.9,468.8,82.74,299.9,1.667,460.0,0
56.38,1712.2,671.7,100.0,420.9,1.336,167.0,0
87.75,1376.3,487.7,89.45,77.9,8.212,3193.8,1
60.58,2206.4,429.8,89.29,351.6,5.75,4940.0,1
54.18,1657.3,673.7,90.1,97.2,2.974,4417.2,1
70.62,13809.708907559,483.8,89.26,427.1,2.714,1213.4,0
43.06,1657.3,370.4,100.0,,2.943,3202.9,0
58.23,1874.2,493.9,92.61,338.2,4.93,2950.6,0
52.49,1914.4,393.7,100.0,465.5,0.139,4491.5,0
29.64,1590.2,597.9,88.42,470.0,3.491,1028.7,0
-18.262872697740104,1624.4,614.7,82.19,391.4,,987.5,0
89.83,1432.3,425.6,95.95,195.7,2.732,3103.5,0
73.91,1415.8,381.7,83.23,421.6,5.805,2378.0,0
38.61,1437.1,407.4,95.71,434.6,5.751,3487.6,0
69.08,1977.2,280.7,93.37,461.4,1.295,2838.0,0
52.93,1187.3,529.8,93.3,292.0,0.987,2489.8,0
63.71,1730.8,693.9,93.08,207.4,3.031,760.4,0
67.72,1722.5,574.7,95.83,494.4,5.539,1452.0,0
55.35,1085.2,561.5,90.04,376.9,4.338,3396.4,0
44.88,1244.7,602.3,99.01,493.9,1.525,4409.9,0
58.58,2281.5,557.5,100.0,190.3,5.406,2043.8,0
54.57,1482.3,551.6,100.0,345.4,1.588,2145.7,0
72.85,1377.9,362.1,96.02,302.3,5.703,4673.2,0
58.17,1159.5,624.0,76.39,156.4,1.774,3919.6,1
65.91,1596.3,466.5,95.23,318.3,7.288,130.1,0
59.91,11719.656096455336,530.7,91.84,396.8,0.365,542.5,0
50.95,2214.5,442.4,82.41,294.3,2.233,4109.7,0
74.2,2165.3,541.8,88.47,75.2,1.804,1042.6,1
,1369.1,709.6,80.33,61.6,4.609,4215.6,1
49.76,1808.2,526.3,82.36,266.2,3.817,2770.2,0
62.61,1273.2,645.1,80.8,254.2,3.735,3494.2,0
60.48,1637.6,382.5,95.97,118.2,1.973,780.0,1
43.15,2151.3,595.5,92.53,375.4,3.876,1360.6,0
69.43,1143.3,364.9,100.0,313.8,5.686,1164.8,0
55.47,1526.4,539.9,90.36,142.0,4.861,3014.9,0
51.82,1371.7,899.5,89.56,243.3,4.067,2275.6,0
50.41,633.1,406.2,90.88,,4.002,4349.1,0
87.02,1962.4,583.5,78.0,67.3,4.168,4307.4,1
49.33,1158.1,457.1,90.03,61.2,6.747,2808.1,1
86.95,1952.7,461.5,100.0,98.4,4.657,4435.4,1
54.0,1373.6,406.7,91.67,379.3,1.495,4683.5,0
70.6,1820.9,544.1,,468.2,0.346,190.1,0
62.11,2470.3,387.0,90.94,343.9,0.15,1379.8,0
40.0,1116.9,511.7,97.72,233.1,,2636.7,0
96.71,1419.6,425.1,93.51,134.4,,3946.3,1
73.45,1310.8,631.0,84.65,348.0,2.194,4321.5,0
57.51,1667.5,607.5,89.08,261.5,2.015,1868.5,0
67.74,1537.9,769.5,95.48,385.7,3.208,2849.1,0
43.1,1531.1,584.8,77.97,225.6,3.73,4345.8,1
42.85,1184.9,444.1,,308.6,2.362,311.3,0
61.09,1155.9,391.5,83.78,,5.696,1598.1,0
60.67,1364.8,419.8,98.97,,5.664,4219.9,0
35.42,2121.4,295.4,91.58,91.4,0.124,64.4,0
86.0,1400.7,468.3,86.31,195.1,2.362,3426.6,0
56.48,1725.0,514.2,88.74,331.0,0.743,3418.9,0
72.39,1327.2,425.1,93.27,92.1,0.365,3541.4,0
61.38,1811.5,420.0,80.96,141.4,3.037,1063.0,0
94.54,1750.8,673.0,90.28,225.5,5.395,2160.3,0
41.1,2102.7,616.2,91.41,269.9,3.314,3594.5,0
30.39,978.0,504.6,99.6,91.8,0.73,2697.7,0
74.18,1629.2,496.4,100.0,119.2,0.039,3862.7,0
68.07,1685.4,478.7,90.77,61.6,0.668,861.6,1
58.4,2035.7,605.8,86.82,191.4,3.941,3798.5,0
76.53,1704.8,353.9,94.75,86.4,2.641,4800.8,1
76.98,1073.1,573.0,96.03,397.1,0.023,644.5,0
64.38,1447.6,508.5,93.98,135.9,1.506,3537.4,0
76.05,1733.7,718.9,81.77,168.7,0.791,808.3,0
56.83,1581.4,524.1,89.71,368.5,2.028,3637.9,0
85.79,2374.8,364.1,98.47,51.4,7.607,2719.1,1
43.67,1491.9,436.5,93.37,395.4,0.785,1553.1,0
52.96,1771.0,325.6,83.58,,2.193,2746.4,0
92.32,2111.5,732.4,77.28,436.0,1.524,2036.4,0
66.89,1450.4,489.4,93.58,127.4,2.906,1823.0,0
85.85,1529.9,671.5,80.2,387.3,4.887,3076.5,1
52.57,1899.8,531.0,92.59,263.7,2.811,1447.0,0
74.57,1513.1,504.3,77.26,376.3,4.306,760.1,0
51.37,1485.3,483.0,77.44,471.8,2.972,4219.9,0
,1257.3,529.5,96.31,495.7,6.656,3118.7,0
55.36,1768.2,488.4,89.18,268.8,3.275,258.5,0
70.66,1179.2,568.4,94.9,266.6,2.862,2675.2,0
41.69,1683.8,601.3,100.0,128.1,5.401,4502.1,0
71.39,1118.7,447.0,92.01,381.5,6.63,2541.2,0
70.44,1473.4,459.7,99.0,88.6,3.223,1537.8,1
69.47,1721.2,438.2,100.0,359.9,3.011,1733.1,0
67.09,1621.8,485.0,86.31,280.9,0.937,281.3,0
69.87,2173.2,678.4,100.0,167.9,2.881,4233.9,0
36.06,1289.8,347.2,86.54,480.4,0.392,4780.7,0
43.22,1402.6,512.5,96.6,481.9,4.959,566.9,0
42.98,829.6,555.6,,462.3,6.417,4396.6,0
51.19,1407.2,500.4,89.22,,1.314,2272.2,0
66.19,1270.2,576.6,95.63,387.6,2.674,3317.9,0
44.4,749.2,532.7,97.41,385.4,1.078,2141.5,0
62.5,1536.5,659.8,83.76,143.8,1.481,3872.4,0
32.66,2284.4,442.5,96.49,57.7,4.353,2244.2,0
61.91,1779.6,394.3,94.89,105.9,2.846,4027.1,0
59.01,2115.3,326.1,90.76,216.2,4.943,2613.8,0
46.02,1986.6,542.7,91.81,450.9,1.337,914.1,0
52.63,1209.0,651.7,98.81,198.5,2.44,3225.0,0
80.45,2095.7,342.2,98.38,,4.045,1239.0,1
47.64,1898.5,636.5,93.26,207.9,3.896,2210.2,0
77.22,1979.2,616.3,90.24,456.2,0.711,4955.5,0
74.53,2042.7,618.6,92.17,120.2,6.122,871.9,1
,1533.4,556.1,80.21,231.1,3.893,1071.9,0
62.15,2789.7,386.4,85.01,333.3,3.305,1914.0,0
58.61,1968.1,528.4,79.1,320.7,1.051,383.3,0
30.8,1708.6,633.9,100.0,363.0,,1733.0,0
62.93,2162.3,461.4,100.0,149.5,3.492,1231.8,0
50.43,866.8,499.0,100.0,353.1,0.42,3511.1,0
64.16,1068.7,354.9,100.0,185.1,1.644,2266.1,0
84.38,1579.9,466.6,97.32,462.8,3.636,75.6,0
36.65,1549.4,525.5,90.98,132.2,3.15,4199.1,0
85.61,1669.0,555.5,100.0,468.9,4.034,3068.7,0
53.73,1942.2,597.2,87.16,239.1,4.736,2558.0,0
45.02,1706.1,379.6,97.3,184.6,3.216,870.4,0
57.57,1260.7,667.9,99.07,390.8,2.511,1212.0,0
51.11,1459.7,447.5,97.54,220.1,6.71,3791.2,0
42.46,1428.1,453.0,100.0,91.5,5.33,1023.5,0
60.12,1903.8,406.3,97.32,407.0,0.047,1168.3,0
48.16,1756.3,508.9,88.22,216.5,3.869,3960.4,0
45.05,1581.1,641.3,93.74,196.5,1.899,2865.5,0
66.93,1595.7,668.5,92.96,312.4,3.044,2187.3,0
52.57,1343.0,586.1,84.06,416.6,4.091,2116.3,0
47.33,859.5,366.4,92.85,203.4,3.169,4642.4,0
36.17,1302.8,447.1,100.0,331.2,0.408,4133.9,0
62.14,1635.9,502.6,100.0,172.3,0.777,3423.8,0
57.41,2167.9,718.5,87.69,451.2,1.014,1727.2,0
55.01,1363.3,507.6,85.95,288.7,1.092,4338.6,0
39.65,2025.3,374.8,87.0,393.6,2.771,1326.2,0
37.63,916.0,593.6,97.25,414.0,4.148,1527.4,0
55.17,1040.5,517.1,100.0,209.7,2.779,1636.4,1
81.19,1558.0,449.9,94.88,166.1,0.593,4995.7,0
60.33,1998.4,370.4,91.1,133.4,4.789,551.7,1
75.48,1538.0,440.8,85.64,257.4,6.387,1134.9,0
64.53,1423.4,498.2,100.0,,3.07,3891.9,0
67.42,2277.4,445.3,84.8,487.2,2.537,1692.7,0
50.9,1824.3,519.4,90.01,267.2,3.208,2156.2,0
47.69,1528.1,323.8,100.0,478.9,6.72,3581.7,0
53.26,1502.5,602.0,92.54,72.1,6.214,1217.6,1
37.9,828.0,521.5,97.49,375.9,2.006,995.6,0
76.93,2077.0,595.3,92.61,179.4,5.683,4230.7,1
78.33,1294.4,339.1,88.52,,,4666.7,0
79.14,1670.1,593.9,95.35,123.9,2.148,3121.9,0
59.89,2331.3,332.0,88.13,419.8,1.734,1820.0,0
60.73,1758.6,417.7,93.91,173.3,2.586,4059.6,0
55.83,1655.2,611.4,100.0,138.9,4.584,3896.4,0
59.01,1927.0,480.4,89.92,240.2,5.39,1388.3,0
79.02,1294.8,445.0,100.0,119.4,4.471,3322.5,0
,1677.1,645.6,97.03,163.0,3.113,1140.0,0
49.86,973.1,532.4,87.77,140.3,4.44,2917.4,0
42.71,1215.9,512.9,100.0,240.5,0.035,2919.5,0
50.57,1353.0,694.7,83.39,124.9,1.505,4477.4,1
86.97,1458.2,435.0,80.92,206.9,2.875,2843.8,1
65.89,2206.1,362.7,97.0,235.8,2.98,3767.6,0
53.82,1458.6,634.1,100.0,318.2,1.259,1104.6,0
62.34,482.0,478.7,100.0,429.4,1.484,3749.9,0
73.34,1776.0,479.1,78.85,79.8,2.681,4469.1,1
92.49,1309.2,508.2,94.8,462.3,5.77,171.8,0
95.26,1572.0,689.5,84.86,287.4,3.054,2779.3,0
34.14,1610.4,537.1,90.19,318.3,3.292,2386.1,0
56.9,1940.3,540.3,100.0,283.4,6.672,3930.7,0
26.14,1614.3,421.0,92.05,293.2,4.328,3148.8,0
59.05,1615.3,547.6,100.0,54.3,4.564,4125.7,1
56.51,1346.1,522.9,99.49,57.7,4.208,2537.7,1
71.48,1887.7,789.1,90.95,91.0,4.629,1114.3,1
36.3,1603.2,435.5,100.0,381.6,0.567,1971.6,0
70.32,1619.8,409.7,88.75,211.3,4.258,4599.4,1
62.4,1220.2,529.5,92.21,130.5,4.468,4913.6,0
96.18,2121.0,539.5,,88.4,2.553,1979.2,1
,991.3,396.0,91.92,254.4,3.014,1559.8,0
48.67,1403.8,564.2,90.7,160.5,1.674,4773.1,0
58.13,1677.5,520.6,90.11,377.4,4.185,4596.4,0
51.96,917.9,546.7,97.66,436.2,4.512,3490.0,0
45.46,1097.4,639.7,86.26,80.5,1.738,443.1,0
,1326.1,541.1,89.62,76.6,,1282.4,0
78.74,1710.6,486.1,97.02,65.8,0.316,1614.1,0
68.75,2070.3,568.9,84.47,407.1,2.91,1578.9,0
56.61,1035.2,516.3,90.61,366.0,4.349,1314.4,0
49.0,1821.2,477.5,90.73,152.9,3.737,3762.6,0
59.96,1124.9,669.7,86.66,408.0,4.32,4229.7,0
75.61,1284.5,592.6,100.0,413.8,4.241,4196.6,0
45.74,1277.9,684.5,95.34,203.0,2.657,3414.1,0
67.18,2045.1,601.1,95.1,,3.016,3415.9,0
53.82,1803.9,467.2,91.37,458.3,,872.4,0
68.22,1830.8,561.6,85.66,128.6,0.346,4104.4,0
83.44,1559.9,562.2,93.01,,1.47,3334.8,0
80.68,1225.4,413.6,90.4,415.1,4.139,1906.6,0
89.08,1738.2,585.7,79.03,199.7,3.69,1571.6,0
66.76,1283.0,433.0,78.77,66.6,2.507,1865.6,1
67.86,1112.2,461.5,100.0,,2.82,1070.9,0
47.64,2338.1,645.4,88.94,404.1,0.999,1458.1,0
65.59,1120.2,612.7,92.29,170.8,3.923,3851.5,0
44.77,1024.0,682.2,87.11,320.0,2.871,3895.3,0
45.8,1799.8,446.0,90.58,62.4,1.629,283.3,0
58.64,963.9,535.9,81.6,344.4,,2851.2,0
30.68,1119.0,513.4,90.77,349.4,1.877,164.5,0
64.22,979.4,893.2,90.41,80.3,,4778.9,1
54.89,1670.7,478.0,100.0,373.6,4.238,2609.2,0
70.18,2145.7,623.3,92.3,160.4,0.315,1558.0,0
80.08,1545.2,625.3,85.35,222.8,3.286,2130.8,0
55.68,1767.6,574.7,91.81,177.8,0.704,3536.2,0
57.98,689.3,466.1,90.39,109.6,7.357,1565.9,0
55.81,1422.3,610.6,80.52,160.6,5.8,1397.4,0
39.02,1318.7,526.2,96.21,340.8,2.381,4387.6,0
61.96,1865.1,570.9,94.29,93.0,2.572,3849.5,0
64.03,1291.1,555.4,94.38,327.0,3.705,2776.5,0
75.19,1317.8,234.1,100.0,444.8,3.285,53.1,0
63.45,2007.9,412.8,93.05,89.8,0.344,2981.5,0
25.68,1914.7,597.7,85.21,200.5,1.696,865.2,0
94.78,1498.2,529.7,93.59,206.0,0.934,2411.1,0
80.06,1873.6,404.9,94.01,311.7,3.982,2446.9,0
81.41,1753.9,339.0,95.66,255.9,0.283,4006.0,0
98.91,2081.0,636.3,94.52,102.8,0.6,2012.1,1
66.83,1499.3,534.1,90.67,298.0,0.698,1757.2,0
27.24,1542.5,479.9,88.33,339.7,0.123,4431.1,0
55.69,1594.5,456.4,80.0,376.5,1.082,3323.3,0
66.66,1450.6,638.1,88.96,153.4,3.761,2793.3,0
29.49,1165.8,593.7,77.82,159.8,5.797,3596.7,0
91.84,1143.8,448.5,100.0,103.7,1.185,900.2,0
81.21,1126.9,577.6,98.95,,2.001,310.0,0
61.19,1383.7,435.8,96.78,89.7,1.491,2463.8,0
78.67,1550.7,563.5,90.0,188.5,0.859,2576.2,0
51.77,1488.7,677.2,100.0,124.5,3.443,4296.3,0
50.81,1054.1,625.9,,248.9,0.047,1331.9,0
74.33,1980.0,653.9,84.66,98.6,3.237,4099.4,1
57.07,1753.4,455.2,100.0,108.8,2.705,3845.2,0
66.72,1517.3,658.7,99.52,357.0,2.659,3857.7,0
60.39,1330.6,588.0,89.32,292.1,,124.1,0
48.36,1984.7,433.8,90.89,180.1,5.992,3371.9,0
53.96,2080.0,570.6,83.17,52.9,4.087,3019.7,1
80.99,2114.0,487.7,87.19,155.7,3.285,3679.2,0
65.31,1492.5,577.9,100.0,343.2,2.86,1039.7,0
41.74,943.4,496.1,98.03,372.5,2.447,459.8,0
31.08,1301.3,432.5,91.74,247.3,6.408,2363.4,0
54.95,1376.4,432.9,87.3,450.3,4.496,959.3,0
,2035.5,441.4,96.39,473.9,2.914,282.5,0
58.66,1840.0,464.5,91.6,451.8,1.543,1915.6,0
47.44,1477.1,495.1,99.27,78.5,0.741,4394.6,0
61.02,1335.3,365.0,99.89,202.3,3.915,3019.4,0
55.88,1584.3,503.0,92.97,439.4,,3208.9,0
65.3,1511.0,592.9,100.0,419.7,,4374.0,0
72.6,1086.5,698.6,100.0,403.6,3.598,3908.3,0
68.59,1544.5,616.0,99.42,459.7,2.061,2969.9,0
64.02,1573.9,523.9,95.2,286.4,4.398,1697.6,0
69.71,2276.4,521.1,92.53,251.2,5.575,1946.3,0
44.44,1260.8,594.0,99.5,70.0,4.115,4806.5,0
88.71,962.4,647.7,100.0,319.8,3.468,1838.0,0
54.34,1373.9,447.0,98.4,109.5,1.152,1265.2,0
42.26,2192.2,588.9,100.0,449.3,0.018,4436.7,0
66.1,1712.1,557.9,88.91,339.2,6.769,70.7,0
61.39,1369.1,596.7,92.02,310.4,1.927,2259.9,0
25.42,1841.9,391.0,92.2,101.3,2.191,927.6,0
53.66,1590.2,684.9,99.21,410.0,2.286,303.4,0
58.2,1301.8,379.0,67.82,208.3,2.956,781.7,1
67.03,2026.6,372.9,94.09,414.9,2.553,891.0,0
84.05,1906.9,574.8,98.88,498.1,2.341,4290.9,0
61.42,1561.3,350.8,100.0,100.0,1.601,119.4,0
47.47,1745.3,661.8,89.06,482.8,2.107,3738.7,0
91.46,1513.5,422.2,95.71,371.1,0.574,4920.5,0
70.15,1527.0,461.9,93.05,211.7,0.228,1989.9,0
75.03,1519.8,560.7,96.27,175.0,5.323,4522.0,0
51.11,1165.8,436.1,92.73,485.5,5.239,625.2,0
48.43,2310.6,678.7,91.2,356.0,7.823,1331.3,0
91.88,1233.8,315.9,83.58,234.5,6.356,2814.8,1
59.38,1708.0,547.4,94.93,85.6,1.584,2817.1,0
65.39,1082.7,469.6,77.64,104.5,2.698,822.7,0
66.2,1777.5,648.6,95.63,419.7,4.811,102.7,0
50.6,1553.4,425.7,93.52,191.3,1.821,4250.8,0
50.21,1580.5,626.4,98.43,137.4,0.714,4696.6,0
58.0,1930.8,528.4,95.17,386.1,0.319,3484.1,0
49.69,1872.7,591.7,97.16,100.8,5.993,4353.6,0
89.03,2049.1,492.1,83.7,326.5,5.739,1880.0,1
38.29,952.1,399.3,96.78,382.4,3.978,3828.9,0
77.52,1223.9,482.1,100.0,258.4,0.258,3208.3,0
62.23,1316.8,697.0,82.58,163.2,5.536,719.5,0
86.2,1489.1,521.9,100.0,,3.081,2852.1,0
68.36,1852.8,524.6,89.54,367.0,4.093,4738.0,0
79.89,1867.2,305.8,95.5,403.5,4.244,3727.9,0
91.81,2012.5,576.8,98.4,162.7,3.073,61.2,0
73.03,863.1,555.0,100.0,457.4,2.317,233.9,0
50.08,1174.7,407.8,95.2,199.6,2.995,4747.2,0
68.9,894.6,521.6,91.23,123.7,3.461,4372.1,0
67.58,1303.4,667.0,88.3,92.4,1.445,1198.4,0
70.25,1790.6,500.1,100.0,468.3,3.385,3069.8,0
74.12,2202.8,423.0,91.04,340.6,4.673,141.7,0
66.08,2119.5,491.6,92.17,229.1,2.379,1001.3,0
64.66,1128.9,560.4,100.0,376.7,1.326,1634.4,0
87.52,1692.8,411.8,100.0,263.5,2.324,4891.9,0
64.11,1425.7,579.8,82.62,289.6,1.738,3313.5,0
76.28,2127.8,494.1,100.0,71.3,2.616,519.3,1
70.15,1743.6,632.7,76.18,228.5,,1499.8,0
51.02,1514.5,492.1,100.0,369.1,0.176,2911.9,0
41.49,1954.6,578.2,93.25,408.2,1.231,888.1,0
27.97,1701.0,581.6,95.06,191.3,,50.6,0
68.22,1899.8,323.6,97.83,339.5,1.41,4924.8,0
40.63,2309.8,454.6,100.0,188.5,3.2,2694.7,0
46.24,1296.1,596.2,100.0,62.9,1.0,2596.0,0
50.05,827.4,510.8,96.62,158.6,3.696,2728.7,0
74.94,1128.3,662.6,94.83,354.3,0.721,2050.5,0
42.62,1394.7,637.6,88.88,384.9,4.772,3904.9,0
58.56,1937.4,528.1,89.24,425.9,1.087,1245.3,0
62.14,1436.7,509.9,85.7,305.1,2.092,481.4,0
56.86,1339.4,548.3,99.11,236.9,5.799,786.1,0
38.45,1822.1,433.5,98.04,488.2,4.823,244.6,0
51.98,1615.5,518.3,92.06,372.6,1.728,1063.1,0
59.81,1157.0,389.6,90.55,323.4,1.306,11.9,0
,1932.5,617.5,88.07,391.4,2.346,1136.0,0
65.86,1672.0,467.9,88.44,,2.896,3657.4,0
25.08,1910.1,474.0,78.8,208.7,3.458,2680.7,0
51.77,1425.0,588.6,94.97,294.0,2.9,2436.7,0
32.52,1017.0,555.1,90.31,496.4,6.231,1427.7,0
55.18,1501.2,683.3,94.6,266.0,2.413,2915.6,1
58.11,2223.6,486.4,92.9,306.2,1.779,4818.9,0
66.93,1431.5,522.4,92.48,202.3,6.08,43.8,0
68.67,1935.4,640.0,91.35,86.5,1.931,1280.5,0
48.64,1280.7,532.3,100.0,298.0,3.117,2435.4,0
53.03,2054.4,640.5,85.57,211.6,2.725,3554.4,0
52.46,1824.2,736.2,100.0,236.2,2.568,4235.4,0
66.88,2414.7,621.6,93.91,280.2,2.008,4090.0,0
58.7,1746.1,476.0,93.04,471.8,4.17,4400.1,0
40.79,1156.1,502.6,100.0,125.9,2.143,4051.6,0
80.52,1078.5,313.9,90.92,247.5,1.441,532.7,0
55.33,1846.4,539.5,94.73,408.4,0.635,3040.7,0
65.89,1019.5,655.0,98.11,230.0,1.375,4359.9,0
49.57,1698.4,466.9,90.56,82.2,2.571,286.9,0
63.83,1302.6,686.4,93.04,79.9,1.841,837.5,0
75.81,1993.8,493.9,78.58,452.4,1.96,1616.0,0
64.94,1907.9,470.2,97.2,144.5,2.401,4359.5,0
55.74,1528.0,721.7,98.29,183.8,1.553,839.7,0
62.04,1611.7,626.9,88.79,319.7,0.898,1475.5,0
75.12,1257.7,486.4,80.47,154.5,1.2,2004.4,0
28.53,1379.9,499.2,90.51,170.1,2.889,1922.4,0
60.28,1617.1,626.7,100.0,177.6,0.737,4723.7,0
68.52,1990.8,545.4,,446.4,0.777,5.7,0
48.04,1077.8,679.0,99.84,103.3,3.655,4140.3,0
61.05,1999.5,596.6,98.71,191.2,3.815,2916.3,0
43.36,856.9,550.7,90.09,191.1,2.167,701.9,0
72.89,850.9,546.6,97.51,130.8,0.39,3968.3,0
86.65,1823.3,601.0,91.01,409.9,7.745,151.6,0
84.61,1119.1,380.8,100.0,179.7,3.576,1972.0,0
74.14,1550.3,370.1,87.23,399.4,0.543,316.2,0
64.31,1653.5,656.4,86.85,430.8,1.199,2613.4,0
48.04,1197.6,515.5,92.14,300.4,,4344.0,0
77.51,1462.8,493.8,81.23,297.7,4.959,3224.8,0
64.87,1435.3,457.7,82.78,85.5,3.32,1191.7,1
67.65,1957.4,690.2,90.05,491.0,5.176,2644.6,0
48.6,1658.8,352.6,93.8,446.9,2.615,4027.6,0
30.22,2002.1,420.0,91.0,200.3,2.596,3696.3,0
73.0,1430.5,172.9,88.85,159.5,2.901,213.5,0
55.4,1557.6,546.0,97.55,127.6,2.723,3704.3,0
49.59,1994.8,600.9,89.13,389.9,2.118,2460.1,0
55.55,1597.2,428.0,90.2,160.6,2.857,1030.4,0
39.76,917.1,789.2,99.11,361.2,6.635,1320.6,0
68.08,1387.2,693.2,93.85,194.1,0.698,4593.0,0
25.11,1821.9,561.7,78.21,326.4,2.814,4248.6,0
77.88,2399.5,481.5,100.0,298.2,5.973,3761.8,1
61.95,1691.3,593.5,100.0,205.7,0.219,4137.4,0
57.42,1641.1,568.9,88.21,404.1,2.178,1515.2,0
54.69,1387.5,639.9,92.5,197.5,7.126,1630.7,0
70.28,1142.4,631.0,87.66,332.0,1.243,3598.0,0
78.41,1788.8,455.2,,,2.881,2568.5,0
47.36,1779.3,472.7,85.29,57.0,1.898,4900.7,1
54.66,1236.7,501.5,100.0,294.7,1.322,1274.2,1
43.61,2401.1,419.7,96.45,250.0,6.765,3159.7,0
77.1,1863.1,487.2,98.69,153.7,0.971,3554.8,0
65.87,1388.3,575.6,98.07,81.0,2.009,2305.1,0
42.88,2118.0,572.0,99.61,361.9,6.614,4214.6,0
63.55,2086.1,488.7,97.5,107.6,4.492,2526.3,0
82.49,1231.2,402.6,95.54,322.3,2.196,714.2,0
85.11,1053.8,479.7,97.1,286.8,2.902,4252.8,0
45.17,1207.7,559.7,85.84,154.5,5.884,1690.6,0
91.9,1398.4,605.5,90.02,120.8,2.141,1770.7,0
66.55,1674.6,558.7,88.33,111.0,3.608,1692.6,0
,1448.8,415.1,97.68,444.8,0.91,1725.9,0
98.38,2260.1,610.7,100.0,325.2,2.55,2805.0,0
45.71,1270.1,565.0,91.97,101.1,3.329,3171.0,0
68.08,1596.2,447.5,100.0,133.7,1.564,1713.7,0
71.6,1558.1,458.2,97.86,290.3,2.504,1274.3,0
72.53,2807.1,540.3,96.12,160.1,0.857,1594.4,0
97.06,1612.6,486.4,95.8,98.7,6.575,4934.2,1
53.42,2092.6,749.9,100.0,190.4,7.109,1576.5,1
71.2,790.1,450.6,91.34,227.0,2.021,2714.5,0
54.07,1975.8,587.2,86.32,489.1,3.131,815.3,0
53.09,1362.9,546.2,89.23,256.7,9.662,3892.6,0
62.23,1710.7,454.2,100.0,303.0,,1305.7,0
57.78,1011.2,597.1,89.21,224.9,3.056,3556.3,0
28.69,1518.8,566.5,,366.7,3.15,1892.5,1
80.39,1374.6,609.0,91.36,172.0,3.637,2893.0,0
,1770.9,480.5,94.03,100.1,2.56,4774.4,0
45.2,1503.5,624.3,96.6,244.2,9.885,552.0,0
49.28,1446.0,658.4,84.06,233.2,0.865,401.9,0
70.54,1603.3,519.9,93.05,93.4,2.167,4481.7,1
76.62,1885.1,408.7,100.0,107.9,4.304,1413.9,1
49.59,1970.8,782.5,93.6,275.3,4.521,2104.8,0
62.33,1876.5,468.1,99.93,323.5,2.103,4811.9,0
,962.7,473.9,79.5,279.7,0.603,3440.3,0
71.88,1573.9,607.7,95.9,158.4,3.321,2207.1,0
56.05,1928.6,816.2,97.67,364.2,5.247,2514.4,0
60.51,1902.3,512.3,87.62,490.7,4.451,72.9,0
42.61,1653.9,468.3,98.37,295.3,3.309,4136.4,0
43.84,2145.4,285.4,79.96,376.1,2.441,3427.2,0
54.62,1622.8,571.8,100.0,213.3,4.956,1133.6,0
67.61,1415.4,655.6,97.53,462.2,4.851,1732.2,0
70.23,1290.3,393.2,93.72,421.0,3.832,1863.4,0
52.58,1634.7,585.4,85.59,271.7,0.308,1661.8,0
32.69,882.9,402.6,,172.6,3.075,4311.8,0
73.77,1444.7,489.6,81.92,211.6,1.812,310.1,0
111.62,1929.8,436.1,90.69,374.4,2.755,1667.2,0
41.12,1279.5,380.4,89.92,379.3,2.878,2212.9,0
56.64,1583.3,551.6,81.98,422.8,3.824,1128.8,0
66.2,2411.1,547.5,97.25,376.4,7.18,4814.6,0
54.25,1685.8,435.0,98.82,73.5,1.435,962.7,0
75.68,1477.1,582.9,100.0,115.7,3.184,329.1,0
82.55,1294.6,699.3,92.42,322.4,2.908,3221.9,0
44.64,1579.0,559.3,89.51,98.7,6.016,1636.6,1
31.11,1392.1,643.3,100.0,224.0,2.526,4858.6,0
79.39,1539.1,578.4,95.44,179.0,0.353,598.0,0
69.66,1767.7,430.7,84.14,105.3,1.884,3914.9,1
51.63,1202.5,540.0,96.23,90.1,7.542,4778.8,1
66.48,1657.7,383.5,97.74,487.9,2.62,2237.0,0
65.82,1875.9,591.5,99.06,461.9,0.825,482.9,0
49.46,1445.1,671.3,100.0,228.4,1.744,895.8,0
87.78,1478.7,450.1,90.08,398.6,0.925,1475.9,0
70.31,1979.9,534.8,96.65,358.5,1.918,579.3,0
59.51,1734.0,485.4,87.95,70.5,3.471,378.0,1
55.28,2120.9,581.4,83.62,316.9,1.285,3956.1,0
81.28,1862.8,606.0,93.56,430.8,2.736,364.0,0
55.18,2542.7,509.2,89.96,447.6,5.771,1422.0,0
80.49,1360.1,504.5,91.8,,4.697,4258.2,0
49.41,1795.2,567.3,86.48,264.7,2.853,390.7,0
60.45,2143.3,686.9,91.62,171.3,2.454,365.1,0
23.79,1975.6,425.0,92.37,495.6,3.662,2610.9,0
67.82,1779.5,399.0,100.0,147.1,4.194,2000.2,0
62.01,1764.0,507.2,94.72,419.4,5.4,3193.0,0
52.18,1866.5,414.9,95.2,202.2,2.711,1981.7,0
56.24,1618.8,353.0,94.4,456.5,1.095,2563.2,0
38.73,1508.9,549.0,91.67,327.5,3.623,953.0,1
44.66,1649.3,838.9,100.0,418.0,0.944,3711.2,0
46.64,802.8,558.4,100.0,138.7,0.091,4340.3,0
,1602.0,414.2,,171.3,5.97,3642.1,0
71.38,1774.5,359.0,100.0,,0.504,4163.3,0
77.36,2010.9,661.0,100.0,280.5,2.046,1232.4,0
59.96,1565.8,540.9,90.4,100.3,,4276.5,0
85.65,1543.6,492.5,95.28,222.6,2.689,2656.8,0
40.38,1702.7,537.3,100.0,426.2,1.644,4662.4,0
51.21,1394.9,485.5,89.32,100.9,1.068,186.6,0
51.71,738.3,531.2,84.62,368.6,2.79,17.0,0
50.05,1802.6,508.7,88.67,378.3,4.414,701.2,0
46.69,1622.9,592.0,88.31,87.2,6.486,4016.3,1
62.6,1741.6,442.0,94.46,217.8,0.05,551.0,0
58.88,1178.1,417.6,84.76,368.3,4.641,3156.3,0
69.92,1558.0,376.5,96.54,295.6,1.327,94.7,0
64.93,1620.2,303.5,95.58,284.4,0.546,1541.4,0
65.31,1926.0,398.7,88.64,185.7,5.995,2141.5,0
49.46,1153.0,550.0,83.14,373.1,1.365,3288.7,0
89.1,1792.6,463.4,87.55,301.1,6.023,981.9,0
56.95,1456.6,388.1,86.26,52.3,5.829,1920.7,1
75.29,1266.4,302.9,95.35,447.2,6.231,3027.9,0
70.9,1657.1,837.8,100.0,438.5,0.592,2535.6,0
70.79,577.0,679.6,91.26,100.4,5.999,2603.3,0
42.63,1634.6,617.1,93.05,456.8,,1304.1,0
61.23,1621.9,673.0,85.51,,6.002,4615.9,1
67.21,1558.6,517.6,98.42,126.2,5.257,3930.8,0
56.96,1426.2,337.2,95.23,303.1,1.015,887.4,0
69.29,1438.7,555.8,100.0,63.7,4.883,2872.8,1
82.1,1519.1,619.3,100.0,197.3,3.502,221.7,0
94.08,721.2,660.0,100.0,400.5,3.329,1042.7,0
84.28,1536.0,564.3,84.03,157.3,1.116,1303.5,0
68.89,1993.6,351.4,100.0,446.2,2.63,3225.4,0
47.71,990.4,394.9,100.0,209.7,2.368,3054.3,0
68.67,761.7,427.6,91.81,380.4,0.579,2061.4,0
66.42,1778.9,640.1,89.05,319.9,5.742,924.2,0
44.08,1432.5,678.2,89.26,60.9,2.787,599.3,0
65.95,888.3,574.9,86.8,336.7,1.218,1319.3,0
60.77,710.6,535.5,87.11,320.1,5.796,4595.0,0
82.75,1843.4,494.4,94.42,213.7,2.373,628.2,0
66.46,794.1,547.0,90.47,406.0,2.46,2582.2,0
69.11,1347.5,482.7,92.55,352.0,,735.2,0
76.05,1623.6,313.4,94.6,210.4,0.054,1031.0,0
88.69,1458.0,642.5,92.88,101.0,3.905,3508.8,1
69.57,1377.0,315.2,96.34,55.0,2.393,1760.6,1
36.2,2285.0,622.4,88.84,273.8,2.601,3400.9,0
91.32,1202.7,595.0,92.99,257.6,2.813,681.4,1
13.29,1271.9,413.7,81.98,303.3,,4929.4,0
56.91,1359.6,506.9,85.06,,1.098,2650.0,0
52.48,1598.8,380.8,87.59,386.7,1.793,2434.2,0
60.65,504.6,688.7,85.94,249.1,3.535,2410.9,0
71.29,1745.8,607.3,86.81,495.9,1.269,1395.1,0
53.15,1507.9,687.3,98.57,295.6,2.031,1859.7,0
70.66,1855.6,424.5,93.58,428.8,6.726,1311.4,0
58.72,1792.0,557.1,100.0,417.6,5.112,2908.9,0
89.71,1943.2,455.8,87.5,206.9,5.259,4195.6,1
92.34,1763.3,570.8,88.72,202.0,4.583,2668.4,0
60.79,2296.5,447.3,93.05,111.8,3.663,412.6,0
41.95,1774.5,481.9,94.57,491.2,4.148,1450.0,0
53.55,1521.2,391.5,85.18,73.5,2.895,3733.0,1
85.65,1908.4,694.8,93.17,121.3,6.909,2471.1,1
63.18,1151.7,547.8,98.14,137.8,5.676,2506.3,0
62.45,2004.8,524.2,95.85,148.9,4.326,4264.1,0
57.77,1407.1,678.8,76.23,171.9,5.056,4896.7,1
72.03,2092.6,516.7,88.67,149.5,1.432,147.9,0
82.78,1981.2,437.4,86.34,450.3,2.416,4243.4,0
62.21,1483.2,472.0,95.12,99.6,2.492,4647.9,1
79.2,1112.1,654.6,96.78,224.5,3.842,4217.8,0
62.27,1683.6,497.5,95.97,219.0,,1222.0,0
60.78,2082.9,476.3,89.1,215.4,2.586,4176.0,0
47.94,1421.1,404.1,93.99,274.9,1.341,3470.2,0
63.23,1512.8,551.1,100.0,89.6,6.735,1883.0,1
66.77,2484.8,580.2,90.0,395.8,0.487,2317.0,0
23.74,1788.3,422.5,93.93,287.5,3.807,137.6,0
80.21,1686.5,651.3,100.0,262.7,1.108,561.5,0
47.88,1474.4,403.9,86.85,119.2,6.687,2801.2,1
54.09,1954.5,692.8,96.29,368.8,4.022,2061.3,0
80.43,1134.1,503.2,85.82,325.1,0.98,403.4,0
46.65,914.4,808.5,96.4,447.4,4.703,3085.3,0
,1401.7,473.3,91.03,137.5,0.777,1036.5,0
18.42,1374.9,648.6,91.96,163.0,5.899,1366.6,0
77.5,1803.5,448.7,98.79,71.6,0.012,4388.7,0
,2135.7,519.2,100.0,499.3,1.042,3643.0,0
82.94,1109.7,444.2,75.3,384.5,2.234,1558.3,0
76.48,1135.9,516.6,90.92,371.8,0.928,159.9,0
-19.819586924850338,2039.3,467.4,84.97,211.0,1.895,1325.5,0
99.54,1290.0,619.1,93.32,271.7,4.156,2354.9,0
56.84,2257.8,611.5,95.21,486.1,3.808,3308.5,0
57.01,1385.7,517.9,87.31,160.0,4.435,4125.8,0
60.27,2033.1,625.5,100.0,446.4,4.172,1596.4,0
,1376.4,520.6,80.0,185.3,5.386,2876.2,1
67.04,1163.8,436.9,94.0,262.2,5.167,3126.7,0
69.93,1903.2,569.4,86.92,444.6,1.713,2271.2,0
109.04,1437.3,334.9,84.15,392.4,2.121,3818.8,0
83.58,1777.7,781.9,95.45,125.9,2.09,1584.3,0
61.66,1232.7,331.9,91.99,451.9,2.039,943.0,0
76.79,1538.2,546.3,89.16,154.8,2.238,2975.5,0
91.54,1901.4,371.8,100.0,188.5,4.343,3762.1,1
69.03,1557.7,483.1,92.48,245.6,3.47,4233.5,0
33.95,1764.1,792.5,94.21,373.9,4.447,1650.8,0
63.44,1371.3,523.1,88.43,,1.89,1324.1,0
64.64,1030.8,501.3,78.13,371.0,3.369,598.3,0
68.45,2002.3,465.3,91.53,314.5,1.906,4062.1,0
49.84,1874.2,433.5,90.22,105.8,2.382,4512.4,0
66.38,882.1,582.1,96.92,427.0,,3849.3,0
59.37,918.6,403.1,96.82,463.0,1.752,1039.6,0
66.57,1934.8,568.4,89.48,437.4,5.127,1617.7,0
46.63,1311.6,428.2,96.38,462.3,6.488,476.4,0
71.64,1084.5,482.0,100.0,420.2,6.521,1100.2,0
93.14,1933.1,478.0,100.0,280.9,0.651,3934.0,0
65.4,1606.4,366.1,94.84,313.8,3.374,3066.4,0
68.62,1734.8,380.7,92.22,365.1,0.691,4286.9,0
70.47,1579.0,267.7,100.0,208.4,3.202,1982.8,0
46.82,1929.2,234.3,87.49,417.4,1.661,4434.9,0
58.08,1282.1,394.3,90.67,140.5,6.436,212.6,1
45.35,2131.2,617.4,95.39,182.9,3.683,4250.9,0
65.71,2007.1,439.0,97.54,342.9,1.569,4373.8,0
84.99,1178.8,425.1,90.2,250.2,4.703,26.2,0
87.44,2052.3,536.1,93.04,317.2,3.418,3696.2,0
72.42,1995.9,427.9,93.46,173.5,7.697,2025.2,0
69.82,2163.6,474.8,91.56,480.3,0.775,2406.9,0
71.99,1905.5,540.8,96.19,301.2,2.419,3370.4,0
99.22,1842.8,522.3,88.22,63.4,3.287,2702.1,1
34.6,1167.3,692.9,92.46,230.9,6.903,3678.7,0
49.99,1542.6,458.9,100.0,280.6,0.92,4633.6,0
52.71,1559.0,541.8,88.6,275.7,0.001,690.7,0
47.64,978.5,409.0,100.0,104.8,0.911,3699.9,0
63.23,1257.1,643.2,88.79,62.6,2.61,1155.0,0
68.24,1092.8,503.6,,408.1,4.41,972.5,0
88.0,1611.6,624.7,87.07,324.2,3.342,2202.0,1
59.18,1420.9,457.8,89.73,362.9,3.528,3526.6,0
59.01,1355.0,586.9,85.88,317.6,2.944,3880.0,0
59.57,1421.0,489.1,100.0,,4.216,2139.5,0
43.0,2107.7,498.4,94.69,468.3,3.874,4494.7,0
43.48,2008.4,546.2,83.66,150.6,0.482,3742.2,0
69.42,1604.8,405.7,86.63,,2.76,3018.8,0
66.34,1654.6,511.9,91.48,494.4,3.348,212.0,0
60.21,1857.1,431.2,97.57,231.6,8.009,4797.9,0
73.41,1856.8,468.7,89.94,193.2,3.646,2008.9,0
63.75,1473.1,412.5,83.43,,0.658,3588.4,0
75.47,965.0,498.9,92.34,267.7,0.691,4045.1,0
56.41,1535.7,507.9,94.39,331.5,3.975,1189.6,0
,1944.6,644.8,83.3,192.4,1.431,3138.0,0
65.94,1101.2,403.3,87.69,466.6,,2015.7,0
73.39,2075.3,540.9,83.53,119.6,3.878,928.3,1
47.68,1888.6,639.9,91.68,156.1,1.993,3363.1,0
77.35,1144.5,542.4,95.97,473.1,0.482,2137.6,0
76.47,1946.0,368.7,93.58,405.6,4.468,4032.9,0
77.29,2835.1,620.0,90.19,125.1,9.282,3290.9,1
88.66,1183.5,421.0,90.49,452.1,2.932,4517.5,0
94.64,1049.3,448.2,88.55,328.8,0.781,411.9,0
68.37,1596.6,565.5,83.06,378.8,0.055,2416.1,0
50.99,2296.2,550.6,88.14,88.1,0.826,938.8,0
86.84,1756.1,519.6,95.91,106.9,2.562,2957.8,1
67.37,1215.0,561.6,96.66,486.0,0.493,3057.3,0
53.84,2175.3,518.6,87.29,331.5,3.304,1377.7,0
77.71,1537.9,582.5,98.9,343.2,0.739,2761.8,0
71.13,1198.2,307.5,93.18,113.7,4.451,2336.2,1
92.53,1534.4,547.2,83.87,265.4,1.807,2265.9,0
55.7,1890.5,618.6,94.84,349.2,1.484,450.0,0
41.49,1365.8,412.9,89.15,411.6,1.169,1162.9,0
38.75,2481.2,441.8,92.93,152.7,1.558,3192.1,0
42.07,2068.1,489.2,89.17,328.6,2.734,2336.4,0
65.77,1539.5,290.9,97.97,496.6,4.903,1718.4,0
69.58,1910.2,567.1,95.94,298.3,1.583,4328.2,0
28.78,1006.0,709.5,82.14,291.7,2.588,1792.3,0
50.5,1912.9,499.6,94.61,305.9,4.835,1195.1,0
74.28,1471.8,501.2,99.61,279.4,5.524,4665.0,0
37.43,1141.2,628.9,,297.0,3.555,3490.6,0
80.53,1727.3,578.3,90.72,435.8,1.069,86.9,0
62.31,1611.5,337.5,93.41,399.5,0.985,3153.3,0
57.04,1655.3,383.4,100.0,82.7,4.048,1371.8,0
26.83,1968.9,651.6,98.12,384.7,3.295,3209.8,0
55.3,1569.1,409.3,100.0,121.3,0.121,2469.6,0
58.16,1418.7,358.1,90.64,90.8,3.055,2349.2,1
70.27,2189.6,356.4,91.9,378.0,6.287,4610.4,1
59.12,2101.2,561.0,96.37,221.2,3.824,3191.1,0
56.74,1608.5,682.0,92.67,475.5,3.874,3079.6,0
75.55,1906.6,649.4,85.01,479.8,0.287,2089.9,0
84.08,1549.6,576.0,100.0,270.5,1.995,4672.9,0
,1489.3,468.1,87.19,69.6,1.133,4983.6,1
56.58,1604.3,657.6,83.23,437.8,7.471,3655.1,0
67.68,1656.4,607.6,95.54,173.1,5.521,3063.1,0
74.34,1517.1,566.8,87.58,169.1,7.298,3421.2,1
37.13,1649.5,547.5,96.6,115.0,5.208,2663.6,0
61.6,1458.4,538.2,91.69,416.8,2.185,1269.2,0
49.72,2006.5,473.4,93.34,342.4,5.797,4056.4,0
60.95,1779.7,595.5,88.03,207.1,6.513,1864.1,0
49.83,2283.3,494.1,88.83,482.5,1.306,802.6,0
79.59,1211.0,440.4,93.13,375.8,6.05,3375.9,0
59.77,1794.6,555.2,94.42,339.0,2.804,4919.4,0
67.32,1586.1,485.2,99.24,190.7,6.574,1981.7,0
65.03,1568.7,482.1,85.92,194.4,3.265,3557.6,0
66.24,1433.3,411.4,87.21,97.9,0.963,2743.7,0
66.68,2129.8,332.4,97.19,252.6,3.023,3061.7,0
61.8,1170.0,713.7,100.0,212.1,1.999,3624.9,0
-36.00986070929783,2329.4,621.0,91.5,439.1,2.389,4206.6,0
65.62,1846.6,561.0,,360.3,2.667,3734.7,0
89.4,1523.0,462.2,79.43,423.4,8.389,3217.6,1
55.79,2050.4,653.0,82.58,65.3,4.202,3145.9,1
67.61,1786.4,519.0,83.96,445.3,3.798,596.6,0
62.72,1856.5,629.4,88.49,450.7,6.862,388.7,0
58.56,1955.4,485.3,100.0,149.1,4.609,550.8,0
84.47,1864.6,360.0,,348.3,2.124,3330.8,0
64.79,1109.6,623.6,93.87,207.2,1.168,897.1,0
84.81,1671.2,470.6,91.63,61.6,3.162,1154.0,1
56.89,1496.6,579.6,100.0,419.3,2.21,486.7,0
42.4,1678.9,642.2,95.48,192.4,4.081,799.7,0
80.46,2255.2,531.2,83.03,265.7,3.031,4069.7,1
51.2,2389.8,558.5,85.31,465.0,2.609,2069.9,0
102.33,1270.8,729.7,97.13,118.1,6.154,2881.5,0
56.42,1205.9,454.0,72.31,79.1,1.666,160.6,0
65.75,858.9,562.3,82.65,444.3,0.145,588.7,0
66.67,1941.9,438.7,85.21,203.1,2.336,930.9,0
31.07,835.7,566.9,87.16,387.2,3.105,553.3,0
59.04,1081.6,564.3,87.76,372.1,2.833,2259.9,0
71.88,1699.1,443.6,86.79,289.9,1.648,826.4,0
51.72,2002.8,554.2,98.3,300.2,6.987,3712.8,0
62.92,1465.6,563.1,93.29,99.3,3.352,2323.0,1
49.99,2384.3,621.6,91.03,154.1,0.624,1703.3,0
79.74,2285.0,499.7,86.58,269.3,2.521,1068.3,1
37.07,1643.8,756.0,92.69,415.5,4.346,4802.6,0
75.3,1213.8,381.5,100.0,392.9,3.36,4227.5,0
67.23,1922.1,449.5,100.0,201.5,6.93,431.1,0
62.9,1195.4,557.9,100.0,329.2,5.67,1056.7,0
59.66,1881.6,483.9,98.23,467.6,4.88,273.0,0
85.78,2249.0,543.1,100.0,156.4,4.452,3950.3,1
63.69,1002.2,386.4,89.98,167.2,4.458,1042.8,0
48.16,1721.0,323.5,85.98,90.0,2.985,3833.7,1
63.37,1423.5,557.1,84.03,481.2,2.173,2701.4,0
87.34,1723.0,507.6,93.54,491.2,1.59,1774.4,0
64.75,1488.5,502.1,92.27,368.7,5.442,3443.5,1
66.8,1892.1,425.9,91.64,160.1,2.326,1784.6,0
57.25,1221.6,604.0,91.33,372.4,4.757,2513.9,0
42.08,1986.3,541.3,96.05,434.3,6.398,417.9,0
68.35,1760.8,453.5,100.0,430.0,3.885,500.8,0
57.22,1466.3,455.8,89.27,497.8,1.833,3228.7,0
75.36,1675.5,318.8,98.66,233.0,5.57,1879.5,0
60.47,1508.0,457.3,97.07,383.9,5.854,3037.7,0
73.45,1709.4,630.8,97.41,121.3,5.794,374.8,1
61.49,1329.0,513.2,86.62,477.4,1.581,4360.6,0
66.15,2349.3,370.6,82.52,70.7,2.659,2803.7,0
79.67,2247.6,747.0,93.25,236.8,0.23,1585.1,0
35.4,1462.1,507.4,98.62,457.1,3.692,2396.1,0
84.78,1398.9,735.3,78.88,481.7,3.135,3080.1,0
64.56,1046.7,437.6,98.78,252.8,6.019,1511.9,0
50.73,1324.7,453.6,92.34,212.1,2.017,1539.7,0
81.55,1785.5,493.5,94.23,179.5,1.389,4568.1,0
38.27,1972.2,319.1,91.99,468.3,0.808,1606.6,0
36.46,1139.6,357.6,99.86,294.2,2.54,3497.0,0
70.81,1794.2,660.9,84.38,125.4,1.87,555.9,1
,1760.2,541.4,100.0,269.5,6.678,476.1,0
37.82,1340.0,658.3,94.57,365.3,5.172,4682.6,0
73.02,1323.4,574.1,100.0,209.1,4.095,971.0,0
68.1,2189.0,393.2,95.49,337.5,1.131,1783.0,0
76.53,1767.1,551.7,84.15,414.3,6.487,2203.0,0
74.36,1872.7,448.0,93.78,412.8,1.615,1614.7,0
59.1,1373.4,432.9,85.49,103.0,1.392,959.5,0
73.48,1210.0,353.9,85.44,333.0,5.042,3322.0,0
56.44,1665.2,521.2,85.98,174.7,5.873,104.9,0
53.41,1783.8,502.8,88.69,465.7,0.859,2820.9,0
72.4,1634.5,631.4,94.02,,3.609,3456.0,0
58.62,1284.3,499.0,95.86,395.6,2.215,4969.1,0
46.93,1735.9,463.1,98.96,92.2,4.239,1537.3,0
57.75,1161.7,394.1,70.07,285.0,3.423,4082.1,1
,1624.1,463.3,80.36,215.8,2.896,3988.8,1
65.07,2029.8,450.8,88.61,414.6,4.065,3160.4,0
81.75,1520.8,474.1,,106.1,2.618,1496.0,0
81.23,1902.9,769.3,88.79,487.2,0.161,2538.6,0
53.65,1846.6,716.4,94.95,123.9,3.595,3346.8,0
87.36,1548.8,417.2,100.0,219.8,4.932,4664.1,0
77.86,1547.9,680.4,99.19,276.5,4.281,4869.9,0
82.45,1635.0,504.1,87.89,197.7,1.229,254.0,0
53.68,1524.4,494.2,99.03,246.4,8.166,3154.8,0
40.7,2584.5,499.4,90.48,214.4,3.273,4275.3,0
50.17,1956.1,516.5,100.0,278.4,2.659,4960.8,0
88.66,1454.7,497.9,99.64,312.6,3.163,2138.3,0
41.8,2185.7,529.2,86.66,311.9,4.97,2507.8,0
61.05,1039.6,649.9,96.43,128.2,,4683.4,0
46.88,1794.8,553.5,100.0,293.4,3.811,4281.5,0
63.73,1725.4,677.6,91.8,439.3,0.983,3389.3,0
94.36,1848.8,588.2,92.44,391.5,5.108,3630.2,0
82.05,1262.9,612.7,93.87,151.5,5.314,3647.5,0
56.71,973.0,562.7,87.86,399.9,0.515,1515.0,0
68.62,1957.9,450.7,86.76,50.3,3.14,1627.6,1
83.24,1840.8,546.1,91.05,246.7,1.788,3017.0,0
51.11,2033.2,443.2,79.71,367.7,1.574,2716.6,0
67.22,1832.8,761.0,99.15,138.0,0.903,799.7,0
60.99,1685.3,428.3,89.89,457.4,8.603,545.9,0
81.4,1490.4,389.9,90.9,181.3,2.824,39.4,0
54.06,1549.7,531.8,100.0,234.1,10.141,4634.1,0
62.6,2507.7,652.4,84.26,,2.75,4201.8,0
69.04,1271.1,568.9,85.04,497.8,,81.9,0
54.46,1173.9,542.1,86.24,211.9,5.458,2506.9,0
41.51,765.3,521.7,100.0,,0.222,4286.8,0
24.09,2077.4,414.2,93.68,63.9,2.24,1653.8,0
54.7,1940.8,516.1,99.4,392.1,4.167,110.7,0
78.63,969.3,500.0,91.8,210.0,1.185,651.8,0
49.41,1712.2,445.3,98.47,303.8,3.628,1839.9,0
59.88,976.3,370.5,93.79,351.3,2.614,858.6,0
49.15,1565.2,302.3,86.44,349.5,0.125,1992.2,0
90.69,1770.4,513.6,100.0,469.7,4.437,4331.7,0
53.2,1225.8,637.8,87.38,315.9,1.85,2945.6,0
66.95,1281.4,633.6,99.53,163.1,1.153,3540.4,0
60.81,1942.3,530.8,85.74,195.2,,618.1,0
81.73,2337.1,409.6,99.4,296.5,5.632,2044.3,1
60.94,1946.4,754.6,86.99,354.5,2.164,1798.8,0
47.8,1172.5,330.3,100.0,387.6,3.719,312.4,0
89.46,2451.8,451.9,100.0,213.7,3.082,616.5,0
38.51,1481.4,381.6,97.31,397.7,5.747,1140.0,0
70.58,1505.0,657.8,78.65,382.1,2.908,1342.0,0
91.58,2140.4,569.2,92.06,238.5,4.516,3370.0,1
53.34,1274.2,466.3,91.79,371.5,0.829,1431.1,0
62.5,1523.6,587.1,100.0,467.1,1.912,621.6,0
63.53,1588.5,414.5,80.99,169.0,1.057,4169.7,1
71.5,1263.6,433.1,91.67,53.6,3.587,460.0,1
95.84,981.7,468.1,84.95,379.5,4.341,1073.9,0
69.9,1562.9,477.3,99.74,311.2,4.128,1376.7,0
41.66,1295.5,461.0,89.98,260.6,1.776,3454.7,0
73.13,1954.0,611.9,86.07,,0.989,2580.2,0
64.68,1430.5,502.2,86.49,265.2,1.381,2654.0,0
83.05,1626.1,469.4,92.43,490.7,3.299,670.7,0
97.31,1783.7,611.7,93.68,246.6,3.193,107.8,0
80.96,1965.4,396.3,89.1,394.5,1.868,1761.8,0
23.42,2042.7,509.8,100.0,252.9,3.368,2612.9,0
69.73,1482.3,476.1,90.2,420.2,6.098,4057.0,0
61.92,1855.3,557.8,,365.0,2.993,203.7,0
59.45,2175.2,609.5,94.82,220.2,2.784,1651.7,0
55.84,2205.9,514.6,,155.5,5.859,4734.7,1
44.3,1378.3,478.6,91.97,391.3,0.284,1469.2,0
58.35,2079.1,634.6,97.52,367.3,4.543,1976.5,0
54.13,991.5,498.6,90.49,331.7,1.598,2673.9,0
50.62,1678.8,441.3,99.62,452.0,4.622,3239.4,1
48.36,1958.7,736.1,93.2,314.6,2.968,4767.8,0
72.88,1644.6,706.8,85.72,251.5,4.87,2694.5,0
65.65,1589.3,471.4,86.51,292.7,2.98,434.2,0
49.1,2391.9,650.0,91.04,257.8,1.479,3481.1,0
,2333.3,516.9,83.54,143.1,2.225,2463.0,0
75.31,1698.4,507.8,100.0,229.4,0.938,3587.6,0
55.0,1687.4,538.6,91.63,282.6,1.399,2405.2,0
66.69,1260.3,543.9,91.9,319.8,4.478,4713.3,0
63.78,950.2,588.9,89.03,99.4,0.114,2482.7,0
62.21,2248.0,342.7,79.52,486.7,4.187,2904.6,0
86.52,1700.8,376.7,96.46,447.9,4.022,4714.3,0
57.5,2013.4,517.0,89.14,218.6,1.864,2351.3,0
64.37,2179.8,527.7,100.0,246.7,6.374,3868.8,0
51.9,1217.6,660.6,96.0,177.4,2.091,489.2,0
37.27,1872.3,547.8,92.84,171.7,0.782,2229.9,0
47.5,1762.3,437.8,100.0,91.1,5.971,4166.9,0
63.23,2002.0,533.2,94.99,179.1,0.718,746.8,0
77.46,1919.4,456.4,95.25,122.4,5.325,466.6,1
60.36,2041.1,540.5,92.1,287.8,0.519,1940.9,0
64.98,1479.2,476.4,98.68,447.3,2.59,248.8,0
62.1,1921.3,251.8,100.0,375.6,0.622,4234.8,0
21.51,1485.0,527.2,88.17,122.4,5.912,3204.6,0
23.96,821.1,334.2,76.71,168.6,5.419,2455.7,0
72.59,1900.7,334.0,93.87,67.2,5.218,1998.3,1
83.02,1492.6,695.1,89.82,124.5,1.836,2537.0,1
28.27,1978.9,494.3,97.21,83.6,2.944,3160.9,0
55.68,1953.7,441.2,99.33,206.2,0.892,2471.7,0
70.63,1429.1,512.4,87.84,465.0,6.786,4386.1,0
36.57,1804.0,443.7,96.74,319.3,1.186,3845.2,0
75.28,1309.8,596.5,85.42,230.6,5.029,1308.9,0
69.59,1452.3,590.5,100.0,74.8,6.635,3969.9,1
58.25,13196.604984603237,934.8,95.26,194.3,5.338,1589.7,0
86.81,1479.3,640.0,83.03,186.3,1.201,2263.5,0
71.24,1345.3,539.4,91.05,499.5,1.683,2944.0,0
69.04,1918.7,592.5,100.0,137.2,1.595,2550.7,0
55.17,1479.1,361.2,92.89,85.4,3.102,3576.3,0
53.62,1313.3,493.5,100.0,318.8,8.976,2682.8,0
67.91,1489.2,482.9,98.13,271.0,0.502,3987.4,0
59.03,831.6,487.1,83.46,415.4,0.27,3909.9,0
52.97,1137.6,590.3,100.0,125.6,3.034,3862.0,0
59.04,1815.5,546.1,89.36,392.5,3.084,172.1,0
34.26,1853.2,531.8,86.6,288.1,,1694.1,0
46.61,836.7,497.7,91.69,469.4,4.328,2940.9,0
40.01,907.9,628.6,88.29,142.8,1.072,597.7,0
81.6,1782.0,630.2,96.02,253.9,2.296,441.9,0
65.88,1459.8,437.3,94.26,275.7,0.279,1527.4,0
63.7,2058.5,445.4,87.54,186.9,3.91,1893.0,0
-22.237443174234137,1722.7,565.8,87.34,288.7,3.19,3296.5,0
,1738.0,554.4,92.67,67.8,1.162,3879.1,0
70.88,1993.1,386.2,83.64,189.9,0.633,4757.5,1
,1262.6,495.0,96.83,119.7,5.379,2689.7,0
26.95,1402.0,596.0,86.27,345.2,0.805,2485.7,0
58.79,2213.1,298.4,100.0,,2.516,2245.6,0
55.96,1256.5,574.0,,223.5,4.458,4405.2,1
72.73,2373.2,526.9,81.49,103.6,1.288,1130.5,0
79.55,1700.2,445.1,90.88,83.5,2.181,4957.9,1
66.51,1567.6,380.6,100.0,66.5,2.268,2786.8,0
,1555.1,631.2,74.06,486.1,0.041,877.2,0
32.38,1697.9,447.4,100.0,310.1,2.548,1429.8,0
50.03,1123.2,575.4,82.25,392.4,2.186,3619.6,0
83.37,2116.0,434.4,94.82,483.1,0.758,165.2,0
50.39,1415.5,385.6,98.76,416.0,4.598,3744.5,1
66.23,1721.7,466.5,99.51,291.7,8.123,4773.3,0
50.65,1157.7,357.2,82.18,138.3,2.892,3162.9,0
55.5,1681.5,518.4,94.89,387.8,2.286,4913.9,0
35.24,1195.4,424.6,91.46,219.5,1.962,3386.6,0
59.84,887.7,505.0,100.0,231.6,2.042,3361.7,0
65.81,1438.9,462.6,100.0,342.4,4.746,640.8,0
83.32,1510.0,528.9,100.0,269.2,5.225,4558.8,0
55.24,1752.4,495.6,100.0,237.3,1.498,4258.1,0
70.94,1917.4,666.1,94.1,449.5,1.813,1841.7,0
,1852.0,580.9,90.09,456.7,2.926,4072.3,0
60.18,1577.6,483.9,92.1,272.7,4.124,1012.0,0
74.6,2294.5,545.4,100.0,465.0,0.848,2480.6,0
75.59,1868.4,408.4,95.88,417.2,0.678,3621.2,0
63.85,1506.2,381.3,97.0,446.2,3.879,2854.2,0
53.48,14536.59368179029,621.3,82.96,135.1,4.702,4736.3,1
31.14,1569.5,413.0,88.12,90.8,4.05,663.2,0
67.14,1330.4,617.7,100.0,158.5,4.099,260.3,0
40.53,1273.7,443.0,100.0,355.9,3.186,338.3,1
82.26,1505.2,484.3,92.51,272.2,6.81,3072.2,0
37.44,1540.4,337.1,88.92,299.2,5.351,1567.1,0
68.61,1556.8,456.6,97.61,430.1,4.358,4152.8,0
33.57,2234.1,530.1,83.26,491.1,0.769,4423.1,0
39.37,2076.5,383.2,90.6,478.0,2.489,189.7,0
62.06,797.6,547.5,100.0,209.7,4.377,4664.6,0
,1673.5,736.0,92.32,308.7,4.504,4464.0,0
76.86,1301.4,573.1,100.0,407.8,3.901,2415.1,0
60.22,1548.1,521.7,89.54,496.4,0.357,4118.4,0
45.15,1678.8,550.3,91.1,303.7,6.866,2163.2,0
50.61,2142.4,699.9,96.72,177.0,0.595,614.4,0
69.51,1103.3,469.3,90.88,361.9,4.392,4065.9,0
59.55,1581.7,406.2,83.28,,4.315,443.6,0
65.73,2027.2,505.7,94.26,155.7,3.586,4491.3,1
61.09,1249.2,498.1,85.1,407.3,4.925,501.8,0
78.22,2305.4,651.1,92.75,94.1,1.833,2565.2,1
87.99,1718.5,634.8,85.99,100.7,4.397,333.0,1
64.85,1576.6,645.7,95.23,365.7,3.264,1599.6,0
81.13,1333.0,640.7,91.09,176.3,4.309,1190.4,0
,1808.0,562.1,90.89,492.3,4.584,3905.0,0
92.78,1817.5,614.4,100.0,333.9,0.22,3225.4,0
72.11,1506.9,426.1,96.65,414.5,6.423,4529.2,0
37.29,1411.6,703.0,100.0,100.3,4.531,4842.9,0
27.75,1670.7,432.4,92.51,244.6,1.976,3712.3,0
43.19,1564.1,482.7,91.15,386.2,1.686,961.7,0
,1875.2,510.3,100.0,266.8,2.995,653.6,0
48.94,1220.3,557.1,98.9,398.8,1.91,42.6,0
44.68,1602.5,552.4,92.12,71.3,3.74,1788.0,0
19.61,2331.0,373.0,93.97,323.8,2.757,2992.6,0
35.22,1160.5,385.7,95.63,439.0,6.032,639.4,1
53.56,2299.6,469.5,66.26,497.1,1.652,1614.9,0
20.49,1894.1,412.8,100.0,416.0,0.963,2600.1,0
73.36,1588.4,686.8,90.12,224.1,1.824,3575.0,0
60.79,1926.5,551.5,81.28,412.1,1.334,388.1,0
93.21,642.6,548.0,86.35,187.9,3.099,1789.5,0
,1446.3,501.9,92.32,479.0,3.807,924.3,0
43.48,1475.7,526.0,100.0,414.4,3.983,3197.0,0
47.69,1987.1,611.4,95.08,242.4,2.222,3261.3,0
68.98,1991.5,786.6,87.37,173.1,8.051,2340.7,1
57.46,1833.4,688.1,96.6,176.3,3.193,3044.1,0
64.06,1904.1,414.1,96.99,311.6,0.571,3660.8,0
64.17,1634.1,411.6,95.5,263.6,4.373,4478.4,0
,1242.9,513.9,93.11,323.3,0.389,1270.0,0
67.41,842.7,568.9,88.27,194.0,0.841,1177.5,0
71.05,1860.8,527.6,100.0,421.6,1.992,269.6,0
91.44,1910.5,460.6,99.88,433.3,2.872,2510.7,0
100.33,1854.5,414.5,100.0,275.5,5.0,357.8,0
76.31,1906.8,534.0,100.0,154.6,0.412,3215.0,0
79.18,1090.5,536.6,96.43,436.1,2.883,1928.7,0
61.69,1635.0,243.0,100.0,52.0,6.151,15.2,1
87.26,1595.7,670.3,97.78,82.4,3.733,4836.6,1
,2035.8,776.1,100.0,,0.047,2511.0,0
80.47,1643.3,524.4,91.63,494.8,6.872,4665.1,0
53.41,1295.0,444.7,92.75,60.3,2.909,4815.7,1
74.05,1511.8,437.7,90.41,190.7,3.844,1847.2,0
68.7,2267.2,316.8,99.26,311.3,3.477,1416.1,0
57.33,1099.9,435.2,84.41,307.8,3.132,3137.4,0
89.97,1752.6,440.3,97.8,370.7,2.19,3740.4,0
61.49,942.8,669.4,94.0,161.0,0.845,172.4,0
80.48,1588.9,504.2,83.61,279.5,4.473,598.2,0
59.66,1826.1,470.0,94.9,422.0,3.067,783.4,0
67.24,1600.5,514.0,90.09,103.0,1.75,1621.9,0
70.16,1820.6,476.5,86.11,465.8,4.888,703.1,0
66.8,2335.4,500.1,86.92,61.2,6.586,3371.2,1
45.9,1590.4,628.8,92.95,285.7,3.023,3878.3,0
73.16,2005.5,375.9,100.0,173.0,5.822,2008.6,0
55.31,2299.8,497.8,89.67,280.3,3.357,2304.8,0
,1669.8,352.7,89.03,476.0,2.669,2798.7,0
47.21,1767.3,459.9,89.96,461.2,1.881,3253.9,0
65.51,1772.8,573.9,75.44,350.8,1.914,2196.8,0
78.87,1692.8,411.7,98.2,350.8,2.135,4823.2,0
79.29,1855.7,564.2,86.18,125.4,5.822,1253.1,1
75.52,1405.8,438.1,90.27,294.8,6.662,872.6,0
43.41,2239.6,470.7,89.83,450.8,6.805,662.6,0
40.38,1637.4,440.5,90.37,247.8,2.483,4486.2,0
26.6,2059.1,553.9,89.43,214.9,0.623,4647.9,0
69.42,1639.3,543.8,,,0.644,4176.5,0
60.03,1296.7,578.4,90.62,439.1,4.163,4297.6,0
65.62,1998.3,749.0,79.81,186.2,2.733,4677.8,1
41.46,1866.1,386.4,100.0,451.4,3.829,136.8,0
57.43,1705.7,717.2,100.0,360.6,3.506,4808.8,0
49.37,1851.7,475.7,93.08,255.4,1.115,3241.3,0
61.26,1143.2,565.7,87.1,498.3,2.367,4956.9,0
59.74,2064.0,436.6,91.34,304.3,4.793,2374.7,0
62.1,1570.6,672.7,,460.6,1.542,3087.6,0
66.05,1902.6,251.9,84.37,278.1,6.339,2704.3,1
72.4,1497.4,155.9,100.0,381.9,2.641,4579.1,0
46.63,1507.7,599.2,90.25,424.2,3.971,859.6,0
76.34,1885.1,467.4,88.11,141.3,3.83,4173.6,1
70.93,1529.3,570.7,89.78,493.3,6.362,2582.9,0
77.95,1645.0,515.4,86.68,172.8,5.076,3279.8,1
88.16,1210.7,356.4,97.34,145.2,0.264,1192.9,0
61.94,2167.7,587.6,92.31,296.6,4.045,3985.9,0
44.57,1632.6,511.2,92.89,402.2,1.328,1863.6,0
68.32,1902.1,453.2,97.87,487.0,0.201,1608.9,0
43.48,1594.6,429.9,99.23,398.9,4.586,4382.9,0
67.84,1329.2,594.5,96.7,140.9,3.491,4669.3,0
68.65,1678.0,479.6,91.28,496.9,5.038,4246.4,0
52.94,1593.6,688.3,89.27,422.3,1.032,1786.9,0
,1348.9,665.8,84.43,390.4,4.108,2615.1,0
56.23,1644.1,623.6,89.72,172.7,3.636,1339.2,0
36.71,1065.8,503.7,81.34,306.7,2.386,1192.5,0
62.46,1357.7,517.7,86.58,245.6,0.957,435.3,0
76.78,1828.7,554.8,93.54,102.7,1.428,485.5,0
64.77,1215.5,612.7,99.45,273.8,3.002,1926.1,0
67.09,1833.4,378.2,100.0,224.7,1.718,2322.9,0
75.7,1112.8,348.7,,144.5,4.495,2164.0,0
45.85,1790.3,486.1,93.2,155.7,1.741,2555.7,0
51.63,1708.5,519.4,76.03,330.6,2.341,4028.0,0
52.97,1836.4,630.2,94.52,106.3,7.561,2191.2,1
31.57,912.2,616.6,93.56,335.7,3.556,2080.6,0
54.17,1263.0,300.1,99.87,72.4,1.135,4365.3,0
65.35,1462.2,420.3,91.99,112.9,7.647,191.5,1
85.85,1849.5,426.0,83.99,475.9,2.057,1352.4,0
62.34,1177.2,635.5,100.0,301.5,5.303,1329.0,0
114.76,2264.7,603.9,97.58,181.7,5.241,2356.9,1
50.73,1637.9,538.4,93.95,309.4,0.91,2573.2,0
76.41,1732.0,471.1,97.18,374.1,4.239,343.7,0
89.47,1762.0,595.4,91.19,278.8,3.892,1280.4,0
44.65,1558.2,568.6,99.82,306.5,3.818,1102.1,0
55.43,1510.4,501.2,100.0,364.8,1.184,3395.1,0
82.25,1986.0,400.5,94.66,434.9,1.736,1989.4,0
76.21,1435.5,495.0,86.58,402.9,2.978,4044.2,0
70.9,1382.2,503.8,88.78,395.8,5.22,3253.7,0
82.18,2287.9,450.8,93.85,195.7,,3726.1,1
73.78,1082.3,362.0,,91.5,,1056.3,1
31.18,1744.1,508.1,93.14,244.8,1.52,1953.7,0
75.11,1682.0,539.0,87.41,235.3,3.286,3468.4,0
,1498.9,439.2,88.9,188.2,4.601,4818.4,0
28.39,1462.9,588.1,97.48,286.5,3.046,2677.6,0
81.88,1507.1,640.5,,101.9,4.293,2714.5,1
83.01,1792.8,464.9,85.98,137.7,3.257,1520.6,0
77.96,1913.4,427.7,100.0,383.8,2.142,4788.8,0
19.26,2281.0,639.0,94.2,331.8,0.283,1838.4,0
67.8,1619.4,485.2,99.27,380.8,1.406,3136.5,0
40.78,1636.0,618.0,85.92,181.6,3.304,327.2,0
76.88,1869.0,459.4,89.09,290.7,0.492,2794.7,0
54.56,2349.6,834.6,91.89,461.0,7.911,1845.7,1
64.74,1510.7,540.6,92.53,267.9,1.335,989.8,0
93.05,1370.5,743.6,91.07,421.2,2.228,3529.7,0
62.56,1710.0,539.0,90.08,115.6,5.83,3202.9,1
49.05,1904.8,475.2,100.0,114.9,3.507,566.9,0
,1020.9,428.3,86.41,286.1,3.468,1563.1,0
37.39,2146.5,495.3,89.22,156.9,3.755,2096.9,0
52.09,797.1,641.7,91.47,415.1,,2355.2,0
48.48,1613.6,848.2,94.38,108.9,3.498,4296.7,0
69.26,1759.8,557.8,91.73,213.3,5.015,1901.5,0
89.5,1159.4,623.1,91.63,,3.14,2323.8,0
66.21,2033.1,588.6,100.0,268.5,4.861,4472.4,0
77.56,1413.6,625.7,92.31,444.8,3.537,2863.0,0
86.69,2058.6,731.7,99.15,181.0,0.71,190.7,0
72.54,1987.4,448.7,85.69,294.7,2.666,1795.3,0
102.58,1462.1,309.1,86.75,259.4,2.471,619.4,0
81.66,2091.3,621.1,100.0,,6.215,3436.0,1
67.63,1269.2,277.3,96.56,446.1,1.398,277.6,0
102.81,1612.5,552.1,97.33,87.8,2.523,2748.5,1
60.58,1774.4,531.9,96.88,61.3,3.446,3204.4,1
57.16,1395.1,545.3,80.16,114.3,4.849,1475.9,0
59.32,743.7,595.2,86.97,221.6,4.621,528.4,0
71.98,2163.4,490.2,96.41,283.3,0.234,3045.7,0
65.4,2183.0,750.9,100.0,260.1,4.735,2091.0,0
76.33,2054.9,564.4,81.56,200.9,0.849,2434.8,0
75.96,1872.8,628.3,100.0,217.5,6.151,2379.6,0
78.01,2023.2,455.4,92.88,474.1,3.019,4606.7,0
78.62,820.8,563.5,88.7,436.0,2.213,3653.9,0
,2044.1,578.0,87.56,234.4,1.032,2537.2,0
59.05,1835.9,482.9,95.81,181.6,1.711,2152.9,0
59.76,1412.1,500.7,72.48,471.8,0.552,1086.4,0
35.55,1251.0,578.4,88.46,300.8,4.759,3065.8,0
68.18,1306.3,604.6,98.82,441.4,2.687,3617.3,0
73.59,1603.4,674.5,91.7,232.1,7.976,2151.1,0
78.51,2123.8,354.5,77.01,484.6,3.759,805.2,0
72.27,1302.9,708.6,91.16,345.0,0.063,89.4,0
65.0,1302.9,308.8,,146.4,6.356,841.2,0
78.24,1663.9,398.1,88.91,250.8,4.432,3202.2,0
,1544.7,423.1,97.87,263.6,3.879,825.4,0
47.81,2015.0,534.2,84.18,485.2,0.5,1319.9,0
53.96,943.0,815.7,93.93,334.1,2.431,4047.7,0
25.68,1543.7,402.9,95.95,132.5,1.813,4214.7,0
56.04,1160.9,563.0,,449.5,5.832,728.0,0
85.28,1867.1,230.8,87.53,207.5,2.144,4724.0,1
72.93,1290.5,311.4,87.43,210.0,3.163,2267.7,0
48.66,1752.9,495.5,100.0,173.0,5.189,3236.6,0
50.77,1283.7,742.5,100.0,393.6,5.527,4615.8,0
54.67,1870.2,480.4,100.0,175.6,7.9,3023.8,0
69.94,2626.4,427.8,100.0,362.5,7.13,2229.2,0
74.12,1379.2,639.7,98.42,495.5,3.73,580.9,0
37.55,1162.0,528.9,99.79,288.9,0.171,989.0,0
55.51,1819.1,601.3,95.81,430.6,5.02,1298.5,0
54.64,1877.4,313.4,92.64,194.3,6.084,388.5,0
,1903.7,584.2,81.78,457.2,3.462,4615.3,0
57.13,1693.5,550.2,92.54,163.6,2.732,931.6,0
49.92,1265.6,615.8,94.03,457.6,1.453,625.9,0
70.27,1803.9,553.0,89.36,216.1,,2218.4,0
65.01,1977.6,707.9,89.31,137.1,1.534,2905.1,0
49.05,1549.5,490.2,95.26,481.5,2.697,4811.3,0
45.09,1211.5,786.0,98.63,,7.241,3916.7,0
66.74,2209.0,559.4,95.45,174.1,1.8,2834.0,0
49.99,1730.0,624.4,89.69,424.8,2.444,2952.2,0
59.0,1278.6,306.6,100.0,94.0,0.146,489.7,0
47.99,1823.4,629.5,96.98,396.6,1.656,1963.4,0
52.71,1345.9,511.8,94.12,170.7,2.109,1532.4,0
59.27,1823.3,655.1,90.27,231.1,5.863,1534.5,0
79.12,2141.1,489.0,96.99,422.9,5.209,646.0,1
59.65,1502.0,594.2,96.89,468.2,2.28,3802.4,0
71.66,1576.3,535.1,88.34,442.4,1.209,2989.0,0
31.15,1772.3,264.7,100.0,312.1,1.331,3763.4,0
31.01,2018.8,561.0,84.49,228.3,3.903,3808.0,0
77.38,1203.4,451.8,100.0,392.1,0.692,2298.3,0
60.76,1242.7,380.3,83.91,61.8,5.136,1203.7,1
51.04,1076.3,448.5,94.9,305.8,5.062,587.0,0
53.55,1235.5,511.2,88.52,66.4,3.867,3019.4,0
73.99,2152.4,612.2,94.03,364.3,3.99,195.9,0
64.31,1177.7,703.8,90.47,470.7,7.311,3298.0,0
51.39,1463.8,272.5,96.79,211.8,3.516,3952.6,0
54.0,778.5,430.1,90.53,431.1,2.852,2015.8,0
78.76,1523.4,620.6,96.75,344.0,6.538,609.6,0
64.42,1340.3,557.6,90.03,303.1,3.358,3242.7,0
53.69,1906.0,431.6,95.79,435.6,0.394,3369.9,0
76.1,1409.0,453.3,97.87,157.7,7.169,903.7,0
71.85,1997.4,360.0,98.14,116.3,4.222,4423.4,0
49.54,1720.1,636.3,83.99,387.8,5.844,3409.4,0
62.53,773.6,496.5,75.78,299.7,3.798,549.8,0
56.19,1302.4,640.4,100.0,298.5,3.818,461.3,0
48.87,1424.3,684.6,100.0,301.1,3.664,940.5,0
88.08,1431.1,374.1,100.0,262.0,0.585,4696.8,0
57.68,1214.8,490.2,89.85,157.9,0.594,3894.6,0
80.88,2051.3,562.6,91.77,184.7,5.626,3502.1,1
62.05,1502.9,634.9,89.06,416.8,2.614,2297.6,0
,1241.0,370.0,92.14,223.6,3.646,2580.5,0
84.23,1748.6,496.4,98.48,331.7,6.258,3074.0,0
46.31,1637.2,393.8,100.0,162.4,4.284,646.9,1
50.61,1411.7,593.1,90.8,394.9,5.278,595.0,0
81.16,13637.251829343295,504.8,97.17,345.2,5.346,1891.1,0
59.17,1741.3,560.4,100.0,222.0,1.263,381.4,0
52.09,1089.0,377.7,89.87,258.7,0.84,2750.9,0
39.83,1124.7,485.2,89.25,145.7,3.023,717.3,0
45.95,986.6,670.5,100.0,53.1,0.375,3159.2,0
51.65,1929.7,564.6,96.75,292.8,1.81,3685.7,0
54.95,1048.1,386.4,100.0,329.0,1.184,2960.4,0
70.35,1728.1,743.6,89.12,325.5,1.802,3441.5,0
87.8,2271.4,483.2,100.0,319.5,1.329,3623.6,0
53.84,1218.5,575.4,87.52,321.2,4.565,2753.8,0
75.33,2128.9,472.3,94.04,329.9,0.58,4858.1,0
48.38,1154.3,700.4,95.16,55.9,1.51,4347.7,0
51.23,1891.9,408.2,100.0,270.7,3.997,2887.6,0
53.36,1218.5,430.3,82.88,80.3,1.295,3912.5,1
93.79,1423.5,577.8,100.0,221.6,0.662,3481.3,0
59.5,1508.7,778.7,99.68,344.9,3.233,1153.0,0
47.73,1684.6,500.6,100.0,89.4,4.239,4199.2,0
83.98,1413.5,520.6,100.0,200.0,2.923,1624.5,0
44.26,1507.6,354.2,95.64,455.7,0.741,675.6,0
54.4,1363.0,605.2,100.0,105.0,,4583.0,0
75.28,1851.5,334.8,91.76,67.7,7.903,3491.5,1
59.6,1427.9,627.7,95.88,360.9,3.628,2767.7,0
62.66,1110.1,586.5,91.27,,1.532,479.7,0
57.4,1779.4,346.0,84.71,153.4,3.451,1036.7,0
83.24,701.4,432.5,89.89,218.9,4.505,4052.8,0
46.47,1204.2,509.6,96.08,98.4,0.73,3113.0,0
50.73,1616.4,567.9,81.92,292.3,2.35,3433.7,0
86.63,2343.6,487.8,84.03,129.7,1.43,3299.1,1
66.86,1428.9,369.8,77.84,129.2,6.037,2319.0,1
66.99,1773.1,481.6,99.65,327.9,4.547,2583.6,0
63.98,1324.8,580.1,95.3,157.1,7.384,363.6,0
62.63,1156.8,617.4,95.18,52.5,4.427,2872.9,1
49.23,1828.1,455.9,93.11,129.1,2.088,899.3,0
61.57,1400.8,466.5,86.45,200.5,4.363,4033.1,0
52.34,1926.0,542.6,84.95,486.7,0.698,3572.9,0
69.55,1467.9,527.5,,109.6,3.886,4941.5,1
64.46,1585.5,654.9,100.0,159.9,0.164,2360.0,0
67.73,2470.4,670.4,96.66,462.8,3.09,3988.5,0
68.78,1517.1,512.0,79.79,309.2,4.028,466.0,0
40.77,2001.3,493.8,90.9,213.8,4.803,3933.2,0
69.95,1512.2,285.8,100.0,255.3,3.519,3568.5,0
53.69,1717.1,629.4,93.55,295.9,4.217,4326.1,0
51.63,898.5,558.3,93.44,160.1,5.745,573.9,0
69.68,1143.2,474.9,86.25,288.4,4.401,1446.9,0
75.33,1619.9,407.3,91.62,353.6,5.03,958.4,0
39.23,752.6,554.5,93.49,395.9,3.247,3509.2,0
68.71,2017.6,612.6,93.48,151.1,2.759,1328.9,0
68.8,1495.9,610.6,90.18,376.2,6.912,1734.9,0
76.87,1992.3,582.5,100.0,461.8,0.838,3562.9,1
72.99,1534.8,424.3,88.19,347.8,2.107,3040.0,0
43.16,1494.1,739.1,80.08,307.0,0.92,1889.5,0
63.41,1903.7,451.7,100.0,307.7,2.991,2993.3,0
-35.714876841518546,1968.5,395.4,,116.6,2.912,238.7,1
57.77,1822.2,626.7,80.47,235.8,4.566,3913.1,1
42.41,1841.1,633.1,99.91,112.3,2.857,3355.0,0
32.12,1943.6,491.5,88.74,117.2,0.929,2242.5,0
43.3,2154.6,451.4,90.07,371.4,0.27,27.0,0
74.99,1777.6,536.6,94.5,237.3,2.63,4600.6,0
90.88,2191.5,497.1,100.0,278.9,5.556,1257.8,1
59.28,1835.1,494.2,100.0,203.4,0.311,917.7,0
72.35,1235.9,458.2,86.69,318.2,2.136,588.1,0
78.63,1428.7,777.1,100.0,133.7,1.066,4292.4,0
63.31,1202.4,501.1,92.66,156.4,1.155,1337.9,0
71.76,1912.3,581.5,100.0,418.8,1.819,1323.0,0
49.55,1735.7,486.3,92.42,148.6,0.711,840.6,0
49.6,1230.8,539.0,,74.1,1.157,1826.0,0
59.88,2048.9,582.6,100.0,182.3,5.086,4463.2,0
68.6,1439.9,559.3,94.13,166.5,0.511,1254.6,0
64.85,1717.9,606.7,93.29,211.9,6.3,3404.8,0
65.46,1298.4,453.1,90.81,312.3,4.032,4059.1,0
54.73,1490.9,535.9,85.24,357.8,2.318,3384.1,0
86.33,1329.4,325.0,83.61,298.2,3.253,592.8,0
81.76,1525.7,198.4,89.7,413.1,3.584,4194.0,0
32.03,1613.6,439.1,85.62,259.6,6.649,4467.1,0
39.26,1607.6,586.5,96.18,458.8,3.466,4547.4,0
57.86,1861.8,410.4,100.0,353.0,3.439,40.3,0
48.64,1382.9,534.2,100.0,493.5,0.993,1829.5,0
33.9,1490.0,496.6,97.41,90.9,4.78,1606.8,0
67.28,1726.1,492.4,100.0,274.9,2.681,898.3,0
49.12,1598.0,426.9,92.07,392.0,4.008,489.7,0
48.01,1781.3,561.1,86.47,92.1,0.33,1072.4,0
47.22,1631.6,755.0,94.82,116.0,2.083,3407.4,0
54.73,1266.4,582.1,99.28,247.9,,4720.6,0
71.18,1754.1,372.4,95.74,245.7,2.617,4502.2,0
58.32,1826.5,511.6,100.0,370.8,4.615,4751.1,0
39.24,1581.3,595.2,91.21,165.7,2.078,4412.0,0
70.28,1776.2,600.6,94.42,195.8,2.445,4425.1,0
61.96,1853.1,289.5,88.07,109.7,5.154,3362.3,1
73.9,1469.2,529.3,100.0,163.5,0.933,3373.7,0
38.98,1742.8,769.4,84.12,374.5,2.597,3560.2,0
39.19,2151.8,466.5,100.0,278.7,0.87,17.6,0
52.8,1828.2,574.2,95.62,249.4,1.393,1435.5,0
50.33,1495.9,580.8,87.59,412.3,6.215,4631.0,0
72.04,1395.4,384.0,98.52,,0.385,4943.4,0
63.03,1837.3,508.9,85.71,260.5,1.117,4639.9,0
87.03,1647.5,472.3,90.24,273.3,4.691,2034.9,0
73.11,1724.0,517.6,91.79,81.8,0.653,3699.4,0
47.3,1620.7,536.6,85.09,402.5,2.732,978.4,0
55.11,1117.0,610.6,94.94,218.2,4.686,4120.8,0
51.18,1350.1,824.4,,409.2,3.805,4528.3,0
71.77,1811.2,621.1,100.0,74.0,1.462,3375.0,0
49.37,1761.9,681.2,100.0,441.0,4.366,4339.3,0
67.2,2019.4,539.9,100.0,466.4,2.513,4622.5,0
,1142.6,586.3,94.17,300.7,2.577,913.5,0
70.16,1859.4,737.7,88.08,306.4,3.83,566.0,0
60.96,1519.0,599.8,91.58,293.3,2.608,4767.5,0
82.87,1511.7,534.7,83.38,236.3,3.397,2853.8,0
61.57,1199.2,418.3,100.0,302.4,1.287,1218.1,0
73.82,1580.1,511.6,87.56,66.5,3.879,4789.9,1
57.18,1870.7,542.4,100.0,382.9,0.643,4983.5,0
50.29,2105.0,498.6,80.72,98.8,3.915,2944.1,1
98.78,2625.7,262.9,75.17,356.1,4.114,2541.6,1
71.25,1557.9,448.3,85.94,316.6,0.483,4488.6,0
81.98,1377.6,637.7,94.19,94.1,1.206,1512.4,1
80.88,1490.1,307.8,98.21,397.2,3.668,1690.7,0
68.59,671.6,451.3,83.61,62.9,4.265,2714.2,1
79.11,1346.4,328.1,100.0,155.9,1.69,4808.4,0
84.02,726.8,723.1,96.94,69.8,0.146,760.0,0
68.19,1946.2,649.8,86.95,249.2,0.563,3042.0,0
68.02,1746.3,478.5,98.27,57.2,1.43,3233.8,1
66.45,1173.8,556.5,95.36,64.6,1.924,2105.3,1
50.04,2510.6,695.3,86.74,457.0,5.851,1689.9,0
42.62,1485.8,723.3,89.26,494.7,2.991,2991.5,0
53.77,1721.5,463.2,83.75,346.5,1.274,2386.4,0
54.54,958.9,630.2,91.72,,0.927,2112.6,0
94.92,1654.9,529.8,93.87,107.0,0.309,4657.0,1
56.73,2052.7,511.9,88.45,174.5,4.178,4752.7,0
33.71,1990.0,388.0,100.0,464.0,1.157,2529.1,0
52.33,1980.0,744.6,97.62,64.0,1.642,1702.0,0
,1781.6,504.6,81.1,447.6,4.663,1323.5,0
64.87,1868.9,493.9,86.53,457.4,3.668,4225.3,0
73.92,1538.3,564.8,97.15,388.2,4.195,1639.0,0
57.89,1133.5,581.2,86.09,262.2,2.539,1905.9,0
46.59,1501.2,364.2,94.47,446.0,2.961,2920.7,0
58.89,923.7,608.4,100.0,66.0,3.81,4034.8,0
87.37,1520.2,312.3,63.68,218.4,2.952,4864.5,1
46.21,1401.0,598.3,100.0,291.7,6.021,1667.4,0
65.06,1543.4,576.6,100.0,362.3,1.236,1490.0,0
83.06,2146.1,470.7,87.32,133.6,0.005,52.5,0
102.04,1850.8,618.0,81.9,194.8,2.544,4518.0,1
51.71,2124.7,541.7,97.59,189.0,1.976,1815.1,0
56.6,2167.5,627.2,89.65,469.7,7.335,2045.8,0
51.67,1897.2,441.1,99.28,344.9,2.783,3787.2,0
93.32,1989.3,502.2,100.0,280.6,3.467,3838.9,0
91.06,1967.8,450.6,98.72,79.2,2.19,1202.8,1
78.29,1840.4,559.1,93.71,486.0,6.238,1900.3,0
65.72,1712.5,590.7,98.24,119.4,,3518.6,0
77.05,1629.9,545.5,87.43,184.0,3.27,4267.0,0
45.05,1640.6,477.9,94.47,351.5,6.993,794.9,1
43.06,807.8,548.9,94.49,168.1,3.198,2411.5,0
92.8,1548.8,404.4,89.92,170.8,1.026,4130.1,0
60.95,1664.1,672.4,96.95,395.4,3.661,1248.0,0
53.11,1775.7,509.9,89.09,447.3,3.545,1685.9,0
58.21,2004.6,508.1,88.83,75.1,1.612,1213.9,0
91.64,1400.0,412.4,73.68,100.2,2.54,3495.3,1
45.23,1942.9,548.1,94.95,323.2,4.432,3156.8,0
61.98,1317.5,528.3,83.58,293.8,2.836,216.8,0
52.24,1399.0,472.8,88.57,110.5,1.036,4692.9,0
62.96,1127.5,576.5,93.22,94.4,2.938,1441.4,0
77.41,2168.1,448.9,98.16,457.6,5.829,3823.0,0
54.84,1357.7,589.4,87.2,,2.287,1543.6,0
,1717.4,465.6,99.61,355.8,4.048,3584.1,0
42.47,1163.3,546.6,100.0,317.7,3.045,25.1,0
71.53,2211.1,468.2,100.0,352.6,6.52,574.1,0
70.05,1139.1,425.4,89.69,381.6,4.425,1013.4,0
66.68,1567.2,445.8,91.49,427.8,4.396,2881.9,0
47.77,2132.6,570.5,100.0,,4.299,3239.6,0
56.59,1420.8,487.5,91.92,344.3,1.015,4980.6,0
71.74,1540.6,391.0,81.44,403.1,3.067,4139.8,0
46.15,1621.9,457.2,88.81,467.9,2.096,1380.0,0
72.14,513.2,378.4,96.0,325.6,1.935,3491.2,0
43.19,1463.1,400.4,,349.7,2.568,4022.2,0
79.32,1137.2,595.9,75.05,316.5,1.186,140.4,0
69.04,1605.6,489.0,93.15,133.5,4.933,3290.5,0
65.25,1548.6,513.5,95.99,197.4,2.597,4377.3,0
32.62,1769.7,465.6,,226.9,0.666,1745.6,0
55.14,1860.0,541.6,90.27,454.0,6.095,4205.4,0
55.45,1671.7,567.1,96.59,213.1,0.712,3077.1,0
79.22,640.3,434.3,89.3,336.6,7.256,3064.1,0
69.77,883.5,359.9,100.0,423.6,5.889,2508.6,0
64.92,1346.8,624.6,88.06,451.9,3.409,3237.9,0
95.22,1228.0,708.1,94.76,418.5,2.777,2264.6,0
67.24,1718.3,571.6,82.69,316.4,4.094,605.5,0
55.93,1765.5,306.7,96.04,293.3,4.032,2471.2,0
72.23,2038.5,438.8,83.91,242.5,0.771,2678.7,0
97.47,1404.8,509.3,98.12,246.9,4.825,4421.9,0
70.37,1805.5,695.3,99.21,55.7,5.595,4151.1,1
57.87,1022.5,503.1,91.14,493.9,2.832,3065.6,0
43.31,1383.1,222.7,100.0,490.2,3.805,1357.1,0
62.23,2497.9,460.8,77.15,262.5,1.192,4077.7,0
79.7,1922.4,463.5,80.99,126.8,1.479,1980.5,0
68.03,1835.5,460.9,93.45,364.4,1.662,2173.9,0
56.8,434.8,705.9,87.19,355.9,0.019,4217.2,0
66.91,1714.8,501.0,85.14,391.1,3.834,4538.1,0
44.79,2132.7,510.0,90.39,96.6,3.26,4639.4,0
50.39,1397.2,595.4,86.89,110.4,2.87,1110.2,0
75.39,1690.6,532.1,88.25,164.9,5.113,1458.0,1
66.07,1246.6,517.9,96.46,337.1,2.508,4514.7,0
84.2,923.4,592.5,93.41,196.8,1.907,4969.5,0
31.18,2012.0,455.2,88.33,244.1,1.252,2623.9,0
46.24,1672.7,582.5,89.73,83.8,6.766,1046.5,1
40.45,1524.7,610.7,91.77,345.6,1.448,52.5,0
55.87,1988.3,506.0,92.67,383.8,7.312,1977.9,0
66.5,1282.8,692.7,75.8,235.6,2.326,989.7,0
73.58,1628.8,448.1,94.2,473.8,1.338,99.3,0
73.05,1842.3,338.4,77.31,220.8,0.818,3741.2,1
66.04,1935.9,587.5,85.96,429.7,3.294,767.3,0
78.0,11887.114506490856,559.1,100.0,131.1,1.216,1672.8,1
60.96,1349.1,414.0,87.88,339.4,3.892,4252.2,0
81.52,1964.8,685.4,100.0,458.7,2.264,510.1,0
61.33,2061.3,426.7,91.84,326.6,1.298,3479.0,0
72.4,1502.5,557.7,91.86,235.0,4.742,4032.3,0
57.6,2002.8,301.9,85.69,177.6,2.063,4934.4,1
43.69,1919.0,434.5,96.28,177.1,2.188,4378.9,0
64.72,1388.2,593.4,92.6,200.7,1.848,4017.2,0
77.41,1485.8,407.4,100.0,267.5,3.612,1435.9,0
49.13,2015.4,448.2,92.09,115.4,4.912,1910.7,0
41.51,1396.4,406.1,99.93,321.2,4.299,3486.4,0
63.8,1922.6,377.7,83.07,420.3,3.96,1655.3,0
43.58,1056.9,670.2,100.0,,5.286,2605.9,0
56.15,462.5,517.3,90.21,107.9,2.692,1805.5,0
24.68,1888.3,666.1,88.7,347.9,3.836,4896.8,0
63.34,1078.7,539.1,97.33,293.2,3.603,2780.1,0
79.27,1834.1,525.0,99.16,75.5,4.279,1776.9,1
53.63,1073.4,529.4,84.92,65.4,1.677,4273.5,1
78.72,1305.0,692.3,100.0,492.6,5.986,1652.4,0
72.39,1879.1,612.5,86.13,329.1,5.631,1889.0,0
63.4,1823.0,648.7,91.12,152.7,3.25,2863.4,0
69.58,1917.1,548.3,82.47,463.7,0.96,2764.0,0
63.53,1770.7,549.6,89.56,196.6,3.305,4169.3,0
65.09,1709.8,536.5,100.0,135.8,1.725,4295.6,0
49.1,1443.3,614.0,89.37,234.6,9.507,4671.9,1
68.62,1724.8,697.2,85.54,83.8,2.025,1734.2,0
58.36,2087.7,603.1,91.6,67.2,1.998,3042.3,1
37.44,757.7,442.7,,268.9,1.096,1170.8,0
72.91,1709.0,493.8,95.76,363.4,5.337,173.4,0
39.29,1229.9,588.3,98.16,210.9,5.163,4199.1,0
76.76,1655.8,528.0,91.48,444.7,0.726,2197.0,0
82.12,1773.3,486.0,90.76,342.9,4.123,234.4,0
40.92,1035.9,423.7,96.86,184.9,3.087,1822.2,0
52.73,1674.5,675.9,84.88,281.0,2.772,4527.9,0
65.64,1615.8,702.3,92.67,211.4,0.859,277.9,0
59.61,933.5,680.0,92.04,270.4,4.912,2230.5,0
74.98,1888.5,697.7,94.43,368.0,4.638,2576.4,0
89.8,1339.4,488.7,85.22,142.6,0.869,4211.6,1
56.05,1026.5,420.7,72.35,381.5,5.803,896.5,0
64.87,1679.2,462.1,97.95,152.9,0.638,2324.2,0
62.72,1895.0,467.9,93.03,227.3,0.256,2874.6,0
32.03,928.1,439.9,96.27,356.8,2.597,3093.2,0
61.88,1265.6,430.3,93.35,416.6,3.013,1857.5,0
55.3,1657.1,503.0,93.64,433.8,2.34,3848.6,0
69.77,1707.7,566.6,96.12,438.4,,723.4,0
85.0,1745.2,547.4,93.46,,5.315,4249.2,1
50.98,1394.1,611.2,99.15,344.4,3.59,4449.6,0
62.18,1855.0,695.1,87.55,316.9,6.663,4511.4,0
73.06,1349.5,398.6,99.51,394.6,1.084,4512.6,0
,1598.5,516.4,92.91,104.5,1.796,1949.8,0
59.93,1706.4,409.8,80.8,355.3,7.212,3981.3,1
27.29,1889.9,761.2,88.36,399.8,0.785,758.7,0
42.97,1543.0,415.2,99.19,474.6,4.11,2477.4,0
76.92,1446.5,455.3,92.27,99.2,5.155,2303.6,1
62.18,2043.2,491.4,90.19,414.5,4.372,1128.9,0
69.87,1362.0,562.1,81.06,261.8,1.578,2283.4,0
61.02,1276.2,510.8,88.56,489.3,3.82,1440.3,0
70.81,1571.2,521.1,92.96,413.3,3.315,1622.9,0
60.94,1488.6,566.0,96.64,431.5,2.759,3818.0,0
51.53,1662.9,460.4,93.96,182.4,4.183,643.1,0
71.08,2150.8,464.9,91.97,,3.322,1604.9,0
56.63,1320.6,548.4,86.71,101.3,0.85,247.1,0
50.12,1871.5,512.0,95.61,268.1,0.945,4994.3,0
71.98,852.3,548.4,97.52,248.2,3.743,4592.2,0
46.07,2055.5,428.6,82.14,366.9,4.949,1153.5,0
72.54,1554.2,588.7,97.2,311.4,2.151,3469.2,0
76.01,1717.5,598.0,100.0,237.4,1.751,204.2,0
80.23,2116.0,523.3,96.84,275.1,0.29,2868.1,0
62.34,1656.3,536.2,71.03,377.0,4.517,174.7,0
77.23,699.1,407.0,99.0,66.6,3.911,3463.9,1
70.41,1586.7,453.6,100.0,,2.724,4768.8,0
20.54,1731.5,564.8,99.02,434.7,4.352,1600.7,0
46.2,1840.3,495.4,100.0,,3.266,2500.3,0
80.12,1469.0,599.2,96.86,214.2,6.837,663.8,0
42.91,1354.1,482.5,90.2,457.5,3.042,3969.2,0
69.15,1636.5,564.2,88.62,113.6,2.284,3042.0,0
67.02,1927.3,655.6,,393.6,2.36,4081.4,0
50.13,1310.9,432.7,98.2,248.8,4.409,2913.9,0
87.91,1410.2,400.1,89.83,458.6,3.979,4409.9,0
76.12,1370.8,552.5,100.0,271.1,1.828,4934.3,0
60.12,1550.9,409.7,86.36,477.4,6.832,3890.7,0
89.28,1804.6,533.6,86.47,,4.596,294.7,0
74.62,849.5,506.9,80.56,433.0,3.644,1869.8,0
60.96,1705.4,496.3,94.13,51.4,0.24,3909.5,0
52.21,1750.7,326.4,95.15,233.0,2.174,1070.8,0
55.72,1747.1,399.6,97.17,,2.057,1222.9,0
55.36,2231.3,630.5,,73.3,5.597,4194.4,1
64.6,1365.2,631.0,89.98,146.7,0.581,3704.1,0
66.54,798.2,716.1,88.16,410.5,1.511,3615.9,0
59.7,2367.0,536.7,94.91,72.1,9.777,2794.0,1
29.55,1179.3,537.9,93.06,433.6,5.275,890.5,1
56.16,1352.5,629.4,98.05,226.2,6.515,3030.0,0
72.3,1370.7,501.9,90.35,193.5,0.358,3470.7,0
83.74,908.3,733.8,100.0,433.0,1.648,4003.8,0
62.31,1086.1,546.4,83.55,,4.462,1224.4,0
47.96,1802.2,546.8,100.0,423.0,5.911,3936.2,0
71.21,1570.5,545.6,88.38,464.4,2.45,1418.0,0
97.7,1391.4,433.7,84.74,71.0,0.466,3320.0,1
85.72,1723.9,392.8,91.5,268.0,0.53,3302.0,0
70.83,2052.5,599.5,100.0,419.3,1.823,1115.5,0
49.47,1591.9,459.7,93.42,52.1,3.668,1562.7,1
52.98,1996.0,597.6,89.16,228.9,4.232,2814.6,0
43.82,2270.8,449.9,89.35,251.5,2.832,525.1,0
56.89,1846.5,482.5,88.79,131.3,4.624,4878.6,1
57.4,1888.2,520.5,100.0,200.6,0.322,2095.8,0
64.01,1204.5,837.5,87.84,189.8,5.405,4498.4,1
64.11,1734.6,686.8,100.0,216.7,4.789,4.5,0
39.28,1678.4,497.1,,214.2,4.926,670.4,0
57.92,1319.7,644.1,91.01,131.0,0.803,4002.1,0
73.82,1266.6,609.4,93.33,418.0,2.696,42.2,0
60.33,1879.6,358.6,80.42,293.2,4.564,1272.0,0
90.53,1958.7,564.0,98.42,473.5,7.978,4189.9,1
69.78,1141.5,616.7,100.0,89.3,,4739.2,0
98.77,1552.8,201.7,83.41,,1.318,493.3,0
74.69,1737.0,622.6,91.1,242.4,1.949,3028.1,0
73.85,958.0,294.5,93.77,105.0,4.966,3442.7,1
72.51,1632.5,550.9,95.06,479.9,1.054,4567.3,0
48.95,1961.0,671.4,90.12,177.2,3.251,2104.4,0
40.04,1357.4,364.8,88.78,54.6,0.762,945.9,0
67.67,1919.9,449.9,94.54,106.1,1.246,1184.1,0
77.22,2416.3,498.6,94.79,452.4,1.298,1633.5,0
55.24,1646.9,626.2,97.54,73.2,0.841,4202.5,0
73.42,1711.7,501.1,100.0,180.9,6.196,32.5,0
53.13,1892.7,342.3,,364.8,2.921,4790.3,0
48.36,1202.8,446.4,100.0,347.0,2.709,58.2,0
44.76,1492.1,281.6,100.0,346.4,2.941,3065.9,0
68.4,1609.7,490.5,85.52,479.7,2.371,1631.9,0
31.45,1736.5,370.2,89.71,442.8,1.055,2485.4,0
67.12,1495.2,440.4,100.0,130.5,2.614,2272.3,0
71.48,1638.0,496.5,100.0,419.6,2.036,3279.1,0
54.23,2283.8,399.6,89.87,357.4,1.748,2904.9,0
45.74,1020.1,504.9,95.16,306.3,5.502,1884.5,0
88.71,1664.7,633.7,85.39,208.2,1.906,4086.1,1
47.71,1532.2,693.2,83.49,384.5,1.828,2198.5,0
37.21,1758.0,598.6,99.45,186.9,2.743,925.2,0
36.65,2759.4,633.9,92.94,79.3,5.321,762.1,1
52.13,1409.3,407.0,100.0,345.3,5.994,2970.2,0
62.97,2100.8,582.3,88.5,446.2,2.737,970.1,0
84.28,1075.3,525.3,93.03,375.5,1.29,4966.9,0
35.34,1571.8,686.4,87.9,486.7,1.943,1747.1,0
74.34,1412.5,458.5,93.09,255.6,3.596,2792.4,0
56.64,1475.9,740.4,94.57,129.9,0.085,2101.8,0
87.67,662.0,579.7,95.87,448.4,9.08,906.6,0
46.38,1186.4,512.0,100.0,88.1,2.235,2725.2,0
77.14,1908.8,453.3,97.75,77.9,2.459,2839.1,1
40.61,1704.4,562.4,89.29,203.7,4.339,1110.2,0
43.59,1810.9,400.4,96.61,477.6,0.717,1361.7,0
45.69,1745.9,355.6,84.01,394.2,3.286,26.7,0
36.73,1076.0,553.2,96.51,173.5,2.729,3146.9,0
92.22,1364.4,458.8,92.64,372.0,3.506,1830.5,0
51.74,1593.0,555.1,96.3,352.3,0.068,3306.2,0
50.1,1409.7,403.8,86.7,329.4,2.573,1304.4,0
59.78,1357.8,341.0,88.72,105.6,4.234,2627.1,1
64.68,1510.1,455.8,,156.1,2.46,712.1,0
40.31,1841.2,438.5,100.0,475.5,0.422,4070.8,0
90.39,1535.2,438.1,75.21,415.1,4.025,4438.3,1
89.41,1626.2,440.2,95.1,268.5,3.731,720.1,0
66.89,1420.0,445.3,84.4,138.7,2.535,2640.1,0
80.37,2072.3,655.7,72.39,384.7,3.822,1699.1,0
81.08,1394.4,425.2,85.35,324.3,2.822,660.1,0
54.83,2518.0,377.3,87.65,208.7,3.012,2009.5,0
76.71,1205.5,534.1,89.59,142.3,2.254,3524.5,0
48.15,1026.4,656.5,92.33,494.5,1.485,3900.3,0
72.64,940.5,456.9,86.49,419.8,3.354,2839.6,0
67.62,1810.0,622.7,,199.8,5.505,3461.3,0
80.19,759.2,673.0,98.05,76.1,2.024,333.7,0
55.24,1898.6,658.9,93.26,376.3,3.641,1277.7,0
102.6,2120.5,369.8,87.31,427.5,5.375,1654.3,1
45.74,427.4,420.7,100.0,272.0,4.423,2185.1,0
42.73,1652.1,603.9,97.95,107.7,1.803,72.9,0
51.04,1594.7,504.6,91.74,328.9,5.585,1877.4,0
92.46,1898.8,374.0,90.32,499.3,6.14,4948.6,0
36.37,1221.2,442.5,100.0,434.5,1.156,3883.4,0
65.57,1814.5,519.3,87.51,372.1,3.916,4798.5,0
63.4,1417.8,622.0,84.72,106.9,6.298,2548.7,1
66.9,1454.4,391.0,89.97,146.4,2.283,3223.1,0
54.94,1362.5,538.6,87.66,56.4,2.745,2815.6,1
46.58,898.4,301.9,,210.7,1.543,1808.1,0
,1556.6,640.6,96.99,452.1,1.617,3323.0,0
58.72,1405.2,379.7,89.78,337.1,6.729,4443.8,0
78.0,1524.0,684.8,100.0,135.0,2.793,1730.6,0
48.23,1801.5,513.0,83.49,267.0,1.689,1208.1,0
70.61,1381.7,672.4,98.06,305.8,4.432,4833.0,0
41.03,2333.5,614.7,86.69,208.8,0.633,3708.9,0
67.02,1743.7,405.7,90.69,69.6,4.7,4368.6,1
69.7,1279.4,348.0,97.85,70.5,6.092,3497.1,1
31.93,1713.4,564.0,100.0,333.8,4.635,2982.9,0
40.89,1271.4,505.8,,412.3,0.166,1786.5,0
79.08,940.2,278.1,91.88,167.8,3.58,3171.2,0
54.34,1579.4,531.8,90.02,135.1,5.351,4108.1,0
65.66,1229.7,434.5,87.45,171.0,0.217,1719.7,0
99.66,1134.9,404.6,88.77,415.2,5.127,4030.4,0
62.46,1909.5,588.1,94.83,416.2,2.52,4979.4,0
63.08,1753.4,475.3,87.72,405.7,1.824,873.2,0
65.08,1087.2,418.7,90.04,92.9,6.953,2610.8,1
66.93,1058.8,539.1,84.0,454.3,0.954,3477.3,0
77.19,2067.5,409.3,89.7,448.4,3.775,4720.8,0
83.17,1705.6,537.2,95.2,117.8,1.65,1758.1,0
34.24,1454.7,403.4,88.42,167.5,1.606,2604.8,0
71.23,1629.1,797.9,86.05,412.6,5.304,3886.8,0
74.18,1636.3,433.7,92.07,321.4,1.281,1437.0,0
13.04,1618.5,604.5,75.86,464.1,0.436,3377.9,0
77.41,2325.3,698.7,98.25,356.9,3.647,2414.1,0
43.35,1322.0,385.8,99.57,334.5,3.534,733.7,0
52.07,1907.3,463.4,85.5,238.6,3.291,2252.0,0
65.46,1898.1,552.1,,428.0,4.96,1065.3,0
62.03,1339.2,636.8,92.42,326.9,,3551.6,0
53.21,1719.1,493.7,,122.3,1.178,2282.6,0
53.01,1358.8,357.0,87.83,227.8,3.375,3039.1,0
69.14,1933.5,635.7,95.59,320.3,6.93,637.2,0
62.01,1865.0,584.1,88.36,405.5,1.891,4041.3,0
36.09,1463.8,701.3,92.08,462.9,2.158,4743.1,0
67.62,1965.7,687.6,80.52,137.2,3.411,1451.8,0
75.59,1703.1,553.6,99.11,368.7,4.916,2050.8,0
79.15,2310.8,319.5,100.0,317.9,4.657,1604.2,0
69.79,2389.6,589.8,100.0,183.6,2.219,1849.2,1
68.76,792.0,364.6,87.11,430.4,6.19,2195.6,0
45.37,1265.4,647.4,91.33,347.0,2.721,2185.7,0
73.04,1356.0,528.4,93.0,172.4,3.929,1781.6,0
38.5,2105.8,575.3,98.38,172.6,0.201,272.2,0
61.05,861.4,374.7,86.38,475.1,4.729,3038.5,0
42.08,2228.5,611.6,,406.2,4.775,91.8,0
95.04,1637.0,710.8,98.8,309.8,0.244,3266.1,0
80.95,1363.7,601.2,81.09,379.1,3.371,28.5,0
53.46,1071.8,488.1,85.96,221.9,2.489,4519.5,0
62.05,1976.2,547.5,98.16,435.9,5.798,4462.2,0
72.16,1623.4,454.9,89.24,247.7,7.251,2861.3,0
44.03,1602.5,593.0,,277.3,3.534,4490.2,0
,2227.2,508.2,85.55,313.0,2.902,4270.5,0
68.36,1509.9,397.5,85.4,222.6,3.206,2678.4,0
54.06,1752.5,629.4,98.64,79.9,3.872,4448.6,0
57.77,1465.9,662.9,90.39,432.2,3.333,3424.9,0
88.09,1359.0,536.8,98.84,440.0,3.365,76.5,0
64.16,1601.3,605.8,94.3,125.8,2.907,2727.9,0
52.5,2124.3,585.8,100.0,133.5,1.943,999.0,0
78.56,1353.0,496.3,94.79,471.4,2.197,4336.7,0
67.28,1341.0,480.5,,,1.692,2778.9,0
66.52,1589.1,313.7,100.0,124.5,4.906,1552.6,1
79.98,1686.2,703.4,97.63,383.4,4.613,4026.7,0
64.9,1946.5,522.6,83.8,353.7,2.033,1877.1,0
69.09,1685.4,541.7,83.44,392.5,3.189,4160.8,0
52.3,1437.7,685.9,97.23,79.4,2.811,623.2,0
60.82,1538.3,467.3,100.0,165.9,0.414,4456.1,0
41.75,1566.5,705.3,99.18,201.6,3.391,2135.1,0
57.95,1697.2,616.8,93.43,224.6,3.021,3000.4,0
56.01,1337.0,421.8,93.36,143.4,4.05,745.6,0
50.1,1820.9,380.8,87.75,157.1,0.305,3793.4,0
78.84,2105.7,601.2,,453.0,0.535,4451.8,0
54.73,1802.1,669.2,85.75,152.6,1.522,4768.6,0
26.14,1106.1,533.4,98.36,402.5,2.602,3290.4,0
57.95,1065.6,531.3,100.0,374.8,5.867,1925.5,1
77.4,1417.0,336.4,100.0,285.5,1.863,1329.6,0
69.54,1812.1,474.9,96.84,396.4,1.956,2514.4,0
54.21,1406.0,683.2,98.4,250.3,,1078.0,0
52.73,1138.2,341.1,85.57,242.5,5.458,1157.7,0
100.8,1614.4,434.6,91.53,397.3,,127.1,0
87.0,1404.3,496.0,94.05,372.0,3.951,4729.6,0
48.39,1624.5,309.6,96.08,195.4,5.399,932.3,0
56.12,1733.7,537.0,96.54,140.7,2.741,57.4,0
52.44,1538.2,467.7,100.0,51.2,3.914,1383.6,1
84.72,1836.6,439.3,91.24,367.0,5.495,207.7,0
70.78,1047.6,641.8,100.0,475.5,3.254,1689.1,0
72.19,1311.8,536.9,97.77,369.4,5.528,1651.4,0
78.42,1458.3,573.0,86.37,413.1,4.295,1900.4,0
45.68,1780.0,546.3,91.52,,0.21,3343.0,0
76.2,1520.4,473.9,89.06,481.5,5.51,1971.7,0
81.52,2204.4,540.3,96.36,94.8,5.252,3536.7,1
50.84,2566.2,423.0,100.0,77.2,0.403,4833.9,0
64.33,1360.5,642.1,99.63,109.8,1.526,400.3,0
72.92,1098.5,539.2,91.51,247.0,1.533,1437.5,0
56.19,1591.2,509.3,100.0,472.9,3.644,4354.3,0
65.04,2263.4,651.6,100.0,88.0,1.408,2362.7,0
61.97,1690.1,529.7,94.39,55.8,1.933,2547.7,1
70.19,1333.3,611.4,97.44,73.4,3.551,3241.2,1
53.23,1033.1,637.4,,,4.529,3771.5,0
70.95,1488.6,439.5,97.43,109.0,4.383,2944.5,1
67.74,1834.8,523.7,80.87,420.1,2.008,3410.9,0
95.01,2179.4,551.5,98.61,458.5,1.532,3246.3,0
95.99,1492.0,304.8,80.09,346.9,2.154,3129.5,0
63.88,1331.7,445.2,91.97,387.6,4.377,2463.7,0
54.24,1962.7,511.3,98.07,137.6,0.273,3838.9,0
23.35,1827.0,291.8,87.56,480.6,2.494,2470.2,0
53.51,1146.5,652.0,95.29,163.5,3.495,2791.9,0
61.22,1301.7,302.8,86.95,61.5,2.937,997.2,1
80.92,959.4,383.6,99.02,175.4,4.684,3495.7,0
59.63,2021.6,604.5,98.21,201.1,3.033,4975.3,0
76.2,1914.4,366.3,84.5,414.2,4.422,3104.8,1
50.65,1988.2,470.6,93.52,309.7,3.21,2596.1,0
67.47,1673.8,485.9,100.0,355.5,0.519,387.8,0
75.44,861.3,537.0,82.15,106.6,1.168,1546.6,0
68.0,1572.9,798.4,88.2,92.0,0.918,3396.2,1
61.11,1529.7,685.4,100.0,458.6,0.145,4502.6,0
35.85,1286.3,656.8,96.45,292.2,2.88,3124.2,0
52.22,1925.3,690.6,87.83,168.9,2.953,4532.3,0
48.53,1638.7,460.0,78.84,188.9,0.912,3184.0,0
29.5,1890.3,666.7,98.3,491.1,3.102,3498.3,0
41.82,1470.4,696.9,98.31,59.9,3.583,3028.8,0
65.84,1841.1,474.3,86.32,142.8,2.434,754.6,0
90.0,1804.6,259.2,92.47,319.1,5.641,1295.7,0
82.39,1797.1,539.8,99.73,254.3,3.737,3082.4,0
101.77,1289.3,413.7,100.0,375.9,3.408,4137.5,0
56.85,1168.8,365.5,99.72,395.8,4.747,4086.7,0
89.53,1350.6,550.9,93.53,444.6,7.242,4939.7,0
75.69,1293.4,557.9,94.44,197.6,1.89,2363.8,0
,2193.0,639.0,87.94,253.9,2.745,4461.2,0
78.19,1763.8,630.6,93.08,233.3,5.421,3743.7,0
54.53,1446.1,511.1,85.32,383.9,7.097,575.6,0
60.91,2257.8,383.9,100.0,277.1,3.231,842.4,0
,1864.6,631.4,98.68,447.5,0.383,1800.8,0
73.24,1345.6,447.9,89.96,424.3,4.855,2729.1,0
55.28,1787.9,362.1,88.29,191.0,5.758,2600.2,1
56.34,1086.2,616.6,91.86,305.1,,2855.5,0
,2065.5,429.8,83.53,319.6,3.227,3421.4,0
95.99,1819.9,390.5,91.41,251.1,5.342,3087.5,0
54.92,1474.1,371.8,94.17,219.9,3.812,371.4,0
76.25,1367.0,558.6,95.05,448.2,2.045,2778.2,0
60.22,1699.0,702.3,89.38,369.8,1.757,1269.2,0
38.5,1791.3,461.1,96.41,183.7,3.486,2625.2,0
87.28,2200.5,556.3,91.33,61.5,3.214,935.6,1
74.39,1081.4,563.8,80.62,215.4,1.143,3545.5,0
74.72,1647.9,500.6,93.61,153.1,1.996,3019.9,0
92.55,1887.6,429.0,89.19,406.4,3.703,4000.9,0
65.8,1693.1,618.8,100.0,60.3,0.43,4263.8,0
88.28,1187.6,623.7,93.92,142.7,6.907,386.6,1
67.0,1893.9,886.6,88.09,115.3,0.754,2926.9,1
46.9,1402.6,489.4,100.0,449.9,4.687,4904.6,0
67.53,1571.8,444.7,100.0,387.6,2.728,1165.9,0
-18.72919239822546,1804.9,528.0,93.07,300.3,2.815,2612.0,0
77.52,1512.0,572.1,85.64,439.9,0.07,1203.2,0
42.69,1892.4,587.9,94.88,352.9,5.694,2112.5,0
86.15,1530.2,412.7,91.81,347.9,0.697,495.2,0
75.39,1821.4,399.5,87.06,458.4,2.801,2077.3,0
-39.916081672051156,1749.1,486.5,92.57,499.5,5.093,1520.5,0
47.43,2393.8,561.3,98.55,272.1,5.271,3848.0,0
64.15,2040.8,528.2,91.02,225.2,0.987,2062.1,0
48.95,2195.9,458.2,88.25,357.5,3.19,923.6,0
27.9,1751.5,381.0,86.9,309.3,2.642,4213.6,0
81.21,1409.8,483.2,96.87,424.0,1.946,1142.5,0
52.32,1356.1,406.4,97.42,62.1,0.523,1055.0,0
63.56,1422.9,564.6,,442.7,1.728,4744.9,0
49.25,792.6,482.9,80.7,475.6,2.393,1121.7,0
49.16,1976.1,710.6,89.21,112.7,6.057,2912.6,1
45.98,1223.6,506.6,95.63,241.2,1.547,790.0,0
54.85,1042.5,651.8,92.67,176.6,8.067,3808.7,0
66.34,1613.1,389.0,88.65,119.1,,4689.2,1
65.57,909.0,563.7,96.37,226.7,1.931,900.0,1
29.07,1408.6,763.7,93.31,155.4,6.618,2593.8,0
75.1,1393.2,378.0,100.0,311.5,2.048,522.7,0
52.48,1660.5,689.2,90.06,439.1,,1815.3,0
72.43,2461.3,325.6,88.68,460.3,3.289,2792.0,0
62.54,1115.5,559.5,92.14,395.9,1.608,297.7,0
57.87,1135.6,619.6,96.43,373.1,5.067,160.5,0
46.51,840.0,406.7,86.52,126.8,1.054,972.6,0
52.23,1970.0,390.9,93.17,132.4,0.438,4330.5,0
55.14,915.1,502.3,97.34,486.2,5.382,1578.7,0
31.92,2080.7,362.9,97.46,236.0,1.384,3915.8,0
62.36,1434.3,392.4,91.05,430.3,6.133,1493.1,0
76.73,1733.8,620.5,100.0,169.0,2.147,1155.8,0
72.5,2276.7,488.6,89.34,303.3,0.433,4427.5,0
57.07,2272.4,392.0,85.78,83.7,,1406.0,1
74.33,1218.8,583.9,87.8,155.5,3.925,2527.7,0
43.38,1688.0,579.4,100.0,227.9,4.893,3286.4,0
50.91,1573.7,559.1,98.23,369.3,5.217,2446.8,0
72.4,1602.4,546.8,88.14,107.1,4.195,2868.0,1
62.69,1511.8,851.8,100.0,189.0,1.945,1289.0,0
80.89,1808.8,691.9,89.02,198.5,6.732,2948.4,1
61.88,963.4,669.7,96.81,492.7,0.205,2.6,0
57.75,2103.5,643.0,84.19,196.4,2.845,1008.5,0
,1510.6,601.1,90.21,363.0,3.251,4612.7,0
64.49,1414.4,482.0,98.37,263.3,5.122,1560.0,0
65.02,1123.8,491.1,89.92,82.2,5.261,3530.4,0
55.52,1763.6,360.8,87.45,202.8,3.363,2287.1,0
54.93,2129.9,514.8,83.13,254.3,3.706,3688.2,0
51.97,1867.1,585.4,96.62,467.4,3.838,1712.2,0
64.77,1940.3,623.5,85.89,292.0,3.999,3938.7,0
40.57,1081.8,715.2,93.56,435.4,3.844,4750.8,0
68.19,1427.2,593.2,86.24,315.0,5.863,1766.9,0
55.19,1797.9,565.0,100.0,483.3,1.52,3512.1,0
96.52,1291.2,502.4,87.12,325.7,1.741,2861.6,0
50.03,1802.1,510.6,94.37,124.9,2.07,865.5,0
43.61,1693.5,331.4,90.29,58.5,4.775,2885.3,1
83.7,2043.6,510.3,96.64,164.5,8.441,2790.7,0
67.91,1838.9,590.9,100.0,414.9,,357.3,0
46.1,1826.4,639.9,83.19,358.8,4.755,2345.4,0
73.2,1393.7,691.2,86.59,453.4,8.878,4970.2,1
73.0,1084.9,574.2,87.07,194.0,4.902,1244.1,0
64.63,2336.8,688.1,89.58,66.1,0.168,2265.3,0
87.74,1702.1,575.8,100.0,487.9,8.297,1588.1,0
72.45,1600.6,501.7,86.34,416.4,4.878,57.8,0
61.52,1576.6,785.3,88.83,155.8,9.923,690.0,1
60.76,798.9,580.2,94.42,270.4,2.762,3196.8,0
46.69,1846.2,328.3,71.06,259.5,1.126,4404.1,1
61.54,1671.1,498.1,90.13,,4.162,2287.9,0
74.67,873.8,609.6,89.4,85.8,2.206,1498.6,0
67.6,518.3,640.7,91.48,185.4,2.066,4930.4,0
76.85,1146.3,517.8,88.46,92.2,1.099,333.4,0
,1353.0,559.4,73.61,320.9,2.139,1714.3,0
70.65,1616.8,358.9,100.0,208.7,4.929,1281.2,0
51.36,853.6,634.3,93.86,485.3,0.807,4577.6,0
65.7,1688.7,486.6,97.23,195.3,5.818,2549.2,0
60.22,1441.5,608.8,89.39,450.9,2.523,1598.0,0
77.42,1350.3,412.3,100.0,,2.794,962.4,0
44.49,1648.0,480.9,88.79,305.8,,4649.1,0
72.98,1378.6,594.0,91.55,463.7,2.493,4966.7,0
60.92,1593.5,431.2,,279.1,3.212,1342.8,0
45.69,2209.0,488.8,92.51,327.8,3.132,1330.4,0
71.63,1580.8,417.7,100.0,435.9,0.172,905.1,0
46.63,872.3,643.7,100.0,448.3,1.377,1406.9,0
87.51,1613.9,480.2,94.19,345.0,1.239,3251.4,0
73.77,1026.8,569.7,100.0,427.5,3.547,2150.3,0
43.64,2228.9,536.5,93.27,,2.439,467.5,0
36.43,2084.2,665.5,96.62,166.8,2.219,366.7,0
49.2,2044.4,683.2,85.16,352.3,7.372,3745.4,0
48.9,1412.2,561.7,81.56,281.1,0.922,3296.4,0
73.46,1464.2,508.3,95.94,98.2,2.354,1862.6,0
84.37,1937.4,716.0,94.62,404.0,2.403,4254.3,0
72.34,950.3,327.0,97.85,432.9,3.05,4188.2,0
64.83,1151.8,460.7,86.45,374.1,,4475.5,0
63.95,1351.8,439.5,100.0,307.7,4.382,3585.8,0
52.98,1473.7,273.2,80.03,409.9,0.984,2625.5,0
72.22,1435.4,420.3,99.42,219.6,2.649,3756.0,0
82.12,1902.7,554.2,89.45,227.6,0.229,3574.6,0
63.99,1219.4,443.9,100.0,407.2,6.064,4761.5,0
,1951.4,484.4,80.64,298.3,1.054,2825.6,0
65.0,1335.2,572.1,86.83,91.1,3.456,71.8,0
68.75,1092.7,617.6,96.92,50.2,2.656,2544.9,1
42.02,1357.2,558.0,97.15,397.8,0.116,4630.7,0
75.5,1112.0,372.3,94.56,251.0,4.116,1670.6,0
61.71,1725.9,410.2,,256.2,1.802,370.0,0
46.06,2007.3,612.7,94.98,76.1,0.394,1920.7,0
85.31,1783.7,424.6,97.96,340.0,2.972,1878.6,0
63.56,2023.3,690.6,88.07,338.4,3.092,75.3,0
43.07,1525.3,556.1,88.54,478.3,6.19,3881.8,0
35.94,1043.8,457.8,94.95,448.7,1.709,1131.0,0
58.29,1294.6,374.1,87.48,183.6,0.553,1706.6,0
64.05,2397.4,570.5,97.64,481.6,4.192,3016.3,0
54.88,1382.7,513.6,100.0,220.3,3.185,1344.4,0
57.18,1769.1,619.5,83.13,275.7,4.503,1416.0,0
68.34,2022.7,527.6,,483.7,1.55,575.1,0
67.63,1833.2,402.2,92.26,464.4,6.588,769.3,0
73.95,1838.3,507.2,88.89,407.1,5.171,742.8,0
80.32,1741.7,537.1,91.97,,5.664,2835.5,0
45.41,2384.5,729.6,83.91,243.9,1.436,4847.3,0
44.53,1496.4,527.1,84.59,333.8,2.063,2195.1,0
58.78,1832.9,581.1,92.98,54.3,4.927,496.2,1
53.95,1800.3,637.9,98.59,318.8,3.246,202.6,0
51.29,1775.9,550.5,93.47,200.4,3.812,4274.3,0
54.67,1578.5,542.2,91.55,492.1,2.57,3479.3,0
58.03,1512.5,323.7,97.44,276.9,,3226.8,0
80.88,1685.8,518.7,91.15,145.4,5.643,2545.5,1
70.46,1273.5,375.5,95.91,312.5,5.552,190.6,0
57.6,1016.5,366.6,97.32,463.9,3.03,1987.4,0
76.89,1415.0,395.5,88.55,156.8,0.948,188.4,0
72.97,1732.0,491.9,86.2,314.9,3.385,3080.5,0
41.3,1541.1,435.3,98.19,138.0,3.025,2019.2,0
37.04,1450.0,566.0,90.96,,4.069,3960.5,0
45.67,1781.3,512.6,95.77,479.6,1.305,4693.9,0
64.27,1761.5,527.4,90.71,51.7,1.95,497.7,1
49.41,2037.1,403.1,87.79,214.8,7.845,670.0,0
50.71,1829.1,513.8,94.89,142.3,3.232,4303.0,0
85.45,1275.9,482.7,93.14,239.7,1.888,2109.5,0
78.28,2073.0,404.6,100.0,227.0,2.19,2455.3,0
68.84,2197.9,532.5,82.48,287.4,6.01,2200.7,0
58.25,1507.2,643.0,96.13,123.3,1.081,350.0,0
70.98,1593.1,552.5,97.49,292.3,1.181,1124.6,0
39.49,2176.8,506.1,97.05,356.7,4.52,969.9,0
64.35,1841.1,496.4,94.19,229.6,0.542,1018.0,0
68.32,1254.1,327.2,86.4,186.3,4.538,2461.8,0
69.22,1761.8,507.8,98.32,129.3,3.011,3146.5,0
62.01,1800.4,434.5,98.8,243.7,4.489,4616.0,0
55.76,1883.9,547.4,93.46,210.9,6.371,2779.0,0
74.11,1552.5,602.5,98.53,335.4,1.299,741.9,0
71.39,2030.1,480.0,86.3,93.8,1.577,3395.6,1
44.25,2260.2,538.4,98.34,67.5,2.047,4502.0,0
70.69,2164.1,632.1,92.46,377.6,3.802,1808.7,0
56.68,1730.3,627.3,88.45,301.8,5.5,1775.2,0
60.05,1088.6,591.0,93.55,426.8,2.217,912.6,0
59.01,1657.3,690.4,97.87,,2.506,2441.6,0
67.06,1761.8,640.3,88.97,213.7,0.73,2782.2,0
,1342.8,588.6,92.63,212.9,0.597,3723.8,0
108.52,1344.9,469.8,90.91,246.7,1.852,2779.7,0
74.33,1768.8,497.1,96.5,387.5,4.209,1217.8,0
70.82,1275.9,671.7,100.0,412.9,0.072,3505.5,0
,1852.6,672.9,93.28,225.3,4.467,696.5,0
47.14,1295.3,658.9,100.0,225.6,3.209,3688.6,0
33.66,1595.0,548.3,92.27,456.5,3.741,682.0,0
77.83,1973.7,577.1,98.79,306.5,0.492,772.1,0
52.27,2080.3,730.2,81.54,424.2,1.043,3407.3,0
79.85,1583.2,493.8,94.41,371.8,3.812,2015.0,0
53.48,1074.8,648.7,94.0,50.4,3.865,4917.0,1
59.64,2697.8,434.1,95.68,314.7,3.394,528.9,0
53.49,1565.2,530.1,91.08,454.9,0.907,2958.6,1
70.26,1483.1,571.4,80.75,51.2,0.539,3975.2,1
,1914.3,617.6,91.82,330.2,5.462,4553.5,0
58.48,2040.1,754.7,100.0,444.2,3.238,588.3,0
74.47,1812.0,488.0,93.78,237.8,4.894,1334.5,0
59.16,1916.5,611.6,89.49,419.6,0.307,1937.6,0
23.81,2271.9,269.8,92.71,466.5,4.758,129.1,0
53.19,920.8,410.0,100.0,438.8,1.543,1854.6,0
86.75,1479.8,489.0,100.0,52.8,5.71,207.0,1
33.86,538.2,762.4,93.16,219.1,2.736,3468.9,0
53.19,2247.4,671.3,90.2,370.0,3.756,2228.4,0
66.07,1905.7,487.9,86.12,323.8,1.337,34.9,0
50.73,1802.7,641.8,100.0,51.0,2.297,124.1,1
51.38,974.4,462.0,78.04,79.4,7.617,3700.6,1
68.64,1677.1,524.7,100.0,468.2,5.276,3988.1,0
57.91,1608.9,432.3,90.07,56.0,0.341,3034.7,1
39.71,1042.5,503.3,92.34,239.4,2.046,851.9,0
71.42,2121.6,622.5,92.47,415.7,3.174,4615.4,0
63.93,1770.0,491.6,89.94,127.2,2.558,1472.3,0
73.38,2089.6,550.3,80.95,263.3,3.267,1063.7,0
41.13,1228.5,466.7,90.63,119.5,3.842,546.4,0
56.55,1302.4,658.8,92.6,97.7,1.93,185.3,0
53.18,1884.4,502.0,90.3,254.4,3.775,4275.7,0
79.1,2277.6,469.1,79.51,355.9,2.126,2357.6,0
89.89,1471.5,243.6,83.45,66.4,1.887,4211.8,1
50.21,1675.7,369.7,93.59,89.7,2.481,1234.1,0
67.58,1787.5,503.4,91.35,441.2,4.717,65.4,0
62.82,1354.0,682.7,90.57,494.4,3.447,2143.8,0
30.84,1650.0,446.3,99.87,74.8,6.038,3019.2,0
43.87,1261.6,494.5,89.22,420.1,3.703,167.6,0
71.62,1738.1,510.2,96.89,96.0,0.772,4133.5,0
65.36,14313.723291790706,434.3,100.0,374.3,2.31,4296.2,0
63.8,1806.1,534.4,91.94,83.1,0.459,918.9,0
67.99,1413.8,473.6,91.49,157.4,3.238,265.0,0
64.41,1935.6,605.9,100.0,284.2,0.572,4963.6,0
63.83,1395.3,459.0,93.3,55.3,4.905,2321.3,1
65.19,1888.7,428.4,93.28,314.0,0.549,632.8,0
48.61,2288.0,504.8,99.05,70.4,5.925,2612.5,1
64.29,995.6,527.7,88.4,489.3,0.114,2381.6,0
99.42,1833.8,415.7,95.57,149.1,1.346,4087.8,0
84.27,2056.5,723.6,88.3,83.2,1.458,2387.3,0
65.64,1507.0,528.6,84.76,399.7,7.943,597.8,0
64.54,1401.2,679.1,86.48,108.8,1.468,3767.6,0
56.16,550.9,513.5,85.13,131.2,3.567,4678.8,0
61.54,1658.3,451.7,,451.6,2.032,46.8,0
63.08,1652.4,562.1,100.0,138.8,4.464,255.7,0
66.3,1678.3,597.2,88.57,175.0,0.608,1532.5,0
60.01,925.7,559.5,96.95,429.8,2.328,4093.6,0
86.11,1934.5,482.8,89.11,136.8,4.521,1445.2,1
18.32,2307.7,542.6,100.0,464.0,1.782,3640.4,0
88.52,1844.8,649.5,100.0,414.4,1.597,2433.9,0
49.24,1581.6,431.3,93.14,100.7,1.171,3642.6,0
,1234.2,417.1,84.41,464.4,1.584,74.1,0
60.97,1736.1,441.8,91.55,273.4,0.67,2618.3,0
85.37,1903.3,574.4,94.1,270.4,3.287,3352.9,0
62.49,1629.8,663.3,92.48,448.5,5.053,2113.0,0
80.06,1631.6,767.1,95.69,212.9,0.617,4843.8,0
61.46,605.9,492.7,96.25,162.9,1.43,4921.8,0
65.27,1376.4,539.8,89.39,81.1,5.099,3093.2,1
68.32,1991.9,487.4,100.0,349.4,1.069,1548.4,0
64.69,1379.3,476.6,92.08,409.9,5.951,1589.3,0
71.44,1523.5,352.8,95.9,452.7,4.666,2984.4,0
70.17,1687.2,541.2,83.37,418.0,3.666,3061.7,0
,1486.0,538.1,100.0,311.8,1.31,4168.9,0
-29.238015080341178,1921.6,473.3,88.97,402.2,,968.6,0
59.92,1653.2,466.7,94.16,165.2,3.866,2443.3,0
68.19,1240.2,621.7,100.0,447.7,4.024,2101.7,0
63.74,1249.6,631.0,100.0,304.8,2.656,4029.8,0
52.8,1512.5,546.7,100.0,382.8,3.909,4877.6,0
44.78,1375.8,671.9,88.82,271.4,1.054,3688.4,0
50.9,1191.8,531.7,98.98,99.5,4.048,880.9,0
58.72,2396.9,191.9,87.18,330.9,5.888,4778.3,1
53.81,2207.7,491.9,86.77,276.9,1.134,1349.3,0
59.47,1883.8,704.5,97.7,400.4,1.762,2933.6,0
66.34,1388.1,518.3,100.0,75.4,3.398,3736.6,1
35.42,1649.4,559.1,93.62,419.3,4.476,1891.5,0
58.97,1749.4,697.5,90.37,206.2,0.411,274.8,0
71.35,1621.1,610.2,76.92,316.3,5.37,559.7,0
90.55,2517.4,339.0,100.0,294.2,1.807,592.8,0
67.28,1276.6,502.7,100.0,185.2,1.859,1884.0,0
71.31,1657.2,531.3,87.9,366.2,,907.7,0
45.43,1544.5,478.5,91.55,214.7,7.077,3443.6,0
57.72,1858.2,421.7,96.77,171.2,5.11,3038.0,0
41.18,1218.6,383.1,100.0,401.2,4.414,1330.0,0
32.23,1780.0,590.7,81.44,217.4,0.039,1577.3,0
65.45,1181.1,542.5,89.28,138.4,2.943,4078.9,0
62.77,1296.9,634.7,97.4,301.0,5.649,4273.6,0
61.59,1489.6,200.3,97.08,482.2,5.009,3606.1,0
55.19,1670.0,656.6,89.72,345.4,5.343,4009.0,0
43.98,1427.9,390.4,100.0,373.2,3.188,902.9,0
53.73,1287.8,591.0,100.0,258.2,1.559,1059.1,0
31.43,1719.2,718.2,90.0,370.8,2.802,691.3,0
89.97,1791.9,487.9,95.75,241.6,4.08,1063.3,0
63.37,2162.2,564.0,95.06,410.1,1.104,2222.4,0
31.15,1451.8,301.7,95.04,406.3,4.664,2207.9,0
47.91,2037.9,569.4,88.79,367.7,1.067,3941.9,0
74.13,1818.4,612.3,100.0,349.2,3.569,690.0,0
73.39,1614.5,423.3,100.0,392.2,1.417,374.7,0
,2153.5,750.5,,325.3,3.299,1521.3,0
74.78,2178.3,563.9,99.58,267.7,3.219,4699.8,0
60.39,1229.8,465.5,99.55,187.4,3.051,1924.7,0
96.44,1546.0,395.6,96.57,170.8,1.693,1937.7,0
62.66,825.4,520.6,86.27,62.3,4.231,923.5,0
50.51,1465.1,279.4,,392.5,3.211,4664.3,0
48.17,1102.0,577.3,97.33,274.6,3.869,4945.3,0
73.46,1484.0,518.6,96.06,117.7,6.118,1478.7,0
59.52,2102.6,447.1,86.21,213.6,0.847,4954.7,0
47.11,1860.5,684.1,87.43,355.6,0.698,4861.5,0
62.21,1632.2,653.3,84.56,376.0,0.309,2828.1,0
43.61,1491.6,605.0,97.29,476.3,2.872,3123.8,0
48.96,1466.2,466.3,100.0,157.7,3.093,688.7,0
46.93,2058.5,608.3,98.86,377.7,2.985,4239.4,0
73.45,1819.2,523.0,85.2,353.6,4.611,1277.4,0
50.19,1637.5,479.3,85.73,104.5,3.362,2194.4,0
58.55,1662.6,384.7,93.73,342.1,4.908,3126.5,0
,1175.4,595.2,87.26,495.2,1.127,4895.7,0
72.28,945.3,494.6,91.27,168.3,5.846,4833.8,0
54.2,1655.5,498.8,100.0,52.6,5.471,4466.1,1
66.22,1159.1,411.3,100.0,347.9,0.052,4815.1,1
89.08,968.3,658.9,91.46,235.4,8.059,4525.6,0
65.08,2337.9,542.6,94.81,451.9,6.163,1471.8,0
68.84,1438.3,637.3,95.55,59.7,4.347,3364.4,1
63.42,2013.5,624.0,87.2,480.1,2.022,2231.8,0
60.1,1398.9,489.8,100.0,207.6,3.325,2994.2,0
64.35,1899.9,532.2,90.78,63.4,2.953,3444.7,1
24.36,1514.3,612.3,93.61,63.7,0.317,4544.7,0
58.15,1597.6,431.8,90.23,252.9,4.543,879.5,0
,1177.4,525.5,83.63,186.4,6.231,741.1,0
3.09,1823.3,530.0,86.02,96.5,2.118,3132.4,0
71.95,2251.1,490.1,91.84,319.8,2.665,634.0,0
39.04,1701.6,568.3,71.65,161.5,2.753,3722.5,0
90.63,1539.0,671.3,100.0,69.7,0.839,647.8,1
76.24,1062.8,534.5,91.47,262.1,0.318,3266.7,0
100.73,1548.1,582.5,100.0,326.4,2.542,3580.6,0
42.64,1878.1,475.7,95.21,225.9,0.37,2298.1,0
61.98,1955.7,528.5,85.89,257.1,3.458,208.3,0
63.77,2217.0,508.2,89.86,215.9,5.911,3418.5,1
47.68,885.0,399.0,93.5,283.5,2.926,3339.5,0
92.98,1773.4,564.5,98.15,292.1,0.821,348.3,0
84.5,744.6,445.9,83.61,364.1,0.205,1978.8,0
43.2,1697.9,496.1,85.06,449.2,7.491,4677.1,0
62.37,2238.8,565.9,87.15,495.5,3.686,128.2,0
88.11,2043.7,714.1,89.58,335.1,2.148,2729.8,0
47.07,1652.2,482.1,94.48,470.0,4.006,698.2,0
57.05,1563.1,533.6,96.59,449.3,8.537,2665.9,0
45.04,1648.5,423.5,98.13,343.9,3.722,4213.1,0
85.27,1563.8,374.8,100.0,357.8,2.257,4068.7,0
62.73,1668.5,531.4,100.0,472.0,8.304,3412.6,0
36.34,1489.7,611.3,90.05,144.0,2.981,672.4,0
65.73,1884.1,451.2,96.48,122.4,2.632,1822.7,0
68.41,2071.6,454.4,100.0,412.9,2.889,2885.7,0
42.51,1744.1,490.5,77.82,278.8,0.365,1606.9,0
19.46,1789.6,477.2,86.25,283.6,1.717,4153.4,0
88.21,1077.1,530.5,82.65,404.7,5.12,1796.1,0
57.02,2291.3,229.2,85.03,181.7,6.618,1674.0,1
68.92,1288.3,477.3,94.33,136.9,4.34,980.4,0
60.69,1852.5,542.2,100.0,202.0,4.534,2054.2,0
62.54,1534.5,517.2,78.73,361.0,0.806,55.6,0
63.19,1478.8,655.9,94.58,457.5,3.763,4888.2,0
61.68,1392.7,339.9,100.0,207.2,4.11,289.7,0
45.79,1987.5,591.3,97.24,325.6,0.181,2371.1,0
89.21,1149.9,417.8,95.58,211.6,0.42,1989.0,0
88.96,1971.4,324.8,91.98,448.7,3.09,3472.8,0
65.71,698.9,449.0,100.0,250.3,4.155,3047.2,0
84.95,1571.1,648.9,100.0,251.8,1.168,2965.5,0
51.19,1515.4,479.7,99.3,94.4,2.142,33.0,0
54.55,1535.6,426.8,83.68,336.1,3.186,2923.6,0
40.43,1290.7,636.7,95.08,346.1,0.182,1981.8,0
70.15,1904.5,599.2,88.47,101.3,7.07,2382.1,1
46.21,1779.7,442.9,80.1,401.2,4.98,2426.6,0
29.27,1738.3,508.6,,246.6,1.245,3820.6,0
39.55,1530.1,530.7,87.51,77.0,,2435.5,0
88.94,1820.6,494.9,85.96,,0.73,2455.7,0
52.37,2244.5,434.5,93.89,115.3,1.108,499.6,0
82.69,2162.3,602.7,86.67,69.7,0.336,3136.6,1
63.55,1205.4,322.6,93.88,352.3,6.175,3882.9,0
59.27,1488.8,326.7,89.64,193.3,3.737,3693.6,0
31.03,1390.5,478.0,82.65,289.6,4.943,4861.7,0
53.85,1580.3,410.8,86.21,125.8,1.595,46.3,0
35.26,1437.9,663.6,91.76,323.1,3.346,2469.6,0
52.03,1454.6,356.2,85.32,231.2,2.432,1243.8,0
65.87,2076.7,600.2,91.91,155.6,1.969,3403.2,0
-6.188082634893654,2376.8,634.1,100.0,297.1,6.648,3308.0,0
69.87,2076.1,530.7,96.68,268.3,1.875,2012.7,0
48.58,1479.1,464.9,91.91,421.4,2.205,485.9,1
64.42,1335.9,462.9,94.52,251.3,2.908,2000.9,0
61.75,1964.9,532.1,92.5,121.3,5.792,4157.3,1
55.57,1319.1,514.7,91.36,404.9,3.759,1765.1,0
54.36,2105.1,506.1,92.29,384.1,2.003,3223.3,0
95.1,1653.2,461.1,93.29,307.0,4.497,2562.9,1
77.01,1688.9,513.4,93.45,184.4,3.216,2441.7,0
21.17,1636.1,443.8,100.0,62.9,7.364,4343.1,0
71.21,1688.7,450.4,83.61,462.0,0.478,4907.5,0
87.48,1820.5,565.2,94.96,209.9,0.081,3651.8,0
84.72,1697.4,396.7,,223.3,0.842,458.5,0
46.34,1118.2,710.1,91.01,64.2,5.002,4239.8,1
71.71,633.7,454.2,89.35,397.6,4.141,3862.7,0
88.47,1144.4,597.1,88.52,452.8,1.528,2103.5,0
34.22,1503.4,628.3,87.54,459.9,3.134,3301.2,0
54.61,1797.2,320.1,81.79,392.0,1.473,4694.2,0
78.24,1486.9,523.2,100.0,340.2,5.115,4250.1,0
60.19,1877.9,619.9,86.05,108.6,1.732,559.6,0
58.62,1207.3,376.1,95.18,162.1,4.605,4487.5,0
89.34,2074.1,569.8,100.0,280.0,1.862,2639.6,0
85.48,1661.2,456.9,100.0,235.0,2.642,3883.6,0
63.02,1953.6,705.8,,401.7,3.84,4164.3,1
62.11,1464.4,554.6,100.0,299.0,4.109,3241.2,0
44.11,1920.9,409.5,100.0,141.9,1.763,1659.2,0
61.31,1658.4,500.0,94.3,411.8,1.377,4722.3,0
60.22,1310.6,463.2,89.97,256.1,1.506,1668.5,0
27.36,1252.1,433.7,99.85,110.1,8.566,3229.0,0
42.33,1592.4,502.3,92.28,249.5,1.469,420.9,0
54.04,1709.6,733.5,78.78,391.2,4.377,2772.6,0
65.01,2005.3,365.7,90.46,83.1,1.03,4555.4,1
61.03,1800.5,502.5,94.36,175.3,4.372,4981.4,0
78.38,1018.7,367.8,100.0,155.9,2.674,2474.5,0
72.48,1897.5,632.4,97.8,158.5,5.463,3377.4,1
60.33,1571.5,532.5,95.67,387.3,2.86,1113.6,0
73.14,1773.2,478.2,85.3,79.5,5.68,2643.5,1
36.86,1065.3,560.2,92.73,113.2,1.941,2838.1,0
85.24,2065.3,554.2,96.54,418.4,5.728,3873.1,1
89.45,318.5,628.0,98.33,186.7,4.513,1210.2,0
65.76,1961.1,368.5,93.44,72.6,3.276,2794.7,1
55.51,1652.6,388.1,94.86,329.7,4.101,4526.3,0
92.96,1734.6,653.9,97.35,311.9,3.516,3448.2,0
35.54,2085.8,595.0,90.11,319.3,2.432,2662.2,0
71.67,1789.1,408.5,93.82,166.3,3.011,425.8,0
78.71,1472.4,728.3,84.21,227.3,2.656,1063.8,0
,1185.5,657.4,78.39,115.1,2.121,3082.3,1
44.49,12218.859103509283,605.8,89.27,357.8,3.0,3208.8,0
48.13,1697.9,415.8,100.0,127.0,1.243,1299.2,0
56.12,1965.7,463.1,99.05,296.7,3.868,1951.2,0
65.72,1285.7,374.8,100.0,217.5,5.843,2089.6,0
56.28,1736.5,425.0,98.22,413.8,,3627.0,0
50.91,1318.3,602.4,92.97,259.9,0.804,3551.5,0
58.43,1151.8,682.4,94.42,,2.277,1210.7,0
66.81,1730.9,557.2,100.0,213.0,1.507,3783.7,0
66.18,1131.4,471.1,77.83,168.3,3.798,3910.1,1
70.5,1194.7,552.7,93.92,,1.442,1392.3,0
67.86,1467.0,461.4,85.91,368.1,5.312,2744.3,0
65.65,1311.6,644.1,86.16,148.5,1.561,1175.9,0
77.39,1860.6,472.2,82.91,,3.492,2696.0,1
66.94,1279.6,411.1,86.35,268.1,4.256,2810.8,0
37.45,1446.5,559.8,92.39,224.1,0.628,3001.4,0
73.75,1681.0,433.1,100.0,192.7,3.449,3840.0,0
71.02,1288.5,518.4,88.34,73.1,7.494,867.5,1
65.44,1690.7,705.9,87.16,288.5,2.606,2562.3,0
61.96,1305.3,260.2,80.81,128.5,5.69,3643.1,1
74.68,1913.2,477.1,97.53,217.7,4.543,585.6,0
58.42,1237.4,535.9,82.42,118.1,1.425,4245.3,1
59.72,2159.8,559.3,92.46,,4.46,2836.8,0
57.85,1333.1,438.6,83.96,223.2,3.323,3993.8,0
61.12,1568.5,420.0,97.5,240.0,4.117,4878.1,0
46.16,1733.9,622.6,100.0,445.8,5.858,3289.8,0
,1746.7,605.3,93.55,403.8,6.774,3324.0,0
34.33,1221.1,613.6,100.0,147.4,2.312,871.4,0
40.81,1616.3,618.2,86.52,276.5,4.761,1807.5,0
51.75,1286.8,580.9,92.49,428.2,5.984,2331.5,0
87.56,2163.9,653.1,96.03,185.2,3.627,3642.8,0
83.16,2011.4,346.3,95.87,456.9,2.878,1716.6,0
35.2,1688.9,450.6,84.69,381.8,4.426,1735.0,0
74.85,1057.5,466.3,100.0,474.2,3.294,1530.2,0
57.25,1438.5,570.3,93.51,479.0,8.187,3389.8,0
80.32,1460.7,465.9,92.21,126.8,4.444,2972.6,1
,1459.1,586.6,100.0,,3.201,1298.9,0
61.89,1911.7,395.8,97.61,445.6,1.557,641.0,0
39.89,1539.8,706.1,86.57,280.1,0.711,4135.0,0
65.68,1526.9,440.9,98.29,476.7,4.765,2070.1,0
54.64,2179.6,485.4,100.0,,5.568,1103.5,0
54.0,2293.6,891.2,84.68,196.1,6.052,1559.1,1
49.67,1355.7,689.7,100.0,192.9,1.629,909.7,0
69.15,1340.0,711.6,87.94,174.8,2.474,4092.6,0
46.58,1652.1,465.3,100.0,496.8,0.156,1703.9,0
55.38,1453.9,483.9,93.82,352.0,5.966,275.1,0
75.56,1886.0,508.2,84.65,344.7,3.229,1416.1,0
28.82,1569.6,475.9,100.0,130.2,5.945,197.2,0
69.47,1892.1,516.3,86.66,154.1,,1666.6,1
46.62,1590.9,514.8,89.49,483.0,2.406,1575.6,0
64.23,1929.6,691.2,100.0,126.7,3.127,2281.9,0
76.36,2265.0,221.3,85.35,112.2,1.095,512.7,0
43.36,1479.8,601.7,98.28,385.5,2.178,3439.3,0
73.57,1771.4,527.8,80.47,307.7,2.32,3617.5,0
66.85,1651.9,738.2,96.6,95.9,0.73,2548.8,0
73.52,1155.2,449.8,100.0,281.4,3.115,652.8,0
48.19,1956.1,517.2,84.72,122.5,3.626,3597.8,0
66.52,665.9,271.9,93.67,,3.836,3030.2,0
93.67,1778.3,524.2,94.63,421.4,3.511,3152.4,0
62.55,1550.8,450.4,76.57,256.1,1.271,738.0,0
59.53,1226.2,596.3,93.81,357.3,2.193,281.7,0
49.43,1897.9,453.9,88.04,65.7,0.292,4085.0,1
69.53,12922.380612890614,636.1,95.42,460.3,3.204,1420.2,0
76.11,1839.1,425.6,90.5,296.5,4.162,2477.6,0
79.44,1447.3,533.7,100.0,139.9,1.072,2472.1,0
59.57,1708.3,277.4,98.07,66.2,1.566,4181.4,1
47.29,1327.2,425.9,82.02,115.2,6.312,4566.7,1
61.64,1753.5,542.0,82.01,367.3,4.583,4011.3,0
41.38,1347.4,494.1,100.0,247.9,1.577,4937.4,0
71.33,1065.0,419.3,92.63,460.4,2.688,1047.2,0
52.47,2224.3,534.1,100.0,236.2,6.144,3249.5,0
78.95,1606.7,527.0,86.98,113.0,4.697,2725.8,1
61.32,828.5,613.1,89.38,299.0,4.072,3271.1,0
74.46,1741.4,636.8,100.0,410.9,2.113,3151.7,0
52.99,1953.3,405.8,76.88,61.9,3.795,1527.9,1
58.95,1779.0,580.2,85.62,137.2,4.415,3529.9,0
53.21,1710.0,421.5,88.76,232.0,2.556,209.0,0
74.55,1601.2,557.4,99.4,467.2,1.032,2853.7,0
83.57,780.1,527.0,96.36,125.7,2.29,1610.4,0
49.53,1837.4,577.7,100.0,321.2,3.149,628.5,0
66.83,917.2,691.5,75.26,470.1,4.347,2016.9,0
61.79,1501.3,352.6,92.38,310.2,1.32,1391.2,0
65.18,1823.2,541.6,91.18,198.7,2.949,4002.1,0
57.93,1725.6,684.6,94.33,265.9,6.324,4479.8,0
75.43,1135.1,663.2,93.54,107.0,2.534,3914.2,0
,1766.4,532.0,82.12,492.2,3.993,609.4,0
49.67,1325.1,382.2,92.36,380.6,5.083,718.3,0
87.49,2736.3,551.8,96.15,172.5,3.222,1698.6,0
,1836.9,616.4,90.34,277.8,0.929,1071.5,0
42.59,2390.5,617.6,96.54,211.0,0.764,2051.2,0
58.13,1525.7,432.3,100.0,269.3,0.44,3550.1,0
86.29,1153.8,531.9,97.89,,3.958,4236.7,1
34.49,1819.0,745.3,100.0,,2.519,1265.1,0
40.7,1478.8,767.8,81.83,203.0,4.32,4184.3,1
44.99,2011.7,518.1,83.96,60.4,1.262,1558.8,0
47.02,1511.1,594.0,90.85,54.6,3.379,6.4,1
55.79,1568.0,526.6,94.12,236.0,5.694,2822.7,0
58.77,1128.0,562.1,89.58,395.5,0.808,3870.6,0
62.93,1894.9,536.8,79.56,95.7,3.98,2786.2,1
60.02,1908.5,418.0,92.93,134.3,1.348,1806.6,0
72.78,2042.7,443.1,94.72,152.9,1.123,1753.0,0
73.99,2278.5,504.0,95.81,125.6,2.206,2034.5,0
68.49,1423.1,355.8,91.35,276.7,1.344,3121.4,0
46.95,1380.6,619.6,88.86,499.8,1.885,2296.1,0
46.16,2045.7,441.1,100.0,145.8,0.26,2688.3,0
81.95,1315.5,511.9,96.52,364.3,6.093,3962.1,0
57.21,1228.2,404.2,82.83,469.0,3.549,1380.4,0
70.41,1696.9,477.8,90.31,337.5,3.567,3454.4,0
45.97,1236.2,494.6,85.59,336.5,4.98,3110.1,0
77.67,1236.1,613.2,91.86,360.5,2.261,3115.2,0
15.46,1644.6,462.4,86.32,193.6,3.85,3657.3,0
72.27,1361.1,519.8,85.21,175.7,4.609,730.9,0
94.79,1171.2,712.4,91.63,113.6,4.629,4369.4,1
67.69,1708.6,496.0,90.17,258.8,1.215,1717.3,0
58.47,1681.6,748.5,84.69,281.5,0.447,4414.9,0
72.92,2002.4,612.5,100.0,,3.95,1370.1,0
74.85,1838.9,692.1,93.19,61.9,5.898,1587.9,1
86.92,2064.3,572.1,96.61,90.2,3.978,47.5,1
42.88,2077.3,557.2,94.14,203.2,3.585,143.2,0
65.84,2113.3,638.9,94.55,154.7,5.32,2264.8,0
55.37,1813.2,449.2,96.63,192.9,5.295,1965.9,1
47.31,2263.5,515.5,87.57,198.6,,4020.1,0
75.86,2014.1,455.3,84.53,313.8,1.56,4668.0,0
79.79,2015.5,468.3,90.18,442.9,1.886,615.6,0
32.59,1174.0,570.1,93.59,412.2,2.39,4435.1,0
49.24,1558.6,344.6,87.52,286.5,,695.9,0
78.58,1422.4,402.9,90.34,477.8,0.974,2591.0,0
73.59,1458.0,570.1,90.01,446.0,4.183,3577.9,0
61.09,991.7,472.4,90.6,359.1,1.874,264.5,0
39.82,1382.0,606.5,100.0,342.7,2.205,3283.8,0
91.05,1071.9,349.7,97.01,102.3,2.623,2153.6,1
80.46,1581.1,547.7,100.0,317.0,3.336,3590.0,0
66.92,1221.6,623.6,97.54,476.0,0.465,3707.9,0
59.88,1737.3,421.4,97.13,154.8,0.213,1449.7,0
75.79,2503.7,607.6,100.0,325.3,3.57,4460.3,0
82.51,1572.5,673.3,85.72,430.8,2.512,4991.8,0
56.19,1581.5,734.5,85.98,283.5,5.687,4540.3,1
54.3,1976.3,565.7,,481.5,3.461,752.5,0
62.2,2038.8,445.3,92.51,187.3,4.746,3943.5,0
37.29,1678.2,677.8,99.71,148.8,1.871,4322.4,0
81.12,664.5,474.5,100.0,253.3,8.129,1638.9,0
48.72,1349.3,520.9,100.0,367.5,5.648,2566.2,0
19.94,1333.1,524.0,100.0,113.0,1.626,1003.8,0
58.66,1265.6,610.3,92.53,188.0,7.421,4931.7,0
28.12,2400.3,380.3,100.0,192.7,3.98,878.1,0
,1761.7,699.0,95.96,322.2,3.454,32.6,0
58.54,1517.9,488.3,97.53,99.0,0.417,3914.1,0
112.16,1882.6,456.1,97.38,82.5,2.327,4673.0,1
49.93,1978.2,709.0,85.25,398.0,5.132,3397.4,0
24.98,1864.3,513.3,94.28,308.7,4.298,4337.6,0
55.76,913.4,446.0,90.26,480.4,5.628,2344.4,0
81.17,1798.4,351.0,92.36,397.3,3.17,3034.4,0
46.82,1540.3,474.3,89.46,164.4,7.249,883.9,0
35.67,1366.7,702.5,88.02,267.6,6.308,572.1,0
85.52,1027.1,563.7,96.68,181.9,0.809,4676.1,0
70.08,11114.890958857264,455.0,88.32,356.4,0.32,1806.7,0
59.97,1437.8,618.4,89.92,402.7,,1746.5,0
61.44,1279.3,544.0,93.64,228.1,4.714,4583.0,0
,2041.2,647.4,97.74,448.0,5.316,2927.1,0
46.33,1039.1,576.5,98.32,335.5,3.386,1643.3,0
65.96,1350.4,540.9,85.76,306.4,3.702,588.8,0
46.07,1775.6,539.4,86.39,455.7,6.951,227.1,0
41.91,1882.9,453.7,83.81,425.5,1.95,2558.4,0
37.25,1350.7,659.2,85.83,452.5,2.659,4656.0,0
87.73,1814.7,418.8,87.45,294.1,5.324,3079.9,0
83.54,1555.3,472.0,91.67,102.2,0.224,4059.1,0
51.67,1719.8,402.3,90.88,390.6,2.445,2256.2,0
51.09,2301.7,510.8,94.18,342.2,2.363,3637.4,0
64.7,1967.5,600.2,98.88,483.5,,4890.4,0
60.97,1348.3,745.6,100.0,,2.666,4502.9,0
61.31,1673.9,448.2,94.87,409.3,2.981,149.4,0
68.88,1633.6,381.4,100.0,434.1,3.403,986.1,0
27.99,1537.4,475.0,93.01,398.7,1.406,4365.3,0
71.15,2042.8,423.0,100.0,346.1,0.271,2702.2,0
89.8,1827.5,514.4,84.76,359.9,0.865,2482.7,0
69.55,1513.3,430.9,95.57,484.1,3.285,3269.6,0
50.18,1493.8,461.3,90.96,105.5,2.336,2303.0,0
38.81,1261.5,479.4,94.34,214.0,1.272,2843.6,0
63.77,1623.2,751.8,100.0,100.5,2.234,897.4,0
67.51,1446.1,552.8,94.88,279.2,4.34,1962.1,0
69.03,1153.1,627.0,88.49,63.5,1.407,2244.9,1
69.16,1881.3,375.4,95.49,280.1,0.882,687.8,0
69.52,1763.7,531.0,85.46,351.8,,4665.2,0
41.4,2448.3,442.2,88.82,359.8,5.097,3028.8,0
63.58,2038.6,732.2,78.17,463.3,0.075,641.2,0
60.52,1610.3,471.2,91.36,328.4,1.039,1205.4,0
40.48,1671.9,459.9,87.57,398.0,5.844,556.4,0
57.83,816.4,379.2,98.34,481.2,2.357,748.6,0
44.04,1147.2,526.9,100.0,357.5,2.616,1575.5,0
92.85,1352.0,470.4,93.55,327.7,5.636,300.2,0
96.69,1596.4,578.5,82.68,344.6,4.139,467.8,0
59.51,831.0,454.3,82.26,250.1,4.351,2886.5,0
79.92,1730.4,396.5,83.73,277.2,3.675,1941.2,0
46.61,1887.0,525.1,100.0,297.3,6.232,1033.1,0
64.61,2204.4,441.4,88.93,317.6,1.264,3886.9,0
31.37,1872.8,598.0,89.0,348.8,2.967,3719.5,0
57.7,1040.4,542.3,87.38,119.3,5.799,620.1,0
47.1,1457.9,758.1,88.86,107.1,0.331,1534.8,0
51.72,1464.0,498.9,93.33,165.5,3.134,768.3,1
51.29,1744.8,448.3,90.65,288.4,3.352,190.4,0
60.63,1393.3,477.7,82.5,299.4,2.757,816.8,0
33.88,978.7,346.5,92.86,53.5,1.759,3760.4,0
46.61,1334.2,393.6,91.58,111.8,2.873,3663.3,0
74.79,959.0,338.9,82.03,152.8,,4084.0,1
68.76,999.6,673.0,95.22,197.9,0.504,1833.3,0
62.7,1704.7,534.4,78.6,331.6,0.176,2405.2,0
60.28,1747.3,339.5,87.51,385.8,0.508,2951.7,0
54.23,2087.3,614.9,84.33,331.9,1.772,3943.6,0
76.95,2292.3,351.6,97.19,334.5,1.886,374.6,0
62.9,1686.1,570.7,89.45,154.7,3.094,1148.8,0
47.46,1775.6,545.6,87.88,336.4,0.483,2502.5,0
70.76,1284.1,597.1,91.71,74.0,2.452,272.2,1
70.8,1367.6,715.7,96.62,164.0,1.53,947.1,0
66.24,1521.8,352.6,86.74,227.4,2.986,2663.5,0
74.99,1066.0,589.7,,419.8,3.333,2750.4,0
44.64,1604.9,480.6,92.56,,5.512,2722.3,0
78.83,2325.7,517.4,92.16,354.8,1.361,3966.8,0
64.55,1734.3,596.8,100.0,392.6,2.158,4525.2,0
59.33,1480.2,636.3,93.59,369.6,3.197,2668.8,0
,2198.8,436.2,82.84,356.5,4.596,2272.0,0
69.05,1281.9,485.4,94.36,486.3,3.104,1925.5,0
52.63,1790.3,466.3,90.81,128.3,5.121,1512.7,0
41.4,1634.0,635.9,100.0,383.4,4.18,1658.3,0
42.29,1401.9,592.1,91.91,308.0,4.98,3096.6,0
63.76,1985.4,754.1,100.0,60.3,,2916.9,1
45.44,1965.7,477.1,,290.9,3.797,1340.2,0
111.36,1427.9,552.3,100.0,422.0,0.42,822.5,0
50.08,2029.7,373.7,95.39,,5.622,1972.2,1
64.19,938.2,731.0,88.92,182.4,1.137,3533.8,0
73.11,1951.7,544.8,82.74,492.8,3.076,1786.5,0
,1332.2,508.1,92.32,356.8,0.339,4101.7,0
64.06,1259.0,550.6,92.26,478.9,4.142,4128.3,0
54.35,1660.1,521.3,99.99,,5.1,3470.2,0
74.42,2023.3,467.4,100.0,217.3,6.665,3332.7,0
81.98,1002.0,653.2,100.0,413.9,5.411,2653.2,0
69.51,1103.7,578.6,95.8,72.0,4.195,2377.6,1
82.42,1133.3,599.3,88.08,167.4,1.398,4541.8,0
69.07,2319.8,541.1,97.57,360.9,0.868,437.2,0
74.73,2644.4,403.0,100.0,74.1,0.562,1780.6,0
57.5,1474.4,508.1,100.0,471.9,0.971,4340.4,0
69.84,1650.8,463.6,96.85,367.0,1.369,4871.2,0
43.6,1834.6,570.2,93.76,86.3,1.572,3389.0,0
52.89,1824.1,540.4,86.81,52.8,3.176,937.9,1
63.81,1738.2,613.3,95.37,482.8,3.967,499.4,0
70.21,1278.2,495.6,96.35,183.8,1.753,410.8,0
70.43,1629.7,564.6,98.07,230.6,1.26,1750.7,0
59.77,1838.5,574.9,92.75,66.9,1.65,1609.1,0
28.36,2029.3,612.3,99.89,107.3,4.438,2355.6,0
62.99,1591.0,576.5,88.66,336.5,3.522,956.0,0
61.42,753.1,423.9,89.61,56.4,4.696,4747.7,1
47.72,1658.2,397.4,94.7,300.9,2.75,2436.5,0
69.04,1145.0,613.3,80.7,425.4,4.714,118.6,0
74.38,1479.4,588.8,83.0,256.6,0.047,3433.8,0
34.24,1590.7,812.6,98.03,314.6,1.653,4700.8,0
56.26,1662.8,518.3,93.61,434.0,7.029,2.1,0
44.93,1810.8,365.6,95.38,446.4,3.583,2114.7,0
66.27,1243.9,614.4,88.21,177.4,1.482,3598.2,0
78.69,1346.5,570.7,100.0,337.4,0.687,26.8,0
67.0,1765.9,313.2,94.52,425.1,2.765,2562.4,0
63.69,1901.9,656.4,100.0,95.2,2.838,2563.3,0
78.59,930.2,513.8,95.92,335.1,7.491,2727.4,0
50.64,1871.0,266.7,89.87,422.8,3.493,4802.7,0
69.08,2090.8,565.8,100.0,359.3,1.619,1119.3,0
50.81,1310.0,786.6,83.51,442.9,0.828,1190.2,0
53.78,1903.7,774.2,91.71,245.6,0.168,1216.1,0
65.81,1372.9,685.0,,164.6,7.756,2911.3,1
54.37,9992.745167089664,621.4,89.64,223.7,0.035,451.9,0
62.31,1873.2,551.8,95.47,99.2,4.872,4064.8,1
56.69,2222.3,498.5,98.12,216.6,1.398,4932.3,0
63.09,1665.4,611.0,100.0,146.6,7.294,4056.1,0
70.46,1405.3,357.4,92.46,153.1,0.291,3654.5,0
40.63,1782.6,359.5,94.74,496.6,3.926,2008.0,0
65.0,1999.2,463.2,88.5,306.0,3.208,4053.5,0
69.06,2003.4,493.7,95.62,372.8,2.746,2791.1,1
39.28,2194.2,507.5,81.07,132.3,0.316,3686.7,1
,1370.8,424.6,100.0,310.8,5.027,4373.7,0
47.31,1429.3,605.0,92.63,456.3,4.862,1190.0,0
31.16,997.8,615.1,83.56,307.8,1.154,2811.1,0
93.73,1389.1,441.6,89.86,205.6,3.349,29.1,0
66.37,1314.1,500.5,92.13,196.4,2.697,248.3,1
49.93,1716.4,500.9,91.84,399.6,2.969,1733.8,0
60.52,2268.9,558.6,87.09,191.4,5.85,1602.5,0
52.73,954.9,336.1,94.45,496.9,3.651,4216.4,0
67.83,1977.1,623.9,98.45,298.7,6.202,1419.9,0
64.39,1943.3,466.6,88.35,277.9,3.583,1454.9,0
62.9,741.6,574.6,98.34,378.3,4.746,2954.5,0
42.93,1436.0,726.7,94.03,332.3,3.399,4531.6,0
61.63,1677.6,603.6,90.95,69.1,4.14,1331.9,1
42.27,1639.4,444.3,90.06,429.8,4.247,3039.7,0
78.03,1815.3,420.2,97.55,239.2,,1139.6,0
51.27,1394.3,701.4,100.0,208.4,9.131,2394.1,0
68.69,1430.3,525.3,,193.1,3.3,1583.8,0
,1130.4,771.8,94.09,58.7,1.048,1963.0,0
27.34,1792.1,566.1,90.99,50.8,7.882,2635.8,1
87.36,1868.5,633.2,90.7,425.0,0.918,1777.5,0
62.87,1860.3,548.1,81.54,222.7,3.561,2146.8,0
62.73,1805.2,694.4,98.37,53.4,4.713,1668.0,1
56.78,1939.2,377.2,93.39,100.2,3.743,3960.2,1
56.85,1253.0,395.0,98.91,493.8,2.668,2506.2,0
57.86,1408.5,574.6,81.63,174.9,2.1,3637.6,0
39.42,1992.6,314.4,90.31,136.5,1.429,2408.9,0
52.34,1728.3,487.1,,406.2,3.747,3818.2,0
89.52,1594.8,511.1,99.25,202.1,4.14,2618.6,0
54.53,2093.4,642.2,100.0,130.9,4.764,3792.1,0
,1880.7,535.3,99.56,471.0,0.692,4317.5,0
47.76,1432.7,406.7,100.0,472.7,0.729,1994.6,0
,2232.4,535.7,92.57,228.3,4.152,1642.4,0
54.71,934.4,522.8,99.19,338.2,2.637,840.2,0
49.66,1703.4,450.4,98.58,63.9,7.821,1234.1,1
72.34,1381.5,560.3,86.92,365.5,0.79,3790.2,0
52.73,1807.8,610.8,92.69,387.2,1.837,1455.8,0
57.36,1988.5,621.0,90.32,148.3,1.415,1152.3,0
77.86,1356.5,501.6,92.87,379.6,2.632,2227.2,0
60.39,545.2,465.6,88.97,,1.352,1365.4,0
47.44,2160.5,496.9,84.66,160.3,6.644,608.8,0
59.69,1270.0,401.9,92.35,81.1,3.162,1003.3,1
67.76,1290.2,396.0,98.19,362.5,0.534,2720.9,0
77.04,1765.0,520.2,88.19,366.2,3.137,4447.8,0
53.72,1682.3,502.0,95.24,358.9,0.643,4816.3,0
67.82,2234.0,433.5,97.75,51.0,3.705,235.7,1
59.47,1323.5,612.9,90.31,57.5,3.104,723.2,1
57.81,1022.2,414.6,100.0,280.2,4.786,4417.5,0
53.2,1481.6,544.5,91.89,355.5,1.346,3158.6,0
72.94,1687.3,554.4,100.0,181.1,2.689,812.5,0
52.51,555.8,513.1,98.76,461.7,4.155,417.5,0
79.82,1304.4,584.4,91.27,238.2,2.275,4774.6,0
69.1,1997.6,540.1,96.91,433.0,5.893,2608.3,0
85.55,1560.0,450.9,100.0,234.1,4.615,1085.5,0
72.32,9565.893996331703,393.0,86.61,437.1,1.453,3016.0,0
50.74,1575.3,496.7,100.0,304.0,1.458,2714.5,0
58.61,1524.0,639.0,92.31,,1.228,4625.7,0
44.2,1744.3,556.4,90.46,431.7,1.522,859.9,0
55.61,1912.7,458.6,96.87,54.3,6.956,2686.4,1
68.04,1186.4,539.7,89.18,67.7,2.428,3963.6,1
52.0,964.0,501.1,96.24,182.6,2.481,3002.9,0
68.85,1692.8,468.5,86.28,132.3,1.334,3823.6,0
41.64,1465.2,572.0,91.19,344.4,6.648,1259.2,0
56.62,1627.1,445.8,97.37,222.2,4.408,1984.1,0
66.36,1047.3,525.6,87.72,61.0,3.791,994.7,1
45.34,1058.7,392.2,82.99,175.0,2.099,3163.1,0
82.48,2033.6,745.8,94.99,446.9,1.444,3333.4,0
66.98,1604.6,680.3,72.59,,5.818,2517.4,1
83.74,1906.4,431.8,91.36,303.6,4.812,2669.5,1
63.54,2163.7,532.8,97.4,233.6,6.075,1497.0,0
71.05,1643.6,589.4,85.14,336.6,3.162,3050.8,0
54.78,1365.0,689.2,74.01,400.9,2.779,372.0,0
59.35,1734.5,464.9,100.0,,8.69,3470.4,1
39.34,1315.8,568.2,100.0,363.2,1.842,2208.2,0
67.03,836.0,581.0,99.49,315.0,4.594,2216.7,0
43.4,1767.1,674.5,99.92,142.1,1.339,816.1,0
41.66,1695.1,462.9,91.8,,1.083,3069.3,0
57.13,1679.6,615.7,93.7,494.7,3.092,4483.7,0
50.3,860.5,308.1,91.01,276.9,7.01,1193.5,0
54.0,2157.7,399.3,93.02,164.8,4.806,1856.4,0
47.56,1398.1,646.6,94.44,181.3,5.734,3445.9,0
50.84,1168.7,380.1,100.0,170.7,4.765,2345.4,0
54.78,2042.8,483.0,100.0,396.2,1.836,3809.4,0
61.71,1439.7,735.8,82.9,498.5,3.171,1544.5,0
54.02,1504.7,507.5,89.24,76.4,3.098,2049.8,0
66.57,1267.4,522.9,,426.3,5.559,4419.2,0
40.98,1671.4,565.3,99.09,493.2,2.756,4177.8,0
86.59,2193.8,375.7,92.81,423.7,4.958,3157.7,1
45.91,1854.4,520.2,90.86,184.9,6.434,4283.1,0
59.49,1640.4,426.6,83.62,79.9,3.451,4734.2,0
73.85,1377.1,392.3,91.11,156.9,1.12,1244.1,0
69.92,2017.9,618.6,91.54,386.5,5.717,1898.5,0
43.97,2406.6,742.6,87.86,475.6,0.58,3677.6,0
70.14,1838.5,536.8,90.35,112.1,2.286,2239.7,0
48.67,1556.4,623.6,92.74,302.8,3.175,2253.5,0
44.26,961.7,360.5,91.59,280.9,6.518,518.3,0
68.19,1510.9,550.9,100.0,149.7,2.121,1488.4,0
63.62,1418.9,427.2,97.35,470.0,5.335,4548.9,1
53.04,2269.1,414.1,100.0,433.7,2.407,4879.4,0
53.61,1456.7,717.6,88.33,302.4,1.778,4830.6,0
81.78,1408.1,472.6,91.76,213.1,1.143,4027.8,0
54.01,1522.7,570.2,85.83,154.7,4.225,2927.0,0
76.19,1924.1,506.7,97.15,157.3,3.499,1347.3,0
71.32,1495.6,677.9,93.81,399.6,0.633,2819.0,0
59.83,1501.2,374.3,87.5,335.9,1.929,3182.8,0
40.5,1876.2,511.5,91.83,107.3,1.568,1124.8,0
83.92,2304.3,720.4,100.0,94.6,3.715,1662.1,1
63.79,1475.2,508.6,93.44,242.6,6.701,3150.1,0
62.48,1375.1,467.8,100.0,363.2,0.507,55.0,0
92.05,2273.3,523.7,93.09,326.3,0.931,1175.6,0
73.75,1447.9,652.0,100.0,290.4,3.712,706.6,0
65.7,1374.1,362.2,84.51,407.0,1.31,310.0,0
69.85,1577.8,589.2,89.51,60.3,3.881,4834.1,1
55.11,1978.6,541.1,94.83,499.8,2.929,413.3,0
66.03,1656.3,566.1,98.59,429.0,2.324,4197.5,0
75.05,1446.1,580.3,91.38,275.2,4.361,837.8,0
63.47,1708.1,576.0,85.35,353.8,2.402,2894.2,0
65.83,1436.8,471.0,96.35,124.2,4.653,849.0,0
,1142.3,410.0,100.0,,1.793,3890.8,0
39.73,1795.1,555.4,99.19,50.4,3.898,3171.6,1
,985.3,513.1,100.0,323.9,4.212,1807.1,0
70.74,1430.5,597.6,89.66,248.1,1.41,2995.6,1
80.46,1124.9,602.9,89.4,84.9,3.535,4969.1,1
50.62,620.4,496.0,82.05,316.5,7.314,1191.8,0
76.63,1301.5,417.9,89.46,303.7,1.734,2333.2,0
41.67,1577.8,454.2,87.98,374.2,1.267,2871.4,0
49.23,1832.7,309.3,90.73,445.9,1.587,1411.7,0
71.54,1997.1,395.4,89.56,404.4,4.453,667.1,0
68.51,1147.5,662.8,91.76,100.3,1.313,1483.7,0
38.65,982.1,605.2,91.0,474.6,3.565,4062.7,0
,1785.5,557.1,88.71,,3.447,4471.4,0
47.26,1783.7,627.9,95.82,381.7,3.55,3000.5,0
57.1,1636.9,550.8,94.65,247.7,5.447,2145.8,0
34.93,1885.3,698.6,89.71,,4.437,4448.2,0
67.79,1472.8,630.4,,358.4,7.098,4759.5,0
85.24,1470.6,442.2,82.16,421.9,1.206,2384.5,0
74.33,1574.2,428.7,90.75,72.8,4.27,4292.8,1
37.69,781.5,555.4,91.6,307.2,4.851,4914.8,0
51.66,1785.5,498.8,96.85,427.0,4.522,2633.9,0
26.49,1520.6,592.8,,200.9,4.01,3281.1,0
68.91,1505.6,359.7,83.27,293.1,1.617,1244.5,0
77.86,1762.6,675.3,97.51,179.6,0.918,1888.0,0
55.97,1610.8,510.9,94.53,126.2,0.263,4803.5,0
52.99,1536.6,460.8,100.0,466.9,1.732,472.8,0
69.48,1074.2,569.9,91.09,228.5,3.461,3549.3,0
59.18,1112.0,843.7,98.22,181.8,5.2,4801.6,0
44.09,1146.4,454.4,97.4,310.1,3.401,4497.4,0
85.18,1574.1,535.0,93.35,150.3,4.339,4519.6,1
46.46,1696.0,510.1,99.47,459.4,3.491,1055.7,0
51.65,1480.8,602.7,100.0,164.0,4.529,1330.2,0
59.08,1536.5,314.4,95.18,417.7,2.929,1937.2,0
75.57,1680.9,398.1,78.71,308.3,1.464,671.6,0
48.09,1781.9,439.5,100.0,158.8,6.984,4214.8,0
60.92,2469.2,598.5,96.22,392.0,6.203,366.6,0
79.14,1972.4,361.2,99.5,333.5,5.078,3728.3,1
55.45,1690.1,508.5,98.7,250.0,1.223,4235.8,0
58.06,2058.5,536.4,96.07,261.8,1.372,1222.2,0
51.81,1124.9,656.9,96.27,405.6,5.348,4223.7,0
65.65,1741.7,420.6,100.0,72.0,5.44,3337.7,1
37.88,1429.4,356.2,100.0,336.2,5.095,1869.6,0
34.3,1667.2,519.5,96.36,184.0,5.526,2665.1,0
79.19,1606.8,627.1,95.03,261.4,3.072,4280.9,0
88.88,972.6,520.5,82.0,304.9,1.483,2990.6,0
60.17,1642.2,589.9,81.09,251.4,5.358,3535.8,0
,1436.0,541.2,85.08,104.0,4.874,3729.9,1
32.96,2558.5,557.7,99.0,389.4,4.553,3643.6,0
79.42,2349.3,362.0,100.0,464.8,0.682,1081.1,0
29.27,1817.7,465.1,89.51,60.9,2.096,4535.8,0
40.9,1266.5,557.4,100.0,234.4,1.151,1508.9,0
68.74,1441.4,450.5,94.84,377.7,3.692,3704.2,0
49.81,1165.0,606.6,92.32,263.2,4.077,4946.7,0
66.95,1239.4,641.0,90.21,394.3,2.718,983.7,0
45.58,901.0,634.7,100.0,486.9,4.174,2203.6,0
33.22,1697.6,475.1,82.35,139.1,4.21,4396.4,1
94.28,1330.0,516.6,83.86,417.1,4.977,111.7,1
53.9,2189.3,352.9,86.27,177.8,2.904,3050.0,0
49.74,1683.8,586.9,88.74,254.6,4.114,1768.8,0
60.64,1931.2,423.9,98.76,423.3,3.007,1661.0,0
56.33,854.4,570.7,100.0,93.2,1.038,841.6,0
63.66,1219.2,606.6,99.05,430.9,2.672,371.0,0
46.57,1131.9,580.9,84.83,391.1,1.195,3714.5,0
82.34,1390.1,523.0,94.69,,7.832,628.1,0
42.92,1621.4,472.4,94.25,468.2,4.092,1034.9,0
58.66,2235.4,426.3,97.31,406.6,3.878,1227.2,0
45.91,1682.0,465.9,95.99,194.6,3.948,4703.9,0
53.52,2014.8,728.1,86.31,326.3,,3214.2,0
58.33,1975.3,729.7,89.1,440.3,0.97,635.2,0
57.77,1247.7,735.5,100.0,108.9,3.263,2658.4,0
80.2,2550.8,373.7,92.79,62.6,1.947,98.3,1
77.97,1310.9,760.3,88.65,69.2,2.445,2258.1,1
78.08,1460.9,600.3,93.59,159.8,5.433,4215.9,1
-8.166176111595558,1324.5,540.9,96.85,434.3,1.506,620.4,0
77.01,1084.5,402.7,98.64,311.8,1.56,310.4,0
69.23,1573.9,757.2,84.8,396.0,4.241,519.1,0
75.42,1391.8,705.5,97.21,316.3,2.273,79.8,0
42.03,1801.1,578.6,98.54,107.8,1.095,2092.0,0
69.49,1754.6,437.0,,57.1,5.161,465.8,1
37.71,1407.1,616.0,96.59,497.7,4.284,3568.5,0
56.35,1927.6,387.5,95.54,385.2,3.158,4985.8,0
67.6,812.1,541.3,100.0,63.8,0.646,2675.5,0
63.75,1667.5,477.4,100.0,312.9,3.315,4447.9,0
66.2,1510.9,552.4,97.68,432.9,3.307,2351.5,0
82.26,1606.3,388.8,92.79,189.2,0.346,564.5,0
68.17,1388.0,522.8,95.9,301.3,3.791,2799.3,0
22.84,1594.9,646.1,81.28,332.2,5.751,2733.4,0
60.63,1813.1,597.7,82.44,292.7,1.321,1926.8,0
71.95,1078.3,654.8,98.08,231.1,4.74,1270.6,0
51.15,1259.1,504.4,88.78,,6.135,339.0,0
97.55,1483.8,534.2,95.98,430.8,1.13,2646.7,0
22.77,1333.7,554.9,90.88,183.8,1.952,4364.5,0
52.16,1873.2,497.7,93.28,413.3,6.698,2091.1,0
80.48,1896.9,496.4,88.5,210.9,2.785,4888.9,0
71.19,1045.7,303.9,86.57,273.4,2.649,3256.2,0
81.52,1035.0,608.8,91.93,231.4,5.768,3246.3,0
64.1,999.2,583.6,84.07,162.4,3.122,2903.8,0
89.85,1851.6,462.9,99.34,387.8,2.775,1888.2,0
43.38,1755.2,588.2,98.69,256.3,6.046,4812.9,0
,2324.3,492.1,96.57,294.1,0.413,3717.4,0
28.51,1645.5,520.1,93.24,97.3,2.345,999.1,0
37.78,1776.8,542.5,100.0,400.6,1.742,918.8,0
,1991.1,343.1,95.09,292.2,0.161,4360.5,0
71.57,951.6,635.9,100.0,,1.028,2974.6,1
60.82,1951.2,638.4,84.39,232.6,9.451,3989.1,1
59.09,1278.5,502.9,87.94,357.8,6.681,4240.8,0
43.87,1199.1,486.8,96.31,157.9,1.766,4485.3,0
70.45,1577.9,420.8,98.31,93.1,2.336,4249.0,1
46.56,1338.0,223.4,90.59,67.3,2.826,1547.1,1
65.41,1736.6,615.9,75.62,364.3,2.138,2431.8,0
64.22,1269.1,620.3,83.19,179.7,5.618,1946.1,0
27.15,1626.4,571.5,87.62,322.4,4.303,3285.7,0
45.47,1676.8,578.8,89.95,252.0,0.928,2893.3,0
39.03,1784.3,599.0,100.0,240.2,3.348,2355.3,0
53.67,2027.5,439.7,98.27,486.0,5.321,3263.9,0
64.07,1261.0,550.7,95.43,168.0,0.174,854.9,0
40.09,1770.5,472.0,97.99,,4.068,1865.8,0
64.77,1423.8,455.8,93.7,288.2,1.114,889.2,0
,1706.3,543.7,,440.3,3.128,4235.0,0
82.28,1553.8,606.2,100.0,298.9,2.487,1072.8,0
74.18,529.0,660.1,92.12,,2.464,1502.3,0
71.76,1632.4,585.0,92.54,77.1,1.887,4948.4,1
53.19,1073.5,333.7,90.8,284.9,4.479,4743.8,0
49.53,1005.4,627.3,84.25,280.7,5.255,4715.3,1
,1769.7,435.1,94.29,55.0,5.684,2434.1,0
67.59,1376.9,589.2,,464.2,0.727,1338.3,0
39.26,2140.6,320.3,97.74,464.2,4.042,3052.4,0
75.28,2172.7,509.3,100.0,445.7,6.073,814.7,1
31.28,1991.6,759.5,97.06,105.9,3.347,1924.0,0
59.15,1524.7,526.6,100.0,385.2,0.513,2597.1,0
43.36,1700.8,549.1,82.01,245.9,4.343,2078.3,0
70.01,895.9,588.3,88.63,462.5,0.665,2288.8,0
58.8,1783.4,428.4,89.82,290.7,2.056,2682.9,0
57.01,1834.6,697.5,96.06,348.1,5.531,3141.6,0
22.6,1319.3,387.0,100.0,151.7,2.699,1401.6,0
52.79,1559.3,466.6,92.16,212.0,3.234,441.0,0
30.38,1717.8,415.4,96.97,131.8,2.34,1738.2,0
57.09,1228.3,348.7,98.06,380.1,6.81,808.7,0
71.72,1764.8,372.7,92.51,463.9,1.823,893.7,0
56.86,1054.7,771.4,81.31,346.3,5.581,538.9,0
72.63,1492.4,513.0,90.81,262.1,0.439,2585.9,0
70.66,1640.1,452.2,93.92,418.2,4.247,1727.9,0
44.84,1317.9,599.5,85.83,495.7,1.465,3809.9,0
67.9,1430.8,546.1,97.29,369.8,3.056,3652.0,0
43.52,1032.2,524.9,95.67,393.1,0.253,628.3,0
69.25,1374.9,525.5,85.03,480.8,1.184,2424.4,0
64.32,2145.3,575.3,89.51,469.7,2.558,585.6,1
61.62,1595.2,443.8,100.0,288.0,3.676,4860.5,0
68.16,1900.7,691.5,90.39,436.3,3.64,3004.2,0
47.65,1749.6,558.8,85.98,287.7,2.597,2129.0,0
54.09,1966.6,591.3,95.5,105.6,4.135,3210.9,0
52.48,2017.8,434.9,,300.0,0.048,4725.6,0
72.55,1733.1,408.1,100.0,376.2,,4436.2,0
79.99,1882.7,350.5,99.27,464.0,7.709,485.0,0
45.8,2970.1,601.7,92.07,390.7,1.318,416.6,0
,1693.2,567.9,85.31,313.0,1.558,1117.7,0
46.35,1416.2,560.1,86.85,79.7,0.734,2511.8,0
29.85,1701.7,511.3,,436.8,6.057,4794.3,0
28.62,1615.8,464.1,90.86,284.8,1.672,2998.8,0
-23.11433787768815,1661.0,519.0,98.88,199.9,1.223,2056.8,0
29.24,693.9,466.8,82.96,284.5,3.353,4749.8,0
16.92,1424.9,566.1,86.51,496.3,1.977,1821.1,0
43.88,1411.1,495.5,97.74,111.1,4.287,598.2,0
65.35,1793.5,545.0,100.0,233.3,2.751,1941.5,0
79.97,1947.0,623.4,81.2,131.1,5.924,224.8,1
72.51,1625.9,392.0,,143.9,2.613,156.3,0
63.31,1015.4,454.6,92.53,432.8,2.232,572.0,0
73.95,1548.1,528.1,100.0,266.4,4.688,214.7,0
47.18,1829.2,679.8,92.04,109.2,2.745,1116.5,0
,1018.2,538.1,,429.7,3.493,486.0,0
55.36,2191.5,441.7,88.17,308.8,3.106,96.2,0
26.52,1385.4,342.9,98.93,177.7,1.315,2531.8,0
81.94,1253.8,402.8,98.32,160.1,2.53,4605.9,0
65.1,1411.7,421.8,95.37,107.7,4.396,4661.4,1
63.36,13611.053580873433,596.1,98.32,,0.022,2702.6,0
,1717.7,445.8,90.89,278.7,2.81,1582.6,0
45.17,1601.9,657.2,96.01,289.7,2.423,1167.4,0
58.08,1278.9,454.3,84.1,96.8,7.298,281.5,1
51.9,1886.8,502.7,93.69,71.5,4.625,997.8,1
63.47,1032.8,367.4,93.77,187.0,2.525,986.5,0
76.07,1050.7,548.7,92.96,235.5,3.432,35.7,0
63.58,1665.3,299.5,95.51,192.9,2.869,1055.9,0
50.24,1432.5,708.8,78.26,473.5,0.987,3741.4,0
64.12,2469.5,668.1,100.0,152.1,4.886,4206.5,1
34.87,1538.8,366.2,88.17,157.6,4.158,1599.7,0
60.33,1057.7,666.3,85.0,265.7,0.988,1072.4,0
54.72,915.3,322.5,97.84,424.8,9.595,1052.5,0
27.78,2083.6,750.1,100.0,376.0,0.01,2398.1,0
82.63,1534.4,530.3,100.0,142.4,3.016,1801.7,0
35.13,2000.6,391.2,93.01,118.9,1.363,1498.1,0
84.86,2204.2,639.8,96.62,438.5,2.29,1952.5,0
75.33,1540.0,688.8,90.43,222.4,3.26,1316.9,0
97.45,1882.1,593.2,85.07,421.2,5.746,3941.9,1
77.06,1670.7,351.6,96.56,123.3,3.43,899.9,0
75.87,1294.2,477.7,90.29,218.3,3.076,3023.7,0
68.55,1890.5,482.6,77.61,256.9,4.829,3365.7,0
87.18,1883.1,525.1,93.41,487.1,,3519.6,0
43.49,1905.3,378.6,90.87,437.3,1.018,4762.9,0
81.51,1725.8,397.7,96.73,434.3,1.354,3171.3,0
75.18,2446.1,397.4,93.0,164.4,3.185,3120.5,0
49.43,1318.3,539.9,99.78,311.9,,440.5,0
62.54,2037.3,516.2,95.06,441.4,0.154,4536.4,0
52.82,1720.7,696.4,87.57,275.2,0.539,3286.1,0
57.19,1415.1,553.1,,50.1,6.881,4049.2,1
72.75,1890.3,580.7,95.09,74.3,4.585,3112.3,1
34.36,981.8,574.2,,255.9,1.83,987.9,0
44.94,1701.8,490.9,100.0,244.6,0.119,3656.0,0
56.61,1726.6,385.5,85.98,126.5,1.564,1939.7,0
43.68,1663.2,366.4,88.54,459.5,,2539.4,0
54.44,1147.7,466.5,91.71,259.5,3.711,4291.2,0
56.96,1927.2,408.4,97.23,75.0,2.028,42.6,0
71.09,2198.4,468.6,95.98,292.6,1.898,1186.5,0
71.55,1800.2,491.7,100.0,311.3,0.751,3765.2,0
60.24,1463.7,491.1,95.07,222.0,2.919,3541.5,0
72.6,1612.8,207.3,90.68,308.3,1.73,4851.8,0
57.93,1261.7,385.8,92.03,451.8,0.031,1255.1,0
86.38,1107.2,679.0,100.0,401.3,2.272,1412.8,0
55.06,1546.0,521.0,100.0,426.1,7.151,1784.4,0
63.57,1784.9,753.9,99.97,187.3,2.264,2598.5,0
66.17,2131.6,538.2,93.16,383.2,2.099,2373.3,0
50.45,1625.4,496.4,91.81,353.9,,1252.7,0
36.85,1040.1,421.4,100.0,84.5,3.563,4176.1,0
99.59,1665.8,563.0,100.0,398.6,2.145,3746.0,0
64.39,1454.1,603.7,87.79,,1.138,1628.9,0
63.7,1453.1,613.9,93.13,179.5,0.472,1219.6,0
66.36,1313.1,456.6,96.03,50.5,2.473,4582.1,0
65.78,1039.4,377.8,83.28,,3.003,1641.6,0
70.59,1824.9,590.8,91.97,448.8,0.991,1188.5,0
77.12,1344.6,412.0,94.05,182.0,1.101,535.7,0
75.23,925.6,607.5,84.6,247.3,5.006,4294.0,0
54.6,1867.4,324.5,100.0,491.4,5.125,2402.8,0
71.63,1820.9,735.4,95.72,66.8,4.518,4684.9,1
53.5,2068.6,433.9,92.86,72.1,3.372,2694.3,1
68.07,905.5,412.3,98.32,270.1,2.572,2781.6,0
76.47,2521.8,383.2,87.47,97.6,4.746,1180.0,1
73.62,2061.3,595.8,100.0,167.7,0.328,1419.3,0
70.03,1889.6,620.4,90.88,69.5,3.516,2433.3,1
71.42,1516.7,649.4,88.18,472.6,,934.6,0
41.34,2371.5,426.9,87.24,344.6,4.642,1529.0,0
72.77,1551.2,348.9,98.81,87.6,5.682,2859.1,1
67.76,1594.1,454.6,89.43,426.6,,84.0,0
75.75,1285.5,468.5,87.42,490.5,3.049,1270.6,0
67.03,1807.8,501.4,100.0,414.7,3.092,4122.2,0
63.78,1029.6,432.9,93.22,411.0,0.034,3498.8,0
56.8,1667.6,781.7,86.41,464.6,2.282,2094.6,0
67.52,957.8,609.2,87.84,206.9,2.383,4282.9,0
101.34,1555.5,504.5,91.47,83.8,2.184,1310.5,1
35.06,1111.6,577.0,90.38,137.8,5.654,732.6,1
63.76,1355.8,445.6,84.55,399.9,4.565,282.4,0
52.92,1450.3,433.7,89.97,435.8,2.033,189.8,0
61.29,1656.5,612.8,99.97,293.3,8.705,1905.3,0
57.87,1263.9,624.2,97.93,83.1,2.325,48.3,0
40.44,1035.0,452.1,89.66,212.0,2.714,2205.0,0
50.2,2053.1,449.8,100.0,443.8,6.586,3905.4,0
66.38,1252.7,496.6,100.0,100.9,1.132,3695.0,0
41.05,1647.1,458.9,91.44,472.1,2.484,1628.5,0
87.73,2205.7,465.7,100.0,120.1,1.512,1009.5,0
77.62,1604.4,403.8,90.42,134.2,4.802,1675.6,0
82.1,1600.2,416.5,93.63,454.8,2.471,1269.0,0
39.89,945.2,381.7,88.6,446.2,1.792,946.7,0
58.24,2291.4,637.3,99.23,115.6,3.478,1648.2,0
40.74,1883.1,385.4,95.99,280.7,3.13,2067.0,0
30.4,2066.7,514.4,83.74,258.3,1.788,4135.7,0
86.35,2234.0,382.9,88.6,357.0,7.173,4600.3,1
43.9,2172.9,548.9,94.63,402.6,2.216,4227.8,0
58.72,1297.1,639.2,93.04,85.6,,3612.8,0
52.45,1420.9,622.4,94.56,499.0,2.478,2392.1,0
69.67,2122.1,457.5,91.67,279.6,8.223,3373.8,1
74.2,1462.7,674.1,95.86,214.9,3.103,2641.0,0
74.92,1679.4,648.9,98.13,166.7,2.132,1177.8,0
76.36,1502.3,501.1,85.77,497.8,5.382,1988.4,0
80.08,1561.4,322.6,84.55,352.5,0.364,22.1,0
58.53,1777.3,477.0,90.34,52.1,4.835,2792.5,1
40.71,1718.3,408.7,,435.9,4.073,3400.7,0
112.79,1482.0,483.6,96.08,477.5,9.216,2791.2,0
55.15,1371.1,572.4,89.39,439.3,5.133,296.8,0
50.23,2174.2,512.1,88.43,70.1,3.001,4132.6,1
64.3,1489.1,484.1,86.3,106.8,3.36,2528.3,1
18.72,1869.8,529.8,86.69,116.4,5.306,4821.6,0
69.8,1704.4,480.1,90.63,357.1,4.532,128.4,0
83.81,1524.6,505.4,85.37,197.7,2.129,1152.4,0
20.74,1134.5,520.7,96.78,220.4,4.139,4791.8,0
43.57,1473.1,521.5,,207.9,1.677,4221.2,0
61.69,1449.7,536.0,82.97,469.6,2.889,4579.6,0
59.89,2062.5,545.2,94.6,402.9,1.404,2832.8,0
83.34,1357.6,499.7,78.56,304.3,2.947,3171.1,0
47.82,969.5,516.7,100.0,323.2,2.06,3121.8,0
61.15,2355.2,642.4,83.96,234.5,4.816,4799.3,1
57.01,1592.1,393.2,86.0,379.8,2.954,2021.4,0
87.76,1482.1,573.9,97.08,449.3,4.995,3533.5,0
85.38,1449.3,550.4,82.23,464.0,0.435,3043.4,0
48.96,1235.6,440.4,90.7,354.4,2.051,2048.9,0
107.39,2015.1,425.9,84.81,114.9,7.199,2639.3,1
87.14,1131.9,614.8,100.0,322.0,6.146,1935.3,0
68.68,1446.2,526.2,87.02,199.6,1.333,4404.0,0
,1267.1,642.2,95.66,327.9,2.995,2038.6,0
65.05,1773.3,616.5,99.19,211.2,8.323,3654.8,0
47.62,1619.3,443.9,82.05,262.1,2.585,143.8,0
77.31,1395.4,412.7,92.86,185.5,0.666,2626.6,0
105.67,1470.6,610.5,99.91,251.1,2.141,4821.3,0
66.33,1633.1,619.1,80.68,424.4,0.456,1769.5,0
45.75,1769.9,384.7,90.8,184.2,1.479,609.7,0
68.84,1017.2,497.0,97.44,499.8,2.39,3140.7,0
26.74,991.9,437.8,100.0,260.7,3.183,1909.9,0
72.89,1673.1,417.8,88.15,300.0,4.207,2498.2,0
29.74,1036.6,564.0,82.25,382.9,2.265,4042.7,0
38.96,1386.8,647.3,100.0,166.2,6.824,4224.1,0
,1672.5,379.7,96.76,283.4,3.549,4835.6,0
53.67,1028.2,593.3,87.18,162.3,2.813,2820.2,0
49.22,1591.8,671.7,100.0,282.1,3.703,1202.2,0
79.86,1660.1,522.2,91.91,269.0,0.155,2327.5,0
65.55,1635.8,579.2,94.13,238.8,0.06,297.8,0
67.75,1972.7,384.1,85.5,51.9,5.228,3297.6,1
61.0,2178.6,688.9,100.0,353.0,4.482,30.1,0
66.0,1947.9,590.5,97.55,308.8,3.826,152.8,0
64.95,1628.7,692.2,93.07,397.5,1.36,3174.5,0
63.86,1677.7,400.6,81.95,172.0,1.433,932.5,0
34.23,1926.2,620.3,92.08,153.1,3.363,2744.3,0
39.02,1586.8,420.8,91.71,51.8,2.68,1579.1,0
89.5,1512.2,493.5,95.2,401.0,3.367,3361.6,0
59.11,1667.2,502.6,93.92,222.4,6.176,4697.9,0
46.12,626.0,595.3,97.5,,0.002,4978.8,0
70.14,1857.2,507.8,90.89,347.7,5.017,511.7,0
45.62,1879.7,592.8,100.0,453.9,2.771,2535.5,0
57.53,1798.0,489.0,92.72,255.9,1.387,4509.8,0
28.64,1179.8,590.7,88.02,53.4,1.787,4848.6,1
53.92,700.0,505.7,94.43,330.3,3.645,581.4,0
61.96,1556.4,548.5,80.58,438.7,0.766,4385.5,0
,1019.8,445.2,95.19,94.6,0.166,2144.5,0
92.76,972.4,352.6,100.0,149.6,5.443,4713.3,0
76.01,1836.1,196.4,88.88,123.2,3.479,1420.9,1
70.01,1380.7,549.4,85.02,215.1,2.617,3210.5,0
73.26,2150.2,644.4,98.77,306.4,4.182,3524.2,0
60.2,1793.4,459.3,92.16,458.4,1.765,2132.4,0
77.46,1908.5,657.1,85.55,169.9,2.951,2499.6,0
68.78,1851.4,770.6,100.0,222.4,1.951,4055.1,0
60.25,1505.5,618.0,86.67,489.9,2.058,1414.0,0
79.56,1419.6,529.4,91.73,198.5,0.315,1473.3,0
,2350.7,493.6,88.94,61.0,0.905,4920.4,1
65.07,1345.4,398.2,96.76,130.5,4.646,251.0,0
62.92,1907.6,586.7,96.33,78.7,4.336,397.8,1
66.69,2721.8,667.8,88.67,275.3,5.471,4878.6,1
47.71,1905.1,475.8,100.0,466.4,0.69,2251.6,0
46.78,1651.9,563.7,91.58,207.3,0.778,2790.1,0
93.72,1916.9,455.2,100.0,418.9,5.905,584.8,1
79.53,922.9,529.4,91.62,179.9,0.572,3810.6,0
64.27,1914.6,535.6,87.03,155.3,1.578,3061.1,1
71.8,1925.2,406.1,85.48,138.5,2.481,2276.3,1
68.31,1046.8,490.1,87.91,465.6,3.941,3126.9,0
61.49,2059.2,467.8,95.88,208.6,0.763,3969.9,0
67.76,2002.2,717.9,95.21,166.8,2.718,501.5,0
72.19,1485.9,509.6,93.95,443.2,3.384,3918.7,0
69.66,1460.5,381.4,,446.2,5.454,3575.1,0
63.98,1754.6,488.7,98.81,362.2,2.382,592.6,1
,1139.1,623.5,89.02,336.7,4.424,1286.5,0
97.03,2257.8,779.5,84.04,278.7,2.353,3097.5,1
64.88,957.7,574.2,,132.6,1.181,1968.8,0
68.02,1611.5,412.2,91.31,436.2,4.978,2010.3,0
36.55,1612.7,382.8,94.02,172.7,3.849,14.5,0
45.76,1569.5,601.0,98.96,484.6,4.306,1585.5,0
75.18,1806.2,361.5,100.0,494.9,2.8,4613.8,0
81.19,1200.5,450.3,88.97,492.8,1.955,2401.0,0
64.59,1138.5,546.1,85.57,110.6,1.787,2537.1,0
56.92,1623.3,711.2,86.1,130.6,3.563,3519.3,1
57.16,2546.9,333.6,90.7,52.0,4.228,4527.2,1
72.45,1677.9,681.5,95.21,173.2,4.406,4753.9,0
72.05,2078.7,538.6,86.68,338.8,2.384,3326.3,0
,1350.1,463.1,,494.0,6.861,4455.0,0
54.58,1318.0,636.4,,74.2,1.055,4217.7,0
72.73,2088.1,498.6,87.34,119.9,4.842,4197.2,1
32.58,1306.3,686.8,92.21,177.8,7.404,2622.3,0
56.55,1873.1,626.4,96.17,210.4,4.451,1815.7,0
61.7,2279.9,555.6,100.0,451.2,0.388,3621.5,0
59.55,1140.1,626.8,98.44,336.5,7.088,3816.5,0
40.93,1390.5,574.3,94.3,365.3,2.812,2242.1,0
56.53,1398.5,514.4,90.1,464.6,4.569,4637.4,0
81.27,1183.4,521.7,83.18,406.8,1.036,1350.4,0
76.63,1807.0,504.1,87.59,340.1,1.817,622.2,0
66.67,1065.4,632.6,89.12,434.0,0.681,2633.8,0
43.79,1619.7,272.4,89.03,150.5,7.332,4551.1,1
27.38,2311.6,604.5,90.27,417.2,3.318,2403.7,0
71.93,1173.7,404.1,89.99,447.9,5.373,3809.3,0
47.48,1882.5,637.4,100.0,348.2,4.71,873.9,0
33.58,2176.2,376.5,100.0,120.4,4.133,3691.1,0
60.64,1533.8,559.9,83.34,141.5,0.144,1642.9,0
46.27,2126.7,741.8,92.72,191.6,9.382,769.5,1
70.92,1878.3,263.3,94.73,341.8,,1251.8,0
78.47,2045.2,749.0,97.06,395.7,,1227.8,1
80.28,1500.8,426.8,98.4,381.3,3.515,4330.3,0
52.36,1395.2,640.5,93.74,309.0,8.939,4242.6,0
76.68,1795.9,685.5,90.77,192.6,4.496,4216.1,0
35.19,1599.6,629.1,84.5,293.9,6.75,1352.7,0
53.59,1599.9,386.5,98.23,311.5,,3427.2,0
69.78,1651.0,550.5,98.59,439.2,5.007,1172.7,0
47.29,1633.4,572.8,90.94,250.1,3.579,448.7,0
61.74,2113.6,523.3,85.13,278.5,2.446,2410.4,0
72.01,1510.2,577.8,89.87,221.4,5.148,3751.4,0
43.51,1538.1,516.6,88.37,481.7,7.425,39.4,0
43.38,1880.3,620.5,100.0,342.5,2.694,2264.6,0
58.32,1599.8,530.5,87.99,139.4,2.708,2320.0,0
87.73,1486.0,477.1,84.72,61.5,0.023,3007.9,1
55.64,1440.3,493.4,90.05,303.2,2.72,2799.2,0
55.48,1859.8,380.4,97.23,212.7,0.347,1395.8,0
37.1,2016.9,538.6,94.45,325.2,4.031,414.9,0
33.8,2279.4,422.2,98.76,207.8,2.87,2386.7,0
24.94,1875.5,487.2,79.6,106.3,2.207,4133.3,1
53.76,1915.0,617.7,87.67,332.0,3.276,607.8,0
63.08,1863.3,569.7,83.9,164.5,1.19,156.6,0
53.44,1735.4,352.8,96.06,258.4,3.658,4728.7,0
72.75,1179.1,536.3,97.21,179.9,1.236,4213.7,0
64.16,2203.4,486.3,81.87,416.4,0.371,2031.4,0
43.39,2141.4,423.6,,228.6,0.618,274.4,0
58.14,1442.7,288.4,94.67,279.8,0.248,4766.9,0
82.56,1515.0,399.7,100.0,165.8,6.1,1941.3,0
49.24,969.1,522.8,87.95,356.2,0.907,877.4,0
44.04,1329.8,471.1,,227.4,4.439,636.8,0
62.38,1003.2,397.2,91.81,190.1,3.344,4631.2,0
60.27,2159.4,410.1,83.2,250.6,2.91,3159.1,0
29.64,1680.9,504.4,96.06,,4.037,3177.3,0
69.31,1002.6,424.2,99.19,337.6,5.069,3391.3,0
78.03,1402.2,482.2,89.19,150.7,1.654,4215.1,1
58.44,784.0,295.8,86.0,115.1,3.326,2018.4,0
77.72,1668.3,586.1,,,5.664,3971.0,1
34.51,891.0,546.5,94.41,280.9,3.84,983.2,0
88.55,900.5,267.3,79.63,488.8,5.823,2825.4,0
80.47,1585.4,494.9,88.63,303.9,0.986,3422.0,0
27.7,1635.6,564.8,88.84,143.7,2.158,2418.6,0
48.3,1664.2,488.4,90.42,362.5,1.134,3350.2,0
66.25,1518.3,495.4,,290.3,3.827,96.2,0
69.57,1861.7,459.8,89.18,90.7,1.793,1400.4,0
75.35,1586.0,607.5,94.03,346.0,3.21,2010.2,0
71.68,1372.8,697.7,86.37,53.8,2.673,978.5,1
69.61,1423.2,591.5,95.51,59.4,2.302,3723.6,1
43.03,1838.3,635.3,93.4,440.2,2.828,3678.7,0
53.83,1386.8,580.3,93.47,84.0,2.377,555.8,0
64.56,1067.9,705.8,91.78,91.3,1.394,4197.1,0
74.31,2059.5,609.5,83.03,86.3,5.555,4113.5,1
48.81,14720.601345769743,591.3,,114.9,2.817,750.2,0
43.28,1613.6,388.2,90.99,265.7,3.647,123.2,0
36.45,1689.5,446.5,90.41,371.7,6.107,3615.0,0
75.69,2118.0,723.7,99.9,76.9,0.76,4448.6,0
51.89,1187.9,628.4,88.92,462.4,2.898,1440.7,1
64.95,1355.9,630.9,91.86,182.3,1.819,1527.7,0
73.98,1488.7,701.0,96.75,230.2,1.348,3743.1,0
70.61,1412.8,544.4,95.31,354.6,5.793,334.5,0
87.98,1829.9,589.0,85.83,61.3,0.375,4979.6,1
69.36,1534.0,541.2,90.36,85.5,2.284,3567.4,1
33.2,2693.6,646.5,82.29,91.3,2.618,2518.0,0
73.64,1119.3,415.0,78.52,379.0,3.121,358.0,0
59.02,1091.6,566.2,77.88,68.0,5.592,3271.4,1
75.19,1549.5,519.8,90.65,279.7,1.169,2081.7,0
,1665.8,627.2,86.02,141.2,0.516,2282.4,0
60.06,1839.1,655.8,76.78,344.2,3.483,954.6,0
68.6,1383.7,644.1,94.49,315.5,0.09,1302.6,0
51.54,2227.9,333.7,87.95,199.0,4.941,2403.0,0
93.9,1033.2,364.1,,402.1,4.888,286.6,0
68.9,1679.3,614.5,94.3,213.6,5.806,3617.1,0
47.58,1689.2,636.9,100.0,330.3,6.161,468.5,0
69.28,1005.7,437.4,89.28,150.6,0.573,1745.1,0
97.6,2277.1,394.3,84.86,383.4,1.365,342.8,0
65.54,1239.8,224.4,90.12,214.6,2.685,942.4,0
80.17,1574.8,288.7,95.78,320.2,2.811,1163.8,0
87.74,998.4,629.2,100.0,,6.499,2748.5,1
86.73,1410.9,545.2,89.84,325.0,1.687,2876.2,0
30.29,1456.8,352.2,82.02,111.8,2.365,4322.2,0
70.26,1638.9,570.1,100.0,,4.42,651.7,0
66.84,1916.1,308.1,90.8,488.5,1.501,1467.2,0
62.28,711.2,527.2,92.6,150.6,0.385,4180.2,0
45.18,1002.0,515.2,100.0,119.2,2.735,2466.8,0
51.59,1780.0,834.2,100.0,66.5,6.856,4583.7,1
50.17,1686.0,611.8,96.45,284.2,3.133,1344.2,0
47.37,2078.7,517.4,90.14,105.3,4.711,260.0,0
54.35,1416.0,523.3,93.36,291.1,1.663,4970.3,0
51.78,1983.8,449.5,92.69,442.8,2.962,2387.8,0
63.26,1855.0,462.1,93.49,364.8,6.725,4915.8,0
61.52,670.6,460.3,90.09,110.6,7.485,230.5,0
41.77,1088.7,747.9,100.0,153.5,2.634,4615.7,0
45.31,1660.6,433.1,89.29,486.4,2.659,978.8,0
91.91,1464.9,565.2,,493.0,6.987,3833.9,0
84.46,1377.6,546.3,98.08,85.7,0.357,3582.9,0
29.4,1702.7,447.8,89.34,480.2,4.579,3723.1,0
48.18,1715.6,449.8,93.37,353.1,1.289,4572.9,0
35.21,1258.3,444.2,99.91,95.2,2.997,111.4,0
52.95,1561.9,422.8,77.64,341.2,2.273,3571.2,0
78.42,1416.7,597.5,100.0,,1.911,2766.7,1
68.82,1126.8,720.7,84.81,54.8,3.092,2241.1,1
41.08,1241.0,448.4,100.0,54.2,5.158,4276.0,0
64.49,1713.6,626.7,94.37,232.1,3.931,2850.8,0
76.95,1388.5,308.7,89.33,81.2,4.397,82.3,1
65.38,1885.1,478.1,100.0,200.4,5.498,3353.5,0
70.78,1973.7,428.6,89.75,270.7,6.831,1209.2,0
52.93,1566.4,391.8,75.19,449.1,3.052,4948.8,1
76.81,1453.3,504.3,85.87,437.2,0.881,4416.0,0
88.76,1541.4,695.2,94.25,188.0,4.04,257.6,0
51.71,1715.5,420.4,87.29,187.8,0.146,2621.9,0
88.07,1699.2,605.3,92.43,498.6,0.08,4503.9,0
43.31,1511.5,606.9,93.25,241.5,3.773,4832.2,0
45.71,1750.3,559.8,93.34,357.3,3.05,608.4,0
31.7,1810.3,448.5,89.99,324.7,1.446,1570.1,0
49.44,1427.7,494.3,100.0,108.5,3.644,4959.4,0
77.34,1806.0,583.7,96.41,68.9,5.887,850.0,1
48.85,1697.9,520.9,88.14,406.5,6.168,4569.6,0
62.72,1157.9,761.7,96.0,288.1,1.391,1094.9,0
46.7,1964.5,670.8,99.12,380.2,1.009,3930.1,0
71.99,636.1,457.8,97.53,171.5,2.436,2610.2,0
57.93,1381.4,510.2,100.0,279.0,1.58,518.9,0
69.12,1554.9,503.2,89.28,78.5,2.544,4068.4,1
52.93,1266.7,435.3,100.0,446.1,3.559,1844.4,0
88.15,1474.1,678.0,87.01,58.7,2.286,3660.8,1
45.63,1641.5,498.3,80.55,346.8,4.94,3384.5,0
61.65,2429.4,731.5,100.0,,4.153,3944.2,0
75.09,1166.5,548.5,92.25,414.0,4.611,2589.4,0
41.92,1786.8,399.0,91.15,454.2,3.732,1455.0,0
41.65,1249.3,496.7,81.59,189.2,1.561,4475.4,0
,1389.8,523.2,,387.8,5.09,3872.0,0
66.04,1880.2,446.9,86.41,487.8,1.518,3028.0,0
34.23,1523.4,680.6,85.13,217.9,2.241,2755.1,0
66.91,2215.8,489.8,84.31,351.0,4.681,2961.8,0
55.47,1747.2,504.3,97.35,90.4,3.923,2008.5,0
48.94,1912.2,464.9,100.0,367.3,1.936,117.3,0
85.38,1574.6,249.3,88.86,237.8,1.878,664.2,0
71.42,1034.6,530.5,94.24,391.3,5.891,2824.9,0
64.53,2416.1,283.3,100.0,484.9,5.294,365.0,0
73.17,1827.3,376.3,95.49,201.5,4.459,2293.4,1
58.12,1801.2,580.1,93.49,473.9,0.203,4175.2,0
43.07,1822.2,733.0,99.83,140.6,1.034,1834.0,0
50.61,2311.0,591.7,88.75,404.4,,1112.5,0
66.86,1586.6,539.8,89.63,256.5,0.827,4423.2,0
33.72,1405.9,532.6,99.38,196.7,1.884,587.5,0
87.25,1907.1,546.5,97.09,136.4,1.838,3584.1,0
46.64,1030.5,508.8,98.73,396.4,0.988,631.6,0
63.07,1556.7,334.0,98.86,60.5,5.952,2967.6,1
62.22,1266.4,418.5,90.3,97.4,3.736,1119.1,0
80.16,951.8,808.9,82.2,144.8,4.461,2611.7,1
84.15,1652.2,652.8,92.95,224.5,4.373,1397.9,0
45.46,541.6,548.6,95.11,386.9,1.643,3466.9,0
60.04,1728.9,544.1,76.81,285.9,0.297,3756.5,0
50.83,2108.9,511.5,86.94,383.4,2.325,3321.8,0
76.91,1277.1,643.4,94.33,499.1,4.935,1238.6,0
59.22,1480.4,534.3,85.74,277.7,5.15,3482.0,0
68.98,1787.0,503.4,99.73,317.5,0.565,4427.5,0
76.82,1727.8,544.6,93.47,106.7,3.275,406.4,1
26.28,1518.7,445.0,100.0,404.3,4.453,1656.1,0
54.8,1735.5,456.8,93.41,268.7,2.542,4810.2,0
66.62,1436.1,349.5,97.6,424.9,3.983,545.4,0
32.59,1683.3,665.8,86.33,162.8,5.76,4645.6,1
67.22,1410.1,517.7,92.83,174.3,0.186,4364.4,0
64.11,1349.9,527.2,90.08,243.6,1.088,4715.0,0
44.9,2018.7,611.1,76.59,422.5,2.121,4453.6,0
67.98,1911.1,650.2,88.55,201.7,1.664,2178.9,0
72.09,1150.6,574.5,100.0,253.0,3.208,4464.1,0
74.25,1719.0,586.9,86.49,140.3,3.367,1177.2,0
53.71,1720.6,507.6,,180.8,5.069,1475.1,0
52.92,2290.7,566.9,92.89,159.9,1.603,820.7,0
77.48,1782.0,665.8,100.0,340.3,0.867,4451.5,0
48.29,1232.9,556.2,96.5,64.9,2.106,400.2,0
78.36,1233.4,517.5,92.43,366.5,5.278,316.9,0
115.54,1290.5,590.6,89.34,390.0,5.704,4821.6,1
53.71,1909.6,439.9,78.55,119.2,0.893,742.4,0
72.07,1411.0,610.2,96.3,392.8,0.992,2870.0,0
33.34,1777.9,744.2,99.51,214.9,7.378,603.7,0
,917.5,600.1,89.14,191.9,3.768,2225.9,0
91.51,1999.3,465.1,95.44,151.8,3.883,2629.3,1
60.28,1669.4,429.8,92.88,192.9,4.717,915.8,0
68.15,2429.7,627.6,92.35,126.1,0.208,3050.2,0
61.7,1038.1,601.8,100.0,386.0,3.867,4786.8,0
71.55,1693.3,609.5,93.01,177.0,4.435,255.0,0
65.82,1793.7,658.7,87.29,488.2,2.955,2932.9,0
91.09,895.1,379.4,88.34,471.6,3.685,1614.3,0
61.56,1530.4,575.5,83.15,340.6,3.234,2752.5,0
74.7,1233.4,589.8,88.85,368.2,4.521,1998.9,0
78.38,1455.7,531.8,89.72,429.9,4.965,2369.1,0
73.79,1591.4,512.8,,137.4,4.783,1539.2,1
74.31,1871.8,455.1,90.65,383.5,2.797,2533.5,0
,1296.4,497.8,92.93,76.3,3.643,3147.2,1
78.1,1552.7,525.7,73.51,493.3,2.204,3842.7,0
56.49,1839.9,359.3,94.99,299.8,3.27,1652.5,0
58.63,1765.6,465.6,100.0,497.6,3.637,3937.7,0
66.51,1592.6,730.7,,147.1,5.21,2486.3,1
78.86,1711.3,512.6,100.0,89.2,4.72,4110.0,1
59.59,1957.9,455.1,81.17,59.9,2.238,1322.5,1
61.85,1433.6,596.3,98.37,464.8,5.572,2779.5,0
73.18,989.0,553.5,89.46,285.4,3.868,1326.5,0
89.72,1710.7,376.3,91.94,487.3,3.952,1160.0,0
62.85,1604.1,410.2,,359.8,1.239,2541.9,0
47.15,1784.3,620.8,,147.1,2.464,2220.4,0
57.75,1389.2,576.5,96.21,495.5,4.924,2291.4,0
68.3,2345.6,477.2,77.23,,3.877,2341.9,1
54.2,1061.9,458.7,96.22,227.6,1.018,806.8,0
75.91,1884.9,377.3,98.74,380.9,0.158,1227.7,0
27.45,1402.2,457.3,95.45,488.7,1.502,1025.7,0
40.51,1725.1,595.0,81.07,156.0,2.657,911.0,0
64.68,932.6,466.2,93.64,85.7,5.446,3944.8,1
45.21,1759.3,506.9,85.0,490.2,4.089,2843.9,0
97.58,474.0,651.9,86.91,294.1,,4233.2,0
,1585.7,699.0,92.74,432.8,2.702,2272.6,0
65.75,1464.0,546.1,85.08,394.7,1.512,4880.3,0
29.81,1996.1,628.0,,381.9,0.222,4982.7,0
41.25,1727.3,608.7,100.0,285.5,2.322,1721.5,0
92.38,1309.2,431.7,92.71,266.3,5.807,3468.0,0
87.07,2036.2,740.6,93.41,368.2,3.572,4718.4,0
90.75,1858.9,422.7,100.0,380.7,7.222,104.7,0
59.68,1220.2,304.0,87.54,286.9,5.227,1599.1,0
62.36,1800.9,393.2,100.0,398.1,3.117,2736.8,0
62.07,1384.8,310.3,91.8,446.7,2.938,688.6,0
43.57,1625.8,510.9,91.08,268.1,0.84,3220.2,0
75.67,2144.9,576.7,92.51,338.6,2.677,1906.2,0
59.5,1376.7,639.1,84.81,416.8,5.055,3292.8,0
69.71,1749.7,490.3,89.18,146.2,5.682,4175.6,1
90.49,1488.8,373.6,,214.7,4.94,3727.2,0
70.78,1797.7,515.0,99.14,499.0,3.831,3965.9,0
82.38,1906.3,477.4,97.98,235.0,0.162,2202.5,0
71.51,2105.9,499.0,89.86,228.6,5.698,3138.8,0
47.8,1088.4,407.1,97.95,291.0,4.606,671.5,0
66.06,2066.9,672.2,89.93,81.6,4.031,4551.8,1
70.06,1393.6,544.3,82.4,460.7,3.822,4161.8,0
56.98,1609.1,469.2,100.0,374.6,1.473,1334.8,0
51.69,1298.7,344.1,95.95,409.9,0.862,3270.2,0
40.48,990.0,360.2,84.83,369.0,0.941,1299.7,0
40.64,1809.9,625.5,,145.4,3.501,4939.1,1
71.36,1648.2,496.5,87.8,445.9,1.404,4378.5,0
52.39,1205.4,432.8,88.97,262.3,0.107,841.8,0
101.24,1455.9,612.2,95.14,317.5,3.711,1844.2,0
60.1,1722.8,272.6,74.57,58.1,6.335,1574.8,1
75.5,1142.7,260.0,100.0,434.4,3.492,85.1,0
72.44,1602.9,612.2,92.9,475.1,3.813,1933.4,0
48.09,1613.6,632.9,93.66,441.4,3.846,219.5,0
58.35,1382.3,490.8,90.1,92.8,8.988,1231.7,1
77.98,2102.3,428.2,91.49,341.1,2.05,4143.7,0
88.67,2040.1,487.5,,442.8,5.538,2983.5,0
69.99,1496.7,556.3,82.89,475.8,3.392,490.6,0
63.04,1860.6,527.6,91.31,146.8,3.663,3439.2,0
37.2,1865.9,456.4,83.56,257.5,4.422,4704.2,1
56.33,2114.4,399.8,98.44,97.7,4.052,2767.4,1
55.89,1411.7,567.5,87.04,321.5,1.142,2106.7,0
54.61,1697.6,514.4,85.15,270.3,,4155.4,0
71.05,1100.0,538.6,91.65,165.7,1.434,2676.8,0
62.59,1204.6,388.9,90.15,281.3,3.007,3797.8,0
71.38,1388.2,415.1,93.97,260.9,4.308,1956.6,0
55.34,1432.0,489.5,90.3,203.8,3.904,1154.3,1
49.97,1560.1,665.4,93.76,230.8,5.73,460.9,0
58.03,11425.37542245663,666.4,90.77,168.1,6.726,4789.1,1
52.35,1837.3,578.4,98.46,115.9,3.245,999.4,0
37.12,1409.9,516.0,84.03,175.3,2.658,1753.1,0
57.0,2039.3,509.2,89.01,122.4,8.619,913.8,1
44.7,1709.6,675.5,86.19,127.5,3.397,2667.1,0
58.01,1668.8,458.2,100.0,279.2,0.294,258.8,0
,1425.6,590.5,79.76,362.4,6.285,763.2,0
68.18,1684.7,436.2,93.2,456.3,2.475,1266.8,0
45.71,1306.9,620.7,90.21,116.1,3.39,1734.5,0
45.33,1585.1,510.5,81.26,478.9,6.558,770.7,0
57.36,1359.4,636.6,97.21,276.8,3.222,4540.5,0
86.48,962.3,371.2,86.52,111.8,3.32,2361.8,1
38.42,2260.3,620.2,95.86,309.4,4.513,1135.0,0
67.96,1682.7,460.6,87.61,138.9,3.844,4339.4,1
59.59,12678.417386778918,399.3,84.88,,0.997,1258.4,0
73.05,1329.8,656.1,81.48,469.5,1.955,223.5,0
67.47,1700.7,644.8,94.59,130.6,0.618,2596.2,0
69.72,1620.1,534.6,98.77,266.7,4.435,4878.0,0
52.5,1447.7,381.6,100.0,98.5,0.961,1292.6,0
55.79,1069.6,615.9,100.0,481.7,2.943,2133.5,0
59.62,1527.6,508.3,96.94,401.4,0.862,2623.9,0
35.91,2015.2,569.2,,451.1,1.576,2499.6,0
95.48,1863.2,489.3,89.64,85.7,3.307,1481.0,1
44.32,1696.0,398.7,94.33,427.6,6.815,4621.0,0
57.35,2027.4,442.3,,449.6,0.532,999.7,0
64.82,1786.1,680.5,91.19,170.2,3.661,1052.2,0
40.06,1212.3,515.0,100.0,121.4,4.912,3828.0,0
57.05,1351.5,472.9,96.13,353.8,4.411,4229.3,1
67.98,1383.8,553.1,100.0,236.8,1.483,4178.6,0
60.44,1900.2,637.5,85.83,332.3,0.653,2458.2,0
72.96,1324.7,434.1,88.94,416.8,4.937,2414.7,0
50.61,1589.6,467.5,97.8,264.1,4.075,4901.4,0
83.98,957.8,589.9,100.0,98.1,0.032,3709.6,0
64.58,1626.4,497.2,87.13,200.8,5.238,4863.5,1
50.42,1787.9,447.3,90.69,371.3,2.437,3906.6,0
57.98,1463.0,695.2,82.75,282.2,0.775,4992.3,0
49.01,2483.4,532.4,86.08,85.6,1.329,2980.5,0
,1838.1,420.9,88.3,99.2,9.963,3738.6,1
,1857.7,587.7,90.93,495.5,5.461,775.5,0
85.56,1872.7,682.6,100.0,192.3,2.548,1174.1,0
49.62,1727.3,586.6,85.64,335.3,1.232,3811.9,0
57.89,2137.3,656.7,100.0,283.3,6.259,2368.4,0
50.06,2102.0,428.3,95.94,67.8,6.574,2278.7,1
69.85,1141.1,563.3,91.93,438.6,0.723,2132.7,0
51.78,2057.7,676.2,83.04,223.8,4.731,1692.0,0
60.71,1554.7,475.3,100.0,166.9,2.833,63.1,0
59.28,2007.1,657.0,95.16,263.6,2.843,1589.5,0
64.46,1571.4,520.4,92.84,230.6,5.694,3697.3,0
70.08,1653.2,457.6,90.85,446.6,4.73,1871.5,0
78.57,1523.9,309.5,90.65,190.6,4.002,631.1,0
62.45,1609.9,583.9,91.65,208.1,2.903,1380.0,0
61.49,2144.9,381.4,88.72,479.6,3.837,2875.8,0
53.56,639.5,295.1,92.33,329.1,1.006,2892.6,0
98.32,1961.1,318.0,100.0,293.7,5.727,3522.8,1
71.44,1122.8,537.4,87.75,361.6,5.816,4015.2,0
50.55,1919.1,517.0,90.13,452.2,1.651,1793.7,0
58.8,1441.0,535.7,100.0,478.9,2.026,986.3,0
69.14,1289.9,655.6,82.24,440.5,3.256,3247.6,0
67.35,2604.1,723.8,88.83,236.4,,4435.9,1
72.56,2119.9,615.4,87.77,181.7,8.429,1424.0,1
42.86,2297.2,413.1,92.69,385.8,6.09,1887.5,0
64.44,1838.1,514.6,86.5,218.3,0.366,2292.4,0
47.84,2105.4,766.5,92.59,246.7,3.065,4588.4,0
68.41,1160.5,542.9,91.41,497.2,6.654,2587.2,0
75.93,1562.6,693.3,92.49,424.1,1.655,2910.9,0
89.62,1387.2,361.3,89.56,308.4,2.932,4957.9,0
79.15,797.3,585.9,87.96,60.8,1.057,2567.1,1
60.98,1545.1,354.0,83.57,149.5,5.213,2840.2,0
50.09,1150.2,533.2,96.88,326.2,1.391,573.7,0
73.31,1344.9,514.6,87.77,116.9,1.569,3832.9,0
50.73,2440.0,533.7,99.32,375.0,2.921,4691.9,0
50.44,1368.6,532.6,99.94,394.5,4.294,4138.7,0
87.07,1744.3,546.1,92.38,212.8,3.924,4675.4,0
58.89,1704.4,361.5,89.68,195.3,2.651,1368.2,0
56.89,2374.6,347.2,100.0,366.1,5.292,765.5,0
46.96,1340.1,655.7,100.0,335.8,0.344,810.8,0
54.11,813.1,600.4,74.41,298.0,1.118,3747.9,0
54.05,1730.3,471.3,94.03,263.7,2.931,1218.7,0
62.07,1506.9,412.3,90.09,261.5,6.229,3530.8,0
74.62,1670.9,427.8,97.78,137.0,2.478,266.9,0
74.15,1406.0,563.4,100.0,405.2,2.385,4180.2,0
63.82,1408.6,629.8,95.26,,0.228,3120.5,0
67.63,1466.7,660.8,91.9,163.5,2.613,1414.0,0
62.77,2031.6,606.8,100.0,157.7,0.622,2650.9,0
62.23,1217.6,439.5,90.57,421.2,2.616,2660.9,0
,1594.3,497.6,90.29,471.2,1.617,1440.2,0
,1261.3,369.0,95.03,60.1,2.492,125.5,1
26.93,1889.3,483.2,80.32,360.1,2.281,3404.9,0
81.22,1022.5,528.0,95.0,401.4,,119.3,0
103.56,2353.1,300.8,96.27,139.1,0.919,4169.1,1
22.69,1467.8,573.7,,385.0,2.443,2433.7,0
84.77,2028.7,662.2,100.0,90.9,5.407,4006.2,1
68.17,1630.0,409.8,93.57,356.1,5.28,714.0,0
66.24,1013.5,646.4,87.55,318.4,4.269,2233.7,0
34.57,1247.6,394.2,74.77,448.9,0.055,499.2,0
57.21,1357.0,473.8,99.0,249.8,4.635,4499.6,0
54.33,1160.2,655.3,72.77,310.6,1.098,3978.2,0
83.73,1019.8,483.4,86.75,411.4,5.575,3750.1,0
77.01,1758.8,579.9,100.0,137.2,2.232,598.4,0
74.6,1810.8,523.7,90.12,439.4,3.643,4266.9,0
63.7,1041.7,586.0,91.54,322.3,3.354,4720.1,0
53.17,1464.8,450.2,79.1,61.8,2.811,1737.3,1
98.93,771.6,681.2,97.5,466.0,2.961,4296.0,0
44.89,2195.3,418.0,88.45,347.3,6.95,2022.2,0
79.34,1891.9,604.4,100.0,296.3,0.758,994.0,0
79.13,1638.4,531.1,96.48,129.6,0.968,1994.1,0
56.04,1509.8,472.7,96.69,198.3,1.158,4851.1,0
67.66,1462.8,520.6,100.0,,4.222,1490.9,0
67.44,1096.9,445.9,89.06,474.2,2.24,2620.1,0
68.33,1718.6,439.1,93.67,402.0,3.505,2519.3,0
61.42,1564.9,470.3,84.87,316.0,2.287,1734.1,0
28.74,2005.9,535.6,88.48,339.2,7.664,1420.6,0
58.89,2092.8,462.2,100.0,112.2,6.076,4602.0,1
63.89,1781.7,409.7,100.0,174.9,1.058,2836.5,0
75.85,1520.8,601.2,85.02,351.1,5.369,2099.2,0
60.22,2265.5,587.2,97.67,61.8,2.321,4875.4,1
51.51,1496.4,491.9,86.99,440.0,8.821,2917.2,0
78.78,2035.4,654.3,93.13,168.0,5.785,1298.9,1
65.84,1717.3,436.0,96.98,160.1,4.496,2048.2,0
37.79,1261.0,532.1,100.0,277.1,3.65,825.5,0
50.64,1708.6,566.9,100.0,58.9,4.98,416.0,1
58.59,1572.9,502.0,99.82,283.6,4.098,3775.6,0
67.94,1193.9,548.6,100.0,143.0,0.903,1396.2,0
55.37,1271.7,535.0,100.0,242.9,1.837,3761.8,0
72.33,1275.5,602.6,89.46,351.5,0.558,2925.5,0
45.47,1632.3,407.1,91.39,403.1,4.01,3518.4,0
87.12,1497.5,547.0,100.0,402.5,,4945.8,0
65.37,1703.5,556.4,79.23,127.6,4.359,2104.1,1
60.54,1196.5,440.7,83.74,483.7,3.451,4931.1,0
77.42,2531.7,296.1,96.55,485.5,5.686,1993.3,1
22.38,1061.3,657.9,96.58,455.4,0.439,1032.9,0
54.83,1870.9,498.8,86.71,211.5,3.698,3859.9,0
58.86,1746.7,625.6,100.0,335.0,0.023,1037.8,0
79.78,2478.7,504.1,82.9,320.2,4.831,2647.4,1
71.77,1915.4,498.1,76.02,268.1,6.166,2314.1,0
78.19,1589.7,640.3,100.0,200.3,2.414,3210.8,0
64.5,1762.0,422.6,97.48,172.1,,724.2,1
68.41,1585.7,543.5,90.23,397.0,1.074,3107.4,0
76.78,998.5,433.7,95.02,438.4,0.433,4070.5,0
63.15,1793.7,461.6,97.54,314.8,4.044,327.3,0
50.37,1752.1,396.1,88.75,443.1,4.101,1160.0,0
,1870.8,198.8,100.0,495.0,0.119,2741.7,0
50.64,2537.8,504.2,89.86,390.5,7.15,1687.5,0
62.45,1116.6,375.2,92.87,464.7,1.457,3983.5,0
35.98,1452.8,601.0,89.58,239.9,0.688,4769.0,0
,1194.6,591.9,92.83,141.2,0.077,31.0,0
80.71,1408.3,714.5,95.34,383.9,0.17,3757.0,0
73.4,1479.9,373.4,89.7,467.0,2.333,1920.4,0
59.81,2258.0,372.3,90.46,467.6,5.469,1707.8,0
80.38,1292.4,511.6,91.58,,5.653,4050.4,1
70.53,1365.7,434.6,92.46,249.1,1.962,4764.4,0
44.55,1592.6,523.9,94.79,374.1,1.088,2956.1,0
78.5,2083.5,686.7,,90.8,1.727,2623.5,1
56.76,1324.5,588.6,83.92,210.6,6.673,4876.0,1
,2488.7,687.7,95.92,364.4,1.971,3419.1,0
42.39,1701.5,430.8,99.32,171.3,,1258.5,0
83.27,1680.2,683.4,97.83,239.2,4.27,4768.4,0
66.04,1545.7,612.1,94.68,264.2,0.898,385.3,0
56.28,1859.9,477.0,95.11,78.5,5.108,2659.5,1
71.78,878.8,507.1,91.68,,1.254,3329.1,0
69.31,2464.0,558.7,100.0,491.7,1.091,2810.5,0
62.33,2325.0,479.4,97.75,238.5,7.973,1588.7,1
55.75,1288.9,487.1,100.0,165.8,0.626,2894.5,0
66.94,1682.3,583.1,100.0,101.8,0.372,2112.5,0
43.76,1802.0,426.1,93.73,401.3,2.849,1916.3,0
68.61,1746.5,421.2,73.45,454.1,1.628,4918.4,1
63.74,1316.1,611.5,87.75,117.3,2.622,4807.9,1
76.11,2357.5,594.0,89.93,257.4,1.954,1531.5,0
51.21,1647.4,537.3,88.18,350.1,3.048,4509.8,0
82.39,1963.5,587.6,87.86,390.4,3.191,2440.0,0
63.42,1433.0,506.3,96.06,255.2,8.56,4201.6,0
50.98,14854.293133837491,545.6,,335.6,1.065,4178.9,0
53.36,1640.2,347.9,100.0,249.4,0.038,3463.6,0
52.38,2266.3,512.9,93.34,361.5,1.566,1057.4,0
51.84,1096.6,542.5,89.95,347.3,0.796,2944.8,1
65.92,1357.0,464.3,95.38,390.1,2.95,1606.5,0
76.69,980.0,508.2,87.16,259.3,2.339,4797.9,0
60.08,1833.5,450.9,87.05,214.8,2.0,3374.4,0
65.21,1001.0,388.2,87.98,459.8,1.601,3199.3,0
80.71,1363.7,553.5,100.0,169.7,0.27,3776.8,0
77.48,2375.3,611.7,86.94,201.7,3.35,2855.7,0
67.9,1119.9,569.9,86.59,147.6,0.293,2559.6,0
47.95,1387.2,608.5,98.13,404.5,1.116,3278.8,0
62.16,1714.1,618.5,80.7,,3.632,3584.3,1
54.99,1140.7,549.7,100.0,,2.743,1862.8,0
74.06,1577.4,525.5,91.61,,3.781,441.3,0
33.27,1254.0,449.6,87.68,152.1,1.417,3401.8,0
87.77,2019.9,321.9,100.0,98.8,1.254,2803.2,1
59.4,1627.7,451.7,82.13,333.9,3.234,1371.5,0
80.94,2414.8,559.3,92.38,,2.422,4774.7,0
70.88,1458.7,559.0,89.17,196.7,4.249,49.0,0
72.44,964.4,541.3,92.53,152.3,2.663,661.3,0
41.14,1910.5,510.6,83.34,384.8,0.848,2836.4,0
34.76,2000.1,423.9,,270.2,2.258,3372.4,0
42.89,2417.3,531.8,90.09,227.4,1.571,1662.5,0
32.67,2120.4,539.1,89.85,400.9,2.661,4568.7,0
29.46,1206.7,496.0,93.78,333.5,5.733,2754.4,0
67.66,1519.8,502.9,100.0,184.1,1.556,3846.4,0
34.02,14664.09718959839,515.5,94.99,98.6,1.587,480.2,0
43.42,1224.2,580.7,91.01,306.8,4.74,3950.3,0
37.63,1849.4,593.8,98.51,358.8,0.38,1424.2,0
57.77,1817.3,446.9,87.7,241.8,4.887,2876.3,0
72.15,1689.6,601.3,92.32,78.2,7.304,3341.2,1
64.95,2149.4,514.0,86.14,129.6,2.027,3782.5,0
56.3,1784.8,613.5,,396.9,4.404,1929.1,0
62.38,1552.5,667.7,100.0,102.3,0.337,4224.0,0
71.66,1502.2,682.7,93.04,463.4,5.189,1489.0,0
77.71,1311.8,537.2,,207.4,6.518,4475.7,0
-24.60776798519722,1453.4,628.6,87.81,217.9,0.757,4538.0,0
55.92,1231.3,659.6,100.0,144.8,2.594,3924.3,0
86.46,1831.6,476.1,89.91,261.2,0.637,2668.7,0
62.09,2235.9,360.4,91.45,417.0,5.035,2436.8,0
64.7,911.5,578.2,92.05,269.2,6.23,3840.2,0
77.71,1238.2,784.2,99.2,459.4,3.41,1126.2,0
-36.083707801976765,2203.6,613.9,90.93,170.1,0.152,1365.2,0
84.61,1271.6,571.7,86.92,84.8,2.697,676.1,1
77.2,1822.3,605.0,94.32,442.4,4.751,2321.7,0
58.37,1480.5,407.1,99.75,456.5,0.34,1214.3,0
,1445.7,505.0,92.94,281.0,0.912,1838.9,0
74.31,854.2,327.7,92.48,77.5,3.467,688.2,1
58.27,1403.6,366.2,,153.5,1.701,1056.8,0
54.83,2211.2,651.9,100.0,158.8,,4122.6,0
75.35,1473.4,476.0,88.02,325.3,1.588,3228.6,0
,1924.7,548.8,100.0,162.4,5.19,1826.9,0
46.45,1628.9,378.2,97.88,409.6,2.768,2460.1,0
54.35,1442.1,592.2,98.2,67.9,3.478,893.9,0
72.5,1249.1,361.5,86.16,101.3,5.953,2409.9,1
53.83,1318.3,590.6,97.35,327.7,1.96,929.7,0
63.18,1236.6,392.1,91.16,112.8,5.285,2036.0,0
61.59,1504.3,260.3,97.45,493.0,2.47,2712.4,0
39.72,1871.6,450.8,87.79,73.1,1.463,3098.0,0
,1472.7,263.3,87.67,172.5,2.051,2972.5,0
90.3,1794.7,391.8,97.85,474.2,5.295,4260.1,0
48.04,993.0,589.8,100.0,191.1,2.345,4953.9,0
79.39,2268.4,578.0,90.74,491.1,,1453.8,1
71.29,2239.6,430.4,86.09,141.9,2.226,4660.8,1
70.62,1054.1,597.3,83.16,221.3,0.133,3615.7,0
69.04,1748.8,646.2,91.75,155.7,4.478,4506.0,1
47.66,2188.8,513.7,89.66,452.0,7.66,430.8,0
86.29,1719.2,643.8,94.04,158.7,3.311,2977.5,0
73.72,1258.7,453.7,93.43,494.4,3.761,3830.1,0
39.36,1393.2,520.1,,,7.164,2192.1,0
39.91,1220.5,684.7,79.8,399.0,4.606,298.4,0
71.46,1423.5,575.9,93.47,489.4,4.067,1746.9,0
51.81,1937.6,318.0,100.0,335.9,2.701,1250.7,0
82.47,1358.1,620.3,95.94,174.5,6.057,2659.2,0
86.41,1307.7,470.7,79.4,458.9,3.473,2983.3,0
68.32,1326.0,336.6,97.03,272.2,0.534,3452.1,0
40.38,1599.4,585.4,99.18,299.2,0.802,2665.0,0
71.89,1497.4,360.6,88.74,167.4,4.261,304.4,0
51.58,2028.1,450.4,,433.0,0.112,1378.6,1
63.52,1823.2,471.7,96.05,315.4,3.086,4451.5,0
52.62,1627.3,477.6,89.58,454.4,2.775,2388.3,0
80.31,1345.7,449.8,99.12,67.0,1.726,766.2,1
60.69,1108.8,542.0,95.54,485.4,0.207,2676.4,0
79.38,1731.2,293.2,91.99,172.0,1.781,3033.2,0
60.98,2111.1,503.9,99.98,142.2,,3254.5,0
65.35,841.2,654.4,96.23,229.9,0.537,2237.8,0
63.48,2135.9,294.4,92.78,445.8,3.181,337.8,0
51.57,1708.9,738.3,100.0,140.7,0.635,758.7,0
53.55,1643.8,618.9,88.7,100.1,3.805,2373.3,0
77.04,2009.0,558.7,,412.3,4.031,3558.2,1
72.38,1945.6,630.9,90.81,328.0,4.739,463.4,0
48.73,1644.8,678.6,89.75,88.9,4.791,244.0,0
57.56,2026.6,415.7,95.22,419.7,0.376,1231.7,0
36.27,1136.2,455.3,98.88,111.0,5.367,190.5,0
66.84,1877.8,632.0,92.09,74.1,1.496,1759.6,0
45.16,1981.9,522.4,100.0,300.9,1.408,737.6,0
45.27,1786.6,692.6,100.0,256.0,6.627,1573.9,0
57.82,1744.8,398.2,91.23,437.6,5.777,2745.6,0
59.61,1772.9,653.6,91.65,391.4,5.929,97.8,0
69.25,1550.4,447.7,87.79,410.8,2.379,1827.9,0
64.64,1721.4,361.7,94.55,121.4,,1956.7,0
114.31,1637.6,373.3,90.39,330.7,1.584,2070.2,0
81.54,1916.9,484.1,,349.5,6.104,4243.6,1
45.83,1652.3,384.2,90.9,218.3,4.034,3491.5,0
83.17,983.7,568.1,89.49,384.4,3.079,2129.0,0
89.34,2023.8,547.8,93.18,116.1,1.991,3360.7,0
57.47,1733.8,631.6,100.0,73.6,5.981,1868.8,1
80.8,1189.1,508.2,100.0,257.5,2.608,1969.8,0
24.32,2029.0,497.9,91.61,486.0,5.526,3612.6,1
75.69,1345.3,590.1,83.67,236.8,0.738,4383.3,0
83.32,1371.7,476.4,94.31,114.6,3.809,1427.6,0
65.63,1650.0,468.2,96.41,93.9,4.211,4878.4,1
63.9,2075.8,376.2,87.56,481.1,4.339,3545.9,0
66.95,1238.5,492.1,84.24,379.2,0.433,3942.3,0
40.71,1728.4,523.0,85.84,369.1,0.058,1276.6,0
78.22,1898.4,657.8,84.31,74.3,0.053,1625.8,1
72.14,986.6,436.4,96.73,325.5,2.214,3183.3,0
62.46,1578.6,633.7,94.55,195.9,0.815,1697.6,0
66.98,1631.6,540.6,100.0,344.6,1.87,4133.0,0
69.69,1622.0,563.0,88.41,160.9,5.277,1638.4,0
61.9,1804.5,616.4,85.39,261.7,0.671,370.2,0
56.27,1391.4,582.7,,178.1,6.553,4007.0,0
58.02,982.2,617.2,91.53,179.4,2.122,2616.3,0
64.91,1439.5,551.6,80.84,146.8,2.446,1367.4,0
45.22,1340.2,600.4,78.74,240.4,1.594,352.5,0
82.53,1054.3,503.6,83.17,479.8,2.142,3365.0,0
73.97,1707.3,630.2,,283.8,4.099,254.1,0
40.43,2122.8,734.6,97.44,221.8,4.407,3364.4,0
49.14,1860.6,381.8,95.85,203.9,5.212,3445.5,0
68.11,1249.8,549.2,90.28,271.9,0.232,2339.3,0
58.02,2098.3,574.6,100.0,122.5,4.729,2763.5,0
83.29,1571.2,693.8,95.77,331.6,4.362,451.8,0
49.19,1796.4,602.3,92.46,443.7,3.093,885.9,0
55.15,1254.9,548.9,86.2,91.3,0.969,1513.1,0
58.03,1060.8,683.3,96.14,132.1,4.602,138.8,0
50.76,1346.6,650.7,,405.9,3.71,2944.2,0
81.15,1272.8,599.2,89.71,265.2,0.893,2185.2,0
86.56,1340.1,565.9,87.93,302.3,2.235,1523.7,0
68.77,1610.3,477.0,99.27,73.0,6.38,4173.8,1
52.4,667.9,480.5,88.13,385.7,1.432,2072.9,0
62.98,1699.1,356.4,89.67,231.1,3.525,189.8,0
75.88,1233.3,431.1,89.84,100.3,5.5,2155.2,1
56.23,1875.0,819.4,83.96,90.7,3.593,1311.7,1
,1828.2,575.0,93.76,301.4,3.379,3952.0,0
78.26,1467.9,581.5,91.2,,1.339,125.7,1
55.49,1311.2,337.2,87.88,223.5,5.059,1430.1,0
77.12,1064.9,589.0,89.15,249.9,0.294,3808.9,1
60.32,1453.7,233.7,97.25,492.2,5.378,3170.4,0
82.14,1042.7,521.0,87.46,460.4,6.319,935.8,0
74.67,2034.6,629.8,89.61,384.8,2.028,1158.4,0
60.71,1065.8,489.2,94.17,58.4,1.779,3465.3,1
66.62,1360.3,465.0,91.82,112.5,1.194,4219.1,0
56.2,2057.0,625.7,92.38,62.5,2.049,975.2,1
77.3,1507.8,344.2,96.11,361.1,0.52,4639.5,0
66.57,1756.5,606.3,87.17,92.9,4.194,4563.4,1
39.92,2204.2,574.9,100.0,283.7,2.903,2755.8,0
82.85,1552.9,432.6,86.68,102.4,3.365,2692.1,1
42.37,1707.3,506.7,96.15,149.3,2.716,1229.2,0
29.88,1921.9,537.4,86.74,84.4,4.104,2235.5,0
45.33,1248.1,797.4,97.68,184.9,1.795,2276.5,0
56.58,1184.9,470.3,94.01,69.8,3.32,1125.1,0
57.08,2013.4,383.1,90.17,230.9,5.629,4104.3,0
,1913.6,598.3,96.43,106.8,2.542,4068.3,0
38.47,2013.1,555.3,96.36,282.5,4.324,2184.9,0
91.03,2031.2,539.4,100.0,211.7,2.629,3937.5,0
68.55,1851.9,364.6,98.57,157.9,2.161,1288.2,0
87.42,1876.4,495.9,100.0,359.5,3.18,1449.3,0
46.54,1717.8,366.5,100.0,181.0,1.219,2082.5,0
,1740.9,512.3,82.93,121.7,1.971,4842.3,1
40.35,1901.6,467.1,95.3,409.1,1.311,3013.5,0
61.54,1772.8,695.0,82.17,158.4,4.559,2720.4,1
52.52,1947.7,463.3,90.18,57.9,5.384,79.7,1
60.47,1202.8,434.0,95.25,499.2,5.46,4627.3,1
39.76,2033.7,579.2,98.16,375.5,4.714,2080.1,0
87.07,885.7,255.0,97.98,,3.271,4588.9,0
66.55,2383.5,395.5,80.59,263.4,0.97,606.9,0
66.5,1838.3,500.8,100.0,290.0,8.185,4250.0,0
64.03,1679.8,490.0,95.19,340.9,0.279,1490.6,0
49.41,1247.3,501.7,99.88,359.9,3.051,1518.7,0
57.47,1514.4,399.5,82.95,352.7,1.715,4659.5,1
62.54,1782.0,524.1,88.68,374.4,2.441,2150.2,0
73.38,1776.0,518.9,100.0,379.3,4.04,3319.3,0
59.79,2491.6,454.2,96.46,285.9,3.486,2018.5,0
32.04,2080.6,417.6,99.51,133.0,4.264,2850.7,0
60.22,1997.8,326.2,90.6,325.7,0.315,2075.2,0
18.45,1732.1,547.6,87.95,230.6,6.021,167.3,0
70.85,2318.2,643.8,100.0,200.3,2.429,838.7,0
76.35,1744.7,328.1,94.98,169.8,1.899,1628.3,0
78.33,1467.0,720.7,100.0,428.6,0.024,2640.5,0
59.93,1754.5,444.5,96.27,311.8,0.666,3740.7,0
48.82,1507.9,536.5,96.01,359.4,4.081,2345.7,0
66.46,1805.7,504.0,88.74,364.1,5.258,1154.5,0
57.61,1364.1,595.8,91.39,359.8,1.621,2405.7,0
39.14,1377.6,618.0,90.52,442.6,0.68,1044.7,1
58.12,1395.0,791.9,86.48,428.7,4.676,3470.4,0
36.53,1245.9,452.3,89.41,247.7,4.95,3952.1,0
,2103.2,533.0,100.0,440.3,1.526,2797.0,0
87.76,1565.5,466.7,85.69,127.7,5.385,808.6,1
79.69,1097.9,408.6,90.31,,0.694,238.5,0
70.09,1057.8,669.8,97.32,110.5,0.449,3407.6,0
45.61,1622.4,510.4,92.2,494.2,4.74,31.3,0
48.73,1399.9,482.0,85.06,449.3,1.24,4239.8,0
80.33,1393.3,621.1,97.05,142.8,4.024,4604.4,0
70.24,1709.9,513.7,89.95,187.3,,3641.5,0
66.84,1495.2,423.1,93.9,413.1,3.899,2819.9,0
63.61,1654.7,591.6,97.2,233.0,2.122,1150.3,0
61.3,2230.6,517.0,99.4,208.9,4.608,1636.3,0
58.79,1645.2,508.5,95.43,169.6,1.387,558.2,0
50.87,1171.3,628.1,96.21,77.8,0.889,111.9,0
29.13,1342.5,416.6,97.43,227.6,5.392,1052.6,0
50.7,1533.8,585.5,93.84,94.6,1.633,1801.7,0
37.62,1098.7,614.5,94.25,313.4,0.115,4811.8,0
35.04,1014.1,374.9,,487.6,4.781,711.0,0
74.57,1401.0,406.9,92.94,91.9,0.441,34.9,0
49.96,1634.1,577.8,79.01,463.2,5.868,1044.9,0
37.14,1738.5,189.7,96.31,366.9,4.016,2324.0,0
63.28,1379.1,361.3,94.99,296.0,4.217,449.1,0
72.47,1025.9,397.2,99.81,448.5,6.452,4725.4,0
60.37,1648.6,349.0,96.85,205.6,1.24,4706.5,0
69.97,1904.4,412.2,100.0,367.8,6.172,2080.4,0
76.4,1702.2,686.8,99.35,360.2,2.596,1458.1,0
57.16,1819.9,431.8,75.33,50.4,5.033,3524.5,1
88.44,1022.5,528.8,69.92,292.2,0.374,8.7,0
27.94,1481.3,618.1,89.03,286.2,0.083,2457.1,0
55.3,1493.5,617.3,91.37,372.8,5.875,966.4,0
74.83,1516.0,392.4,87.14,223.5,4.726,3039.4,0
95.4,1345.0,477.1,93.17,184.8,1.813,274.5,0
70.46,1957.1,684.7,80.86,191.9,5.129,1725.4,1
48.43,811.0,601.3,100.0,413.1,7.275,3173.4,0
59.81,2018.0,392.6,100.0,407.3,3.328,50.7,0
85.85,1232.6,410.8,94.8,324.0,3.945,280.9,0
81.19,1979.7,611.2,94.49,411.5,3.315,2870.3,0
75.59,1184.0,529.7,,252.5,5.696,3314.6,0
55.62,1795.4,525.3,98.37,355.0,4.814,3491.3,0
69.01,2309.5,654.4,100.0,233.6,3.991,1710.6,0
69.04,1757.2,562.3,88.81,431.1,1.145,1839.1,0
59.65,1859.8,512.6,97.18,58.6,0.882,839.1,1
59.67,1937.2,638.3,90.43,164.4,1.019,1779.0,0
48.65,1768.2,602.0,96.36,408.2,1.409,4182.2,0
82.67,1733.0,523.8,95.48,131.8,0.856,2039.8,0
83.61,1815.3,580.3,89.07,98.8,0.198,801.9,0
49.8,1916.5,516.7,97.25,496.4,4.327,2927.4,0
73.33,1285.8,399.0,100.0,356.6,4.891,3620.8,0
39.54,1934.4,506.4,84.06,132.6,4.688,494.4,0
,1543.9,480.8,86.7,309.0,5.771,1641.6,0
64.73,1030.4,618.8,96.42,217.0,2.529,4475.5,0
78.76,1661.9,448.0,99.77,447.4,1.67,613.0,0
50.69,1692.9,519.2,81.36,242.8,0.03,3091.4,0
61.44,1712.1,672.5,85.92,121.0,5.01,1601.2,1
58.07,1350.7,603.6,100.0,482.2,0.689,1458.7,0
74.15,1371.7,476.0,84.89,256.2,1.794,3031.6,0
35.74,1895.1,486.6,80.46,272.0,3.409,3528.9,0
73.1,1537.7,572.5,97.49,460.5,3.627,1537.2,0
68.37,1480.9,662.6,82.84,309.7,2.484,4333.6,0
60.92,2054.5,371.1,96.01,469.2,3.412,3478.0,0
44.18,1085.6,434.7,90.8,443.0,2.119,537.6,0
57.32,13456.892915746497,507.9,90.34,130.5,1.011,4637.6,0
71.88,2594.4,548.9,97.75,,3.602,3791.9,0
74.74,1862.7,414.8,85.01,455.0,4.691,1536.6,0
51.56,1839.4,508.2,87.71,61.0,2.651,755.1,0
69.19,1612.5,579.3,100.0,183.5,1.94,2102.9,1
60.45,1678.4,512.5,88.27,,0.204,2117.3,0
54.76,2032.1,489.2,84.56,143.3,4.651,2300.3,0
61.96,1280.5,548.7,98.84,166.9,1.156,1475.5,0
38.08,1789.5,383.2,82.47,370.1,1.022,3546.2,0
53.07,2088.0,503.9,95.26,242.5,3.951,3004.2,0
20.25,1598.9,567.1,78.53,207.0,3.909,2716.9,0
42.71,1773.4,500.7,95.93,141.7,4.349,1586.2,0
91.98,1734.5,675.8,93.6,199.6,6.25,4380.4,1
81.92,1770.7,544.7,83.76,267.3,2.809,1261.3,0
67.96,1383.2,417.2,78.42,119.7,3.626,2155.9,1
53.69,1571.3,637.3,100.0,291.1,0.028,1735.6,0
44.36,1904.9,491.9,94.52,396.9,2.189,3171.3,0
67.44,1180.8,604.9,81.29,468.8,0.915,3722.7,0
73.26,1418.8,531.8,99.17,177.0,4.299,2646.7,0
83.53,1042.5,581.3,89.37,397.3,0.634,41.0,0
83.1,822.0,359.8,92.76,436.8,3.351,657.3,0
33.42,1792.0,345.1,84.69,303.2,3.704,4114.6,0
34.92,1049.1,515.6,100.0,327.2,2.174,2100.4,0
92.43,1694.0,490.2,,204.1,6.221,3650.3,0
,1427.9,582.3,100.0,414.5,2.286,2041.8,0
,2072.9,560.9,85.97,287.8,0.311,979.8,0
79.89,1816.3,584.8,98.31,417.1,2.587,3478.9,0
72.55,695.1,465.3,100.0,360.1,2.107,4148.5,0
104.51,1774.5,383.4,87.13,345.6,3.914,1999.1,0
-6.762762795675272,2168.5,600.4,79.77,356.2,2.686,319.7,0
49.82,1662.8,528.9,88.57,240.4,0.479,569.7,0
38.31,2076.1,519.6,79.37,128.5,4.774,111.3,0
68.85,2025.6,375.3,96.87,380.8,3.623,202.7,0
54.73,2116.5,455.7,91.53,218.2,4.944,4346.9,0
42.16,1134.0,507.4,85.54,323.1,0.395,4207.9,0
53.93,1128.1,303.0,91.43,82.0,4.019,1001.9,0
88.87,1082.4,588.4,88.2,201.2,5.632,3435.0,1
75.07,1585.4,528.9,89.59,375.6,5.784,1459.9,0
85.21,1276.4,546.7,99.17,262.7,0.849,2529.5,0
66.59,1573.1,434.4,96.9,113.9,6.158,4422.5,1
58.42,1671.4,540.4,86.55,299.3,4.632,543.7,0
63.89,1711.4,312.1,99.5,263.1,0.668,1138.2,0
78.04,2249.3,610.7,100.0,466.9,6.054,2397.3,1
87.01,2009.8,365.6,,425.9,3.477,354.9,0
68.27,1540.5,654.4,100.0,178.2,1.606,4330.6,0
71.44,1475.4,546.9,75.69,357.3,4.216,4155.1,1
81.91,1994.2,489.5,100.0,52.6,7.492,2400.4,0
61.46,1506.4,557.6,84.66,441.2,3.415,3919.2,0
70.78,2235.5,426.1,97.27,291.5,0.909,758.0,0
56.51,2070.2,364.0,88.27,469.5,4.033,2813.5,0
45.04,861.2,487.8,100.0,110.0,1.498,3636.7,0
79.4,2000.3,601.6,93.65,194.3,2.398,2244.2,0
60.65,1654.6,486.6,98.55,126.7,1.409,1608.2,0
61.37,1609.2,540.5,100.0,357.6,2.792,3843.5,0
47.08,2396.8,614.8,84.43,55.7,5.918,634.4,1
37.27,2192.9,438.6,89.41,217.6,2.004,4135.0,0
49.71,1618.3,455.0,86.22,,0.303,2900.1,0
50.14,1261.6,454.6,91.78,394.5,3.71,1613.6,0
48.3,1864.7,646.8,87.17,311.7,5.907,4289.8,0
76.99,1644.3,448.4,81.22,286.5,1.559,1134.6,0
62.4,1707.5,538.6,93.13,404.3,6.356,1176.8,0
56.83,1468.6,588.8,80.03,321.7,6.993,1835.4,0
76.59,876.3,584.4,100.0,207.4,3.839,2371.6,0
51.56,1184.2,281.6,75.33,226.1,8.962,780.6,0
74.51,1194.9,389.9,100.0,490.8,5.648,4635.5,0
45.42,1845.3,533.3,85.29,88.3,2.878,783.0,0
54.03,1928.0,577.4,84.89,447.7,3.296,3811.9,0
51.36,1766.1,569.3,91.26,418.9,3.058,2690.7,0
86.9,2045.5,514.4,93.61,222.6,2.079,4356.2,0
78.31,1519.6,615.2,86.64,72.4,1.638,4454.5,1
84.1,1362.6,588.4,88.64,344.6,1.72,927.6,0
53.83,1426.8,472.7,88.3,140.6,2.825,883.7,0
39.14,2051.2,406.8,87.44,436.7,4.006,2385.0,0
87.42,1514.7,556.1,91.43,432.2,0.783,2834.1,0
68.9,1811.7,428.1,83.79,154.3,0.01,2022.4,0
75.99,799.8,584.9,100.0,470.8,5.916,3798.8,0
46.99,985.3,525.1,,102.8,3.588,1190.5,0
98.03,1523.0,406.5,90.5,384.8,1.377,3208.6,0
72.77,1816.4,567.7,94.13,78.1,3.866,1550.9,1
65.89,1397.9,478.3,86.04,281.5,1.945,3269.7,0
28.51,1675.0,511.7,88.48,475.0,2.801,3940.0,0
55.73,1657.2,652.0,100.0,306.2,4.03,327.2,0
50.92,1277.0,362.1,89.39,108.8,3.034,3969.4,0
68.67,1524.7,528.9,94.73,203.2,2.567,2864.9,0
,1251.1,501.0,92.81,158.1,1.949,2977.4,0
59.77,1732.0,297.0,86.84,478.7,4.452,115.9,0
51.66,1742.7,589.4,90.59,460.0,4.427,1093.0,0
73.26,1781.4,577.9,93.14,150.3,0.338,1152.9,0
67.29,14220.789099120939,684.4,84.18,222.4,1.806,2924.7,1
,1152.5,726.1,100.0,317.1,1.611,3636.3,0
32.63,2864.6,447.8,85.52,106.6,2.007,2393.8,0
38.86,1399.2,599.0,85.24,105.1,2.077,943.6,0
76.48,1458.4,507.6,90.68,,0.977,989.2,0
49.23,1922.7,535.5,90.57,202.9,5.808,4485.3,0
59.97,2243.5,573.7,89.38,64.0,1.891,3260.9,1
58.41,1025.1,643.0,100.0,365.3,3.827,3047.5,0
86.15,1847.3,449.4,93.25,339.1,4.664,1582.4,0
57.86,1617.7,548.6,89.96,473.1,0.797,1705.0,0
73.21,1870.6,564.0,92.3,281.8,2.667,3669.4,0
36.56,1580.8,586.5,100.0,63.5,4.034,955.9,0
74.71,1663.3,627.0,90.35,481.0,4.733,3185.0,0
47.99,2454.8,522.3,100.0,411.1,2.98,3500.6,0
79.39,1967.5,458.2,99.36,275.4,4.319,1151.3,0
48.98,1121.5,707.4,100.0,82.5,0.469,2241.3,0
75.48,970.2,364.7,94.41,431.3,1.391,3427.2,0
46.36,1861.4,320.4,92.48,118.0,3.823,515.1,0
53.05,1789.4,410.6,86.47,97.8,3.451,332.3,0
45.72,2183.8,381.9,87.97,187.4,4.699,2904.5,1
86.13,2181.0,657.1,100.0,216.9,4.391,3098.6,1
60.27,1912.6,227.2,88.46,89.4,2.855,3797.4,1
50.92,871.1,490.7,87.83,74.1,0.599,3558.1,0
41.0,1433.0,699.3,85.22,470.8,0.249,2680.3,0
44.84,1687.1,528.6,85.86,358.1,2.769,996.5,0
74.41,303.7,718.9,97.49,191.3,0.149,130.5,0
67.89,1871.3,491.3,98.23,360.9,5.419,2037.9,0
51.45,1696.1,388.3,94.13,188.7,3.14,4346.4,0
79.56,1839.8,570.4,88.85,497.1,2.757,4276.6,0
46.75,1348.4,384.7,79.74,395.6,0.667,2404.1,0
39.34,1523.3,657.5,90.23,155.7,4.173,2042.8,0
67.5,1901.1,351.1,92.17,493.5,1.896,491.9,0
63.02,1277.0,632.5,96.11,84.7,0.536,528.3,0
67.31,1925.1,561.8,97.72,64.4,5.654,4941.8,1
47.3,1884.0,514.2,94.61,312.3,2.686,500.9,0
55.71,536.2,592.8,92.41,365.2,2.509,4816.9,0
33.64,1477.7,342.4,86.93,475.0,5.842,4206.6,0
54.79,1245.3,426.6,99.51,472.9,6.669,3443.6,0
89.18,1774.9,527.3,89.41,413.8,4.215,2717.0,0
81.48,1819.2,684.4,92.22,281.6,2.423,1186.9,0
79.14,1755.7,334.7,90.44,377.7,0.313,607.0,0
79.2,1202.4,494.1,90.46,400.6,4.002,1586.0,0
46.48,1471.2,293.9,100.0,,0.942,4229.0,0
43.52,1780.6,656.0,94.76,81.6,4.434,4305.7,1
68.58,1840.1,694.7,100.0,378.4,2.327,1627.7,0
60.36,1550.2,457.9,,227.9,3.045,3364.7,0
70.68,1476.0,406.8,84.11,130.5,3.973,2417.0,0
101.99,1554.0,527.2,91.84,446.8,0.249,3467.9,0
53.93,2261.1,531.6,100.0,390.9,7.244,1957.9,0
52.73,1794.7,272.1,88.81,279.8,0.612,2910.2,0
36.7,1801.3,393.1,98.71,140.2,0.961,1947.6,0
72.33,1395.1,466.0,98.3,308.8,3.62,4732.5,0
79.85,1079.1,518.2,84.59,338.3,2.675,4637.7,0
,947.4,499.3,,154.0,4.231,243.0,0
54.46,1372.8,370.2,99.38,212.1,0.848,1399.1,1
61.46,934.5,431.4,99.99,491.4,4.102,3931.3,0
56.82,1606.8,652.5,84.85,177.3,2.141,1823.5,0
82.15,1391.9,596.5,86.86,258.6,2.434,1665.7,0
54.15,1867.6,480.9,93.65,340.8,2.675,4736.9,0
76.56,1659.1,627.5,100.0,50.5,6.244,1186.0,1
67.59,1892.7,415.8,98.87,154.8,2.832,3695.3,0
43.52,1108.9,432.1,80.73,386.7,4.382,4199.4,0
73.9,1829.7,591.8,91.02,299.7,1.577,4521.0,0
60.63,1358.2,448.5,93.26,159.5,1.382,39.7,0
55.64,1552.2,583.1,96.7,63.9,3.563,1458.9,1
48.85,2152.7,626.1,100.0,394.4,2.585,1071.1,0
82.44,1639.7,694.7,93.18,,6.394,2077.6,1
59.27,970.8,472.0,82.21,144.6,1.364,2319.7,0
44.11,1892.5,549.7,77.5,288.1,1.947,2654.0,0
52.44,1011.5,572.7,90.06,454.9,1.951,4247.8,0
70.98,1634.6,455.5,95.46,427.7,1.32,1467.2,0
65.22,2198.8,441.2,99.21,446.3,1.417,3252.3,0
63.68,1921.0,613.3,78.53,148.4,4.273,3738.9,1
59.68,1427.6,385.8,87.84,231.6,1.369,590.9,0
64.66,1514.6,420.9,92.99,181.4,3.558,1759.5,0
40.66,1492.3,127.2,97.6,166.7,2.56,2953.8,0
59.8,1535.3,416.7,90.91,418.4,4.345,343.9,0
63.4,1399.2,506.6,97.36,115.0,2.149,3959.8,0
53.51,1431.9,416.3,94.79,235.0,5.747,3576.4,0
47.57,1980.9,545.1,100.0,225.3,3.459,3450.7,0
79.84,1533.6,498.2,91.2,124.1,2.887,4765.1,0
80.47,1582.5,538.1,86.34,,6.628,1834.5,1
67.82,2209.6,516.3,94.72,76.8,2.152,2314.7,0
55.62,496.7,586.3,88.52,92.7,3.351,1451.3,0
52.2,1828.6,520.3,89.91,422.4,1.627,3692.0,0
54.96,2063.0,499.5,92.52,443.6,5.11,1220.1,0
35.44,1084.6,646.9,100.0,213.2,4.762,4961.3,0
48.77,1956.5,450.6,100.0,271.9,3.755,812.5,0
56.94,1717.3,583.0,93.29,315.5,1.933,221.0,0
46.03,1486.8,597.4,95.56,316.2,0.111,3254.5,0
47.02,1557.1,465.7,95.71,441.7,1.971,1427.6,0
64.98,1629.6,518.1,86.07,55.2,1.629,2253.5,1
48.91,1901.9,686.3,95.24,260.3,1.362,563.2,0
66.98,2341.1,455.2,84.59,264.8,5.846,4796.8,1
74.6,1948.4,492.9,85.45,168.5,0.584,460.5,0
63.0,1566.9,548.0,88.06,222.3,0.442,4374.3,0
49.1,1087.3,526.3,100.0,136.1,0.593,2601.3,0
70.18,1784.6,472.4,87.61,373.3,,546.9,0
69.26,1666.1,648.1,88.84,490.0,1.0,1524.7,0
75.09,1057.6,526.1,,415.5,1.687,1565.3,0
63.35,1918.4,574.8,92.61,291.6,2.154,1994.4,0
94.13,1171.7,409.4,95.09,420.3,4.77,118.2,0
75.65,1468.5,515.6,100.0,487.3,2.448,1583.5,0
83.47,1310.0,569.4,100.0,306.5,6.255,4484.8,0
28.95,1540.9,383.2,88.92,176.3,7.096,3908.9,0
34.39,1667.8,655.0,83.93,256.9,1.605,3553.0,0
71.72,1351.2,300.9,100.0,491.7,6.065,2443.0,0
,2261.2,578.7,95.21,219.1,2.657,2297.8,0
43.64,1624.3,410.4,89.94,175.5,0.848,4276.2,0
61.11,1701.5,427.5,96.48,331.3,5.461,4001.2,0
45.67,1177.9,601.9,91.54,318.5,3.06,1660.2,0
81.6,1958.5,539.7,94.4,241.1,2.413,657.9,0
43.9,1634.7,493.5,84.8,233.9,2.322,2123.8,0
61.41,1426.6,434.7,,70.8,0.383,4495.7,0
74.65,2052.9,463.1,91.25,334.8,5.838,1078.8,0
56.61,1615.1,502.3,,174.0,0.519,1619.3,0
72.69,1728.9,565.1,98.3,,4.775,4093.4,0
55.99,1117.0,619.3,97.88,110.0,6.22,955.9,0
69.19,1445.8,455.4,91.94,357.2,4.395,3524.4,0
61.62,1668.7,828.6,92.33,326.2,2.562,842.0,0
,1455.4,360.1,92.08,88.3,2.636,3728.1,1
70.7,1106.1,585.1,88.07,363.8,2.748,2141.9,0
68.75,1785.9,385.6,94.3,454.7,3.634,3430.3,0
90.71,1452.2,470.4,89.87,,5.811,4132.8,0
55.41,1589.8,660.3,87.52,78.9,2.426,2792.4,1
46.92,1372.5,481.0,99.73,260.8,2.332,3889.6,0
47.28,9316.15610285245,510.0,88.95,393.7,3.501,2051.8,0
92.19,1059.4,416.3,100.0,479.7,1.713,2291.5,0
41.56,1678.4,722.4,89.39,109.0,3.759,841.1,0
87.66,1474.2,287.2,91.29,163.1,4.55,398.4,0
83.76,1589.4,670.3,100.0,258.4,4.432,1098.8,1
73.23,1744.4,573.5,90.96,278.7,,1360.3,0
52.38,1498.9,465.1,98.97,120.1,0.438,2135.2,1
66.13,1347.3,386.3,100.0,445.7,1.325,1933.0,0
41.36,1438.8,521.6,91.44,83.9,6.89,1735.7,0
76.37,1413.9,860.9,100.0,343.2,2.182,2380.0,0
79.08,1399.9,420.4,97.89,298.2,0.55,2960.2,0
44.58,1826.2,478.6,84.2,323.9,1.85,536.9,0
72.59,1566.7,693.7,91.08,128.3,2.277,2400.7,0
57.82,2013.0,520.7,74.96,75.2,0.291,1136.5,0
62.13,1401.9,510.1,97.27,428.4,1.218,2956.8,0
77.74,2059.6,687.8,87.66,252.5,5.378,2129.6,1
53.37,1658.0,444.2,94.68,,3.98,4242.0,0
31.22,2356.7,514.2,82.41,217.2,9.121,1815.4,1
69.71,1735.6,568.6,72.91,261.3,5.828,3507.6,1
71.31,1068.2,634.1,81.29,118.7,5.405,992.2,0
60.55,1934.6,568.1,,350.2,2.419,2315.7,0
78.65,1708.7,528.6,100.0,337.1,3.91,2251.0,0
51.33,1866.0,570.2,87.6,364.9,0.895,2240.6,0
36.96,1103.4,656.5,85.89,58.0,3.165,2461.8,1
71.3,2039.4,270.7,83.96,334.0,2.114,205.6,0
60.6,1820.2,549.2,,452.1,4.33,4043.9,0
34.02,1417.3,365.5,89.92,91.8,1.324,3504.5,0
71.68,1283.1,287.3,99.14,235.1,3.811,4037.6,0
55.72,1837.0,510.3,100.0,396.8,3.789,2554.1,0
59.09,1228.6,499.0,97.9,,4.619,1970.8,0
52.84,1348.4,619.6,97.18,434.1,3.713,2075.2,0
75.28,1507.9,476.3,88.83,56.5,1.98,3100.4,1
45.0,2272.5,595.3,77.5,79.6,0.741,3789.6,1
59.81,1382.7,579.5,96.53,94.5,1.812,803.7,0
65.77,1483.9,537.1,100.0,367.4,4.207,2027.0,0
79.46,856.2,475.3,85.92,465.9,0.217,2585.1,0
70.22,1918.7,489.3,98.11,358.3,0.184,420.4,1
94.05,2168.2,429.6,92.9,258.4,2.974,3714.8,0
54.17,1054.5,554.0,85.92,111.8,4.088,1342.9,0
64.74,713.3,666.8,95.27,374.1,2.349,3610.9,0
55.55,1887.2,616.3,88.29,284.4,4.86,4370.8,0
64.06,1679.6,421.5,94.22,116.8,10.117,3945.5,1
67.16,2288.6,446.0,92.56,477.2,4.554,2981.8,0
51.06,674.3,661.8,95.53,256.8,7.061,2691.9,0
58.17,2008.2,455.9,100.0,129.4,,4600.6,1
52.1,1659.4,467.1,99.46,67.9,1.828,415.5,0
78.97,1845.8,523.9,84.25,264.7,5.702,446.5,0
40.56,2025.3,629.7,93.17,321.3,5.129,2904.1,0
62.27,1426.6,510.6,96.95,212.3,6.267,1893.7,0
58.13,1837.5,501.8,100.0,113.7,4.27,2739.4,0
,1314.6,604.8,87.31,260.3,5.231,2232.7,0
80.07,1796.9,368.0,93.23,360.3,3.586,138.9,0
68.46,931.9,413.3,100.0,179.8,2.476,1391.8,0
64.65,1393.1,617.0,81.27,123.0,4.757,4638.3,1
53.79,1197.0,471.9,97.5,90.1,0.215,3783.5,0
56.94,2151.0,368.8,94.11,470.6,3.917,3365.6,0
49.45,1735.3,699.8,90.21,326.5,,4135.8,0
70.39,1479.0,614.9,92.71,431.3,3.486,3509.0,0
68.26,1234.4,500.7,100.0,57.2,2.89,1114.6,1
71.97,2099.4,609.1,96.3,158.5,6.488,2211.3,1
74.9,1587.9,507.8,99.14,425.7,4.356,435.1,0
86.18,1352.1,393.0,80.96,235.4,3.005,113.6,0
59.36,1790.6,509.3,89.81,96.6,6.025,166.0,0
70.55,1558.9,519.4,83.93,493.5,2.359,940.8,0
85.29,1522.4,460.4,99.06,57.6,5.521,3148.9,1
49.28,904.5,524.8,96.13,55.4,3.346,141.6,0
61.78,2179.0,663.3,98.17,298.6,2.06,1409.4,0
45.96,1820.1,550.8,100.0,344.4,2.933,1143.9,1
66.83,1827.5,707.4,89.14,151.1,0.456,26.0,0
84.0,1412.9,666.0,75.74,220.6,4.122,2597.9,1
52.8,1394.7,517.7,97.72,79.2,1.953,1249.2,0
58.28,1757.5,541.4,72.55,208.2,5.263,2373.6,0
50.3,1895.2,496.8,97.38,245.9,6.95,3929.3,0
75.97,845.6,425.4,91.56,416.4,4.126,2578.8,0
42.69,1421.5,609.6,89.46,244.1,2.72,1722.5,0
50.47,1166.1,641.2,94.16,,0.185,678.2,0
64.08,1988.1,493.1,100.0,308.8,5.075,2668.2,1
68.04,2222.9,692.8,94.12,261.8,8.124,2005.8,0
65.9,1251.6,384.1,87.37,145.5,2.671,4872.2,1
64.78,1371.4,460.0,100.0,447.1,0.583,713.7,0
54.24,1370.9,636.5,89.73,191.4,2.99,2744.9,0
57.49,1858.8,584.4,94.14,422.0,5.83,3081.9,0
45.48,1531.1,584.2,83.42,462.5,2.362,1564.2,0
,1366.8,371.8,84.57,465.4,1.804,1538.3,0
53.35,1455.5,566.5,94.29,197.7,3.552,3190.6,0
86.0,1492.2,606.2,100.0,92.0,3.471,4057.8,0
74.91,1613.0,450.6,93.62,92.4,4.694,4022.3,1
77.65,974.8,528.7,92.25,,3.423,3329.4,0
100.06,1289.1,516.2,91.04,350.1,2.316,2060.0,0
39.42,2183.5,617.2,96.59,70.7,4.469,2764.3,0
69.36,1601.8,677.0,93.93,264.3,3.112,1771.4,0
53.16,1615.7,641.8,100.0,206.5,4.632,1673.2,0
74.16,1307.2,487.5,100.0,247.3,1.395,2884.8,0
71.12,1294.9,501.7,96.35,121.9,3.328,1231.6,0
62.77,1893.7,600.6,,138.0,5.187,2015.1,0
61.17,1774.5,518.9,94.55,434.3,3.946,937.6,0
63.72,1526.0,425.9,96.39,476.9,1.171,3080.7,0
49.02,1084.8,480.8,84.41,201.8,,4632.3,0
50.73,1486.9,529.0,100.0,195.7,,3465.2,0
92.37,1771.9,692.9,90.48,364.5,2.705,2961.5,1
72.21,1623.1,312.4,77.82,77.0,2.597,4239.8,1
109.43,1235.7,598.9,94.86,114.5,5.461,4598.4,1
69.19,1892.2,565.2,84.21,117.9,1.573,1281.9,0
43.27,1815.5,680.6,95.48,59.2,4.748,3984.8,0
29.13,1387.5,371.3,93.49,210.2,2.161,548.5,0
61.41,1536.2,389.7,85.44,272.1,5.186,4412.0,1
68.7,1634.1,562.7,87.91,111.1,3.708,2621.2,1
43.37,1882.7,596.1,86.58,179.9,4.378,1254.9,0
74.29,1906.4,550.9,92.96,255.2,2.097,3530.5,0
88.68,1522.4,443.5,90.38,446.4,2.187,3137.0,0
48.32,1248.6,539.9,99.81,63.2,,2714.0,1
71.15,1614.1,641.0,88.74,168.0,4.078,3796.6,0
88.61,1430.1,647.5,100.0,98.6,2.898,1803.9,1
63.2,1695.4,445.5,92.6,102.6,0.962,4579.3,0
,1741.8,531.3,88.63,354.1,0.635,92.0,0
80.66,2040.8,414.6,86.39,220.2,,880.3,0
62.23,1003.4,647.8,88.66,255.1,8.947,2243.6,0
75.35,1549.8,627.1,100.0,252.9,3.484,1874.4,0
68.6,1220.8,552.9,75.79,436.4,2.352,130.8,0
64.93,1869.0,548.3,77.64,346.1,6.376,1437.3,0
73.28,2543.1,560.1,96.83,144.3,0.084,3245.5,1
59.69,888.9,541.8,79.53,128.2,1.921,2421.1,0
34.83,1867.8,565.3,93.22,185.1,0.112,3279.3,0
45.17,1984.9,606.5,99.66,258.6,0.516,2611.6,0
65.13,1657.8,437.0,95.56,280.2,5.303,1869.3,0
92.81,1720.3,503.5,100.0,379.7,1.167,984.5,0
66.25,1254.8,492.3,91.98,385.2,2.188,448.9,0
74.63,1707.5,505.1,86.64,124.6,7.203,4869.0,1
53.98,1287.9,385.8,88.92,113.6,1.47,2274.5,0
70.97,1683.8,512.9,96.96,419.3,1.803,3533.3,0
78.06,1594.5,480.0,94.3,361.8,4.784,2563.0,0
52.78,1596.8,413.2,94.11,145.3,3.915,1509.1,0
53.44,2142.7,412.7,99.93,,3.094,2253.5,0
63.58,1567.3,542.5,96.38,401.2,0.565,2120.2,0
88.31,1620.8,464.3,98.81,288.8,4.599,930.0,0
54.39,1834.7,464.8,96.17,362.4,5.408,1395.1,0
75.76,1668.2,324.3,87.8,280.5,5.524,232.5,0
71.81,1872.1,519.6,94.46,191.7,4.013,1625.7,0
48.77,1343.0,516.1,97.57,384.5,,1829.7,0
43.65,1510.3,566.0,87.02,322.5,0.689,32.8,0
53.65,1372.4,678.2,89.99,174.2,3.557,4837.3,0
67.82,1527.8,571.8,91.26,63.2,3.224,2198.9,1
46.84,1598.0,657.2,86.27,421.7,0.971,3101.2,0
95.5,2282.9,307.1,89.46,432.0,1.146,1764.8,0
27.44,2044.9,507.8,76.65,72.3,0.538,1728.2,0
42.87,1356.6,616.5,100.0,175.8,3.996,1810.0,0
71.19,2066.7,423.8,90.67,,0.936,968.5,0
44.49,1681.7,537.9,96.83,465.6,4.725,277.3,0
65.63,1827.9,433.9,99.58,169.3,1.482,3122.3,0
46.63,1495.3,483.3,96.14,386.0,1.778,587.2,0
61.96,1272.5,660.5,100.0,413.3,3.349,2041.2,0
58.58,1776.4,635.6,93.95,113.5,3.949,3173.4,1
60.82,1812.4,580.6,94.65,429.2,1.891,3025.5,0
71.92,1559.7,586.3,96.36,55.0,3.082,588.3,1
50.76,1229.6,501.1,100.0,248.4,3.071,726.1,0
59.4,1874.8,595.3,91.74,256.6,2.745,280.3,0
45.71,1490.4,583.3,88.7,197.2,2.831,1089.5,0
62.23,1637.8,570.3,89.44,165.3,4.716,3053.2,0
52.44,1675.3,653.9,91.36,305.0,4.188,893.7,0
64.06,1432.3,459.0,82.73,73.1,3.189,1288.8,1
51.0,1704.5,619.4,88.92,50.3,3.888,291.5,1
56.42,1786.7,690.9,100.0,124.2,1.003,3641.1,0
53.24,1119.3,593.2,88.4,360.5,3.504,3418.5,0
88.46,1114.4,420.7,97.71,256.0,4.664,2529.6,0
28.83,1377.9,328.1,89.54,83.2,4.031,4124.9,0
72.27,1506.2,413.2,94.0,290.6,,833.6,0
54.22,1769.5,332.1,89.3,427.0,4.818,3700.2,0
48.32,1353.1,598.0,81.24,439.8,0.743,1900.9,0
68.41,1707.2,630.0,91.25,311.1,3.042,3343.7,0
69.9,1741.7,534.3,80.32,166.2,5.171,4863.0,1
75.35,1101.7,488.7,98.49,301.3,4.48,2783.8,0
86.46,1809.7,615.0,100.0,496.4,2.763,4266.8,0
71.2,1563.7,525.5,89.26,63.3,2.655,2821.1,1
87.89,1716.4,503.4,88.17,122.4,2.864,4740.4,1
72.06,1682.0,566.4,76.87,227.5,6.776,2920.4,1
54.31,1932.5,514.5,92.06,,3.417,589.6,0
41.68,1716.9,595.1,87.88,165.7,1.036,2164.0,0
101.25,1819.5,291.9,96.66,416.1,3.66,3026.8,0
55.5,1895.2,704.6,98.27,379.5,,2471.2,0
60.87,1893.1,406.1,98.02,371.5,1.782,2439.6,0
103.38,1482.9,393.2,89.1,486.1,2.25,1766.5,0
,1211.0,493.1,93.82,288.0,1.91,3446.1,0
66.96,1122.1,608.9,100.0,281.8,4.394,1583.3,0
54.68,1088.3,574.8,92.49,468.7,2.831,1387.2,0
47.19,1311.3,703.6,93.94,419.9,8.705,4248.7,0
58.46,1941.8,485.8,87.44,115.6,1.037,2993.4,0
93.41,1132.8,602.0,87.35,340.5,0.311,4637.2,0
48.75,2102.6,452.2,91.42,427.2,1.829,3500.9,0
87.74,944.0,410.9,89.5,,4.212,4937.1,0
64.18,1961.9,662.3,91.09,131.5,2.336,2976.4,0
72.05,1577.1,623.3,91.45,479.6,0.413,4332.1,0
61.97,1354.2,802.3,93.2,,4.566,4588.9,0
56.16,1041.2,391.3,93.68,133.1,3.939,2697.6,0
47.49,1868.2,640.4,92.05,417.3,8.855,2150.2,0
51.66,1240.8,498.9,83.09,93.5,0.197,4484.6,0
80.39,1376.6,544.7,94.45,258.1,6.374,1903.5,0
67.93,1622.1,588.5,98.37,334.0,4.046,1553.1,0
51.46,2048.7,575.0,86.01,237.9,6.038,1834.3,0
42.19,1211.2,404.7,91.76,220.0,3.77,548.0,0
34.56,897.4,848.1,94.67,192.6,0.322,1323.3,0
79.54,1760.6,605.7,81.06,482.3,0.364,3939.0,0
-34.2988020465955,2148.6,489.0,95.39,478.4,6.254,129.8,0
,1811.0,483.4,94.91,238.2,0.449,4908.0,0
74.52,2305.1,708.7,87.68,413.1,0.189,4836.7,0
70.89,2048.5,538.5,95.79,294.9,0.949,3573.3,0
39.47,769.1,689.7,85.66,377.2,3.285,357.0,0
72.67,1049.4,284.6,90.27,391.3,5.115,1576.8,0
65.44,1723.7,547.8,88.09,359.1,5.599,49.5,0
51.16,2026.4,497.4,85.82,166.7,0.585,4672.7,0
70.16,1908.4,377.9,98.73,422.9,7.002,2650.8,0
66.09,1672.4,579.5,94.01,462.9,1.859,2636.2,0
60.24,1434.5,340.6,89.71,370.0,4.909,631.9,0
42.36,1724.5,382.2,97.13,294.1,2.478,4479.3,0
53.65,1434.6,314.3,93.61,244.4,2.778,1326.0,0
,1922.6,614.7,,458.6,0.835,2635.2,0
34.66,850.2,421.1,100.0,391.8,3.264,805.5,0
37.95,2124.2,407.4,100.0,159.4,0.321,497.0,0
30.44,1308.3,729.9,,191.4,0.547,1167.0,0
73.21,1623.7,486.5,100.0,168.3,5.24,2649.4,0
40.48,1236.0,512.3,100.0,192.9,2.872,3030.2,0
72.99,1312.8,527.5,92.14,223.5,4.409,1579.5,1
61.96,1139.2,693.1,81.84,470.7,5.311,3898.2,0
62.88,2154.2,528.6,97.82,377.7,0.268,4111.1,0
67.85,950.8,499.5,85.01,111.0,4.258,3252.7,0
,1847.8,634.5,88.79,192.0,2.016,4713.2,1
56.61,1859.5,401.4,92.19,101.6,0.719,3716.6,0
46.75,1768.4,421.7,84.44,131.3,2.427,4739.5,1
59.42,1338.7,385.1,95.72,204.0,0.222,4707.3,0
74.19,1322.5,486.4,89.71,150.5,1.745,4926.8,0
61.8,1378.9,566.4,97.56,302.6,3.093,2155.2,0
49.35,1909.0,627.8,94.35,419.3,0.322,4653.8,1
61.61,1586.0,493.3,96.42,418.3,2.242,528.9,0
41.17,1600.6,563.8,100.0,337.0,4.37,4999.0,0
47.68,2247.4,681.1,90.66,260.3,1.9,291.6,0
82.3,1699.3,427.8,93.99,91.4,3.297,1301.0,1
42.45,1111.8,657.2,91.92,182.9,1.165,974.5,0
77.97,1808.5,572.5,88.88,136.9,1.985,2776.1,0
44.17,1111.3,458.8,95.9,,1.141,4235.6,0
25.74,1376.3,399.2,100.0,380.2,,4404.3,0
62.39,1118.1,665.7,90.45,130.9,3.485,3029.1,0
60.69,1131.8,481.2,94.51,485.1,1.408,4298.5,0
60.06,2483.1,436.7,100.0,84.9,1.415,4170.8,0
73.15,2101.7,615.1,90.34,493.6,1.211,2492.4,0
65.25,1212.7,599.0,91.96,115.8,3.045,57.0,0
46.27,1777.8,622.0,93.81,285.8,5.605,47.0,0
48.85,1567.1,579.4,91.33,93.5,5.021,1979.7,0
61.02,2311.6,461.5,89.65,242.1,5.22,3599.9,0
67.07,1613.5,561.6,95.05,417.7,2.926,2489.0,0
80.33,2019.3,565.3,75.21,73.5,6.306,3062.2,1
54.72,605.1,558.7,88.13,243.3,3.349,2489.4,0
29.83,2627.0,479.7,91.08,379.0,2.565,1185.3,0
75.67,1864.3,620.2,83.15,402.6,2.065,1306.6,0
101.64,1741.6,602.5,98.14,477.1,2.138,2498.6,0
73.58,2054.3,592.6,100.0,218.9,5.225,119.3,0
65.87,982.0,509.9,100.0,196.7,1.66,217.9,0
82.61,1798.0,626.8,100.0,365.0,5.548,3980.9,0
46.64,1707.6,631.4,86.93,422.6,4.619,3990.4,0
85.12,939.2,674.0,100.0,299.3,1.605,1775.9,0
80.44,1426.9,485.2,83.87,320.0,4.133,1182.7,0
54.52,1764.8,560.9,84.67,132.6,2.009,2600.6,0
31.66,2346.6,629.5,96.15,107.3,5.257,1962.5,0
38.95,1826.7,302.8,97.43,262.7,3.028,839.0,0
55.69,749.9,335.7,97.62,260.1,3.111,2232.6,0
49.54,1116.3,488.1,95.35,301.7,4.536,713.0,0
93.2,1549.7,508.7,96.18,309.7,7.647,3261.9,0
46.73,2374.2,556.6,93.54,472.3,2.115,1132.7,1
13.53,1724.4,674.3,92.85,415.2,3.228,2006.4,0
13.49,2040.8,646.7,97.17,159.0,5.265,1117.3,0
60.3,1944.0,301.1,98.33,255.7,1.56,1662.7,0
69.75,1615.8,399.8,90.28,460.5,4.776,1321.3,0
71.74,2190.0,465.4,,352.6,7.338,1185.7,0
,1167.8,583.9,95.02,176.4,5.681,1142.8,0
64.36,2191.2,605.8,93.71,313.7,0.218,3294.6,0
43.25,1797.4,574.9,83.97,322.9,2.947,253.9,0
30.99,2126.8,525.5,86.68,129.1,1.342,1176.2,0
86.69,1834.7,753.9,98.79,86.5,1.906,1421.9,1
54.86,933.1,443.2,86.23,251.9,0.001,4175.1,0
80.8,12581.773559605368,589.3,81.91,406.9,3.225,2641.8,0
44.69,1718.5,482.9,98.65,209.4,1.417,216.3,0
61.67,1452.8,461.9,98.01,185.2,3.068,157.7,0
64.03,1896.5,568.2,100.0,414.0,1.732,1795.6,1
77.02,1429.6,690.8,89.64,366.6,4.18,581.3,0
67.38,1433.4,577.6,93.71,323.6,3.715,33.1,0
68.06,1848.5,504.8,100.0,164.7,2.445,2760.0,0
63.1,1483.2,541.0,95.01,184.2,4.706,3555.6,0
66.31,1639.4,384.2,95.68,240.2,0.869,1854.9,0
33.75,11675.006488341514,324.5,87.35,391.6,1.896,3715.7,0
54.69,1818.3,597.2,94.86,130.3,2.587,299.9,0
52.98,1400.0,325.1,97.82,228.2,2.192,3898.7,0
74.47,1469.6,517.8,97.16,233.3,3.56,3389.6,0
39.12,2573.7,637.3,90.82,93.5,7.299,2945.7,1
44.69,2357.7,694.8,85.2,499.7,1.178,4870.5,0
56.58,1648.6,470.0,100.0,467.5,1.427,2240.3,0
81.63,1575.0,592.5,92.92,200.2,1.535,2792.2,1
62.75,1029.9,508.6,89.62,50.5,2.493,866.2,1
79.28,1899.5,632.5,100.0,268.4,6.226,1589.7,0
50.68,1866.9,663.1,97.85,,0.954,4953.2,0
57.79,2314.2,594.8,86.31,243.8,4.259,4282.0,0
63.3,1692.7,416.4,91.42,66.0,0.35,83.8,0
73.5,2084.6,314.6,100.0,435.3,2.81,4507.9,0
65.17,2545.8,301.0,87.76,130.5,2.312,3937.8,1
95.34,2013.9,749.0,97.16,424.8,7.121,1907.1,1
74.37,1589.9,522.5,93.72,428.1,4.477,3955.0,0
,1352.9,550.2,83.45,352.4,3.379,2618.7,0
74.97,1199.1,339.3,90.3,238.9,0.6,3940.6,0
56.66,1597.2,411.8,95.63,153.7,1.327,3434.7,0
26.07,972.3,786.2,100.0,484.1,0.024,3190.6,0
69.04,1500.0,603.6,90.38,426.5,2.864,3513.7,0
52.37,1545.1,489.9,95.49,397.2,3.905,377.2,0
25.8,1998.1,377.8,80.61,114.1,4.382,34.0,0
71.26,1448.8,478.0,100.0,170.8,,2875.5,0
29.06,1527.4,435.5,90.04,425.7,3.681,4541.7,0
64.89,1697.5,610.9,92.92,409.9,2.676,391.4,0
55.02,1595.6,403.8,84.78,244.2,2.814,265.4,0
22.47,1117.6,641.3,90.74,478.8,0.483,3949.2,0
63.83,1769.3,602.3,95.49,342.1,5.533,2941.4,0
32.18,1477.7,563.2,,488.8,3.083,464.7,0
66.28,2138.5,361.6,74.69,289.9,2.329,1824.8,0
74.66,2488.5,408.9,100.0,441.8,5.035,289.4,0
73.74,1817.2,524.0,100.0,400.8,3.472,4933.4,0
48.71,1654.9,451.3,79.55,438.2,3.59,3981.6,0
42.45,1017.3,382.4,85.7,124.3,5.273,4443.6,1
54.38,14404.537756265076,579.3,90.39,147.3,4.258,792.3,0
63.64,2224.0,702.6,96.05,,2.66,954.3,0
91.25,2245.6,443.8,89.68,474.1,3.111,4487.6,0
71.16,2408.7,545.8,89.95,472.4,0.649,3439.0,0
67.59,1535.9,592.9,97.22,297.9,,2843.6,0
80.7,1762.1,477.7,79.92,448.2,7.071,1046.8,0
-30.095746131347298,1727.9,543.1,89.27,152.2,,2565.5,0
,987.0,856.4,100.0,177.2,2.405,2972.7,0
92.22,1700.6,626.0,100.0,457.8,3.115,4625.7,0
69.83,1948.1,657.5,96.27,285.0,5.153,303.6,0
68.98,1591.7,593.6,92.96,404.8,3.352,197.1,0
81.06,1620.0,478.1,87.89,98.5,3.268,976.0,1
59.24,1212.1,548.1,88.1,236.4,0.963,4647.3,0
69.04,2237.5,576.9,97.47,450.0,5.143,1799.0,0
82.94,1928.8,478.0,94.26,321.1,6.205,2359.9,1
66.8,1651.9,579.9,90.22,119.0,3.671,3868.1,1
67.92,1692.6,641.9,80.82,421.0,2.534,3874.2,0
75.84,1901.9,444.2,90.11,68.6,4.759,330.2,1
79.24,1581.3,619.9,97.04,454.0,1.487,9.1,0
82.78,1696.7,447.4,93.59,144.9,1.789,186.8,0
70.23,1680.1,645.9,83.75,188.7,3.992,1695.3,0
49.9,1839.7,416.4,91.85,191.4,0.561,1993.2,0
26.93,1724.0,345.9,97.79,494.8,5.184,3166.6,0
87.36,1540.5,589.7,83.41,374.3,1.928,3890.9,0
39.19,1477.7,412.1,94.34,484.3,0.117,2200.0,0
80.7,1599.2,710.8,100.0,476.2,0.257,216.0,0
51.18,1513.5,526.9,94.19,361.1,5.168,893.6,0
69.71,1960.5,681.3,100.0,110.8,1.741,273.1,0
71.29,1026.6,703.1,95.57,257.8,6.389,1901.8,0
29.33,2009.7,417.5,94.25,54.2,0.865,2913.1,0
59.57,1017.3,784.7,100.0,127.7,1.984,3289.3,0
88.44,2109.6,509.3,92.98,59.3,5.018,1597.7,1
88.28,1762.0,536.3,97.53,91.0,4.997,22.4,1
62.2,1918.6,414.8,90.09,94.9,0.766,1555.5,0
74.01,1616.9,409.1,94.04,350.0,,131.1,0
33.61,1075.9,382.0,96.07,188.5,2.203,655.2,0
64.52,1660.2,608.4,100.0,88.3,0.229,628.1,0
37.27,1725.4,435.2,92.58,403.0,3.856,2160.3,0
82.87,1515.6,511.5,84.26,112.3,3.025,4023.7,1
70.58,1017.9,576.8,91.16,134.6,3.723,4894.2,0
41.19,1614.1,441.6,91.43,131.9,3.16,2950.8,0
59.91,1731.8,623.0,95.67,295.1,1.355,4397.1,0
84.0,1746.0,451.4,99.11,439.7,6.742,4694.4,0
58.17,2315.2,441.1,100.0,301.4,5.668,3012.2,0
74.89,2016.3,582.7,76.32,358.5,2.002,4247.8,1
54.13,1560.8,641.2,91.7,313.4,0.93,899.0,0
61.52,1288.4,631.5,89.83,340.2,3.537,2098.0,0
67.08,1808.1,602.0,99.16,107.5,5.95,2154.8,0
64.22,1697.2,553.1,88.99,469.7,5.657,2110.8,0
67.52,1773.3,546.8,89.45,220.7,4.341,2965.2,0
36.72,1418.3,609.0,97.13,159.5,2.788,2111.1,0
54.74,1419.4,585.4,86.59,275.3,1.804,4653.1,0
49.24,1246.5,624.6,90.39,499.2,0.988,4146.3,0
72.2,1999.0,527.4,98.33,333.5,0.381,3040.7,0
38.78,1610.2,516.4,100.0,97.9,5.324,2266.3,0
91.76,2051.9,776.1,91.78,191.2,4.217,577.8,1
95.88,1782.1,723.6,100.0,241.8,2.48,1963.2,0
71.36,1799.0,476.4,84.1,,5.81,1214.3,0
45.46,1496.3,448.6,82.1,366.3,0.783,614.8,0
52.73,1566.5,709.3,95.04,197.1,4.472,534.0,0
70.44,1591.0,638.0,100.0,148.1,4.353,1724.6,0
86.41,1803.6,784.9,98.27,107.2,3.723,797.6,1
40.51,2008.1,311.4,84.49,165.7,3.773,3553.1,1
67.68,920.4,507.6,97.3,460.0,4.836,3251.0,0
55.38,1155.1,549.7,99.65,425.6,7.17,1704.1,0
68.52,1568.2,549.2,100.0,74.3,4.655,2557.6,1
77.24,1579.9,432.9,87.01,467.2,4.76,3101.8,0
55.58,1938.4,533.2,97.36,366.4,4.111,4728.8,0
40.52,1826.4,500.8,89.91,50.2,4.151,4969.5,1
77.13,1423.7,729.8,89.21,358.6,2.276,1170.2,0
56.28,1336.6,539.7,100.0,345.6,0.514,3993.7,0
49.85,2289.5,676.0,100.0,56.2,0.965,4601.5,0
65.44,1765.7,633.2,100.0,483.0,3.602,1635.2,0
45.17,1669.6,447.9,83.53,158.6,,2530.1,0
67.54,1370.7,494.8,100.0,65.6,2.545,1219.6,0
25.78,1056.9,523.2,93.83,357.5,5.266,1236.8,0
48.7,1280.0,564.2,89.96,,4.847,4428.5,0
50.6,2103.8,521.9,80.37,431.2,0.157,19.1,0
70.58,1261.7,469.2,96.23,490.7,4.134,4432.4,0
69.42,1491.7,468.5,86.52,229.6,2.818,4619.4,0
63.99,1434.2,598.8,99.73,250.9,4.171,4669.7,0
77.19,1528.5,516.0,85.47,316.7,2.554,4880.6,0
67.07,1041.3,510.6,94.26,302.6,0.833,4579.6,0
64.0,2620.6,549.5,100.0,390.3,0.913,4229.0,0
50.33,1519.7,520.3,89.83,167.9,2.647,4185.6,0
74.95,1337.3,416.0,100.0,334.4,2.025,1691.0,0
76.68,1094.1,449.7,91.81,452.8,6.134,4632.3,0
66.62,2026.6,500.2,92.63,186.1,3.892,3454.3,0
53.37,1086.4,413.7,,321.6,2.942,2618.5,0
74.28,1085.1,339.2,92.69,191.3,4.948,2119.5,0
91.62,1807.3,470.8,91.53,168.8,5.267,461.9,1
71.87,1544.9,504.6,,297.3,3.296,2129.8,0
80.18,2108.5,592.6,84.61,349.1,5.385,2105.8,1
67.86,1698.3,690.4,95.72,204.9,0.762,2842.4,0
76.7,1928.3,342.8,99.39,92.1,3.407,964.2,0
80.01,1241.5,502.1,87.3,109.4,1.031,1382.9,0
42.64,1553.9,308.5,91.15,424.6,0.691,2090.8,0
37.37,2019.8,547.6,95.22,84.2,6.122,4734.1,1
68.05,1428.0,515.0,96.51,237.1,2.104,3901.8,0
83.02,2142.9,390.3,98.34,395.0,1.211,1819.0,0
74.13,1026.3,494.0,96.92,,0.138,3618.4,1
54.1,1744.3,399.4,88.6,290.0,0.497,4368.2,0
63.22,1448.7,539.4,99.75,213.3,1.354,2495.8,0
48.93,1519.4,408.0,92.95,428.9,1.095,4212.1,0
81.08,795.1,618.4,,351.1,5.025,3080.1,0
70.96,1150.0,458.8,93.93,107.4,1.053,3498.2,0
54.78,1329.9,621.6,,450.2,3.306,308.7,0
60.43,1930.1,516.6,84.84,120.4,3.125,3221.2,1
42.47,1166.4,371.5,100.0,303.0,3.433,316.7,0
72.71,2059.4,550.6,94.01,493.8,7.418,3035.6,0
62.73,1342.2,409.7,96.97,327.1,7.501,4963.1,0
73.38,2316.1,568.5,98.92,64.1,2.455,2540.6,1
50.82,1037.9,429.5,94.82,162.3,6.452,2769.1,0
43.88,1536.4,541.1,100.0,158.4,,1753.8,0
36.8,2240.6,443.5,81.43,183.0,7.463,363.1,0
40.45,1747.7,556.4,92.4,51.4,3.393,1138.3,0
58.02,2173.0,555.7,100.0,212.1,2.523,1878.7,0
94.21,1781.7,588.5,97.15,457.3,4.417,1226.8,0
72.5,1220.0,491.6,88.9,74.3,5.288,4339.8,1
37.6,1842.6,561.4,91.73,280.5,2.149,2029.9,1
51.73,1564.3,657.2,95.88,238.9,0.917,2997.3,0
66.26,1348.4,329.4,99.48,467.3,1.985,3006.7,0
74.51,1778.2,259.2,100.0,323.5,0.315,290.8,0
,1428.3,482.3,92.02,63.9,3.047,1062.0,1
37.52,1444.5,609.7,95.68,145.6,1.338,2832.2,0
69.68,1873.9,661.9,96.31,217.8,1.525,2272.9,0
67.5,2047.2,512.4,99.13,321.9,0.742,3846.6,0
52.18,1445.3,549.6,95.56,262.8,2.891,352.5,0
60.84,1142.1,427.8,85.67,169.6,1.071,890.2,0
49.64,787.5,532.6,95.79,184.0,,3653.3,0
45.28,1875.8,505.4,85.03,297.2,2.527,3317.4,0
59.75,1635.4,394.5,96.0,229.1,1.783,2697.7,0
46.6,845.1,580.9,82.23,344.4,3.966,3479.8,0
68.46,1678.9,469.8,96.37,106.4,3.97,1904.5,1
64.91,1348.7,784.9,99.55,228.4,1.816,2879.7,0
69.5,1844.9,583.9,88.79,335.6,1.494,4654.9,0
64.02,2041.3,507.9,92.0,,6.877,3762.9,0
58.51,1880.1,370.9,100.0,57.8,0.452,1453.2,0
42.98,1584.9,424.0,93.94,480.9,4.489,3248.0,0
70.82,1937.1,507.8,87.1,411.5,4.116,2852.1,0
57.94,1613.9,347.4,100.0,386.4,2.506,71.5,0
42.32,1888.3,637.4,89.19,307.3,5.914,1580.4,0
59.03,2378.0,469.1,94.86,271.6,0.265,3565.6,0
48.24,1887.5,614.6,100.0,67.7,1.121,1045.8,0
64.42,1426.4,601.5,91.32,437.0,5.078,2011.8,0
81.99,1687.7,469.5,100.0,458.9,0.711,4168.3,0
77.38,1490.7,416.5,90.92,499.1,0.125,3698.9,0
78.08,2075.6,333.3,96.57,334.3,2.144,1474.6,0
65.28,1646.0,530.2,89.74,285.0,5.045,2637.0,0
97.36,1310.0,519.1,86.38,285.8,0.096,157.3,0
65.75,989.9,530.0,91.67,190.5,5.462,2942.5,0
61.58,1964.5,536.1,83.83,81.6,4.304,1350.8,1
31.38,1686.2,666.0,82.46,280.8,4.117,2687.9,0
42.79,2211.9,479.9,78.46,63.2,4.238,1172.8,1
70.68,1424.6,330.1,93.26,445.5,4.034,974.2,0
29.95,1495.8,584.4,78.39,201.5,1.75,395.9,0
44.24,1485.9,635.4,98.67,283.1,2.841,3736.3,0
75.73,1484.6,485.5,97.63,102.9,1.784,3491.5,0
56.62,1758.2,435.7,94.17,154.1,3.517,1704.2,0
89.1,1573.5,513.7,95.05,175.2,1.496,3235.6,0
50.28,1461.7,328.7,98.92,191.1,2.282,1883.3,0
55.35,2072.3,618.7,,276.5,2.894,3557.2,0
89.18,1294.0,519.3,90.58,375.4,,4492.9,0
74.47,1363.2,555.2,80.54,250.8,6.832,1133.6,0
65.49,2266.4,594.4,94.17,342.8,2.929,1261.1,0
58.77,1795.8,432.5,100.0,222.2,4.761,838.2,0
57.44,1813.4,615.4,92.43,75.8,2.394,2680.2,0
68.57,1254.5,594.1,92.85,379.2,2.681,476.8,0
54.9,1499.7,597.5,100.0,96.0,2.756,1483.9,0
63.86,1653.6,501.6,96.35,245.8,5.038,1641.7,0
47.83,1001.6,472.6,95.15,,4.132,1552.4,0
42.79,844.0,600.7,84.41,322.2,2.812,1365.1,0
63.21,1521.4,523.0,97.96,,4.213,2713.2,0
66.71,1598.3,731.8,89.6,159.9,4.398,2499.6,0
76.4,1262.9,386.5,89.31,314.8,0.613,3104.8,0
63.24,2001.8,620.8,87.8,112.6,0.721,850.2,0
61.61,1866.2,600.3,92.42,150.7,4.788,2143.9,0
60.82,1101.8,565.1,79.22,326.7,4.069,3051.8,0
64.97,1378.4,447.4,100.0,450.8,5.906,2352.1,0
87.39,2039.1,443.3,79.15,90.5,1.958,2198.2,1
85.87,1548.6,483.0,93.1,405.7,3.127,331.9,0
53.15,1237.5,584.0,97.42,403.2,1.653,2618.6,0
50.97,1390.1,419.5,87.22,276.7,1.65,3177.0,0
61.37,1557.3,410.0,82.93,127.2,2.539,3237.2,1
,1595.4,766.1,89.55,,1.863,4278.4,0
50.92,2139.3,451.8,88.94,89.6,3.855,2769.9,1
54.69,1219.4,404.3,91.66,74.1,0.822,3604.4,0
47.49,1842.8,575.9,95.64,191.5,0.314,738.3,0
85.0,1539.6,561.7,85.49,262.0,0.193,4834.4,0
74.01,1682.6,702.0,85.59,168.2,0.852,2413.2,0
55.92,1672.6,684.0,97.58,313.7,0.396,893.2,0
78.21,1311.4,550.5,83.32,333.2,0.348,2992.7,0
-18.9799078732965,1727.0,605.0,99.36,156.3,4.086,1108.5,1
55.59,1487.3,602.6,88.92,390.6,3.278,1027.2,0
32.76,1599.4,487.9,89.9,490.5,8.554,2308.2,0
27.34,1927.9,519.9,95.13,421.5,3.285,2794.9,0
57.71,1355.8,599.0,96.99,427.4,0.421,4132.9,0
63.83,1322.1,491.5,88.1,189.0,4.663,4970.7,1
47.71,1890.1,534.3,,337.2,4.488,2171.5,0
98.78,1751.6,477.0,91.35,159.8,3.373,2704.3,1
67.8,1669.0,524.0,90.67,471.3,0.681,1671.1,0
80.45,1658.7,617.2,93.88,496.3,3.171,1942.7,0
79.44,1720.0,571.8,94.21,417.8,5.064,1784.3,0
41.14,1582.7,638.9,90.02,269.2,6.039,3698.1,0
63.35,1022.7,333.8,90.6,379.9,1.992,1330.4,0
61.92,1696.3,411.1,93.42,147.5,0.011,4305.1,0
92.11,954.9,384.9,89.95,483.8,1.062,1019.3,0
71.57,1465.6,547.8,86.35,276.8,3.465,4923.4,0
,2010.2,690.2,86.88,187.1,0.619,3200.6,0
49.64,1406.2,699.3,99.9,141.0,4.623,3440.4,0
60.33,1376.8,515.5,84.71,413.5,3.37,4458.3,0
80.72,1757.0,541.8,100.0,459.5,2.732,801.9,0
14.83,2168.2,505.7,81.95,335.0,4.331,3918.6,0
46.66,1498.1,393.6,92.1,471.7,2.045,3695.1,0
59.91,1479.0,664.0,96.7,395.4,3.362,2371.7,0
,2016.8,474.0,99.65,476.0,4.573,3985.8,0
48.08,2032.7,529.8,91.64,76.8,0.958,4750.7,0
61.3,1805.6,631.4,100.0,453.9,7.28,3838.2,0
,979.5,468.8,92.26,314.6,4.576,368.6,0
76.69,2154.6,618.9,100.0,483.4,2.979,1778.8,0
41.24,1649.8,472.5,89.58,197.1,5.588,3594.1,0
63.17,1634.3,526.0,84.27,99.4,2.343,839.4,0
53.07,1780.0,571.9,85.91,244.4,0.316,4151.5,0
66.34,1580.3,447.7,95.67,233.3,4.875,2844.9,0
66.94,1184.2,485.9,83.91,403.3,6.258,4430.7,0
82.89,1621.8,590.8,90.63,110.4,1.004,887.0,0
,1626.9,519.4,83.33,51.1,4.256,1909.7,1
59.98,1575.1,413.9,91.98,337.1,3.956,1330.9,0
55.15,1574.4,703.8,100.0,282.4,1.519,4371.2,0
85.29,2200.7,313.4,99.11,302.8,0.932,4565.1,0
42.66,1297.4,604.6,85.98,382.9,0.856,1599.0,0
50.4,2012.7,435.5,86.5,156.4,1.449,1565.0,0
59.44,1344.0,555.8,91.74,227.2,0.029,1208.0,0
82.65,1227.9,541.0,96.01,366.3,2.749,282.5,0
90.68,889.8,555.0,86.47,79.8,5.912,4604.4,1
54.71,1907.1,331.7,86.03,276.6,0.238,3603.2,0
48.01,1763.3,496.5,96.75,180.3,1.873,4850.2,0
85.36,1457.6,378.8,97.48,303.2,8.292,116.1,0
83.15,1462.8,438.8,93.39,175.2,3.035,2399.9,0
83.81,1106.7,555.2,91.9,322.2,1.591,2413.4,0
66.53,1257.1,549.8,87.69,350.6,3.639,1773.9,0
50.76,1080.4,688.4,96.54,325.9,2.992,3493.9,0
51.27,1375.7,523.0,68.98,400.4,4.355,4874.7,1
61.36,1306.2,316.2,95.98,378.6,2.063,3947.3,0
75.28,1757.0,575.3,95.51,71.4,1.212,866.1,0
60.87,1344.1,491.2,97.74,144.0,0.282,2628.3,0
51.23,1750.3,448.4,100.0,252.6,0.122,1905.2,0
74.16,1378.8,489.9,91.68,187.4,4.127,1526.3,0
22.95,1324.1,566.3,88.64,233.4,3.61,3011.0,0
61.47,1546.0,522.6,98.01,491.9,2.836,4138.2,0
68.47,1373.0,341.0,91.57,205.8,4.001,2339.1,0
66.57,2080.1,524.8,100.0,476.3,2.083,4861.2,0
34.69,1562.5,441.9,90.01,236.7,7.316,767.3,0
54.0,1678.4,456.3,84.61,75.9,2.24,2847.8,1
49.25,1525.2,575.7,85.44,367.6,1.107,3213.3,0
59.26,1853.5,771.0,95.15,100.2,4.861,3982.2,1
74.48,1942.7,432.2,100.0,102.6,2.631,3436.3,0
69.03,1785.0,488.1,97.32,306.8,2.581,1813.8,0
101.2,1855.6,495.9,84.36,231.6,6.526,327.3,1
61.49,1348.4,481.9,92.94,55.4,1.66,3233.1,0
,2406.1,583.0,97.84,478.4,5.336,3933.1,0
47.84,1291.7,528.5,91.44,91.8,1.11,4606.3,0
57.15,1414.6,520.8,82.83,121.6,6.978,1802.0,1
79.73,1838.4,545.6,90.47,60.2,1.257,506.9,1
52.69,1631.4,531.1,96.4,137.0,5.127,3608.4,0
76.82,1695.3,548.9,93.12,445.0,0.492,4299.8,0
39.59,1699.8,443.2,,357.8,0.023,330.8,0
38.66,1090.1,635.3,88.67,128.0,1.313,529.7,0
66.59,1298.9,556.7,100.0,95.9,0.885,3846.1,0
58.78,1653.4,556.2,,334.9,4.104,2711.0,0
52.6,1364.1,518.2,88.42,337.2,2.758,2048.2,0
40.31,1465.0,496.2,94.55,185.8,,3352.1,0
69.08,2170.4,478.4,100.0,308.9,7.303,250.5,0
52.42,1848.8,427.5,92.0,483.7,5.232,3708.0,0
,795.8,679.3,100.0,54.8,0.662,3805.8,0
79.62,1294.2,456.6,86.25,360.8,5.736,1111.8,0
62.01,997.4,718.3,98.3,205.5,1.556,1425.7,0
105.93,1640.5,513.2,94.04,133.2,3.406,2368.7,1
28.63,1438.3,548.8,94.49,484.1,1.691,486.9,0
62.29,1830.1,454.7,90.12,151.2,3.681,3637.8,0
,1297.5,438.4,100.0,443.1,6.011,4885.8,0
75.34,1627.7,346.8,93.05,489.5,2.681,4904.1,0
53.44,1594.9,513.4,84.79,,4.606,3558.5,0
59.65,1876.2,447.3,100.0,404.3,0.439,3708.4,0
90.41,1917.8,292.4,88.77,148.2,3.341,566.4,0
61.53,472.7,501.9,83.26,444.1,3.474,1238.3,0
47.49,1197.7,421.1,82.76,329.4,0.489,2716.6,0
50.86,2192.1,540.1,91.88,134.3,3.992,4602.1,0
82.42,1399.1,443.6,92.96,239.7,5.254,1118.2,0
70.26,1724.3,597.9,88.29,171.3,4.095,1578.4,0
67.26,1037.9,362.6,96.92,139.4,5.931,1479.7,0
73.84,1460.3,589.7,90.02,396.6,4.253,1033.5,0
62.37,1611.0,366.1,86.03,68.1,2.252,2029.2,1
83.93,1819.6,460.9,,472.2,1.133,490.2,0
68.48,2793.3,700.8,98.8,371.4,5.551,2526.0,0
45.67,2168.6,446.6,85.71,144.7,2.12,1283.1,0
62.25,1661.9,553.3,87.06,76.1,4.55,4004.9,1
56.88,1687.4,589.0,85.71,305.0,1.824,1425.8,0
66.78,1935.3,483.0,90.41,433.8,1.043,945.5,0
92.21,2125.6,659.5,73.07,424.7,,4858.6,1
69.05,1811.5,561.3,99.01,491.6,5.812,4413.3,1
77.47,987.5,602.2,83.67,217.8,1.113,2400.2,0
37.87,1556.8,487.8,87.81,186.4,1.164,3241.9,0
75.25,1409.8,572.9,89.35,93.5,3.43,1612.3,1
59.56,1421.0,689.3,,136.3,3.733,4287.9,1
72.25,1930.3,572.0,93.55,,3.901,1947.0,0
18.77,1416.1,634.6,93.81,457.4,1.236,156.1,0
38.25,1445.5,708.5,87.3,410.0,2.608,766.8,0
,1968.0,241.3,86.83,384.6,2.382,450.9,0
58.82,2580.3,485.1,95.08,362.5,7.136,4496.6,0
53.6,1573.0,561.0,82.67,377.6,0.742,1900.8,0
54.23,1407.1,491.8,100.0,141.3,,3802.3,0
93.96,2212.8,496.2,87.98,252.6,4.949,206.2,1
69.94,1806.4,281.9,93.22,432.8,2.203,4146.9,0
67.13,527.5,489.9,88.93,118.5,3.836,3145.3,0
78.27,1873.7,652.5,86.84,223.7,6.856,719.0,1
45.93,2082.0,528.4,93.54,104.8,1.62,93.2,0
78.58,2157.3,385.6,86.09,162.9,1.119,1012.9,0
74.37,1819.5,575.6,79.74,304.7,6.13,1704.3,0
66.97,1411.6,562.7,100.0,151.9,3.442,2112.8,0
60.69,1209.1,614.1,96.5,118.7,6.579,4754.1,0
62.24,1422.2,533.4,89.28,391.7,2.672,2384.7,0
53.5,1524.3,646.6,100.0,249.2,2.207,2132.2,0
60.82,1131.6,665.6,93.72,58.2,4.075,4573.8,1
71.75,1598.0,502.1,100.0,298.1,2.474,1761.7,0
51.86,1637.2,382.0,85.61,388.5,,1716.5,0
68.62,2019.0,577.9,99.21,196.4,1.921,706.5,0
51.61,2205.4,549.7,96.81,459.5,0.773,2414.9,0
56.14,1749.9,507.1,86.51,397.6,1.532,3156.6,0
52.81,1423.6,413.8,93.08,202.4,4.657,2303.1,0
56.87,1090.1,439.8,96.45,324.1,1.391,4613.0,0
31.13,1601.7,387.6,83.56,329.8,0.354,1441.8,0
63.45,2161.8,708.7,97.1,273.5,3.698,3834.5,0
49.88,1744.3,443.4,87.55,382.8,4.741,4364.8,0
66.82,1291.0,598.5,87.93,282.6,7.101,1802.1,0
88.7,1504.7,590.2,88.3,460.2,1.077,3921.7,0
68.21,1334.9,375.5,100.0,398.1,7.416,887.2,0
70.68,1583.5,536.9,80.4,88.2,1.17,713.6,0
49.91,1556.0,702.4,89.49,393.5,4.908,1823.0,0
52.71,2196.1,666.4,99.16,487.1,4.201,2465.4,0
70.69,1620.0,628.2,79.22,291.2,1.781,1628.5,0
38.51,1765.6,427.5,96.2,389.0,3.415,4473.9,0
,976.6,381.2,97.14,377.8,3.091,3374.8,0
36.87,1482.5,587.4,86.14,463.6,2.909,431.1,0
81.49,1995.6,520.8,97.38,458.9,6.112,4871.1,1
42.58,1652.4,612.7,89.38,93.3,2.901,2950.0,0
82.63,1343.9,690.2,91.13,104.9,3.041,1660.0,1
42.05,2066.8,357.3,88.77,212.5,1.173,3847.9,0
58.51,1762.2,332.6,85.45,339.4,3.244,3125.2,0
68.91,2090.5,484.8,100.0,173.7,6.471,2885.3,1
,1686.0,640.6,95.89,57.9,4.091,4563.9,0
40.23,2074.0,539.5,85.87,312.9,1.186,3277.6,0
44.35,2272.9,452.8,95.13,473.8,1.333,3923.4,1
46.77,1452.0,430.0,,101.6,4.861,4387.3,1
24.84,1607.3,649.0,93.41,460.8,,1397.3,0
59.67,1253.5,516.2,85.58,437.9,5.404,2117.1,0
60.64,1958.4,444.1,89.28,252.5,2.931,90.4,0
56.47,1611.4,396.6,87.54,149.3,2.898,18.8,0
73.25,1273.1,488.2,89.06,431.6,4.37,3841.3,0
55.16,1782.6,614.8,97.99,446.3,4.14,34.6,0
70.96,1988.9,610.4,87.29,485.3,,277.9,0
55.0,2454.5,537.2,95.68,67.3,1.292,3873.8,1
54.38,1371.9,518.7,92.29,287.3,2.24,549.5,0
,1242.9,580.9,100.0,265.7,2.55,857.3,0
37.67,2070.6,484.5,87.81,84.4,0.019,532.4,0
64.2,1630.5,490.2,87.63,269.8,2.425,2322.7,0
69.27,1333.2,225.2,82.28,342.9,2.546,4226.4,1
57.78,1561.7,445.3,100.0,225.9,4.736,664.9,1
49.94,2062.2,601.1,95.81,352.2,0.567,2047.2,0
74.27,1713.9,427.0,96.94,297.0,1.331,4065.5,0
49.03,1953.4,616.5,94.86,441.3,5.841,3478.1,0
53.25,2068.5,519.3,83.87,488.0,4.466,1433.5,0
51.63,1433.0,420.5,97.4,308.5,7.748,3524.5,0
77.9,1552.0,644.5,96.67,420.4,,3532.9,0
41.21,2258.5,624.6,88.75,485.8,1.672,3821.3,0
68.29,1329.9,555.4,91.31,160.0,4.065,1289.5,0
67.58,1990.9,572.4,79.31,359.5,5.147,3779.6,1
62.05,1623.4,424.4,100.0,425.3,1.622,643.1,0
69.75,1309.3,494.7,99.18,,4.551,2135.2,0
58.11,1498.1,543.8,92.31,130.5,6.426,2686.9,0
83.5,2325.3,435.2,96.61,276.8,4.967,245.1,1
,1792.4,484.7,100.0,469.6,7.383,2516.4,0
76.86,2399.9,478.9,96.54,371.0,3.295,2687.8,0
35.55,1688.4,730.4,86.7,140.8,3.318,2055.3,0
70.69,1735.6,527.2,94.56,498.7,4.943,3068.4,0
80.34,1690.5,358.4,81.18,365.4,3.42,4277.2,1
63.87,1934.0,672.7,90.66,498.0,3.758,3600.2,0
67.13,2264.0,361.2,96.49,312.2,0.696,665.2,1
90.76,2146.3,577.5,93.87,382.4,3.332,3185.2,0
56.31,1565.2,367.3,82.24,78.6,3.183,1658.6,1
76.31,2001.5,739.1,90.7,97.6,6.679,3188.3,1
72.31,974.8,584.9,81.99,426.1,3.434,56.3,0
71.11,1042.3,538.8,92.83,177.1,1.022,4341.3,0
69.42,2107.9,624.4,96.06,311.4,6.589,3460.5,0
56.8,1475.4,396.3,77.75,53.3,1.724,4694.2,1
51.48,1924.5,595.6,94.05,212.3,3.163,2682.2,0
32.44,1904.3,481.8,87.3,490.2,0.512,1031.2,0
,1221.7,508.9,84.82,384.3,4.331,2687.6,0
67.07,1673.4,403.4,91.46,308.1,1.513,3249.3,0
71.13,1910.7,471.6,89.82,274.8,0.026,4966.4,0
74.66,1825.3,641.5,93.79,182.2,6.393,713.0,0
60.55,1471.6,403.5,100.0,220.5,3.392,4181.4,0
57.52,911.7,706.4,94.72,307.9,4.896,2748.6,0
65.62,1753.0,477.1,94.67,294.6,1.026,2315.6,0
88.02,1155.6,465.2,99.35,315.8,,1999.4,0
83.76,1893.4,437.6,,295.5,3.635,2871.4,0
87.25,1930.2,643.0,93.34,,4.19,1840.8,1
53.88,1794.2,502.7,85.01,369.6,4.106,1008.6,0
38.59,1298.4,487.5,88.4,115.4,3.169,1574.4,0
52.7,1640.5,560.5,85.01,444.6,0.34,2647.1,0
57.31,1655.1,611.8,86.95,185.0,1.577,4501.2,0
62.36,1651.7,539.2,87.88,153.3,3.201,2023.3,0
63.55,1904.7,751.2,93.87,240.7,2.276,4286.0,0
86.06,1324.6,393.2,82.83,,4.306,2339.8,1
37.67,1602.0,330.0,82.38,343.2,1.73,2084.4,0
58.41,1845.8,378.8,94.51,108.8,4.94,352.0,1
66.53,1768.5,633.1,85.64,253.9,2.374,3358.7,0
59.77,1788.5,495.5,93.65,141.2,1.531,2245.8,0
68.1,1897.3,299.0,99.78,461.4,2.476,1154.1,0
66.24,1308.4,367.2,85.85,253.9,5.242,2613.7,0
70.23,864.8,369.8,96.04,148.3,1.719,1156.8,0
67.17,1813.1,673.6,95.73,126.9,7.103,4458.0,1
78.39,1153.6,525.1,86.9,416.3,1.341,1070.5,0
92.12,1532.2,405.2,92.59,329.2,4.158,3629.1,0
58.62,1931.2,527.4,95.41,353.6,0.827,4909.2,0
49.53,857.0,485.6,87.4,355.3,1.144,4205.8,0
55.82,1709.5,678.6,100.0,179.7,0.423,4768.8,0
44.35,1634.1,538.1,,192.6,1.86,1895.0,0
66.72,1247.1,318.7,88.4,82.7,0.984,3424.1,1
96.87,1764.9,402.4,85.26,351.6,1.522,3390.8,0
75.04,1457.5,576.5,74.35,349.4,5.67,2327.3,1
77.91,1586.2,810.8,80.05,151.7,3.945,3485.3,1
46.15,1590.4,596.6,94.17,186.8,2.347,735.5,0
,1857.6,579.3,95.74,72.7,3.477,2894.1,1
56.14,1790.4,596.3,95.0,386.7,3.415,2812.8,0
56.65,1373.7,522.0,94.2,,1.179,3389.4,0
67.61,1679.4,607.9,93.58,68.6,0.648,2408.8,0
70.87,1849.0,340.6,89.06,422.0,4.696,2515.8,0
66.37,1430.0,486.6,99.48,356.8,1.958,4516.8,0
40.48,985.0,702.4,88.11,428.7,0.576,3726.3,0
26.29,1453.4,551.4,,234.0,6.079,1737.6,0
50.68,1340.2,640.7,99.77,134.5,0.23,4749.9,0
45.84,1650.4,582.0,100.0,195.4,1.44,468.1,0
43.08,1713.0,667.8,87.51,298.8,2.956,4854.7,0
83.29,1577.7,499.7,,346.8,0.605,1058.1,0
56.49,1208.0,662.7,92.96,205.1,2.097,2154.6,0
25.13,2289.4,387.7,86.39,231.0,4.532,3147.4,0
52.1,1323.0,587.2,87.61,320.4,3.832,3375.2,0
52.45,1369.9,497.7,97.91,475.5,7.321,2248.2,0
58.61,1210.3,523.7,97.31,409.7,0.726,174.3,0
71.93,1576.4,651.8,92.66,452.4,3.733,2079.5,0
52.24,1816.1,586.6,100.0,293.5,0.118,492.8,0
59.75,1960.5,503.4,97.54,82.7,3.912,3557.3,1
46.86,1457.7,605.4,100.0,209.7,0.693,114.0,0
68.12,1699.8,555.7,95.41,,2.357,4161.5,0
41.64,11735.277409913675,589.4,100.0,339.2,5.736,548.8,0
,1343.3,288.3,96.84,126.2,4.67,1823.9,0
48.86,1960.4,471.1,85.57,445.5,1.446,1462.3,0
97.9,2110.3,418.2,90.29,349.9,0.547,4580.4,1
73.37,1856.2,605.3,99.66,170.6,1.207,3564.9,0
85.77,1599.5,564.2,95.44,229.7,4.748,2182.7,1
43.16,1208.6,600.0,81.46,184.1,4.058,2333.3,0
50.15,1650.9,341.9,100.0,97.4,5.007,4846.9,0
55.62,1968.8,544.8,89.22,349.4,4.813,226.5,0
67.0,1530.6,561.6,89.16,239.2,0.743,3805.8,0
47.76,1221.7,587.8,94.37,224.0,7.386,689.7,0
90.63,1885.6,330.9,98.74,84.5,2.44,3896.4,1
80.34,1672.7,495.1,97.47,334.8,0.855,2404.9,0
72.0,1431.4,512.5,85.26,296.4,4.227,4568.6,0
64.07,2152.4,346.9,94.68,,2.204,983.7,0
39.04,1260.7,761.4,91.66,422.9,5.434,3187.2,0
77.73,2246.0,686.8,97.73,204.6,4.604,1834.2,1
42.07,1646.5,539.4,90.66,431.9,3.794,2168.1,0
89.35,1738.1,670.3,98.55,305.8,1.264,3534.6,0
62.99,1581.9,661.0,73.18,428.5,0.327,2180.5,0
54.57,1530.9,559.7,93.89,138.8,0.767,4967.2,0
51.91,1282.0,681.7,100.0,191.5,3.767,1240.7,0
,1813.4,560.0,94.13,340.3,2.827,2577.2,0
59.68,1213.6,605.8,89.35,172.9,1.388,4398.9,0
62.67,534.3,499.4,99.57,367.6,0.477,2937.9,0
17.22,1772.2,539.3,84.4,,2.75,415.8,0
43.5,759.2,555.5,97.44,92.8,1.778,2607.1,0
67.72,1607.0,372.9,90.21,206.5,4.454,1615.4,0
68.66,1675.0,460.2,96.7,166.6,0.901,818.4,0
36.15,1551.0,671.1,97.48,391.4,4.985,4784.8,0
86.85,1139.1,530.4,98.35,323.6,4.047,46.2,0
62.81,2040.5,607.9,91.13,424.2,2.983,2899.0,0
36.41,1290.0,568.6,100.0,307.0,4.278,3987.8,0
62.66,2305.1,563.1,86.06,425.3,1.199,4170.1,0
79.94,1842.8,364.5,99.73,174.8,2.237,743.9,0
46.5,1070.5,570.8,90.91,61.2,5.135,4132.6,1
55.22,768.6,372.6,93.39,93.4,0.424,3261.9,0
,983.9,594.3,84.0,144.5,1.586,2916.0,1
58.63,1791.8,581.0,87.91,228.4,2.554,3753.1,0
62.51,1620.3,553.1,99.93,463.5,2.353,1514.4,0
79.92,1860.4,472.4,89.1,302.8,3.145,1923.9,0
36.97,1265.1,541.6,88.07,483.4,5.977,160.8,0
85.31,1339.9,461.4,87.07,162.7,3.283,3846.5,1
58.33,1739.6,696.1,79.48,88.9,2.124,2856.1,1
48.3,1581.0,375.5,78.21,134.3,3.941,2701.1,1
61.71,1412.2,516.0,89.53,,1.887,599.5,0
76.64,1656.8,408.7,87.69,392.1,1.812,291.2,0
83.76,1740.4,360.1,78.61,373.9,1.516,3708.6,0
43.76,1593.9,524.9,87.06,463.0,3.897,4831.1,0
33.56,1822.3,571.2,97.32,236.7,3.019,4766.8,0
64.73,1547.8,547.0,100.0,201.3,6.398,4204.3,0
52.66,2058.2,246.3,94.01,463.8,4.549,489.6,0
71.9,1832.0,433.7,91.15,179.0,2.213,1962.5,0
70.88,1766.2,491.7,96.24,82.6,1.695,434.7,0
55.34,1999.3,705.8,85.51,220.5,1.519,4360.3,0
29.65,1481.6,554.8,85.26,284.0,2.82,3810.6,0
80.16,1482.5,742.2,95.07,315.9,3.97,125.7,0
74.72,1327.5,593.0,92.36,264.7,2.303,1883.8,0
87.1,1382.8,561.3,99.37,60.0,3.731,956.5,1
47.79,1426.8,396.6,93.54,63.6,3.388,3778.9,1
50.04,1689.3,417.9,90.47,402.0,4.83,2608.1,0
62.93,1417.7,495.6,99.39,332.5,,1121.4,0
48.21,1027.1,636.6,91.74,276.9,4.822,3581.7,0
57.6,1627.0,479.1,96.24,121.7,5.119,718.5,1
20.03,1294.2,450.0,83.82,409.5,2.545,1097.7,0
67.3,1172.3,395.5,100.0,96.3,1.522,1299.9,0
62.23,1723.9,512.4,97.09,483.0,2.907,4019.1,0
48.04,1957.6,527.7,91.41,135.0,1.701,555.6,0
44.95,1323.6,568.0,93.83,90.9,3.018,3998.2,0
64.98,1868.6,666.6,89.62,465.0,3.611,1702.7,0
25.02,1573.1,571.6,100.0,297.6,0.705,3623.6,0
75.47,2026.8,270.7,84.04,225.6,0.718,125.2,0
100.24,1568.7,674.2,95.18,161.3,3.727,3157.9,1
76.96,1476.0,560.8,100.0,59.9,0.63,1813.6,0
43.83,1481.3,486.1,94.12,397.9,4.927,3670.2,0
71.24,1456.6,488.1,85.07,271.0,4.28,4462.6,0
61.6,1648.8,241.5,81.11,253.2,1.413,180.2,0
39.22,1675.0,371.4,82.34,147.0,2.986,550.4,0
79.64,1340.9,729.9,95.92,463.2,2.524,1734.7,0
53.74,973.4,453.0,79.86,300.8,3.036,1190.7,0
62.0,1528.5,574.2,100.0,432.0,3.798,50.0,0
53.82,1717.0,615.2,100.0,,2.953,1158.8,0
66.63,2103.1,506.5,96.59,426.5,6.149,2613.3,0
44.03,1971.0,602.4,85.99,379.3,0.642,3240.0,0
65.15,1291.3,619.5,100.0,302.6,4.766,1310.5,0
37.95,1469.2,445.6,100.0,298.8,2.107,2464.5,0
66.88,1435.7,425.1,94.98,442.3,1.72,696.2,0
45.09,1890.6,505.3,85.93,76.1,6.24,2678.7,1
40.79,1653.8,488.2,82.3,217.0,2.931,4547.3,0
64.76,1919.9,498.3,89.6,465.4,6.516,3303.2,0
56.18,1775.1,459.2,100.0,124.0,3.085,1862.0,0
90.22,1746.4,468.0,95.4,392.6,1.997,3798.7,0
72.52,1790.3,509.7,92.23,175.2,5.016,750.0,0
72.32,1158.5,596.0,77.67,292.4,0.739,4169.7,0
55.44,1744.1,570.0,95.69,,0.936,3360.6,0
86.6,1985.1,548.5,87.13,276.6,4.056,2936.7,1
60.23,1676.4,571.2,100.0,456.9,0.236,346.3,0
67.31,974.2,564.7,97.1,410.2,1.631,20.8,0
54.56,1287.5,441.4,93.2,121.3,8.685,2885.0,1
,1070.6,393.5,86.49,,1.931,2257.0,0
41.12,1378.5,558.0,92.04,452.8,7.529,883.2,0
60.46,1590.4,673.2,83.71,178.7,7.059,1132.9,0
72.31,1036.6,386.3,95.53,169.2,3.596,1334.3,0
43.09,1584.0,515.4,100.0,376.4,,2264.8,0
50.61,929.7,350.5,88.04,475.4,0.604,6.6,0
52.63,2006.6,537.9,98.51,462.3,2.301,3367.9,0
33.81,1557.3,459.3,98.04,61.7,0.316,4184.2,0
48.8,899.8,427.6,82.64,495.6,5.537,624.4,0
,1774.8,493.0,80.0,289.8,2.981,2373.2,0
78.1,1288.9,642.0,90.22,418.6,3.581,3647.2,0
61.73,1592.0,416.3,88.58,453.3,3.873,1530.7,0
58.22,857.1,701.7,85.71,492.1,4.296,2539.7,0
105.5,1658.8,596.1,96.02,216.7,0.553,228.1,0
,1566.0,384.3,95.49,155.1,5.985,2375.4,0
30.93,1392.7,289.4,97.55,218.4,5.454,4440.9,0
,927.4,656.1,87.65,445.8,3.98,4570.6,0
73.06,2276.8,469.3,90.92,386.3,4.419,2075.1,0
47.25,1325.8,441.9,91.55,146.8,2.879,182.6,0
74.11,1339.2,590.0,88.84,377.5,6.444,3068.1,0
57.54,1530.8,600.4,89.31,487.9,1.097,32.6,0
33.15,2098.8,481.0,98.0,292.8,,1396.2,0
98.41,1017.0,423.1,95.42,471.2,3.304,1494.5,0
79.19,1889.4,449.2,90.53,228.5,3.869,3012.6,0
89.2,1666.1,682.7,100.0,65.3,4.723,3044.4,1
71.65,1231.6,537.1,99.14,335.4,2.217,2083.2,0
89.86,1823.5,319.0,86.58,409.2,1.399,286.4,0
49.41,1299.1,710.6,,247.8,2.605,532.8,0
83.63,878.8,461.2,86.2,248.7,5.308,2565.3,0
50.16,1772.0,360.5,100.0,190.0,2.201,4454.6,0
60.4,2148.6,462.8,85.44,251.7,2.766,4343.6,1
85.78,1220.5,521.5,82.3,281.4,0.054,2855.7,0
80.79,1441.4,533.3,84.11,237.8,1.623,675.8,0
50.64,1348.6,658.2,86.3,233.8,1.658,1728.1,0
63.33,1331.0,447.3,93.46,292.1,1.762,2912.5,0
68.03,1067.0,399.2,92.11,375.7,3.471,1046.6,0
62.52,1992.5,507.1,82.22,294.0,0.308,980.2,0
63.45,1513.9,561.4,97.99,195.4,2.27,3467.6,0
