publisher,average_rating
ale,3.914
ara,4.078205128205129
en-CA,3.869183673469388
en-GB,3.9145454545454546
en-US,3.9757575757575756
eng,4.059230769230769
enm,4.243333333333333
fre,3.74
ger,3.778620689655172
gla,3.8725
glg,3.9375
grc,3.9748484848484846
ita,3.956666666666667
jpn,3.875
lat,4.0
msa,4.015
mul,3.8542857142857145
nl,3.8525
nor,3.725
por,3.8527777777777774
rus,3.76
spa,4.2092307692307696
srp,4.33
swe,4.1242857142857146
tur,3.8880000000000003
wel,4.28
zho,3.72
