churn,Customer_ID
0.000,2000001.000
0.000,2000002.000
0.000,2000003.000
0.000,2000004.000
0.000,2000005.000
0.000,2000006.000
0.000,2000007.000
0.000,2000008.000
0.000,2000009.000
0.000,2000010.000
0.000,2000011.000
0.000,2000012.000
0.000,2000013.000
0.000,2000014.000
0.000,2000015.000
0.000,2000016.000
0.000,2000017.000
0.000,2000018.000
0.000,2000019.000
0.000,2000020.000
0.000,2000021.000
0.000,2000022.000
0.000,2000023.000
0.000,2000024.000
0.000,2000025.000
0.000,2000026.000
0.000,2000027.000
0.000,2000028.000
0.000,2000029.000
0.000,2000030.000
0.000,2000031.000
0.000,2000032.000
0.000,2000033.000
0.000,2000034.000
0.000,2000035.000
0.000,2000036.000
0.000,2000037.000
0.000,2000038.000
0.000,2000039.000
0.000,2000040.000
0.000,2000041.000
0.000,2000042.000
0.000,2000043.000
0.000,2000044.000
0.000,2000045.000
0.000,2000046.000
0.000,2000047.000
0.000,2000048.000
0.000,2000049.000
0.000,2000050.000
0.000,2000051.000
0.000,2000052.000
0.000,2000053.000
0.000,2000054.000
0.000,2000055.000
0.000,2000056.000
0.000,2000057.000
0.000,2000058.000
0.000,2000059.000
0.000,2000060.000
0.000,2000061.000
0.000,2000062.000
0.000,2000063.000
0.000,2000064.000
0.000,2000065.000
0.000,2000066.000
0.000,2000067.000
0.000,2000068.000
0.000,2000069.000
0.000,2000070.000
0.000,2000071.000
0.000,2000072.000
0.000,2000073.000
0.000,2000074.000
0.000,2000075.000
0.000,2000076.000
0.000,2000077.000
0.000,2000078.000
0.000,2000079.000
0.000,2000080.000
0.000,2000081.000
0.000,2000082.000
0.000,2000083.000
0.000,2000084.000
0.000,2000085.000
0.000,2000086.000
0.000,2000087.000
0.000,2000088.000
0.000,2000089.000
0.000,2000090.000
0.000,2000091.000
0.000,2000092.000
0.000,2000093.000
1.000,2000094.000
0.000,2000095.000
0.000,2000096.000
0.000,2000097.000
0.000,2000098.000
0.000,2000099.000
0.000,2000100.000
0.000,2000101.000
0.000,2000102.000
0.000,2000103.000
0.000,2000104.000
0.000,2000105.000
0.000,2000106.000
0.000,2000107.000
0.000,2000108.000
0.000,2000109.000
0.000,2000110.000
0.000,2000111.000
0.000,2000112.000
0.000,2000113.000
0.000,2000114.000
0.000,2000115.000
1.000,2000116.000
0.000,2000117.000
0.000,2000118.000
0.000,2000119.000
0.000,2000120.000
0.000,2000121.000
0.000,2000122.000
0.000,2000123.000
0.000,2000124.000
0.000,2000125.000
0.000,2000126.000
0.000,2000127.000
0.000,2000128.000
0.000,2000129.000
0.000,2000130.000
0.000,2000131.000
0.000,2000132.000
0.000,2000133.000
0.000,2000134.000
0.000,2000135.000
0.000,2000136.000
0.000,2000137.000
0.000,2000138.000
0.000,2000139.000
0.000,2000140.000
0.000,2000141.000
0.000,2000142.000
0.000,2000143.000
0.000,2000144.000
0.000,2000145.000
0.000,2000146.000
0.000,2000147.000
0.000,2000148.000
0.000,2000149.000
0.000,2000150.000
0.000,2000151.000
0.000,2000152.000
0.000,2000153.000
0.000,2000154.000
0.000,2000155.000
0.000,2000156.000
0.000,2000157.000
0.000,2000158.000
0.000,2000159.000
0.000,2000160.000
0.000,2000161.000
0.000,2000162.000
0.000,2000163.000
0.000,2000164.000
1.000,2000165.000
0.000,2000166.000
0.000,2000167.000
0.000,2000168.000
0.000,2000169.000
0.000,2000170.000
0.000,2000171.000
0.000,2000172.000
0.000,2000173.000
0.000,2000174.000
0.000,2000175.000
0.000,2000176.000
0.000,2000177.000
0.000,2000178.000
0.000,2000179.000
0.000,2000180.000
0.000,2000181.000
0.000,2000182.000
0.000,2000183.000
0.000,2000184.000
0.000,2000185.000
0.000,2000186.000
0.000,2000187.000
0.000,2000188.000
0.000,2000189.000
0.000,2000190.000
0.000,2000191.000
0.000,2000192.000
0.000,2000193.000
0.000,2000194.000
0.000,2000195.000
0.000,2000196.000
0.000,2000197.000
0.000,2000198.000
0.000,2000199.000
0.000,2000200.000
0.000,2000201.000
0.000,2000202.000
0.000,2000203.000
0.000,2000204.000
0.000,2000205.000
0.000,2000206.000
0.000,2000207.000
0.000,2000208.000
0.000,2000209.000
0.000,2000210.000
0.000,2000211.000
0.000,2000212.000
0.000,2000213.000
0.000,2000214.000
0.000,2000215.000
0.000,2000216.000
0.000,2000217.000
0.000,2000218.000
0.000,2000219.000
0.000,2000220.000
0.000,2000221.000
0.000,2000222.000
0.000,2000223.000
0.000,2000224.000
0.000,2000225.000
0.000,2000226.000
0.000,2000227.000
0.000,2000228.000
0.000,2000229.000
0.000,2000230.000
0.000,2000231.000
0.000,2000232.000
0.000,2000233.000
0.000,2000234.000
0.000,2000235.000
0.000,2000236.000
0.000,2000237.000
0.000,2000238.000
0.000,2000239.000
0.000,2000240.000
0.000,2000241.000
0.000,2000242.000
0.000,2000243.000
0.000,2000244.000
0.000,2000245.000
0.000,2000246.000
0.000,2000247.000
0.000,2000248.000
0.000,2000249.000
0.000,2000250.000
0.000,2000251.000
0.000,2000252.000
0.000,2000253.000
0.000,2000254.000
1.000,2000255.000
0.000,2000256.000
0.000,2000257.000
0.000,2000258.000
0.000,2000259.000
0.000,2000260.000
0.000,2000261.000
0.000,2000262.000
0.000,2000263.000
1.000,2000264.000
0.000,2000265.000
0.000,2000266.000
0.000,2000267.000
0.000,2000268.000
0.000,2000269.000
0.000,2000270.000
0.000,2000271.000
0.000,2000272.000
0.000,2000273.000
0.000,2000274.000
0.000,2000275.000
0.000,2000276.000
0.000,2000277.000
0.000,2000278.000
0.000,2000279.000
0.000,2000280.000
0.000,2000281.000
0.000,2000282.000
0.000,2000283.000
0.000,2000284.000
0.000,2000285.000
0.000,2000286.000
0.000,2000287.000
0.000,2000288.000
0.000,2000289.000
0.000,2000290.000
0.000,2000291.000
0.000,2000292.000
0.000,2000293.000
0.000,2000294.000
0.000,2000295.000
0.000,2000296.000
0.000,2000297.000
0.000,2000298.000
0.000,2000299.000
0.000,2000300.000
0.000,2000301.000
0.000,2000302.000
0.000,2000303.000
0.000,2000304.000
0.000,2000305.000
0.000,2000306.000
0.000,2000307.000
0.000,2000308.000
0.000,2000309.000
0.000,2000310.000
0.000,2000311.000
0.000,2000312.000
0.000,2000313.000
0.000,2000314.000
0.000,2000315.000
0.000,2000316.000
0.000,2000317.000
0.000,2000318.000
0.000,2000319.000
0.000,2000320.000
0.000,2000321.000
0.000,2000322.000
0.000,2000323.000
0.000,2000324.000
0.000,2000325.000
0.000,2000326.000
0.000,2000327.000
0.000,2000328.000
0.000,2000329.000
0.000,2000330.000
0.000,2000331.000
0.000,2000332.000
0.000,2000333.000
0.000,2000334.000
0.000,2000335.000
0.000,2000336.000
0.000,2000337.000
0.000,2000338.000
0.000,2000339.000
0.000,2000340.000
0.000,2000341.000
0.000,2000342.000
0.000,2000343.000
0.000,2000344.000
0.000,2000345.000
0.000,2000346.000
0.000,2000347.000
0.000,2000348.000
0.000,2000349.000
0.000,2000350.000
0.000,2000351.000
0.000,2000352.000
0.000,2000353.000
0.000,2000354.000
0.000,2000355.000
0.000,2000356.000
0.000,2000357.000
0.000,2000358.000
0.000,2000359.000
0.000,2000360.000
0.000,2000361.000
0.000,2000362.000
0.000,2000363.000
0.000,2000364.000
0.000,2000365.000
0.000,2000366.000
0.000,2000367.000
0.000,2000368.000
0.000,2000369.000
0.000,2000370.000
0.000,2000371.000
0.000,2000372.000
0.000,2000373.000
0.000,2000374.000
0.000,2000375.000
0.000,2000376.000
0.000,2000377.000
0.000,2000378.000
0.000,2000379.000
0.000,2000380.000
1.000,2000381.000
0.000,2000382.000
0.000,2000383.000
0.000,2000384.000
0.000,2000385.000
0.000,2000386.000
0.000,2000387.000
0.000,2000388.000
0.000,2000389.000
0.000,2000390.000
0.000,2000391.000
0.000,2000392.000
0.000,2000393.000
0.000,2000394.000
0.000,2000395.000
0.000,2000396.000
0.000,2000397.000
0.000,2000398.000
0.000,2000399.000
0.000,2000400.000
0.000,2000401.000
0.000,2000402.000
0.000,2000403.000
0.000,2000404.000
0.000,2000405.000
0.000,2000406.000
0.000,2000407.000
0.000,2000408.000
0.000,2000409.000
0.000,2000410.000
0.000,2000411.000
0.000,2000412.000
0.000,2000413.000
0.000,2000414.000
0.000,2000415.000
0.000,2000416.000
0.000,2000417.000
0.000,2000418.000
0.000,2000419.000
0.000,2000420.000
0.000,2000421.000
1.000,2000422.000
0.000,2000423.000
0.000,2000424.000
0.000,2000425.000
0.000,2000426.000
0.000,2000427.000
0.000,2000428.000
0.000,2000429.000
0.000,2000430.000
0.000,2000431.000
0.000,2000432.000
0.000,2000433.000
0.000,2000434.000
0.000,2000435.000
0.000,2000436.000
0.000,2000437.000
0.000,2000438.000
0.000,2000439.000
0.000,2000440.000
0.000,2000441.000
0.000,2000442.000
0.000,2000443.000
0.000,2000444.000
0.000,2000445.000
0.000,2000446.000
0.000,2000447.000
0.000,2000448.000
0.000,2000449.000
0.000,2000450.000
0.000,2000451.000
0.000,2000452.000
0.000,2000453.000
0.000,2000454.000
0.000,2000455.000
0.000,2000456.000
0.000,2000457.000
0.000,2000458.000
0.000,2000459.000
0.000,2000460.000
0.000,2000461.000
0.000,2000462.000
0.000,2000463.000
0.000,2000464.000
0.000,2000465.000
0.000,2000466.000
0.000,2000467.000
0.000,2000468.000
0.000,2000469.000
0.000,2000470.000
0.000,2000471.000
0.000,2000472.000
0.000,2000473.000
0.000,2000474.000
0.000,2000475.000
0.000,2000476.000
0.000,2000477.000
0.000,2000478.000
0.000,2000479.000
0.000,2000480.000
0.000,2000481.000
0.000,2000482.000
0.000,2000483.000
0.000,2000484.000
1.000,2000485.000
1.000,2000486.000
0.000,2000487.000
0.000,2000488.000
0.000,2000489.000
0.000,2000490.000
0.000,2000491.000
0.000,2000492.000
0.000,2000493.000
0.000,2000494.000
0.000,2000495.000
0.000,2000496.000
0.000,2000497.000
0.000,2000498.000
0.000,2000499.000
0.000,2000500.000
0.000,2000501.000
0.000,2000502.000
0.000,2000503.000
0.000,2000504.000
0.000,2000505.000
0.000,2000506.000
0.000,2000507.000
0.000,2000508.000
0.000,2000509.000
0.000,2000510.000
0.000,2000511.000
0.000,2000512.000
0.000,2000513.000
0.000,2000514.000
0.000,2000515.000
0.000,2000516.000
0.000,2000517.000
0.000,2000518.000
0.000,2000519.000
0.000,2000520.000
0.000,2000521.000
0.000,2000522.000
0.000,2000523.000
0.000,2000524.000
0.000,2000525.000
0.000,2000526.000
0.000,2000527.000
0.000,2000528.000
0.000,2000529.000
0.000,2000530.000
0.000,2000531.000
0.000,2000532.000
0.000,2000533.000
0.000,2000534.000
0.000,2000535.000
0.000,2000536.000
0.000,2000537.000
0.000,2000538.000
0.000,2000539.000
0.000,2000540.000
1.000,2000541.000
0.000,2000542.000
0.000,2000543.000
0.000,2000544.000
0.000,2000545.000
0.000,2000546.000
0.000,2000547.000
0.000,2000548.000
0.000,2000549.000
0.000,2000550.000
0.000,2000551.000
0.000,2000552.000
0.000,2000553.000
0.000,2000554.000
0.000,2000555.000
0.000,2000556.000
0.000,2000557.000
0.000,2000558.000
0.000,2000559.000
0.000,2000560.000
0.000,2000561.000
0.000,2000562.000
0.000,2000563.000
0.000,2000564.000
0.000,2000565.000
0.000,2000566.000
0.000,2000567.000
0.000,2000568.000
0.000,2000569.000
0.000,2000570.000
0.000,2000571.000
0.000,2000572.000
0.000,2000573.000
0.000,2000574.000
0.000,2000575.000
0.000,2000576.000
0.000,2000577.000
0.000,2000578.000
0.000,2000579.000
0.000,2000580.000
0.000,2000581.000
0.000,2000582.000
0.000,2000583.000
0.000,2000584.000
0.000,2000585.000
0.000,2000586.000
0.000,2000587.000
0.000,2000588.000
0.000,2000589.000
0.000,2000590.000
0.000,2000591.000
0.000,2000592.000
0.000,2000593.000
0.000,2000594.000
0.000,2000595.000
0.000,2000596.000
0.000,2000597.000
0.000,2000598.000
0.000,2000599.000
0.000,2000600.000
0.000,2000601.000
0.000,2000602.000
0.000,2000603.000
0.000,2000604.000
0.000,2000605.000
0.000,2000606.000
0.000,2000607.000
0.000,2000608.000
0.000,2000609.000
0.000,2000610.000
0.000,2000611.000
0.000,2000612.000
0.000,2000613.000
0.000,2000614.000
0.000,2000615.000
0.000,2000616.000
0.000,2000617.000
0.000,2000618.000
0.000,2000619.000
0.000,2000620.000
0.000,2000621.000
0.000,2000622.000
0.000,2000623.000
0.000,2000624.000
0.000,2000625.000
0.000,2000626.000
0.000,2000627.000
0.000,2000628.000
0.000,2000629.000
0.000,2000630.000
0.000,2000631.000
0.000,2000632.000
0.000,2000633.000
0.000,2000634.000
0.000,2000635.000
0.000,2000636.000
0.000,2000637.000
0.000,2000638.000
0.000,2000639.000
0.000,2000640.000
0.000,2000641.000
0.000,2000642.000
0.000,2000643.000
0.000,2000644.000
0.000,2000645.000
0.000,2000646.000
0.000,2000647.000
0.000,2000648.000
0.000,2000649.000
0.000,2000650.000
0.000,2000651.000
0.000,2000652.000
0.000,2000653.000
0.000,2000654.000
0.000,2000655.000
0.000,2000656.000
0.000,2000657.000
0.000,2000658.000
0.000,2000659.000
0.000,2000660.000
0.000,2000661.000
0.000,2000662.000
0.000,2000663.000
0.000,2000664.000
0.000,2000665.000
0.000,2000666.000
0.000,2000667.000
0.000,2000668.000
0.000,2000669.000
0.000,2000670.000
0.000,2000671.000
0.000,2000672.000
0.000,2000673.000
0.000,2000674.000
0.000,2000675.000
0.000,2000676.000
0.000,2000677.000
0.000,2000678.000
0.000,2000679.000
0.000,2000680.000
0.000,2000681.000
0.000,2000682.000
0.000,2000683.000
0.000,2000684.000
0.000,2000685.000
0.000,2000686.000
0.000,2000687.000
0.000,2000688.000
1.000,2000689.000
0.000,2000690.000
0.000,2000691.000
0.000,2000692.000
0.000,2000693.000
0.000,2000694.000
0.000,2000695.000
0.000,2000696.000
0.000,2000697.000
0.000,2000698.000
0.000,2000699.000
0.000,2000700.000
0.000,2000701.000
0.000,2000702.000
0.000,2000703.000
0.000,2000704.000
0.000,2000705.000
1.000,2000706.000
0.000,2000707.000
0.000,2000708.000
0.000,2000709.000
0.000,2000710.000
0.000,2000711.000
0.000,2000712.000
0.000,2000713.000
0.000,2000714.000
0.000,2000715.000
0.000,2000716.000
0.000,2000717.000
0.000,2000718.000
0.000,2000719.000
0.000,2000720.000
0.000,2000721.000
0.000,2000722.000
0.000,2000723.000
0.000,2000724.000
0.000,2000725.000
0.000,2000726.000
0.000,2000727.000
0.000,2000728.000
0.000,2000729.000
0.000,2000730.000
0.000,2000731.000
0.000,2000732.000
0.000,2000733.000
0.000,2000734.000
0.000,2000735.000
0.000,2000736.000
0.000,2000737.000
0.000,2000738.000
0.000,2000739.000
0.000,2000740.000
0.000,2000741.000
0.000,2000742.000
0.000,2000743.000
0.000,2000744.000
0.000,2000745.000
0.000,2000746.000
0.000,2000747.000
0.000,2000748.000
0.000,2000749.000
0.000,2000750.000
0.000,2000751.000
0.000,2000752.000
0.000,2000753.000
0.000,2000754.000
0.000,2000755.000
0.000,2000756.000
0.000,2000757.000
1.000,2000758.000
0.000,2000759.000
0.000,2000760.000
0.000,2000761.000
0.000,2000762.000
0.000,2000763.000
0.000,2000764.000
0.000,2000765.000
0.000,2000766.000
0.000,2000767.000
0.000,2000768.000
0.000,2000769.000
0.000,2000770.000
0.000,2000771.000
0.000,2000772.000
0.000,2000773.000
0.000,2000774.000
0.000,2000775.000
0.000,2000776.000
0.000,2000777.000
0.000,2000778.000
0.000,2000779.000
0.000,2000780.000
0.000,2000781.000
0.000,2000782.000
0.000,2000783.000
1.000,2000784.000
0.000,2000785.000
0.000,2000786.000
0.000,2000787.000
0.000,2000788.000
0.000,2000789.000
0.000,2000790.000
0.000,2000791.000
0.000,2000792.000
0.000,2000793.000
0.000,2000794.000
0.000,2000795.000
0.000,2000796.000
0.000,2000797.000
0.000,2000798.000
0.000,2000799.000
0.000,2000800.000
0.000,2000801.000
0.000,2000802.000
0.000,2000803.000
0.000,2000804.000
0.000,2000805.000
0.000,2000806.000
0.000,2000807.000
0.000,2000808.000
0.000,2000809.000
0.000,2000810.000
0.000,2000811.000
0.000,2000812.000
0.000,2000813.000
0.000,2000814.000
0.000,2000815.000
0.000,2000816.000
0.000,2000817.000
0.000,2000818.000
0.000,2000819.000
0.000,2000820.000
0.000,2000821.000
0.000,2000822.000
0.000,2000823.000
0.000,2000824.000
0.000,2000825.000
0.000,2000826.000
0.000,2000827.000
0.000,2000828.000
0.000,2000829.000
0.000,2000830.000
0.000,2000831.000
0.000,2000832.000
0.000,2000833.000
0.000,2000834.000
0.000,2000835.000
0.000,2000836.000
0.000,2000837.000
0.000,2000838.000
0.000,2000839.000
0.000,2000840.000
0.000,2000841.000
0.000,2000842.000
0.000,2000843.000
0.000,2000844.000
1.000,2000845.000
0.000,2000846.000
0.000,2000847.000
0.000,2000848.000
0.000,2000849.000
0.000,2000850.000
0.000,2000851.000
0.000,2000852.000
0.000,2000853.000
0.000,2000854.000
0.000,2000855.000
0.000,2000856.000
0.000,2000857.000
0.000,2000858.000
0.000,2000859.000
0.000,2000860.000
0.000,2000861.000
0.000,2000862.000
0.000,2000863.000
0.000,2000864.000
0.000,2000865.000
0.000,2000866.000
0.000,2000867.000
0.000,2000868.000
0.000,2000869.000
0.000,2000870.000
0.000,2000871.000
0.000,2000872.000
0.000,2000873.000
0.000,2000874.000
0.000,2000875.000
0.000,2000876.000
0.000,2000877.000
0.000,2000878.000
0.000,2000879.000
0.000,2000880.000
0.000,2000881.000
0.000,2000882.000
0.000,2000883.000
0.000,2000884.000
0.000,2000885.000
0.000,2000886.000
0.000,2000887.000
0.000,2000888.000
0.000,2000889.000
0.000,2000890.000
0.000,2000891.000
0.000,2000892.000
0.000,2000893.000
0.000,2000894.000
0.000,2000895.000
0.000,2000896.000
0.000,2000897.000
0.000,2000898.000
0.000,2000899.000
0.000,2000900.000
0.000,2000901.000
1.000,2000902.000
0.000,2000903.000
0.000,2000904.000
0.000,2000905.000
0.000,2000906.000
0.000,2000907.000
0.000,2000908.000
0.000,2000909.000
0.000,2000910.000
0.000,2000911.000
0.000,2000912.000
0.000,2000913.000
0.000,2000914.000
0.000,2000915.000
0.000,2000916.000
0.000,2000917.000
0.000,2000918.000
0.000,2000919.000
0.000,2000920.000
0.000,2000921.000
0.000,2000922.000
0.000,2000923.000
0.000,2000924.000
0.000,2000925.000
0.000,2000926.000
0.000,2000927.000
0.000,2000928.000
0.000,2000929.000
0.000,2000930.000
0.000,2000931.000
0.000,2000932.000
0.000,2000933.000
0.000,2000934.000
0.000,2000935.000
0.000,2000936.000
0.000,2000937.000
0.000,2000938.000
0.000,2000939.000
0.000,2000940.000
0.000,2000941.000
0.000,2000942.000
0.000,2000943.000
0.000,2000944.000
0.000,2000945.000
0.000,2000946.000
0.000,2000947.000
0.000,2000948.000
0.000,2000949.000
0.000,2000950.000
0.000,2000951.000
0.000,2000952.000
0.000,2000953.000
0.000,2000954.000
0.000,2000955.000
0.000,2000956.000
0.000,2000957.000
0.000,2000958.000
0.000,2000959.000
0.000,2000960.000
0.000,2000961.000
0.000,2000962.000
0.000,2000963.000
0.000,2000964.000
0.000,2000965.000
0.000,2000966.000
0.000,2000967.000
0.000,2000968.000
0.000,2000969.000
0.000,2000970.000
0.000,2000971.000
0.000,2000972.000
0.000,2000973.000
0.000,2000974.000
0.000,2000975.000
0.000,2000976.000
0.000,2000977.000
1.000,2000978.000
0.000,2000979.000
0.000,2000980.000
0.000,2000981.000
0.000,2000982.000
0.000,2000983.000
0.000,2000984.000
0.000,2000985.000
0.000,2000986.000
0.000,2000987.000
0.000,2000988.000
0.000,2000989.000
0.000,2000990.000
0.000,2000991.000
0.000,2000992.000
0.000,2000993.000
0.000,2000994.000
0.000,2000995.000
0.000,2000996.000
0.000,2000997.000
0.000,2000998.000
0.000,2000999.000
0.000,2001000.000
0.000,2001001.000
0.000,2001002.000
0.000,2001003.000
0.000,2001004.000
0.000,2001005.000
0.000,2001006.000
0.000,2001007.000
0.000,2001008.000
0.000,2001009.000
1.000,2001010.000
0.000,2001011.000
0.000,2001012.000
0.000,2001013.000
0.000,2001014.000
0.000,2001015.000
0.000,2001016.000
0.000,2001017.000
0.000,2001018.000
0.000,2001019.000
0.000,2001020.000
0.000,2001021.000
0.000,2001022.000
0.000,2001023.000
0.000,2001024.000
0.000,2001025.000
0.000,2001026.000
0.000,2001027.000
0.000,2001028.000
0.000,2001029.000
0.000,2001030.000
0.000,2001031.000
0.000,2001032.000
0.000,2001033.000
0.000,2001034.000
0.000,2001035.000
0.000,2001036.000
0.000,2001037.000
0.000,2001038.000
0.000,2001039.000
0.000,2001040.000
0.000,2001041.000
0.000,2001042.000
0.000,2001043.000
0.000,2001044.000
0.000,2001045.000
0.000,2001046.000
0.000,2001047.000
0.000,2001048.000
0.000,2001049.000
0.000,2001050.000
0.000,2001051.000
0.000,2001052.000
0.000,2001053.000
0.000,2001054.000
0.000,2001055.000
0.000,2001056.000
0.000,2001057.000
0.000,2001058.000
0.000,2001059.000
0.000,2001060.000
0.000,2001061.000
0.000,2001062.000
0.000,2001063.000
0.000,2001064.000
0.000,2001065.000
0.000,2001066.000
0.000,2001067.000
0.000,2001068.000
0.000,2001069.000
0.000,2001070.000
0.000,2001071.000
0.000,2001072.000
0.000,2001073.000
0.000,2001074.000
0.000,2001075.000
0.000,2001076.000
0.000,2001077.000
0.000,2001078.000
0.000,2001079.000
0.000,2001080.000
0.000,2001081.000
0.000,2001082.000
0.000,2001083.000
1.000,2001084.000
0.000,2001085.000
0.000,2001086.000
0.000,2001087.000
0.000,2001088.000
0.000,2001089.000
0.000,2001090.000
0.000,2001091.000
0.000,2001092.000
0.000,2001093.000
0.000,2001094.000
0.000,2001095.000
0.000,2001096.000
0.000,2001097.000
0.000,2001098.000
0.000,2001099.000
0.000,2001100.000
0.000,2001101.000
0.000,2001102.000
0.000,2001103.000
0.000,2001104.000
0.000,2001105.000
0.000,2001106.000
0.000,2001107.000
0.000,2001108.000
0.000,2001109.000
0.000,2001110.000
0.000,2001111.000
0.000,2001112.000
0.000,2001113.000
0.000,2001114.000
0.000,2001115.000
0.000,2001116.000
0.000,2001117.000
0.000,2001118.000
0.000,2001119.000
0.000,2001120.000
0.000,2001121.000
0.000,2001122.000
0.000,2001123.000
0.000,2001124.000
0.000,2001125.000
0.000,2001126.000
0.000,2001127.000
0.000,2001128.000
0.000,2001129.000
0.000,2001130.000
0.000,2001131.000
0.000,2001132.000
0.000,2001133.000
0.000,2001134.000
0.000,2001135.000
0.000,2001136.000
0.000,2001137.000
0.000,2001138.000
0.000,2001139.000
0.000,2001140.000
0.000,2001141.000
0.000,2001142.000
0.000,2001143.000
0.000,2001144.000
0.000,2001145.000
0.000,2001146.000
0.000,2001147.000
1.000,2001148.000
0.000,2001149.000
0.000,2001150.000
0.000,2001151.000
0.000,2001152.000
0.000,2001153.000
0.000,2001154.000
0.000,2001155.000
0.000,2001156.000
0.000,2001157.000
0.000,2001158.000
0.000,2001159.000
0.000,2001160.000
0.000,2001161.000
0.000,2001162.000
0.000,2001163.000
0.000,2001164.000
0.000,2001165.000
0.000,2001166.000
0.000,2001167.000
0.000,2001168.000
0.000,2001169.000
0.000,2001170.000
0.000,2001171.000
0.000,2001172.000
0.000,2001173.000
0.000,2001174.000
0.000,2001175.000
0.000,2001176.000
0.000,2001177.000
0.000,2001178.000
0.000,2001179.000
0.000,2001180.000
0.000,2001181.000
0.000,2001182.000
0.000,2001183.000
0.000,2001184.000
0.000,2001185.000
0.000,2001186.000
0.000,2001187.000
0.000,2001188.000
0.000,2001189.000
0.000,2001190.000
0.000,2001191.000
0.000,2001192.000
0.000,2001193.000
0.000,2001194.000
0.000,2001195.000
0.000,2001196.000
0.000,2001197.000
0.000,2001198.000
0.000,2001199.000
0.000,2001200.000
0.000,2001201.000
0.000,2001202.000
0.000,2001203.000
0.000,2001204.000
0.000,2001205.000
0.000,2001206.000
0.000,2001207.000
0.000,2001208.000
0.000,2001209.000
0.000,2001210.000
0.000,2001211.000
0.000,2001212.000
0.000,2001213.000
0.000,2001214.000
0.000,2001215.000
0.000,2001216.000
0.000,2001217.000
0.000,2001218.000
0.000,2001219.000
0.000,2001220.000
0.000,2001221.000
0.000,2001222.000
0.000,2001223.000
0.000,2001224.000
0.000,2001225.000
0.000,2001226.000
0.000,2001227.000
0.000,2001228.000
0.000,2001229.000
0.000,2001230.000
0.000,2001231.000
0.000,2001232.000
0.000,2001233.000
0.000,2001234.000
0.000,2001235.000
0.000,2001236.000
0.000,2001237.000
0.000,2001238.000
0.000,2001239.000
0.000,2001240.000
0.000,2001241.000
0.000,2001242.000
0.000,2001243.000
0.000,2001244.000
0.000,2001245.000
0.000,2001246.000
0.000,2001247.000
0.000,2001248.000
0.000,2001249.000
0.000,2001250.000
0.000,2001251.000
0.000,2001252.000
0.000,2001253.000
0.000,2001254.000
0.000,2001255.000
0.000,2001256.000
0.000,2001257.000
0.000,2001258.000
0.000,2001259.000
0.000,2001260.000
0.000,2001261.000
0.000,2001262.000
0.000,2001263.000
0.000,2001264.000
0.000,2001265.000
0.000,2001266.000
0.000,2001267.000
0.000,2001268.000
0.000,2001269.000
0.000,2001270.000
0.000,2001271.000
0.000,2001272.000
0.000,2001273.000
0.000,2001274.000
0.000,2001275.000
0.000,2001276.000
0.000,2001277.000
0.000,2001278.000
0.000,2001279.000
0.000,2001280.000
0.000,2001281.000
0.000,2001282.000
0.000,2001283.000
0.000,2001284.000
0.000,2001285.000
0.000,2001286.000
0.000,2001287.000
0.000,2001288.000
0.000,2001289.000
0.000,2001290.000
0.000,2001291.000
0.000,2001292.000
0.000,2001293.000
0.000,2001294.000
0.000,2001295.000
0.000,2001296.000
0.000,2001297.000
0.000,2001298.000
0.000,2001299.000
0.000,2001300.000
0.000,2001301.000
0.000,2001302.000
0.000,2001303.000
0.000,2001304.000
0.000,2001305.000
0.000,2001306.000
0.000,2001307.000
0.000,2001308.000
0.000,2001309.000
0.000,2001310.000
0.000,2001311.000
0.000,2001312.000
0.000,2001313.000
0.000,2001314.000
0.000,2001315.000
0.000,2001316.000
0.000,2001317.000
0.000,2001318.000
0.000,2001319.000
0.000,2001320.000
0.000,2001321.000
0.000,2001322.000
0.000,2001323.000
0.000,2001324.000
0.000,2001325.000
0.000,2001326.000
0.000,2001327.000
0.000,2001328.000
0.000,2001329.000
0.000,2001330.000
0.000,2001331.000
0.000,2001332.000
0.000,2001333.000
0.000,2001334.000
0.000,2001335.000
0.000,2001336.000
0.000,2001337.000
0.000,2001338.000
0.000,2001339.000
0.000,2001340.000
0.000,2001341.000
0.000,2001342.000
0.000,2001343.000
0.000,2001344.000
0.000,2001345.000
0.000,2001346.000
0.000,2001347.000
0.000,2001348.000
0.000,2001349.000
0.000,2001350.000
0.000,2001351.000
0.000,2001352.000
0.000,2001353.000
0.000,2001354.000
0.000,2001355.000
0.000,2001356.000
0.000,2001357.000
0.000,2001358.000
0.000,2001359.000
0.000,2001360.000
0.000,2001361.000
0.000,2001362.000
0.000,2001363.000
0.000,2001364.000
0.000,2001365.000
0.000,2001366.000
0.000,2001367.000
0.000,2001368.000
0.000,2001369.000
0.000,2001370.000
0.000,2001371.000
0.000,2001372.000
0.000,2001373.000
0.000,2001374.000
0.000,2001375.000
0.000,2001376.000
0.000,2001377.000
0.000,2001378.000
0.000,2001379.000
0.000,2001380.000
0.000,2001381.000
0.000,2001382.000
0.000,2001383.000
0.000,2001384.000
0.000,2001385.000
0.000,2001386.000
0.000,2001387.000
0.000,2001388.000
0.000,2001389.000
0.000,2001390.000
0.000,2001391.000
0.000,2001392.000
0.000,2001393.000
0.000,2001394.000
0.000,2001395.000
0.000,2001396.000
0.000,2001397.000
0.000,2001398.000
0.000,2001399.000
0.000,2001400.000
0.000,2001401.000
0.000,2001402.000
1.000,2001403.000
0.000,2001404.000
0.000,2001405.000
0.000,2001406.000
0.000,2001407.000
0.000,2001408.000
0.000,2001409.000
0.000,2001410.000
0.000,2001411.000
0.000,2001412.000
0.000,2001413.000
0.000,2001414.000
0.000,2001415.000
0.000,2001416.000
0.000,2001417.000
0.000,2001418.000
0.000,2001419.000
0.000,2001420.000
0.000,2001421.000
0.000,2001422.000
0.000,2001423.000
0.000,2001424.000
0.000,2001425.000
0.000,2001426.000
0.000,2001427.000
0.000,2001428.000
0.000,2001429.000
0.000,2001430.000
0.000,2001431.000
0.000,2001432.000
0.000,2001433.000
0.000,2001434.000
0.000,2001435.000
0.000,2001436.000
0.000,2001437.000
0.000,2001438.000
0.000,2001439.000
0.000,2001440.000
0.000,2001441.000
0.000,2001442.000
0.000,2001443.000
0.000,2001444.000
0.000,2001445.000
0.000,2001446.000
0.000,2001447.000
0.000,2001448.000
0.000,2001449.000
0.000,2001450.000
0.000,2001451.000
0.000,2001452.000
0.000,2001453.000
0.000,2001454.000
0.000,2001455.000
0.000,2001456.000
0.000,2001457.000
0.000,2001458.000
0.000,2001459.000
0.000,2001460.000
0.000,2001461.000
0.000,2001462.000
0.000,2001463.000
0.000,2001464.000
0.000,2001465.000
0.000,2001466.000
0.000,2001467.000
0.000,2001468.000
0.000,2001469.000
0.000,2001470.000
0.000,2001471.000
0.000,2001472.000
0.000,2001473.000
0.000,2001474.000
0.000,2001475.000
0.000,2001476.000
0.000,2001477.000
0.000,2001478.000
0.000,2001479.000
0.000,2001480.000
0.000,2001481.000
0.000,2001482.000
0.000,2001483.000
0.000,2001484.000
0.000,2001485.000
0.000,2001486.000
0.000,2001487.000
0.000,2001488.000
0.000,2001489.000
0.000,2001490.000
0.000,2001491.000
0.000,2001492.000
0.000,2001493.000
0.000,2001494.000
0.000,2001495.000
0.000,2001496.000
0.000,2001497.000
0.000,2001498.000
0.000,2001499.000
0.000,2001500.000
0.000,2001501.000
0.000,2001502.000
0.000,2001503.000
0.000,2001504.000
0.000,2001505.000
0.000,2001506.000
0.000,2001507.000
0.000,2001508.000
0.000,2001509.000
0.000,2001510.000
0.000,2001511.000
0.000,2001512.000
0.000,2001513.000
0.000,2001514.000
0.000,2001515.000
0.000,2001516.000
0.000,2001517.000
0.000,2001518.000
0.000,2001519.000
0.000,2001520.000
0.000,2001521.000
0.000,2001522.000
0.000,2001523.000
0.000,2001524.000
0.000,2001525.000
0.000,2001526.000
0.000,2001527.000
0.000,2001528.000
0.000,2001529.000
0.000,2001530.000
0.000,2001531.000
0.000,2001532.000
0.000,2001533.000
0.000,2001534.000
0.000,2001535.000
0.000,2001536.000
0.000,2001537.000
0.000,2001538.000
0.000,2001539.000
0.000,2001540.000
0.000,2001541.000
0.000,2001542.000
0.000,2001543.000
0.000,2001544.000
0.000,2001545.000
0.000,2001546.000
0.000,2001547.000
0.000,2001548.000
0.000,2001549.000
0.000,2001550.000
0.000,2001551.000
0.000,2001552.000
0.000,2001553.000
0.000,2001554.000
0.000,2001555.000
0.000,2001556.000
0.000,2001557.000
0.000,2001558.000
0.000,2001559.000
0.000,2001560.000
0.000,2001561.000
0.000,2001562.000
0.000,2001563.000
0.000,2001564.000
0.000,2001565.000
0.000,2001566.000
0.000,2001567.000
0.000,2001568.000
0.000,2001569.000
0.000,2001570.000
0.000,2001571.000
0.000,2001572.000
0.000,2001573.000
0.000,2001574.000
1.000,2001575.000
1.000,2001576.000
0.000,2001577.000
0.000,2001578.000
0.000,2001579.000
0.000,2001580.000
0.000,2001581.000
0.000,2001582.000
0.000,2001583.000
0.000,2001584.000
0.000,2001585.000
0.000,2001586.000
0.000,2001587.000
0.000,2001588.000
0.000,2001589.000
0.000,2001590.000
0.000,2001591.000
0.000,2001592.000
0.000,2001593.000
0.000,2001594.000
0.000,2001595.000
0.000,2001596.000
0.000,2001597.000
0.000,2001598.000
0.000,2001599.000
0.000,2001600.000
0.000,2001601.000
0.000,2001602.000
0.000,2001603.000
0.000,2001604.000
0.000,2001605.000
0.000,2001606.000
0.000,2001607.000
0.000,2001608.000
0.000,2001609.000
0.000,2001610.000
0.000,2001611.000
0.000,2001612.000
0.000,2001613.000
0.000,2001614.000
1.000,2001615.000
0.000,2001616.000
0.000,2001617.000
0.000,2001618.000
0.000,2001619.000
0.000,2001620.000
0.000,2001621.000
0.000,2001622.000
0.000,2001623.000
0.000,2001624.000
0.000,2001625.000
0.000,2001626.000
0.000,2001627.000
0.000,2001628.000
0.000,2001629.000
0.000,2001630.000
0.000,2001631.000
0.000,2001632.000
0.000,2001633.000
1.000,2001634.000
0.000,2001635.000
0.000,2001636.000
0.000,2001637.000
0.000,2001638.000
0.000,2001639.000
0.000,2001640.000
0.000,2001641.000
0.000,2001642.000
0.000,2001643.000
0.000,2001644.000
0.000,2001645.000
0.000,2001646.000
0.000,2001647.000
0.000,2001648.000
0.000,2001649.000
0.000,2001650.000
0.000,2001651.000
0.000,2001652.000
0.000,2001653.000
0.000,2001654.000
0.000,2001655.000
0.000,2001656.000
0.000,2001657.000
0.000,2001658.000
0.000,2001659.000
0.000,2001660.000
0.000,2001661.000
1.000,2001662.000
0.000,2001663.000
0.000,2001664.000
0.000,2001665.000
0.000,2001666.000
0.000,2001667.000
0.000,2001668.000
0.000,2001669.000
0.000,2001670.000
0.000,2001671.000
0.000,2001672.000
0.000,2001673.000
0.000,2001674.000
0.000,2001675.000
0.000,2001676.000
0.000,2001677.000
0.000,2001678.000
0.000,2001679.000
0.000,2001680.000
0.000,2001681.000
0.000,2001682.000
0.000,2001683.000
0.000,2001684.000
0.000,2001685.000
0.000,2001686.000
0.000,2001687.000
0.000,2001688.000
0.000,2001689.000
0.000,2001690.000
0.000,2001691.000
0.000,2001692.000
0.000,2001693.000
0.000,2001694.000
0.000,2001695.000
0.000,2001696.000
0.000,2001697.000
0.000,2001698.000
0.000,2001699.000
0.000,2001700.000
0.000,2001701.000
0.000,2001702.000
0.000,2001703.000
0.000,2001704.000
0.000,2001705.000
0.000,2001706.000
0.000,2001707.000
0.000,2001708.000
0.000,2001709.000
0.000,2001710.000
0.000,2001711.000
0.000,2001712.000
0.000,2001713.000
0.000,2001714.000
0.000,2001715.000
0.000,2001716.000
0.000,2001717.000
0.000,2001718.000
0.000,2001719.000
0.000,2001720.000
0.000,2001721.000
1.000,2001722.000
0.000,2001723.000
0.000,2001724.000
0.000,2001725.000
0.000,2001726.000
0.000,2001727.000
0.000,2001728.000
0.000,2001729.000
0.000,2001730.000
0.000,2001731.000
0.000,2001732.000
0.000,2001733.000
0.000,2001734.000
0.000,2001735.000
0.000,2001736.000
0.000,2001737.000
0.000,2001738.000
0.000,2001739.000
0.000,2001740.000
0.000,2001741.000
0.000,2001742.000
0.000,2001743.000
0.000,2001744.000
0.000,2001745.000
0.000,2001746.000
0.000,2001747.000
0.000,2001748.000
0.000,2001749.000
0.000,2001750.000
0.000,2001751.000
0.000,2001752.000
0.000,2001753.000
0.000,2001754.000
0.000,2001755.000
0.000,2001756.000
0.000,2001757.000
0.000,2001758.000
0.000,2001759.000
0.000,2001760.000
0.000,2001761.000
0.000,2001762.000
0.000,2001763.000
0.000,2001764.000
0.000,2001765.000
0.000,2001766.000
0.000,2001767.000
0.000,2001768.000
0.000,2001769.000
0.000,2001770.000
0.000,2001771.000
0.000,2001772.000
0.000,2001773.000
0.000,2001774.000
0.000,2001775.000
0.000,2001776.000
0.000,2001777.000
0.000,2001778.000
1.000,2001779.000
0.000,2001780.000
0.000,2001781.000
0.000,2001782.000
0.000,2001783.000
0.000,2001784.000
0.000,2001785.000
0.000,2001786.000
0.000,2001787.000
0.000,2001788.000
0.000,2001789.000
1.000,2001790.000
0.000,2001791.000
0.000,2001792.000
0.000,2001793.000
0.000,2001794.000
0.000,2001795.000
0.000,2001796.000
0.000,2001797.000
0.000,2001798.000
0.000,2001799.000
0.000,2001800.000
0.000,2001801.000
0.000,2001802.000
0.000,2001803.000
0.000,2001804.000
0.000,2001805.000
0.000,2001806.000
0.000,2001807.000
0.000,2001808.000
0.000,2001809.000
0.000,2001810.000
0.000,2001811.000
0.000,2001812.000
0.000,2001813.000
0.000,2001814.000
0.000,2001815.000
0.000,2001816.000
0.000,2001817.000
0.000,2001818.000
0.000,2001819.000
0.000,2001820.000
0.000,2001821.000
0.000,2001822.000
0.000,2001823.000
0.000,2001824.000
1.000,2001825.000
0.000,2001826.000
0.000,2001827.000
0.000,2001828.000
0.000,2001829.000
0.000,2001830.000
0.000,2001831.000
0.000,2001832.000
0.000,2001833.000
0.000,2001834.000
0.000,2001835.000
0.000,2001836.000
0.000,2001837.000
0.000,2001838.000
0.000,2001839.000
0.000,2001840.000
0.000,2001841.000
0.000,2001842.000
0.000,2001843.000
0.000,2001844.000
0.000,2001845.000
0.000,2001846.000
0.000,2001847.000
0.000,2001848.000
0.000,2001849.000
0.000,2001850.000
0.000,2001851.000
0.000,2001852.000
0.000,2001853.000
0.000,2001854.000
0.000,2001855.000
0.000,2001856.000
0.000,2001857.000
0.000,2001858.000
0.000,2001859.000
0.000,2001860.000
0.000,2001861.000
0.000,2001862.000
0.000,2001863.000
0.000,2001864.000
0.000,2001865.000
0.000,2001866.000
0.000,2001867.000
0.000,2001868.000
0.000,2001869.000
0.000,2001870.000
0.000,2001871.000
0.000,2001872.000
0.000,2001873.000
0.000,2001874.000
0.000,2001875.000
0.000,2001876.000
0.000,2001877.000
0.000,2001878.000
0.000,2001879.000
0.000,2001880.000
0.000,2001881.000
0.000,2001882.000
0.000,2001883.000
0.000,2001884.000
0.000,2001885.000
0.000,2001886.000
0.000,2001887.000
0.000,2001888.000
0.000,2001889.000
0.000,2001890.000
0.000,2001891.000
0.000,2001892.000
0.000,2001893.000
0.000,2001894.000
0.000,2001895.000
0.000,2001896.000
0.000,2001897.000
0.000,2001898.000
0.000,2001899.000
0.000,2001900.000
0.000,2001901.000
0.000,2001902.000
0.000,2001903.000
0.000,2001904.000
0.000,2001905.000
0.000,2001906.000
0.000,2001907.000
0.000,2001908.000
0.000,2001909.000
0.000,2001910.000
0.000,2001911.000
0.000,2001912.000
0.000,2001913.000
0.000,2001914.000
0.000,2001915.000
0.000,2001916.000
0.000,2001917.000
0.000,2001918.000
0.000,2001919.000
0.000,2001920.000
0.000,2001921.000
0.000,2001922.000
0.000,2001923.000
0.000,2001924.000
0.000,2001925.000
0.000,2001926.000
0.000,2001927.000
0.000,2001928.000
0.000,2001929.000
0.000,2001930.000
0.000,2001931.000
0.000,2001932.000
0.000,2001933.000
0.000,2001934.000
0.000,2001935.000
0.000,2001936.000
0.000,2001937.000
0.000,2001938.000
0.000,2001939.000
0.000,2001940.000
0.000,2001941.000
0.000,2001942.000
0.000,2001943.000
0.000,2001944.000
0.000,2001945.000
0.000,2001946.000
0.000,2001947.000
0.000,2001948.000
0.000,2001949.000
0.000,2001950.000
0.000,2001951.000
0.000,2001952.000
0.000,2001953.000
0.000,2001954.000
0.000,2001955.000
0.000,2001956.000
0.000,2001957.000
0.000,2001958.000
0.000,2001959.000
0.000,2001960.000
0.000,2001961.000
0.000,2001962.000
0.000,2001963.000
0.000,2001964.000
0.000,2001965.000
0.000,2001966.000
0.000,2001967.000
0.000,2001968.000
0.000,2001969.000
0.000,2001970.000
0.000,2001971.000
0.000,2001972.000
0.000,2001973.000
0.000,2001974.000
0.000,2001975.000
0.000,2001976.000
0.000,2001977.000
0.000,2001978.000
0.000,2001979.000
0.000,2001980.000
0.000,2001981.000
0.000,2001982.000
0.000,2001983.000
0.000,2001984.000
0.000,2001985.000
1.000,2001986.000
0.000,2001987.000
0.000,2001988.000
0.000,2001989.000
0.000,2001990.000
0.000,2001991.000
0.000,2001992.000
0.000,2001993.000
0.000,2001994.000
0.000,2001995.000
0.000,2001996.000
0.000,2001997.000
0.000,2001998.000
0.000,2001999.000
0.000,2002000.000
0.000,2002001.000
0.000,2002002.000
0.000,2002003.000
1.000,2002004.000
0.000,2002005.000
0.000,2002006.000
0.000,2002007.000
0.000,2002008.000
0.000,2002009.000
0.000,2002010.000
0.000,2002011.000
0.000,2002012.000
0.000,2002013.000
0.000,2002014.000
0.000,2002015.000
0.000,2002016.000
0.000,2002017.000
0.000,2002018.000
0.000,2002019.000
0.000,2002020.000
0.000,2002021.000
0.000,2002022.000
0.000,2002023.000
0.000,2002024.000
0.000,2002025.000
0.000,2002026.000
0.000,2002027.000
0.000,2002028.000
0.000,2002029.000
0.000,2002030.000
0.000,2002031.000
0.000,2002032.000
0.000,2002033.000
0.000,2002034.000
0.000,2002035.000
0.000,2002036.000
0.000,2002037.000
0.000,2002038.000
0.000,2002039.000
0.000,2002040.000
0.000,2002041.000
0.000,2002042.000
0.000,2002043.000
0.000,2002044.000
0.000,2002045.000
0.000,2002046.000
0.000,2002047.000
0.000,2002048.000
0.000,2002049.000
0.000,2002050.000
0.000,2002051.000
0.000,2002052.000
0.000,2002053.000
0.000,2002054.000
0.000,2002055.000
0.000,2002056.000
0.000,2002057.000
0.000,2002058.000
0.000,2002059.000
0.000,2002060.000
0.000,2002061.000
0.000,2002062.000
0.000,2002063.000
0.000,2002064.000
0.000,2002065.000
0.000,2002066.000
0.000,2002067.000
0.000,2002068.000
0.000,2002069.000
0.000,2002070.000
0.000,2002071.000
0.000,2002072.000
0.000,2002073.000
0.000,2002074.000
0.000,2002075.000
0.000,2002076.000
0.000,2002077.000
0.000,2002078.000
0.000,2002079.000
0.000,2002080.000
0.000,2002081.000
0.000,2002082.000
0.000,2002083.000
0.000,2002084.000
0.000,2002085.000
0.000,2002086.000
0.000,2002087.000
0.000,2002088.000
0.000,2002089.000
0.000,2002090.000
0.000,2002091.000
0.000,2002092.000
0.000,2002093.000
0.000,2002094.000
0.000,2002095.000
0.000,2002096.000
0.000,2002097.000
0.000,2002098.000
0.000,2002099.000
0.000,2002100.000
0.000,2002101.000
0.000,2002102.000
0.000,2002103.000
0.000,2002104.000
0.000,2002105.000
0.000,2002106.000
0.000,2002107.000
0.000,2002108.000
0.000,2002109.000
0.000,2002110.000
0.000,2002111.000
0.000,2002112.000
0.000,2002113.000
0.000,2002114.000
0.000,2002115.000
0.000,2002116.000
0.000,2002117.000
0.000,2002118.000
0.000,2002119.000
0.000,2002120.000
0.000,2002121.000
0.000,2002122.000
0.000,2002123.000
0.000,2002124.000
0.000,2002125.000
0.000,2002126.000
0.000,2002127.000
0.000,2002128.000
0.000,2002129.000
0.000,2002130.000
0.000,2002131.000
0.000,2002132.000
0.000,2002133.000
0.000,2002134.000
0.000,2002135.000
0.000,2002136.000
0.000,2002137.000
0.000,2002138.000
0.000,2002139.000
0.000,2002140.000
0.000,2002141.000
0.000,2002142.000
0.000,2002143.000
0.000,2002144.000
0.000,2002145.000
0.000,2002146.000
0.000,2002147.000
0.000,2002148.000
0.000,2002149.000
0.000,2002150.000
0.000,2002151.000
0.000,2002152.000
0.000,2002153.000
0.000,2002154.000
0.000,2002155.000
0.000,2002156.000
0.000,2002157.000
0.000,2002158.000
0.000,2002159.000
0.000,2002160.000
0.000,2002161.000
0.000,2002162.000
0.000,2002163.000
0.000,2002164.000
0.000,2002165.000
0.000,2002166.000
0.000,2002167.000
0.000,2002168.000
0.000,2002169.000
0.000,2002170.000
0.000,2002171.000
0.000,2002172.000
0.000,2002173.000
0.000,2002174.000
0.000,2002175.000
0.000,2002176.000
0.000,2002177.000
0.000,2002178.000
0.000,2002179.000
0.000,2002180.000
0.000,2002181.000
0.000,2002182.000
0.000,2002183.000
0.000,2002184.000
0.000,2002185.000
0.000,2002186.000
0.000,2002187.000
0.000,2002188.000
0.000,2002189.000
0.000,2002190.000
0.000,2002191.000
0.000,2002192.000
0.000,2002193.000
0.000,2002194.000
0.000,2002195.000
0.000,2002196.000
0.000,2002197.000
0.000,2002198.000
0.000,2002199.000
0.000,2002200.000
0.000,2002201.000
0.000,2002202.000
0.000,2002203.000
0.000,2002204.000
0.000,2002205.000
0.000,2002206.000
0.000,2002207.000
0.000,2002208.000
0.000,2002209.000
0.000,2002210.000
0.000,2002211.000
0.000,2002212.000
0.000,2002213.000
0.000,2002214.000
0.000,2002215.000
0.000,2002216.000
0.000,2002217.000
0.000,2002218.000
0.000,2002219.000
0.000,2002220.000
0.000,2002221.000
0.000,2002222.000
0.000,2002223.000
0.000,2002224.000
0.000,2002225.000
0.000,2002226.000
0.000,2002227.000
0.000,2002228.000
0.000,2002229.000
0.000,2002230.000
0.000,2002231.000
0.000,2002232.000
0.000,2002233.000
0.000,2002234.000
0.000,2002235.000
0.000,2002236.000
0.000,2002237.000
0.000,2002238.000
0.000,2002239.000
0.000,2002240.000
0.000,2002241.000
0.000,2002242.000
0.000,2002243.000
0.000,2002244.000
0.000,2002245.000
0.000,2002246.000
0.000,2002247.000
0.000,2002248.000
0.000,2002249.000
0.000,2002250.000
0.000,2002251.000
0.000,2002252.000
0.000,2002253.000
0.000,2002254.000
0.000,2002255.000
0.000,2002256.000
0.000,2002257.000
0.000,2002258.000
0.000,2002259.000
0.000,2002260.000
0.000,2002261.000
0.000,2002262.000
0.000,2002263.000
0.000,2002264.000
0.000,2002265.000
0.000,2002266.000
0.000,2002267.000
0.000,2002268.000
0.000,2002269.000
0.000,2002270.000
0.000,2002271.000
0.000,2002272.000
0.000,2002273.000
0.000,2002274.000
0.000,2002275.000
0.000,2002276.000
0.000,2002277.000
0.000,2002278.000
0.000,2002279.000
0.000,2002280.000
0.000,2002281.000
1.000,2002282.000
0.000,2002283.000
0.000,2002284.000
0.000,2002285.000
0.000,2002286.000
0.000,2002287.000
0.000,2002288.000
0.000,2002289.000
0.000,2002290.000
0.000,2002291.000
0.000,2002292.000
0.000,2002293.000
0.000,2002294.000
0.000,2002295.000
0.000,2002296.000
0.000,2002297.000
0.000,2002298.000
0.000,2002299.000
0.000,2002300.000
0.000,2002301.000
0.000,2002302.000
0.000,2002303.000
0.000,2002304.000
0.000,2002305.000
0.000,2002306.000
0.000,2002307.000
0.000,2002308.000
0.000,2002309.000
0.000,2002310.000
0.000,2002311.000
0.000,2002312.000
0.000,2002313.000
0.000,2002314.000
0.000,2002315.000
0.000,2002316.000
1.000,2002317.000
0.000,2002318.000
0.000,2002319.000
0.000,2002320.000
0.000,2002321.000
0.000,2002322.000
0.000,2002323.000
0.000,2002324.000
0.000,2002325.000
0.000,2002326.000
0.000,2002327.000
0.000,2002328.000
0.000,2002329.000
0.000,2002330.000
0.000,2002331.000
0.000,2002332.000
0.000,2002333.000
0.000,2002334.000
0.000,2002335.000
0.000,2002336.000
0.000,2002337.000
0.000,2002338.000
0.000,2002339.000
0.000,2002340.000
0.000,2002341.000
0.000,2002342.000
0.000,2002343.000
0.000,2002344.000
0.000,2002345.000
0.000,2002346.000
0.000,2002347.000
1.000,2002348.000
0.000,2002349.000
0.000,2002350.000
0.000,2002351.000
0.000,2002352.000
0.000,2002353.000
0.000,2002354.000
0.000,2002355.000
0.000,2002356.000
0.000,2002357.000
0.000,2002358.000
0.000,2002359.000
0.000,2002360.000
0.000,2002361.000
0.000,2002362.000
0.000,2002363.000
0.000,2002364.000
0.000,2002365.000
0.000,2002366.000
0.000,2002367.000
0.000,2002368.000
0.000,2002369.000
0.000,2002370.000
0.000,2002371.000
0.000,2002372.000
1.000,2002373.000
0.000,2002374.000
0.000,2002375.000
0.000,2002376.000
0.000,2002377.000
0.000,2002378.000
0.000,2002379.000
0.000,2002380.000
0.000,2002381.000
0.000,2002382.000
0.000,2002383.000
0.000,2002384.000
0.000,2002385.000
0.000,2002386.000
0.000,2002387.000
0.000,2002388.000
0.000,2002389.000
0.000,2002390.000
0.000,2002391.000
0.000,2002392.000
0.000,2002393.000
0.000,2002394.000
0.000,2002395.000
0.000,2002396.000
0.000,2002397.000
0.000,2002398.000
0.000,2002399.000
0.000,2002400.000
0.000,2002401.000
0.000,2002402.000
0.000,2002403.000
0.000,2002404.000
0.000,2002405.000
0.000,2002406.000
0.000,2002407.000
0.000,2002408.000
0.000,2002409.000
0.000,2002410.000
0.000,2002411.000
0.000,2002412.000
0.000,2002413.000
0.000,2002414.000
0.000,2002415.000
0.000,2002416.000
0.000,2002417.000
0.000,2002418.000
0.000,2002419.000
0.000,2002420.000
0.000,2002421.000
0.000,2002422.000
0.000,2002423.000
0.000,2002424.000
0.000,2002425.000
0.000,2002426.000
0.000,2002427.000
0.000,2002428.000
0.000,2002429.000
0.000,2002430.000
0.000,2002431.000
0.000,2002432.000
0.000,2002433.000
0.000,2002434.000
0.000,2002435.000
0.000,2002436.000
0.000,2002437.000
0.000,2002438.000
0.000,2002439.000
0.000,2002440.000
0.000,2002441.000
0.000,2002442.000
0.000,2002443.000
0.000,2002444.000
0.000,2002445.000
0.000,2002446.000
0.000,2002447.000
0.000,2002448.000
0.000,2002449.000
0.000,2002450.000
0.000,2002451.000
0.000,2002452.000
0.000,2002453.000
0.000,2002454.000
0.000,2002455.000
0.000,2002456.000
0.000,2002457.000
0.000,2002458.000
0.000,2002459.000
0.000,2002460.000
0.000,2002461.000
0.000,2002462.000
0.000,2002463.000
0.000,2002464.000
0.000,2002465.000
0.000,2002466.000
0.000,2002467.000
0.000,2002468.000
0.000,2002469.000
0.000,2002470.000
0.000,2002471.000
0.000,2002472.000
0.000,2002473.000
0.000,2002474.000
0.000,2002475.000
0.000,2002476.000
0.000,2002477.000
0.000,2002478.000
0.000,2002479.000
0.000,2002480.000
0.000,2002481.000
0.000,2002482.000
0.000,2002483.000
0.000,2002484.000
1.000,2002485.000
0.000,2002486.000
0.000,2002487.000
0.000,2002488.000
0.000,2002489.000
0.000,2002490.000
0.000,2002491.000
0.000,2002492.000
0.000,2002493.000
0.000,2002494.000
0.000,2002495.000
0.000,2002496.000
0.000,2002497.000
0.000,2002498.000
0.000,2002499.000
0.000,2002500.000
0.000,2002501.000
0.000,2002502.000
0.000,2002503.000
0.000,2002504.000
0.000,2002505.000
0.000,2002506.000
0.000,2002507.000
0.000,2002508.000
0.000,2002509.000
0.000,2002510.000
0.000,2002511.000
0.000,2002512.000
0.000,2002513.000
0.000,2002514.000
0.000,2002515.000
0.000,2002516.000
0.000,2002517.000
1.000,2002518.000
0.000,2002519.000
0.000,2002520.000
0.000,2002521.000
0.000,2002522.000
0.000,2002523.000
0.000,2002524.000
0.000,2002525.000
0.000,2002526.000
0.000,2002527.000
0.000,2002528.000
0.000,2002529.000
0.000,2002530.000
0.000,2002531.000
0.000,2002532.000
0.000,2002533.000
0.000,2002534.000
0.000,2002535.000
0.000,2002536.000
0.000,2002537.000
0.000,2002538.000
0.000,2002539.000
0.000,2002540.000
0.000,2002541.000
0.000,2002542.000
0.000,2002543.000
1.000,2002544.000
0.000,2002545.000
0.000,2002546.000
0.000,2002547.000
0.000,2002548.000
0.000,2002549.000
0.000,2002550.000
0.000,2002551.000
0.000,2002552.000
0.000,2002553.000
0.000,2002554.000
0.000,2002555.000
0.000,2002556.000
0.000,2002557.000
0.000,2002558.000
0.000,2002559.000
0.000,2002560.000
0.000,2002561.000
0.000,2002562.000
1.000,2002563.000
0.000,2002564.000
0.000,2002565.000
0.000,2002566.000
0.000,2002567.000
0.000,2002568.000
0.000,2002569.000
0.000,2002570.000
0.000,2002571.000
0.000,2002572.000
0.000,2002573.000
0.000,2002574.000
0.000,2002575.000
0.000,2002576.000
0.000,2002577.000
0.000,2002578.000
0.000,2002579.000
0.000,2002580.000
0.000,2002581.000
0.000,2002582.000
0.000,2002583.000
0.000,2002584.000
0.000,2002585.000
0.000,2002586.000
0.000,2002587.000
0.000,2002588.000
0.000,2002589.000
0.000,2002590.000
0.000,2002591.000
0.000,2002592.000
0.000,2002593.000
0.000,2002594.000
0.000,2002595.000
0.000,2002596.000
0.000,2002597.000
0.000,2002598.000
0.000,2002599.000
0.000,2002600.000
0.000,2002601.000
0.000,2002602.000
0.000,2002603.000
0.000,2002604.000
0.000,2002605.000
0.000,2002606.000
0.000,2002607.000
0.000,2002608.000
0.000,2002609.000
0.000,2002610.000
0.000,2002611.000
0.000,2002612.000
0.000,2002613.000
0.000,2002614.000
0.000,2002615.000
0.000,2002616.000
1.000,2002617.000
0.000,2002618.000
1.000,2002619.000
0.000,2002620.000
0.000,2002621.000
0.000,2002622.000
0.000,2002623.000
0.000,2002624.000
0.000,2002625.000
0.000,2002626.000
0.000,2002627.000
0.000,2002628.000
0.000,2002629.000
0.000,2002630.000
0.000,2002631.000
0.000,2002632.000
0.000,2002633.000
0.000,2002634.000
0.000,2002635.000
0.000,2002636.000
0.000,2002637.000
0.000,2002638.000
0.000,2002639.000
0.000,2002640.000
0.000,2002641.000
0.000,2002642.000
0.000,2002643.000
0.000,2002644.000
0.000,2002645.000
0.000,2002646.000
0.000,2002647.000
0.000,2002648.000
0.000,2002649.000
0.000,2002650.000
0.000,2002651.000
0.000,2002652.000
0.000,2002653.000
0.000,2002654.000
0.000,2002655.000
0.000,2002656.000
0.000,2002657.000
0.000,2002658.000
0.000,2002659.000
0.000,2002660.000
0.000,2002661.000
0.000,2002662.000
0.000,2002663.000
0.000,2002664.000
0.000,2002665.000
0.000,2002666.000
0.000,2002667.000
0.000,2002668.000
0.000,2002669.000
0.000,2002670.000
0.000,2002671.000
0.000,2002672.000
0.000,2002673.000
0.000,2002674.000
0.000,2002675.000
0.000,2002676.000
0.000,2002677.000
0.000,2002678.000
0.000,2002679.000
0.000,2002680.000
0.000,2002681.000
0.000,2002682.000
0.000,2002683.000
0.000,2002684.000
0.000,2002685.000
0.000,2002686.000
0.000,2002687.000
0.000,2002688.000
0.000,2002689.000
0.000,2002690.000
0.000,2002691.000
0.000,2002692.000
0.000,2002693.000
0.000,2002694.000
0.000,2002695.000
1.000,2002696.000
0.000,2002697.000
0.000,2002698.000
0.000,2002699.000
0.000,2002700.000
0.000,2002701.000
0.000,2002702.000
0.000,2002703.000
0.000,2002704.000
0.000,2002705.000
0.000,2002706.000
0.000,2002707.000
0.000,2002708.000
0.000,2002709.000
0.000,2002710.000
0.000,2002711.000
0.000,2002712.000
0.000,2002713.000
0.000,2002714.000
0.000,2002715.000
0.000,2002716.000
0.000,2002717.000
0.000,2002718.000
0.000,2002719.000
0.000,2002720.000
0.000,2002721.000
0.000,2002722.000
0.000,2002723.000
0.000,2002724.000
0.000,2002725.000
0.000,2002726.000
0.000,2002727.000
0.000,2002728.000
0.000,2002729.000
0.000,2002730.000
0.000,2002731.000
0.000,2002732.000
0.000,2002733.000
0.000,2002734.000
0.000,2002735.000
0.000,2002736.000
0.000,2002737.000
0.000,2002738.000
0.000,2002739.000
0.000,2002740.000
0.000,2002741.000
0.000,2002742.000
0.000,2002743.000
0.000,2002744.000
0.000,2002745.000
0.000,2002746.000
0.000,2002747.000
0.000,2002748.000
0.000,2002749.000
0.000,2002750.000
0.000,2002751.000
0.000,2002752.000
0.000,2002753.000
0.000,2002754.000
0.000,2002755.000
0.000,2002756.000
0.000,2002757.000
1.000,2002758.000
0.000,2002759.000
0.000,2002760.000
0.000,2002761.000
0.000,2002762.000
0.000,2002763.000
0.000,2002764.000
0.000,2002765.000
0.000,2002766.000
0.000,2002767.000
0.000,2002768.000
0.000,2002769.000
0.000,2002770.000
0.000,2002771.000
0.000,2002772.000
0.000,2002773.000
0.000,2002774.000
0.000,2002775.000
0.000,2002776.000
0.000,2002777.000
0.000,2002778.000
0.000,2002779.000
0.000,2002780.000
0.000,2002781.000
0.000,2002782.000
0.000,2002783.000
0.000,2002784.000
0.000,2002785.000
0.000,2002786.000
0.000,2002787.000
0.000,2002788.000
0.000,2002789.000
0.000,2002790.000
0.000,2002791.000
0.000,2002792.000
0.000,2002793.000
0.000,2002794.000
0.000,2002795.000
0.000,2002796.000
0.000,2002797.000
0.000,2002798.000
0.000,2002799.000
0.000,2002800.000
0.000,2002801.000
0.000,2002802.000
0.000,2002803.000
0.000,2002804.000
0.000,2002805.000
0.000,2002806.000
0.000,2002807.000
0.000,2002808.000
0.000,2002809.000
0.000,2002810.000
0.000,2002811.000
0.000,2002812.000
0.000,2002813.000
0.000,2002814.000
0.000,2002815.000
0.000,2002816.000
0.000,2002817.000
0.000,2002818.000
0.000,2002819.000
0.000,2002820.000
0.000,2002821.000
0.000,2002822.000
0.000,2002823.000
0.000,2002824.000
0.000,2002825.000
0.000,2002826.000
0.000,2002827.000
0.000,2002828.000
0.000,2002829.000
0.000,2002830.000
0.000,2002831.000
0.000,2002832.000
0.000,2002833.000
0.000,2002834.000
0.000,2002835.000
0.000,2002836.000
0.000,2002837.000
0.000,2002838.000
0.000,2002839.000
0.000,2002840.000
0.000,2002841.000
0.000,2002842.000
0.000,2002843.000
0.000,2002844.000
0.000,2002845.000
0.000,2002846.000
0.000,2002847.000
0.000,2002848.000
0.000,2002849.000
0.000,2002850.000
0.000,2002851.000
0.000,2002852.000
0.000,2002853.000
0.000,2002854.000
0.000,2002855.000
0.000,2002856.000
0.000,2002857.000
0.000,2002858.000
0.000,2002859.000
0.000,2002860.000
0.000,2002861.000
0.000,2002862.000
0.000,2002863.000
0.000,2002864.000
0.000,2002865.000
0.000,2002866.000
0.000,2002867.000
0.000,2002868.000
0.000,2002869.000
0.000,2002870.000
0.000,2002871.000
0.000,2002872.000
0.000,2002873.000
0.000,2002874.000
0.000,2002875.000
0.000,2002876.000
0.000,2002877.000
0.000,2002878.000
0.000,2002879.000
0.000,2002880.000
0.000,2002881.000
0.000,2002882.000
0.000,2002883.000
0.000,2002884.000
0.000,2002885.000
0.000,2002886.000
0.000,2002887.000
0.000,2002888.000
0.000,2002889.000
1.000,2002890.000
0.000,2002891.000
0.000,2002892.000
0.000,2002893.000
0.000,2002894.000
0.000,2002895.000
0.000,2002896.000
0.000,2002897.000
0.000,2002898.000
0.000,2002899.000
0.000,2002900.000
0.000,2002901.000
0.000,2002902.000
0.000,2002903.000
0.000,2002904.000
0.000,2002905.000
0.000,2002906.000
0.000,2002907.000
0.000,2002908.000
0.000,2002909.000
0.000,2002910.000
0.000,2002911.000
0.000,2002912.000
0.000,2002913.000
0.000,2002914.000
0.000,2002915.000
0.000,2002916.000
0.000,2002917.000
0.000,2002918.000
0.000,2002919.000
0.000,2002920.000
0.000,2002921.000
0.000,2002922.000
0.000,2002923.000
0.000,2002924.000
0.000,2002925.000
0.000,2002926.000
0.000,2002927.000
0.000,2002928.000
0.000,2002929.000
0.000,2002930.000
0.000,2002931.000
0.000,2002932.000
0.000,2002933.000
0.000,2002934.000
0.000,2002935.000
0.000,2002936.000
0.000,2002937.000
0.000,2002938.000
0.000,2002939.000
0.000,2002940.000
0.000,2002941.000
0.000,2002942.000
0.000,2002943.000
0.000,2002944.000
0.000,2002945.000
1.000,2002946.000
0.000,2002947.000
0.000,2002948.000
0.000,2002949.000
0.000,2002950.000
0.000,2002951.000
0.000,2002952.000
0.000,2002953.000
0.000,2002954.000
0.000,2002955.000
0.000,2002956.000
0.000,2002957.000
0.000,2002958.000
0.000,2002959.000
0.000,2002960.000
0.000,2002961.000
0.000,2002962.000
0.000,2002963.000
0.000,2002964.000
0.000,2002965.000
0.000,2002966.000
0.000,2002967.000
0.000,2002968.000
0.000,2002969.000
0.000,2002970.000
0.000,2002971.000
0.000,2002972.000
0.000,2002973.000
0.000,2002974.000
0.000,2002975.000
0.000,2002976.000
0.000,2002977.000
0.000,2002978.000
0.000,2002979.000
0.000,2002980.000
1.000,2002981.000
0.000,2002982.000
0.000,2002983.000
0.000,2002984.000
0.000,2002985.000
0.000,2002986.000
0.000,2002987.000
0.000,2002988.000
0.000,2002989.000
0.000,2002990.000
0.000,2002991.000
0.000,2002992.000
0.000,2002993.000
0.000,2002994.000
0.000,2002995.000
0.000,2002996.000
0.000,2002997.000
0.000,2002998.000
0.000,2002999.000
0.000,2003000.000
0.000,2003001.000
0.000,2003002.000
0.000,2003003.000
0.000,2003004.000
0.000,2003005.000
0.000,2003006.000
0.000,2003007.000
0.000,2003008.000
0.000,2003009.000
0.000,2003010.000
0.000,2003011.000
0.000,2003012.000
0.000,2003013.000
0.000,2003014.000
0.000,2003015.000
0.000,2003016.000
0.000,2003017.000
0.000,2003018.000
0.000,2003019.000
0.000,2003020.000
0.000,2003021.000
0.000,2003022.000
0.000,2003023.000
0.000,2003024.000
0.000,2003025.000
0.000,2003026.000
0.000,2003027.000
0.000,2003028.000
0.000,2003029.000
0.000,2003030.000
0.000,2003031.000
0.000,2003032.000
0.000,2003033.000
0.000,2003034.000
0.000,2003035.000
0.000,2003036.000
0.000,2003037.000
0.000,2003038.000
0.000,2003039.000
0.000,2003040.000
0.000,2003041.000
0.000,2003042.000
0.000,2003043.000
0.000,2003044.000
0.000,2003045.000
0.000,2003046.000
0.000,2003047.000
0.000,2003048.000
0.000,2003049.000
1.000,2003050.000
0.000,2003051.000
0.000,2003052.000
0.000,2003053.000
0.000,2003054.000
0.000,2003055.000
0.000,2003056.000
0.000,2003057.000
0.000,2003058.000
0.000,2003059.000
0.000,2003060.000
0.000,2003061.000
0.000,2003062.000
0.000,2003063.000
0.000,2003064.000
0.000,2003065.000
0.000,2003066.000
0.000,2003067.000
0.000,2003068.000
0.000,2003069.000
0.000,2003070.000
0.000,2003071.000
0.000,2003072.000
0.000,2003073.000
0.000,2003074.000
0.000,2003075.000
0.000,2003076.000
0.000,2003077.000
0.000,2003078.000
0.000,2003079.000
0.000,2003080.000
0.000,2003081.000
0.000,2003082.000
0.000,2003083.000
0.000,2003084.000
0.000,2003085.000
0.000,2003086.000
0.000,2003087.000
0.000,2003088.000
0.000,2003089.000
0.000,2003090.000
0.000,2003091.000
0.000,2003092.000
1.000,2003093.000
0.000,2003094.000
0.000,2003095.000
0.000,2003096.000
0.000,2003097.000
0.000,2003098.000
0.000,2003099.000
0.000,2003100.000
0.000,2003101.000
0.000,2003102.000
0.000,2003103.000
0.000,2003104.000
0.000,2003105.000
0.000,2003106.000
0.000,2003107.000
0.000,2003108.000
0.000,2003109.000
0.000,2003110.000
0.000,2003111.000
0.000,2003112.000
0.000,2003113.000
0.000,2003114.000
0.000,2003115.000
0.000,2003116.000
0.000,2003117.000
0.000,2003118.000
0.000,2003119.000
0.000,2003120.000
0.000,2003121.000
0.000,2003122.000
0.000,2003123.000
0.000,2003124.000
0.000,2003125.000
0.000,2003126.000
0.000,2003127.000
0.000,2003128.000
0.000,2003129.000
0.000,2003130.000
0.000,2003131.000
0.000,2003132.000
0.000,2003133.000
0.000,2003134.000
0.000,2003135.000
0.000,2003136.000
0.000,2003137.000
0.000,2003138.000
0.000,2003139.000
0.000,2003140.000
0.000,2003141.000
0.000,2003142.000
0.000,2003143.000
0.000,2003144.000
0.000,2003145.000
1.000,2003146.000
0.000,2003147.000
0.000,2003148.000
0.000,2003149.000
0.000,2003150.000
0.000,2003151.000
0.000,2003152.000
0.000,2003153.000
0.000,2003154.000
0.000,2003155.000
0.000,2003156.000
0.000,2003157.000
0.000,2003158.000
0.000,2003159.000
0.000,2003160.000
0.000,2003161.000
0.000,2003162.000
0.000,2003163.000
0.000,2003164.000
0.000,2003165.000
0.000,2003166.000
0.000,2003167.000
0.000,2003168.000
0.000,2003169.000
0.000,2003170.000
0.000,2003171.000
0.000,2003172.000
0.000,2003173.000
0.000,2003174.000
0.000,2003175.000
0.000,2003176.000
0.000,2003177.000
0.000,2003178.000
1.000,2003179.000
0.000,2003180.000
0.000,2003181.000
0.000,2003182.000
0.000,2003183.000
0.000,2003184.000
0.000,2003185.000
0.000,2003186.000
0.000,2003187.000
0.000,2003188.000
0.000,2003189.000
0.000,2003190.000
0.000,2003191.000
0.000,2003192.000
0.000,2003193.000
0.000,2003194.000
0.000,2003195.000
0.000,2003196.000
0.000,2003197.000
0.000,2003198.000
0.000,2003199.000
0.000,2003200.000
0.000,2003201.000
0.000,2003202.000
0.000,2003203.000
0.000,2003204.000
0.000,2003205.000
0.000,2003206.000
0.000,2003207.000
1.000,2003208.000
0.000,2003209.000
0.000,2003210.000
0.000,2003211.000
1.000,2003212.000
0.000,2003213.000
0.000,2003214.000
0.000,2003215.000
0.000,2003216.000
0.000,2003217.000
0.000,2003218.000
0.000,2003219.000
0.000,2003220.000
0.000,2003221.000
0.000,2003222.000
0.000,2003223.000
0.000,2003224.000
0.000,2003225.000
0.000,2003226.000
0.000,2003227.000
0.000,2003228.000
0.000,2003229.000
0.000,2003230.000
0.000,2003231.000
0.000,2003232.000
0.000,2003233.000
0.000,2003234.000
1.000,2003235.000
0.000,2003236.000
0.000,2003237.000
0.000,2003238.000
1.000,2003239.000
0.000,2003240.000
0.000,2003241.000
0.000,2003242.000
0.000,2003243.000
0.000,2003244.000
0.000,2003245.000
0.000,2003246.000
0.000,2003247.000
0.000,2003248.000
0.000,2003249.000
0.000,2003250.000
0.000,2003251.000
0.000,2003252.000
0.000,2003253.000
0.000,2003254.000
0.000,2003255.000
0.000,2003256.000
0.000,2003257.000
0.000,2003258.000
0.000,2003259.000
0.000,2003260.000
0.000,2003261.000
0.000,2003262.000
0.000,2003263.000
0.000,2003264.000
0.000,2003265.000
0.000,2003266.000
0.000,2003267.000
0.000,2003268.000
0.000,2003269.000
0.000,2003270.000
0.000,2003271.000
0.000,2003272.000
0.000,2003273.000
0.000,2003274.000
0.000,2003275.000
0.000,2003276.000
0.000,2003277.000
0.000,2003278.000
0.000,2003279.000
0.000,2003280.000
0.000,2003281.000
0.000,2003282.000
0.000,2003283.000
0.000,2003284.000
0.000,2003285.000
0.000,2003286.000
0.000,2003287.000
0.000,2003288.000
0.000,2003289.000
0.000,2003290.000
0.000,2003291.000
1.000,2003292.000
0.000,2003293.000
0.000,2003294.000
0.000,2003295.000
0.000,2003296.000
0.000,2003297.000
0.000,2003298.000
0.000,2003299.000
0.000,2003300.000
0.000,2003301.000
0.000,2003302.000
0.000,2003303.000
0.000,2003304.000
0.000,2003305.000
0.000,2003306.000
0.000,2003307.000
0.000,2003308.000
0.000,2003309.000
0.000,2003310.000
0.000,2003311.000
0.000,2003312.000
0.000,2003313.000
0.000,2003314.000
0.000,2003315.000
0.000,2003316.000
0.000,2003317.000
0.000,2003318.000
0.000,2003319.000
0.000,2003320.000
0.000,2003321.000
0.000,2003322.000
0.000,2003323.000
0.000,2003324.000
0.000,2003325.000
0.000,2003326.000
1.000,2003327.000
0.000,2003328.000
0.000,2003329.000
0.000,2003330.000
0.000,2003331.000
0.000,2003332.000
0.000,2003333.000
0.000,2003334.000
0.000,2003335.000
0.000,2003336.000
0.000,2003337.000
0.000,2003338.000
0.000,2003339.000
0.000,2003340.000
0.000,2003341.000
0.000,2003342.000
0.000,2003343.000
0.000,2003344.000
0.000,2003345.000
0.000,2003346.000
0.000,2003347.000
0.000,2003348.000
0.000,2003349.000
0.000,2003350.000
0.000,2003351.000
0.000,2003352.000
0.000,2003353.000
0.000,2003354.000
0.000,2003355.000
0.000,2003356.000
0.000,2003357.000
0.000,2003358.000
0.000,2003359.000
0.000,2003360.000
0.000,2003361.000
0.000,2003362.000
0.000,2003363.000
0.000,2003364.000
0.000,2003365.000
0.000,2003366.000
0.000,2003367.000
0.000,2003368.000
0.000,2003369.000
0.000,2003370.000
0.000,2003371.000
0.000,2003372.000
0.000,2003373.000
0.000,2003374.000
0.000,2003375.000
0.000,2003376.000
0.000,2003377.000
0.000,2003378.000
0.000,2003379.000
1.000,2003380.000
0.000,2003381.000
0.000,2003382.000
0.000,2003383.000
0.000,2003384.000
0.000,2003385.000
0.000,2003386.000
0.000,2003387.000
0.000,2003388.000
0.000,2003389.000
0.000,2003390.000
0.000,2003391.000
0.000,2003392.000
0.000,2003393.000
0.000,2003394.000
0.000,2003395.000
0.000,2003396.000
0.000,2003397.000
0.000,2003398.000
0.000,2003399.000
0.000,2003400.000
0.000,2003401.000
0.000,2003402.000
0.000,2003403.000
0.000,2003404.000
0.000,2003405.000
0.000,2003406.000
0.000,2003407.000
0.000,2003408.000
0.000,2003409.000
0.000,2003410.000
0.000,2003411.000
0.000,2003412.000
0.000,2003413.000
0.000,2003414.000
0.000,2003415.000
0.000,2003416.000
0.000,2003417.000
0.000,2003418.000
0.000,2003419.000
0.000,2003420.000
0.000,2003421.000
0.000,2003422.000
0.000,2003423.000
0.000,2003424.000
0.000,2003425.000
0.000,2003426.000
0.000,2003427.000
0.000,2003428.000
0.000,2003429.000
0.000,2003430.000
0.000,2003431.000
0.000,2003432.000
0.000,2003433.000
0.000,2003434.000
0.000,2003435.000
0.000,2003436.000
0.000,2003437.000
0.000,2003438.000
0.000,2003439.000
0.000,2003440.000
0.000,2003441.000
0.000,2003442.000
0.000,2003443.000
0.000,2003444.000
0.000,2003445.000
0.000,2003446.000
0.000,2003447.000
0.000,2003448.000
0.000,2003449.000
0.000,2003450.000
0.000,2003451.000
0.000,2003452.000
0.000,2003453.000
0.000,2003454.000
0.000,2003455.000
0.000,2003456.000
0.000,2003457.000
0.000,2003458.000
0.000,2003459.000
0.000,2003460.000
0.000,2003461.000
0.000,2003462.000
0.000,2003463.000
0.000,2003464.000
0.000,2003465.000
0.000,2003466.000
0.000,2003467.000
0.000,2003468.000
0.000,2003469.000
0.000,2003470.000
0.000,2003471.000
0.000,2003472.000
0.000,2003473.000
0.000,2003474.000
0.000,2003475.000
0.000,2003476.000
0.000,2003477.000
0.000,2003478.000
0.000,2003479.000
0.000,2003480.000
0.000,2003481.000
0.000,2003482.000
0.000,2003483.000
0.000,2003484.000
0.000,2003485.000
0.000,2003486.000
0.000,2003487.000
0.000,2003488.000
0.000,2003489.000
0.000,2003490.000
0.000,2003491.000
0.000,2003492.000
0.000,2003493.000
0.000,2003494.000
0.000,2003495.000
0.000,2003496.000
0.000,2003497.000
0.000,2003498.000
0.000,2003499.000
0.000,2003500.000
0.000,2003501.000
0.000,2003502.000
0.000,2003503.000
0.000,2003504.000
0.000,2003505.000
0.000,2003506.000
0.000,2003507.000
0.000,2003508.000
0.000,2003509.000
0.000,2003510.000
0.000,2003511.000
0.000,2003512.000
0.000,2003513.000
0.000,2003514.000
0.000,2003515.000
0.000,2003516.000
0.000,2003517.000
0.000,2003518.000
0.000,2003519.000
0.000,2003520.000
0.000,2003521.000
0.000,2003522.000
1.000,2003523.000
0.000,2003524.000
0.000,2003525.000
0.000,2003526.000
0.000,2003527.000
0.000,2003528.000
0.000,2003529.000
0.000,2003530.000
0.000,2003531.000
0.000,2003532.000
0.000,2003533.000
0.000,2003534.000
0.000,2003535.000
0.000,2003536.000
0.000,2003537.000
0.000,2003538.000
0.000,2003539.000
0.000,2003540.000
0.000,2003541.000
0.000,2003542.000
0.000,2003543.000
0.000,2003544.000
0.000,2003545.000
0.000,2003546.000
0.000,2003547.000
0.000,2003548.000
1.000,2003549.000
0.000,2003550.000
0.000,2003551.000
0.000,2003552.000
0.000,2003553.000
0.000,2003554.000
0.000,2003555.000
0.000,2003556.000
0.000,2003557.000
0.000,2003558.000
0.000,2003559.000
0.000,2003560.000
0.000,2003561.000
0.000,2003562.000
0.000,2003563.000
0.000,2003564.000
0.000,2003565.000
0.000,2003566.000
0.000,2003567.000
0.000,2003568.000
0.000,2003569.000
0.000,2003570.000
0.000,2003571.000
0.000,2003572.000
0.000,2003573.000
0.000,2003574.000
0.000,2003575.000
0.000,2003576.000
0.000,2003577.000
0.000,2003578.000
0.000,2003579.000
0.000,2003580.000
0.000,2003581.000
0.000,2003582.000
0.000,2003583.000
0.000,2003584.000
0.000,2003585.000
0.000,2003586.000
0.000,2003587.000
0.000,2003588.000
0.000,2003589.000
0.000,2003590.000
0.000,2003591.000
0.000,2003592.000
0.000,2003593.000
0.000,2003594.000
0.000,2003595.000
0.000,2003596.000
0.000,2003597.000
0.000,2003598.000
0.000,2003599.000
0.000,2003600.000
0.000,2003601.000
0.000,2003602.000
0.000,2003603.000
0.000,2003604.000
0.000,2003605.000
0.000,2003606.000
0.000,2003607.000
0.000,2003608.000
0.000,2003609.000
0.000,2003610.000
0.000,2003611.000
0.000,2003612.000
0.000,2003613.000
0.000,2003614.000
0.000,2003615.000
0.000,2003616.000
0.000,2003617.000
0.000,2003618.000
0.000,2003619.000
0.000,2003620.000
0.000,2003621.000
0.000,2003622.000
0.000,2003623.000
0.000,2003624.000
0.000,2003625.000
0.000,2003626.000
0.000,2003627.000
0.000,2003628.000
0.000,2003629.000
0.000,2003630.000
0.000,2003631.000
0.000,2003632.000
0.000,2003633.000
0.000,2003634.000
0.000,2003635.000
0.000,2003636.000
0.000,2003637.000
0.000,2003638.000
0.000,2003639.000
0.000,2003640.000
0.000,2003641.000
0.000,2003642.000
0.000,2003643.000
0.000,2003644.000
0.000,2003645.000
0.000,2003646.000
0.000,2003647.000
0.000,2003648.000
0.000,2003649.000
0.000,2003650.000
0.000,2003651.000
0.000,2003652.000
0.000,2003653.000
0.000,2003654.000
0.000,2003655.000
0.000,2003656.000
0.000,2003657.000
0.000,2003658.000
0.000,2003659.000
0.000,2003660.000
0.000,2003661.000
0.000,2003662.000
0.000,2003663.000
0.000,2003664.000
0.000,2003665.000
0.000,2003666.000
0.000,2003667.000
0.000,2003668.000
0.000,2003669.000
0.000,2003670.000
0.000,2003671.000
0.000,2003672.000
0.000,2003673.000
0.000,2003674.000
0.000,2003675.000
0.000,2003676.000
0.000,2003677.000
0.000,2003678.000
0.000,2003679.000
0.000,2003680.000
0.000,2003681.000
0.000,2003682.000
0.000,2003683.000
0.000,2003684.000
0.000,2003685.000
0.000,2003686.000
0.000,2003687.000
0.000,2003688.000
0.000,2003689.000
0.000,2003690.000
0.000,2003691.000
0.000,2003692.000
0.000,2003693.000
0.000,2003694.000
0.000,2003695.000
0.000,2003696.000
0.000,2003697.000
0.000,2003698.000
0.000,2003699.000
0.000,2003700.000
0.000,2003701.000
0.000,2003702.000
0.000,2003703.000
0.000,2003704.000
0.000,2003705.000
0.000,2003706.000
0.000,2003707.000
0.000,2003708.000
0.000,2003709.000
0.000,2003710.000
1.000,2003711.000
0.000,2003712.000
0.000,2003713.000
0.000,2003714.000
0.000,2003715.000
0.000,2003716.000
0.000,2003717.000
0.000,2003718.000
0.000,2003719.000
0.000,2003720.000
0.000,2003721.000
0.000,2003722.000
0.000,2003723.000
0.000,2003724.000
0.000,2003725.000
0.000,2003726.000
0.000,2003727.000
0.000,2003728.000
0.000,2003729.000
0.000,2003730.000
0.000,2003731.000
0.000,2003732.000
0.000,2003733.000
0.000,2003734.000
0.000,2003735.000
0.000,2003736.000
0.000,2003737.000
0.000,2003738.000
0.000,2003739.000
0.000,2003740.000
0.000,2003741.000
0.000,2003742.000
0.000,2003743.000
0.000,2003744.000
0.000,2003745.000
0.000,2003746.000
0.000,2003747.000
0.000,2003748.000
0.000,2003749.000
0.000,2003750.000
0.000,2003751.000
1.000,2003752.000
0.000,2003753.000
0.000,2003754.000
0.000,2003755.000
0.000,2003756.000
0.000,2003757.000
0.000,2003758.000
0.000,2003759.000
0.000,2003760.000
0.000,2003761.000
0.000,2003762.000
0.000,2003763.000
0.000,2003764.000
0.000,2003765.000
0.000,2003766.000
0.000,2003767.000
0.000,2003768.000
0.000,2003769.000
0.000,2003770.000
0.000,2003771.000
0.000,2003772.000
0.000,2003773.000
0.000,2003774.000
0.000,2003775.000
0.000,2003776.000
0.000,2003777.000
1.000,2003778.000
0.000,2003779.000
0.000,2003780.000
0.000,2003781.000
0.000,2003782.000
0.000,2003783.000
0.000,2003784.000
0.000,2003785.000
0.000,2003786.000
0.000,2003787.000
0.000,2003788.000
0.000,2003789.000
0.000,2003790.000
0.000,2003791.000
0.000,2003792.000
0.000,2003793.000
0.000,2003794.000
0.000,2003795.000
0.000,2003796.000
0.000,2003797.000
0.000,2003798.000
0.000,2003799.000
0.000,2003800.000
0.000,2003801.000
0.000,2003802.000
0.000,2003803.000
0.000,2003804.000
0.000,2003805.000
0.000,2003806.000
0.000,2003807.000
0.000,2003808.000
0.000,2003809.000
0.000,2003810.000
0.000,2003811.000
0.000,2003812.000
0.000,2003813.000
1.000,2003814.000
0.000,2003815.000
0.000,2003816.000
0.000,2003817.000
0.000,2003818.000
0.000,2003819.000
0.000,2003820.000
0.000,2003821.000
0.000,2003822.000
0.000,2003823.000
0.000,2003824.000
0.000,2003825.000
0.000,2003826.000
0.000,2003827.000
0.000,2003828.000
0.000,2003829.000
0.000,2003830.000
0.000,2003831.000
0.000,2003832.000
0.000,2003833.000
0.000,2003834.000
0.000,2003835.000
0.000,2003836.000
0.000,2003837.000
0.000,2003838.000
0.000,2003839.000
0.000,2003840.000
0.000,2003841.000
0.000,2003842.000
0.000,2003843.000
0.000,2003844.000
0.000,2003845.000
0.000,2003846.000
0.000,2003847.000
0.000,2003848.000
0.000,2003849.000
0.000,2003850.000
0.000,2003851.000
0.000,2003852.000
0.000,2003853.000
0.000,2003854.000
0.000,2003855.000
0.000,2003856.000
0.000,2003857.000
0.000,2003858.000
0.000,2003859.000
0.000,2003860.000
0.000,2003861.000
0.000,2003862.000
0.000,2003863.000
0.000,2003864.000
0.000,2003865.000
0.000,2003866.000
0.000,2003867.000
0.000,2003868.000
0.000,2003869.000
0.000,2003870.000
0.000,2003871.000
0.000,2003872.000
0.000,2003873.000
0.000,2003874.000
0.000,2003875.000
0.000,2003876.000
0.000,2003877.000
0.000,2003878.000
0.000,2003879.000
0.000,2003880.000
0.000,2003881.000
0.000,2003882.000
0.000,2003883.000
0.000,2003884.000
0.000,2003885.000
0.000,2003886.000
0.000,2003887.000
0.000,2003888.000
0.000,2003889.000
0.000,2003890.000
0.000,2003891.000
0.000,2003892.000
0.000,2003893.000
0.000,2003894.000
0.000,2003895.000
0.000,2003896.000
0.000,2003897.000
0.000,2003898.000
0.000,2003899.000
0.000,2003900.000
0.000,2003901.000
0.000,2003902.000
0.000,2003903.000
0.000,2003904.000
0.000,2003905.000
0.000,2003906.000
0.000,2003907.000
0.000,2003908.000
0.000,2003909.000
0.000,2003910.000
0.000,2003911.000
0.000,2003912.000
0.000,2003913.000
0.000,2003914.000
0.000,2003915.000
0.000,2003916.000
0.000,2003917.000
0.000,2003918.000
0.000,2003919.000
0.000,2003920.000
0.000,2003921.000
0.000,2003922.000
0.000,2003923.000
0.000,2003924.000
0.000,2003925.000
0.000,2003926.000
0.000,2003927.000
0.000,2003928.000
0.000,2003929.000
0.000,2003930.000
0.000,2003931.000
0.000,2003932.000
0.000,2003933.000
0.000,2003934.000
0.000,2003935.000
0.000,2003936.000
0.000,2003937.000
0.000,2003938.000
0.000,2003939.000
0.000,2003940.000
0.000,2003941.000
0.000,2003942.000
0.000,2003943.000
0.000,2003944.000
0.000,2003945.000
0.000,2003946.000
0.000,2003947.000
0.000,2003948.000
0.000,2003949.000
0.000,2003950.000
0.000,2003951.000
0.000,2003952.000
0.000,2003953.000
0.000,2003954.000
0.000,2003955.000
0.000,2003956.000
0.000,2003957.000
0.000,2003958.000
0.000,2003959.000
0.000,2003960.000
0.000,2003961.000
0.000,2003962.000
0.000,2003963.000
0.000,2003964.000
1.000,2003965.000
0.000,2003966.000
0.000,2003967.000
0.000,2003968.000
0.000,2003969.000
0.000,2003970.000
0.000,2003971.000
0.000,2003972.000
0.000,2003973.000
0.000,2003974.000
0.000,2003975.000
0.000,2003976.000
0.000,2003977.000
0.000,2003978.000
0.000,2003979.000
0.000,2003980.000
0.000,2003981.000
1.000,2003982.000
0.000,2003983.000
0.000,2003984.000
0.000,2003985.000
0.000,2003986.000
0.000,2003987.000
0.000,2003988.000
0.000,2003989.000
0.000,2003990.000
0.000,2003991.000
0.000,2003992.000
0.000,2003993.000
0.000,2003994.000
0.000,2003995.000
0.000,2003996.000
0.000,2003997.000
0.000,2003998.000
0.000,2003999.000
0.000,2004000.000
0.000,2004001.000
0.000,2004002.000
0.000,2004003.000
0.000,2004004.000
0.000,2004005.000
0.000,2004006.000
0.000,2004007.000
0.000,2004008.000
0.000,2004009.000
0.000,2004010.000
0.000,2004011.000
0.000,2004012.000
0.000,2004013.000
0.000,2004014.000
0.000,2004015.000
0.000,2004016.000
0.000,2004017.000
0.000,2004018.000
0.000,2004019.000
0.000,2004020.000
0.000,2004021.000
0.000,2004022.000
0.000,2004023.000
1.000,2004024.000
0.000,2004025.000
0.000,2004026.000
0.000,2004027.000
0.000,2004028.000
0.000,2004029.000
0.000,2004030.000
0.000,2004031.000
0.000,2004032.000
0.000,2004033.000
0.000,2004034.000
1.000,2004035.000
0.000,2004036.000
0.000,2004037.000
0.000,2004038.000
0.000,2004039.000
0.000,2004040.000
0.000,2004041.000
0.000,2004042.000
0.000,2004043.000
0.000,2004044.000
0.000,2004045.000
0.000,2004046.000
0.000,2004047.000
0.000,2004048.000
0.000,2004049.000
0.000,2004050.000
0.000,2004051.000
0.000,2004052.000
0.000,2004053.000
0.000,2004054.000
0.000,2004055.000
0.000,2004056.000
0.000,2004057.000
0.000,2004058.000
0.000,2004059.000
0.000,2004060.000
0.000,2004061.000
0.000,2004062.000
0.000,2004063.000
0.000,2004064.000
0.000,2004065.000
0.000,2004066.000
0.000,2004067.000
0.000,2004068.000
0.000,2004069.000
0.000,2004070.000
0.000,2004071.000
0.000,2004072.000
0.000,2004073.000
0.000,2004074.000
0.000,2004075.000
0.000,2004076.000
0.000,2004077.000
0.000,2004078.000
0.000,2004079.000
0.000,2004080.000
0.000,2004081.000
0.000,2004082.000
0.000,2004083.000
0.000,2004084.000
0.000,2004085.000
0.000,2004086.000
0.000,2004087.000
0.000,2004088.000
0.000,2004089.000
0.000,2004090.000
0.000,2004091.000
0.000,2004092.000
0.000,2004093.000
1.000,2004094.000
0.000,2004095.000
0.000,2004096.000
1.000,2004097.000
0.000,2004098.000
0.000,2004099.000
0.000,2004100.000
0.000,2004101.000
0.000,2004102.000
0.000,2004103.000
0.000,2004104.000
0.000,2004105.000
0.000,2004106.000
0.000,2004107.000
0.000,2004108.000
0.000,2004109.000
0.000,2004110.000
0.000,2004111.000
0.000,2004112.000
0.000,2004113.000
0.000,2004114.000
0.000,2004115.000
0.000,2004116.000
0.000,2004117.000
0.000,2004118.000
0.000,2004119.000
0.000,2004120.000
0.000,2004121.000
0.000,2004122.000
0.000,2004123.000
0.000,2004124.000
0.000,2004125.000
0.000,2004126.000
0.000,2004127.000
0.000,2004128.000
0.000,2004129.000
0.000,2004130.000
0.000,2004131.000
0.000,2004132.000
0.000,2004133.000
0.000,2004134.000
0.000,2004135.000
0.000,2004136.000
0.000,2004137.000
0.000,2004138.000
0.000,2004139.000
0.000,2004140.000
0.000,2004141.000
0.000,2004142.000
0.000,2004143.000
0.000,2004144.000
0.000,2004145.000
0.000,2004146.000
0.000,2004147.000
0.000,2004148.000
0.000,2004149.000
0.000,2004150.000
0.000,2004151.000
0.000,2004152.000
0.000,2004153.000
0.000,2004154.000
0.000,2004155.000
0.000,2004156.000
0.000,2004157.000
0.000,2004158.000
0.000,2004159.000
0.000,2004160.000
0.000,2004161.000
0.000,2004162.000
0.000,2004163.000
0.000,2004164.000
0.000,2004165.000
0.000,2004166.000
0.000,2004167.000
0.000,2004168.000
0.000,2004169.000
0.000,2004170.000
0.000,2004171.000
0.000,2004172.000
0.000,2004173.000
0.000,2004174.000
0.000,2004175.000
0.000,2004176.000
0.000,2004177.000
0.000,2004178.000
0.000,2004179.000
0.000,2004180.000
0.000,2004181.000
0.000,2004182.000
0.000,2004183.000
0.000,2004184.000
0.000,2004185.000
0.000,2004186.000
0.000,2004187.000
0.000,2004188.000
0.000,2004189.000
0.000,2004190.000
0.000,2004191.000
0.000,2004192.000
0.000,2004193.000
0.000,2004194.000
0.000,2004195.000
0.000,2004196.000
0.000,2004197.000
0.000,2004198.000
0.000,2004199.000
0.000,2004200.000
0.000,2004201.000
0.000,2004202.000
0.000,2004203.000
0.000,2004204.000
0.000,2004205.000
0.000,2004206.000
0.000,2004207.000
0.000,2004208.000
0.000,2004209.000
0.000,2004210.000
0.000,2004211.000
0.000,2004212.000
0.000,2004213.000
0.000,2004214.000
0.000,2004215.000
0.000,2004216.000
0.000,2004217.000
0.000,2004218.000
0.000,2004219.000
0.000,2004220.000
0.000,2004221.000
0.000,2004222.000
0.000,2004223.000
0.000,2004224.000
0.000,2004225.000
0.000,2004226.000
0.000,2004227.000
0.000,2004228.000
0.000,2004229.000
1.000,2004230.000
0.000,2004231.000
0.000,2004232.000
0.000,2004233.000
0.000,2004234.000
0.000,2004235.000
0.000,2004236.000
0.000,2004237.000
0.000,2004238.000
0.000,2004239.000
1.000,2004240.000
0.000,2004241.000
0.000,2004242.000
0.000,2004243.000
0.000,2004244.000
0.000,2004245.000
0.000,2004246.000
0.000,2004247.000
0.000,2004248.000
0.000,2004249.000
0.000,2004250.000
0.000,2004251.000
0.000,2004252.000
0.000,2004253.000
0.000,2004254.000
0.000,2004255.000
0.000,2004256.000
0.000,2004257.000
0.000,2004258.000
0.000,2004259.000
0.000,2004260.000
0.000,2004261.000
0.000,2004262.000
0.000,2004263.000
0.000,2004264.000
0.000,2004265.000
0.000,2004266.000
0.000,2004267.000
0.000,2004268.000
0.000,2004269.000
0.000,2004270.000
0.000,2004271.000
0.000,2004272.000
0.000,2004273.000
0.000,2004274.000
0.000,2004275.000
0.000,2004276.000
0.000,2004277.000
0.000,2004278.000
0.000,2004279.000
0.000,2004280.000
0.000,2004281.000
0.000,2004282.000
0.000,2004283.000
0.000,2004284.000
0.000,2004285.000
0.000,2004286.000
0.000,2004287.000
0.000,2004288.000
0.000,2004289.000
0.000,2004290.000
0.000,2004291.000
0.000,2004292.000
0.000,2004293.000
0.000,2004294.000
0.000,2004295.000
0.000,2004296.000
0.000,2004297.000
0.000,2004298.000
0.000,2004299.000
0.000,2004300.000
0.000,2004301.000
0.000,2004302.000
0.000,2004303.000
0.000,2004304.000
0.000,2004305.000
0.000,2004306.000
0.000,2004307.000
0.000,2004308.000
0.000,2004309.000
0.000,2004310.000
0.000,2004311.000
0.000,2004312.000
0.000,2004313.000
0.000,2004314.000
0.000,2004315.000
0.000,2004316.000
0.000,2004317.000
0.000,2004318.000
0.000,2004319.000
0.000,2004320.000
0.000,2004321.000
0.000,2004322.000
0.000,2004323.000
0.000,2004324.000
0.000,2004325.000
0.000,2004326.000
0.000,2004327.000
0.000,2004328.000
0.000,2004329.000
0.000,2004330.000
0.000,2004331.000
0.000,2004332.000
0.000,2004333.000
0.000,2004334.000
0.000,2004335.000
0.000,2004336.000
0.000,2004337.000
0.000,2004338.000
0.000,2004339.000
0.000,2004340.000
0.000,2004341.000
0.000,2004342.000
0.000,2004343.000
0.000,2004344.000
0.000,2004345.000
0.000,2004346.000
0.000,2004347.000
0.000,2004348.000
0.000,2004349.000
0.000,2004350.000
0.000,2004351.000
0.000,2004352.000
0.000,2004353.000
0.000,2004354.000
0.000,2004355.000
0.000,2004356.000
0.000,2004357.000
0.000,2004358.000
0.000,2004359.000
0.000,2004360.000
0.000,2004361.000
0.000,2004362.000
0.000,2004363.000
0.000,2004364.000
0.000,2004365.000
0.000,2004366.000
0.000,2004367.000
0.000,2004368.000
0.000,2004369.000
0.000,2004370.000
0.000,2004371.000
0.000,2004372.000
0.000,2004373.000
0.000,2004374.000
0.000,2004375.000
0.000,2004376.000
0.000,2004377.000
0.000,2004378.000
0.000,2004379.000
0.000,2004380.000
0.000,2004381.000
0.000,2004382.000
0.000,2004383.000
0.000,2004384.000
0.000,2004385.000
0.000,2004386.000
1.000,2004387.000
0.000,2004388.000
0.000,2004389.000
0.000,2004390.000
0.000,2004391.000
0.000,2004392.000
0.000,2004393.000
0.000,2004394.000
0.000,2004395.000
0.000,2004396.000
0.000,2004397.000
0.000,2004398.000
0.000,2004399.000
0.000,2004400.000
0.000,2004401.000
0.000,2004402.000
0.000,2004403.000
0.000,2004404.000
0.000,2004405.000
0.000,2004406.000
0.000,2004407.000
0.000,2004408.000
0.000,2004409.000
0.000,2004410.000
0.000,2004411.000
0.000,2004412.000
0.000,2004413.000
0.000,2004414.000
0.000,2004415.000
0.000,2004416.000
0.000,2004417.000
0.000,2004418.000
0.000,2004419.000
0.000,2004420.000
0.000,2004421.000
0.000,2004422.000
0.000,2004423.000
0.000,2004424.000
0.000,2004425.000
0.000,2004426.000
0.000,2004427.000
0.000,2004428.000
0.000,2004429.000
0.000,2004430.000
0.000,2004431.000
0.000,2004432.000
0.000,2004433.000
0.000,2004434.000
0.000,2004435.000
0.000,2004436.000
0.000,2004437.000
0.000,2004438.000
0.000,2004439.000
0.000,2004440.000
0.000,2004441.000
0.000,2004442.000
0.000,2004443.000
0.000,2004444.000
0.000,2004445.000
0.000,2004446.000
0.000,2004447.000
0.000,2004448.000
0.000,2004449.000
0.000,2004450.000
0.000,2004451.000
0.000,2004452.000
0.000,2004453.000
0.000,2004454.000
0.000,2004455.000
0.000,2004456.000
0.000,2004457.000
0.000,2004458.000
0.000,2004459.000
0.000,2004460.000
0.000,2004461.000
0.000,2004462.000
0.000,2004463.000
0.000,2004464.000
0.000,2004465.000
0.000,2004466.000
0.000,2004467.000
0.000,2004468.000
0.000,2004469.000
0.000,2004470.000
0.000,2004471.000
0.000,2004472.000
0.000,2004473.000
0.000,2004474.000
0.000,2004475.000
0.000,2004476.000
0.000,2004477.000
0.000,2004478.000
0.000,2004479.000
0.000,2004480.000
0.000,2004481.000
0.000,2004482.000
0.000,2004483.000
0.000,2004484.000
0.000,2004485.000
0.000,2004486.000
0.000,2004487.000
0.000,2004488.000
0.000,2004489.000
0.000,2004490.000
0.000,2004491.000
0.000,2004492.000
0.000,2004493.000
0.000,2004494.000
0.000,2004495.000
0.000,2004496.000
0.000,2004497.000
0.000,2004498.000
0.000,2004499.000
0.000,2004500.000
0.000,2004501.000
0.000,2004502.000
0.000,2004503.000
0.000,2004504.000
0.000,2004505.000
0.000,2004506.000
0.000,2004507.000
0.000,2004508.000
0.000,2004509.000
0.000,2004510.000
0.000,2004511.000
0.000,2004512.000
0.000,2004513.000
0.000,2004514.000
0.000,2004515.000
0.000,2004516.000
0.000,2004517.000
0.000,2004518.000
0.000,2004519.000
0.000,2004520.000
0.000,2004521.000
0.000,2004522.000
0.000,2004523.000
0.000,2004524.000
0.000,2004525.000
0.000,2004526.000
0.000,2004527.000
0.000,2004528.000
0.000,2004529.000
0.000,2004530.000
0.000,2004531.000
0.000,2004532.000
0.000,2004533.000
0.000,2004534.000
0.000,2004535.000
0.000,2004536.000
0.000,2004537.000
0.000,2004538.000
0.000,2004539.000
0.000,2004540.000
0.000,2004541.000
0.000,2004542.000
0.000,2004543.000
0.000,2004544.000
0.000,2004545.000
0.000,2004546.000
0.000,2004547.000
0.000,2004548.000
0.000,2004549.000
0.000,2004550.000
0.000,2004551.000
0.000,2004552.000
0.000,2004553.000
0.000,2004554.000
0.000,2004555.000
0.000,2004556.000
0.000,2004557.000
0.000,2004558.000
0.000,2004559.000
0.000,2004560.000
0.000,2004561.000
0.000,2004562.000
0.000,2004563.000
0.000,2004564.000
0.000,2004565.000
0.000,2004566.000
0.000,2004567.000
0.000,2004568.000
0.000,2004569.000
0.000,2004570.000
0.000,2004571.000
0.000,2004572.000
0.000,2004573.000
0.000,2004574.000
0.000,2004575.000
0.000,2004576.000
0.000,2004577.000
0.000,2004578.000
0.000,2004579.000
0.000,2004580.000
0.000,2004581.000
0.000,2004582.000
0.000,2004583.000
0.000,2004584.000
0.000,2004585.000
0.000,2004586.000
0.000,2004587.000
0.000,2004588.000
0.000,2004589.000
0.000,2004590.000
0.000,2004591.000
0.000,2004592.000
0.000,2004593.000
0.000,2004594.000
0.000,2004595.000
0.000,2004596.000
0.000,2004597.000
0.000,2004598.000
0.000,2004599.000
0.000,2004600.000
0.000,2004601.000
0.000,2004602.000
0.000,2004603.000
0.000,2004604.000
0.000,2004605.000
0.000,2004606.000
0.000,2004607.000
0.000,2004608.000
0.000,2004609.000
0.000,2004610.000
0.000,2004611.000
0.000,2004612.000
0.000,2004613.000
1.000,2004614.000
0.000,2004615.000
0.000,2004616.000
0.000,2004617.000
0.000,2004618.000
0.000,2004619.000
0.000,2004620.000
0.000,2004621.000
0.000,2004622.000
0.000,2004623.000
0.000,2004624.000
0.000,2004625.000
0.000,2004626.000
0.000,2004627.000
0.000,2004628.000
0.000,2004629.000
0.000,2004630.000
0.000,2004631.000
0.000,2004632.000
0.000,2004633.000
0.000,2004634.000
0.000,2004635.000
0.000,2004636.000
0.000,2004637.000
0.000,2004638.000
0.000,2004639.000
0.000,2004640.000
1.000,2004641.000
0.000,2004642.000
0.000,2004643.000
0.000,2004644.000
0.000,2004645.000
0.000,2004646.000
0.000,2004647.000
0.000,2004648.000
0.000,2004649.000
0.000,2004650.000
0.000,2004651.000
0.000,2004652.000
0.000,2004653.000
0.000,2004654.000
0.000,2004655.000
0.000,2004656.000
0.000,2004657.000
0.000,2004658.000
0.000,2004659.000
0.000,2004660.000
0.000,2004661.000
0.000,2004662.000
0.000,2004663.000
0.000,2004664.000
0.000,2004665.000
0.000,2004666.000
0.000,2004667.000
0.000,2004668.000
0.000,2004669.000
0.000,2004670.000
0.000,2004671.000
0.000,2004672.000
0.000,2004673.000
0.000,2004674.000
0.000,2004675.000
0.000,2004676.000
0.000,2004677.000
0.000,2004678.000
0.000,2004679.000
0.000,2004680.000
0.000,2004681.000
0.000,2004682.000
0.000,2004683.000
0.000,2004684.000
0.000,2004685.000
0.000,2004686.000
0.000,2004687.000
0.000,2004688.000
0.000,2004689.000
0.000,2004690.000
0.000,2004691.000
0.000,2004692.000
0.000,2004693.000
0.000,2004694.000
0.000,2004695.000
0.000,2004696.000
0.000,2004697.000
0.000,2004698.000
0.000,2004699.000
0.000,2004700.000
0.000,2004701.000
0.000,2004702.000
0.000,2004703.000
0.000,2004704.000
0.000,2004705.000
0.000,2004706.000
0.000,2004707.000
0.000,2004708.000
0.000,2004709.000
0.000,2004710.000
0.000,2004711.000
0.000,2004712.000
0.000,2004713.000
0.000,2004714.000
0.000,2004715.000
0.000,2004716.000
0.000,2004717.000
0.000,2004718.000
0.000,2004719.000
0.000,2004720.000
0.000,2004721.000
0.000,2004722.000
0.000,2004723.000
0.000,2004724.000
0.000,2004725.000
0.000,2004726.000
0.000,2004727.000
0.000,2004728.000
0.000,2004729.000
0.000,2004730.000
0.000,2004731.000
0.000,2004732.000
0.000,2004733.000
0.000,2004734.000
0.000,2004735.000
0.000,2004736.000
0.000,2004737.000
0.000,2004738.000
0.000,2004739.000
0.000,2004740.000
0.000,2004741.000
0.000,2004742.000
0.000,2004743.000
1.000,2004744.000
0.000,2004745.000
0.000,2004746.000
0.000,2004747.000
0.000,2004748.000
1.000,2004749.000
0.000,2004750.000
0.000,2004751.000
0.000,2004752.000
0.000,2004753.000
0.000,2004754.000
0.000,2004755.000
0.000,2004756.000
0.000,2004757.000
0.000,2004758.000
0.000,2004759.000
0.000,2004760.000
0.000,2004761.000
0.000,2004762.000
0.000,2004763.000
0.000,2004764.000
0.000,2004765.000
0.000,2004766.000
0.000,2004767.000
0.000,2004768.000
0.000,2004769.000
0.000,2004770.000
0.000,2004771.000
0.000,2004772.000
0.000,2004773.000
0.000,2004774.000
1.000,2004775.000
0.000,2004776.000
0.000,2004777.000
0.000,2004778.000
0.000,2004779.000
0.000,2004780.000
0.000,2004781.000
0.000,2004782.000
0.000,2004783.000
0.000,2004784.000
0.000,2004785.000
0.000,2004786.000
0.000,2004787.000
0.000,2004788.000
0.000,2004789.000
0.000,2004790.000
0.000,2004791.000
0.000,2004792.000
0.000,2004793.000
0.000,2004794.000
0.000,2004795.000
0.000,2004796.000
0.000,2004797.000
0.000,2004798.000
0.000,2004799.000
0.000,2004800.000
0.000,2004801.000
0.000,2004802.000
0.000,2004803.000
0.000,2004804.000
0.000,2004805.000
1.000,2004806.000
0.000,2004807.000
0.000,2004808.000
0.000,2004809.000
0.000,2004810.000
0.000,2004811.000
0.000,2004812.000
0.000,2004813.000
0.000,2004814.000
0.000,2004815.000
0.000,2004816.000
1.000,2004817.000
0.000,2004818.000
0.000,2004819.000
0.000,2004820.000
0.000,2004821.000
0.000,2004822.000
0.000,2004823.000
0.000,2004824.000
0.000,2004825.000
0.000,2004826.000
0.000,2004827.000
0.000,2004828.000
0.000,2004829.000
0.000,2004830.000
0.000,2004831.000
0.000,2004832.000
0.000,2004833.000
0.000,2004834.000
0.000,2004835.000
0.000,2004836.000
0.000,2004837.000
0.000,2004838.000
0.000,2004839.000
0.000,2004840.000
0.000,2004841.000
1.000,2004842.000
0.000,2004843.000
0.000,2004844.000
0.000,2004845.000
0.000,2004846.000
0.000,2004847.000
0.000,2004848.000
0.000,2004849.000
0.000,2004850.000
0.000,2004851.000
0.000,2004852.000
0.000,2004853.000
0.000,2004854.000
0.000,2004855.000
0.000,2004856.000
0.000,2004857.000
0.000,2004858.000
0.000,2004859.000
0.000,2004860.000
0.000,2004861.000
0.000,2004862.000
0.000,2004863.000
0.000,2004864.000
0.000,2004865.000
0.000,2004866.000
0.000,2004867.000
0.000,2004868.000
0.000,2004869.000
0.000,2004870.000
0.000,2004871.000
0.000,2004872.000
0.000,2004873.000
0.000,2004874.000
0.000,2004875.000
0.000,2004876.000
0.000,2004877.000
0.000,2004878.000
0.000,2004879.000
0.000,2004880.000
0.000,2004881.000
0.000,2004882.000
0.000,2004883.000
0.000,2004884.000
0.000,2004885.000
0.000,2004886.000
0.000,2004887.000
0.000,2004888.000
0.000,2004889.000
0.000,2004890.000
0.000,2004891.000
0.000,2004892.000
0.000,2004893.000
0.000,2004894.000
0.000,2004895.000
0.000,2004896.000
0.000,2004897.000
0.000,2004898.000
0.000,2004899.000
0.000,2004900.000
0.000,2004901.000
0.000,2004902.000
0.000,2004903.000
0.000,2004904.000
0.000,2004905.000
0.000,2004906.000
0.000,2004907.000
0.000,2004908.000
0.000,2004909.000
0.000,2004910.000
0.000,2004911.000
0.000,2004912.000
0.000,2004913.000
0.000,2004914.000
0.000,2004915.000
0.000,2004916.000
0.000,2004917.000
0.000,2004918.000
0.000,2004919.000
1.000,2004920.000
0.000,2004921.000
0.000,2004922.000
0.000,2004923.000
0.000,2004924.000
0.000,2004925.000
0.000,2004926.000
0.000,2004927.000
0.000,2004928.000
0.000,2004929.000
0.000,2004930.000
0.000,2004931.000
0.000,2004932.000
0.000,2004933.000
0.000,2004934.000
0.000,2004935.000
0.000,2004936.000
0.000,2004937.000
0.000,2004938.000
0.000,2004939.000
0.000,2004940.000
0.000,2004941.000
0.000,2004942.000
0.000,2004943.000
0.000,2004944.000
0.000,2004945.000
0.000,2004946.000
0.000,2004947.000
0.000,2004948.000
0.000,2004949.000
0.000,2004950.000
0.000,2004951.000
0.000,2004952.000
0.000,2004953.000
0.000,2004954.000
0.000,2004955.000
0.000,2004956.000
0.000,2004957.000
0.000,2004958.000
0.000,2004959.000
0.000,2004960.000
0.000,2004961.000
0.000,2004962.000
0.000,2004963.000
0.000,2004964.000
0.000,2004965.000
0.000,2004966.000
0.000,2004967.000
0.000,2004968.000
0.000,2004969.000
0.000,2004970.000
0.000,2004971.000
0.000,2004972.000
0.000,2004973.000
0.000,2004974.000
0.000,2004975.000
0.000,2004976.000
0.000,2004977.000
0.000,2004978.000
0.000,2004979.000
0.000,2004980.000
0.000,2004981.000
0.000,2004982.000
0.000,2004983.000
0.000,2004984.000
0.000,2004985.000
0.000,2004986.000
0.000,2004987.000
0.000,2004988.000
0.000,2004989.000
0.000,2004990.000
0.000,2004991.000
0.000,2004992.000
0.000,2004993.000
1.000,2004994.000
0.000,2004995.000
0.000,2004996.000
0.000,2004997.000
0.000,2004998.000
0.000,2004999.000
0.000,2005000.000
0.000,2005001.000
1.000,2005002.000
0.000,2005003.000
0.000,2005004.000
0.000,2005005.000
0.000,2005006.000
0.000,2005007.000
0.000,2005008.000
0.000,2005009.000
0.000,2005010.000
0.000,2005011.000
0.000,2005012.000
0.000,2005013.000
0.000,2005014.000
0.000,2005015.000
0.000,2005016.000
0.000,2005017.000
0.000,2005018.000
0.000,2005019.000
0.000,2005020.000
0.000,2005021.000
0.000,2005022.000
0.000,2005023.000
0.000,2005024.000
0.000,2005025.000
0.000,2005026.000
0.000,2005027.000
0.000,2005028.000
0.000,2005029.000
0.000,2005030.000
0.000,2005031.000
0.000,2005032.000
0.000,2005033.000
0.000,2005034.000
0.000,2005035.000
0.000,2005036.000
0.000,2005037.000
0.000,2005038.000
0.000,2005039.000
0.000,2005040.000
0.000,2005041.000
0.000,2005042.000
0.000,2005043.000
0.000,2005044.000
0.000,2005045.000
0.000,2005046.000
0.000,2005047.000
0.000,2005048.000
0.000,2005049.000
0.000,2005050.000
0.000,2005051.000
0.000,2005052.000
0.000,2005053.000
0.000,2005054.000
0.000,2005055.000
0.000,2005056.000
0.000,2005057.000
1.000,2005058.000
1.000,2005059.000
0.000,2005060.000
0.000,2005061.000
0.000,2005062.000
0.000,2005063.000
0.000,2005064.000
1.000,2005065.000
0.000,2005066.000
0.000,2005067.000
0.000,2005068.000
0.000,2005069.000
0.000,2005070.000
0.000,2005071.000
0.000,2005072.000
0.000,2005073.000
0.000,2005074.000
0.000,2005075.000
0.000,2005076.000
0.000,2005077.000
0.000,2005078.000
0.000,2005079.000
0.000,2005080.000
0.000,2005081.000
0.000,2005082.000
0.000,2005083.000
0.000,2005084.000
0.000,2005085.000
0.000,2005086.000
0.000,2005087.000
0.000,2005088.000
0.000,2005089.000
0.000,2005090.000
0.000,2005091.000
0.000,2005092.000
0.000,2005093.000
0.000,2005094.000
0.000,2005095.000
1.000,2005096.000
0.000,2005097.000
0.000,2005098.000
0.000,2005099.000
1.000,2005100.000
0.000,2005101.000
0.000,2005102.000
0.000,2005103.000
0.000,2005104.000
0.000,2005105.000
0.000,2005106.000
0.000,2005107.000
0.000,2005108.000
0.000,2005109.000
0.000,2005110.000
0.000,2005111.000
0.000,2005112.000
0.000,2005113.000
0.000,2005114.000
0.000,2005115.000
0.000,2005116.000
0.000,2005117.000
0.000,2005118.000
0.000,2005119.000
0.000,2005120.000
0.000,2005121.000
0.000,2005122.000
0.000,2005123.000
0.000,2005124.000
0.000,2005125.000
0.000,2005126.000
0.000,2005127.000
0.000,2005128.000
0.000,2005129.000
0.000,2005130.000
0.000,2005131.000
0.000,2005132.000
0.000,2005133.000
0.000,2005134.000
0.000,2005135.000
0.000,2005136.000
0.000,2005137.000
0.000,2005138.000
0.000,2005139.000
0.000,2005140.000
0.000,2005141.000
0.000,2005142.000
0.000,2005143.000
0.000,2005144.000
0.000,2005145.000
0.000,2005146.000
0.000,2005147.000
0.000,2005148.000
0.000,2005149.000
0.000,2005150.000
0.000,2005151.000
0.000,2005152.000
0.000,2005153.000
0.000,2005154.000
0.000,2005155.000
0.000,2005156.000
0.000,2005157.000
0.000,2005158.000
0.000,2005159.000
0.000,2005160.000
0.000,2005161.000
0.000,2005162.000
0.000,2005163.000
0.000,2005164.000
0.000,2005165.000
0.000,2005166.000
0.000,2005167.000
0.000,2005168.000
0.000,2005169.000
0.000,2005170.000
0.000,2005171.000
0.000,2005172.000
0.000,2005173.000
0.000,2005174.000
0.000,2005175.000
0.000,2005176.000
0.000,2005177.000
0.000,2005178.000
0.000,2005179.000
0.000,2005180.000
0.000,2005181.000
0.000,2005182.000
0.000,2005183.000
0.000,2005184.000
0.000,2005185.000
0.000,2005186.000
0.000,2005187.000
0.000,2005188.000
0.000,2005189.000
0.000,2005190.000
0.000,2005191.000
0.000,2005192.000
0.000,2005193.000
0.000,2005194.000
0.000,2005195.000
0.000,2005196.000
0.000,2005197.000
0.000,2005198.000
0.000,2005199.000
0.000,2005200.000
0.000,2005201.000
0.000,2005202.000
0.000,2005203.000
0.000,2005204.000
0.000,2005205.000
0.000,2005206.000
0.000,2005207.000
0.000,2005208.000
0.000,2005209.000
0.000,2005210.000
0.000,2005211.000
0.000,2005212.000
0.000,2005213.000
0.000,2005214.000
0.000,2005215.000
0.000,2005216.000
0.000,2005217.000
1.000,2005218.000
0.000,2005219.000
0.000,2005220.000
0.000,2005221.000
0.000,2005222.000
0.000,2005223.000
0.000,2005224.000
0.000,2005225.000
0.000,2005226.000
0.000,2005227.000
0.000,2005228.000
0.000,2005229.000
0.000,2005230.000
0.000,2005231.000
0.000,2005232.000
0.000,2005233.000
0.000,2005234.000
0.000,2005235.000
0.000,2005236.000
0.000,2005237.000
0.000,2005238.000
0.000,2005239.000
0.000,2005240.000
0.000,2005241.000
0.000,2005242.000
0.000,2005243.000
0.000,2005244.000
0.000,2005245.000
0.000,2005246.000
0.000,2005247.000
0.000,2005248.000
0.000,2005249.000
0.000,2005250.000
0.000,2005251.000
0.000,2005252.000
0.000,2005253.000
0.000,2005254.000
0.000,2005255.000
0.000,2005256.000
0.000,2005257.000
0.000,2005258.000
0.000,2005259.000
0.000,2005260.000
0.000,2005261.000
0.000,2005262.000
0.000,2005263.000
0.000,2005264.000
0.000,2005265.000
0.000,2005266.000
0.000,2005267.000
0.000,2005268.000
0.000,2005269.000
0.000,2005270.000
0.000,2005271.000
0.000,2005272.000
0.000,2005273.000
0.000,2005274.000
0.000,2005275.000
0.000,2005276.000
0.000,2005277.000
0.000,2005278.000
0.000,2005279.000
0.000,2005280.000
0.000,2005281.000
1.000,2005282.000
0.000,2005283.000
0.000,2005284.000
0.000,2005285.000
0.000,2005286.000
0.000,2005287.000
0.000,2005288.000
0.000,2005289.000
0.000,2005290.000
0.000,2005291.000
0.000,2005292.000
0.000,2005293.000
0.000,2005294.000
0.000,2005295.000
0.000,2005296.000
0.000,2005297.000
0.000,2005298.000
0.000,2005299.000
0.000,2005300.000
0.000,2005301.000
0.000,2005302.000
0.000,2005303.000
0.000,2005304.000
0.000,2005305.000
0.000,2005306.000
0.000,2005307.000
0.000,2005308.000
0.000,2005309.000
0.000,2005310.000
0.000,2005311.000
0.000,2005312.000
0.000,2005313.000
0.000,2005314.000
0.000,2005315.000
0.000,2005316.000
0.000,2005317.000
0.000,2005318.000
0.000,2005319.000
0.000,2005320.000
0.000,2005321.000
0.000,2005322.000
1.000,2005323.000
0.000,2005324.000
0.000,2005325.000
0.000,2005326.000
0.000,2005327.000
0.000,2005328.000
0.000,2005329.000
0.000,2005330.000
0.000,2005331.000
0.000,2005332.000
0.000,2005333.000
0.000,2005334.000
0.000,2005335.000
0.000,2005336.000
0.000,2005337.000
0.000,2005338.000
0.000,2005339.000
0.000,2005340.000
0.000,2005341.000
0.000,2005342.000
0.000,2005343.000
0.000,2005344.000
0.000,2005345.000
0.000,2005346.000
0.000,2005347.000
0.000,2005348.000
0.000,2005349.000
0.000,2005350.000
0.000,2005351.000
0.000,2005352.000
0.000,2005353.000
0.000,2005354.000
0.000,2005355.000
0.000,2005356.000
0.000,2005357.000
0.000,2005358.000
1.000,2005359.000
0.000,2005360.000
0.000,2005361.000
0.000,2005362.000
0.000,2005363.000
0.000,2005364.000
0.000,2005365.000
0.000,2005366.000
0.000,2005367.000
0.000,2005368.000
0.000,2005369.000
0.000,2005370.000
0.000,2005371.000
0.000,2005372.000
0.000,2005373.000
0.000,2005374.000
0.000,2005375.000
0.000,2005376.000
0.000,2005377.000
0.000,2005378.000
0.000,2005379.000
0.000,2005380.000
0.000,2005381.000
0.000,2005382.000
0.000,2005383.000
0.000,2005384.000
0.000,2005385.000
0.000,2005386.000
0.000,2005387.000
0.000,2005388.000
0.000,2005389.000
0.000,2005390.000
0.000,2005391.000
0.000,2005392.000
0.000,2005393.000
1.000,2005394.000
0.000,2005395.000
0.000,2005396.000
0.000,2005397.000
0.000,2005398.000
0.000,2005399.000
0.000,2005400.000
0.000,2005401.000
0.000,2005402.000
0.000,2005403.000
0.000,2005404.000
0.000,2005405.000
0.000,2005406.000
0.000,2005407.000
0.000,2005408.000
0.000,2005409.000
0.000,2005410.000
0.000,2005411.000
0.000,2005412.000
0.000,2005413.000
0.000,2005414.000
0.000,2005415.000
0.000,2005416.000
0.000,2005417.000
1.000,2005418.000
0.000,2005419.000
0.000,2005420.000
0.000,2005421.000
0.000,2005422.000
0.000,2005423.000
0.000,2005424.000
0.000,2005425.000
0.000,2005426.000
0.000,2005427.000
0.000,2005428.000
0.000,2005429.000
0.000,2005430.000
0.000,2005431.000
0.000,2005432.000
0.000,2005433.000
0.000,2005434.000
0.000,2005435.000
0.000,2005436.000
0.000,2005437.000
0.000,2005438.000
0.000,2005439.000
0.000,2005440.000
0.000,2005441.000
0.000,2005442.000
0.000,2005443.000
0.000,2005444.000
0.000,2005445.000
0.000,2005446.000
0.000,2005447.000
0.000,2005448.000
0.000,2005449.000
0.000,2005450.000
0.000,2005451.000
0.000,2005452.000
0.000,2005453.000
0.000,2005454.000
0.000,2005455.000
0.000,2005456.000
0.000,2005457.000
0.000,2005458.000
0.000,2005459.000
0.000,2005460.000
0.000,2005461.000
0.000,2005462.000
0.000,2005463.000
0.000,2005464.000
0.000,2005465.000
0.000,2005466.000
0.000,2005467.000
0.000,2005468.000
0.000,2005469.000
0.000,2005470.000
0.000,2005471.000
0.000,2005472.000
1.000,2005473.000
0.000,2005474.000
0.000,2005475.000
0.000,2005476.000
0.000,2005477.000
0.000,2005478.000
0.000,2005479.000
0.000,2005480.000
0.000,2005481.000
0.000,2005482.000
0.000,2005483.000
0.000,2005484.000
0.000,2005485.000
0.000,2005486.000
0.000,2005487.000
0.000,2005488.000
0.000,2005489.000
0.000,2005490.000
0.000,2005491.000
0.000,2005492.000
0.000,2005493.000
0.000,2005494.000
0.000,2005495.000
0.000,2005496.000
0.000,2005497.000
0.000,2005498.000
0.000,2005499.000
0.000,2005500.000
0.000,2005501.000
0.000,2005502.000
0.000,2005503.000
0.000,2005504.000
0.000,2005505.000
0.000,2005506.000
0.000,2005507.000
0.000,2005508.000
0.000,2005509.000
0.000,2005510.000
0.000,2005511.000
0.000,2005512.000
0.000,2005513.000
0.000,2005514.000
0.000,2005515.000
0.000,2005516.000
0.000,2005517.000
0.000,2005518.000
0.000,2005519.000
0.000,2005520.000
0.000,2005521.000
0.000,2005522.000
0.000,2005523.000
0.000,2005524.000
0.000,2005525.000
0.000,2005526.000
0.000,2005527.000
0.000,2005528.000
0.000,2005529.000
0.000,2005530.000
0.000,2005531.000
1.000,2005532.000
0.000,2005533.000
0.000,2005534.000
0.000,2005535.000
0.000,2005536.000
0.000,2005537.000
0.000,2005538.000
0.000,2005539.000
0.000,2005540.000
0.000,2005541.000
0.000,2005542.000
0.000,2005543.000
0.000,2005544.000
0.000,2005545.000
0.000,2005546.000
0.000,2005547.000
0.000,2005548.000
0.000,2005549.000
0.000,2005550.000
0.000,2005551.000
0.000,2005552.000
0.000,2005553.000
0.000,2005554.000
0.000,2005555.000
0.000,2005556.000
0.000,2005557.000
0.000,2005558.000
0.000,2005559.000
0.000,2005560.000
0.000,2005561.000
0.000,2005562.000
0.000,2005563.000
0.000,2005564.000
0.000,2005565.000
0.000,2005566.000
0.000,2005567.000
0.000,2005568.000
0.000,2005569.000
0.000,2005570.000
0.000,2005571.000
0.000,2005572.000
0.000,2005573.000
0.000,2005574.000
0.000,2005575.000
0.000,2005576.000
0.000,2005577.000
0.000,2005578.000
0.000,2005579.000
0.000,2005580.000
0.000,2005581.000
0.000,2005582.000
0.000,2005583.000
0.000,2005584.000
0.000,2005585.000
0.000,2005586.000
0.000,2005587.000
0.000,2005588.000
0.000,2005589.000
0.000,2005590.000
0.000,2005591.000
0.000,2005592.000
0.000,2005593.000
0.000,2005594.000
0.000,2005595.000
0.000,2005596.000
0.000,2005597.000
0.000,2005598.000
0.000,2005599.000
0.000,2005600.000
0.000,2005601.000
0.000,2005602.000
0.000,2005603.000
0.000,2005604.000
0.000,2005605.000
0.000,2005606.000
0.000,2005607.000
1.000,2005608.000
0.000,2005609.000
0.000,2005610.000
0.000,2005611.000
0.000,2005612.000
0.000,2005613.000
0.000,2005614.000
0.000,2005615.000
0.000,2005616.000
0.000,2005617.000
0.000,2005618.000
0.000,2005619.000
0.000,2005620.000
0.000,2005621.000
0.000,2005622.000
0.000,2005623.000
0.000,2005624.000
0.000,2005625.000
0.000,2005626.000
0.000,2005627.000
0.000,2005628.000
0.000,2005629.000
0.000,2005630.000
0.000,2005631.000
0.000,2005632.000
0.000,2005633.000
0.000,2005634.000
0.000,2005635.000
0.000,2005636.000
0.000,2005637.000
0.000,2005638.000
0.000,2005639.000
0.000,2005640.000
0.000,2005641.000
0.000,2005642.000
1.000,2005643.000
0.000,2005644.000
0.000,2005645.000
0.000,2005646.000
0.000,2005647.000
0.000,2005648.000
0.000,2005649.000
0.000,2005650.000
0.000,2005651.000
1.000,2005652.000
0.000,2005653.000
0.000,2005654.000
0.000,2005655.000
0.000,2005656.000
0.000,2005657.000
0.000,2005658.000
0.000,2005659.000
0.000,2005660.000
0.000,2005661.000
0.000,2005662.000
0.000,2005663.000
0.000,2005664.000
1.000,2005665.000
0.000,2005666.000
0.000,2005667.000
0.000,2005668.000
0.000,2005669.000
0.000,2005670.000
0.000,2005671.000
0.000,2005672.000
0.000,2005673.000
0.000,2005674.000
0.000,2005675.000
0.000,2005676.000
0.000,2005677.000
0.000,2005678.000
0.000,2005679.000
0.000,2005680.000
0.000,2005681.000
0.000,2005682.000
0.000,2005683.000
0.000,2005684.000
0.000,2005685.000
0.000,2005686.000
0.000,2005687.000
0.000,2005688.000
0.000,2005689.000
0.000,2005690.000
0.000,2005691.000
0.000,2005692.000
0.000,2005693.000
0.000,2005694.000
0.000,2005695.000
0.000,2005696.000
0.000,2005697.000
0.000,2005698.000
0.000,2005699.000
0.000,2005700.000
0.000,2005701.000
0.000,2005702.000
0.000,2005703.000
0.000,2005704.000
0.000,2005705.000
0.000,2005706.000
0.000,2005707.000
0.000,2005708.000
0.000,2005709.000
0.000,2005710.000
0.000,2005711.000
0.000,2005712.000
0.000,2005713.000
0.000,2005714.000
0.000,2005715.000
0.000,2005716.000
0.000,2005717.000
0.000,2005718.000
0.000,2005719.000
0.000,2005720.000
0.000,2005721.000
0.000,2005722.000
0.000,2005723.000
0.000,2005724.000
0.000,2005725.000
0.000,2005726.000
0.000,2005727.000
0.000,2005728.000
0.000,2005729.000
0.000,2005730.000
0.000,2005731.000
0.000,2005732.000
0.000,2005733.000
1.000,2005734.000
0.000,2005735.000
0.000,2005736.000
0.000,2005737.000
0.000,2005738.000
0.000,2005739.000
0.000,2005740.000
0.000,2005741.000
0.000,2005742.000
0.000,2005743.000
0.000,2005744.000
0.000,2005745.000
0.000,2005746.000
0.000,2005747.000
0.000,2005748.000
0.000,2005749.000
0.000,2005750.000
0.000,2005751.000
0.000,2005752.000
0.000,2005753.000
0.000,2005754.000
0.000,2005755.000
0.000,2005756.000
0.000,2005757.000
0.000,2005758.000
0.000,2005759.000
0.000,2005760.000
0.000,2005761.000
0.000,2005762.000
0.000,2005763.000
0.000,2005764.000
0.000,2005765.000
0.000,2005766.000
0.000,2005767.000
0.000,2005768.000
0.000,2005769.000
0.000,2005770.000
0.000,2005771.000
0.000,2005772.000
1.000,2005773.000
0.000,2005774.000
0.000,2005775.000
0.000,2005776.000
0.000,2005777.000
0.000,2005778.000
0.000,2005779.000
0.000,2005780.000
0.000,2005781.000
0.000,2005782.000
0.000,2005783.000
0.000,2005784.000
0.000,2005785.000
0.000,2005786.000
0.000,2005787.000
0.000,2005788.000
0.000,2005789.000
0.000,2005790.000
0.000,2005791.000
0.000,2005792.000
0.000,2005793.000
0.000,2005794.000
0.000,2005795.000
0.000,2005796.000
0.000,2005797.000
0.000,2005798.000
0.000,2005799.000
0.000,2005800.000
0.000,2005801.000
0.000,2005802.000
0.000,2005803.000
0.000,2005804.000
0.000,2005805.000
0.000,2005806.000
0.000,2005807.000
0.000,2005808.000
0.000,2005809.000
0.000,2005810.000
0.000,2005811.000
0.000,2005812.000
0.000,2005813.000
0.000,2005814.000
0.000,2005815.000
0.000,2005816.000
0.000,2005817.000
0.000,2005818.000
0.000,2005819.000
0.000,2005820.000
0.000,2005821.000
0.000,2005822.000
0.000,2005823.000
0.000,2005824.000
0.000,2005825.000
0.000,2005826.000
0.000,2005827.000
0.000,2005828.000
0.000,2005829.000
0.000,2005830.000
0.000,2005831.000
0.000,2005832.000
0.000,2005833.000
0.000,2005834.000
0.000,2005835.000
0.000,2005836.000
0.000,2005837.000
0.000,2005838.000
0.000,2005839.000
0.000,2005840.000
0.000,2005841.000
0.000,2005842.000
0.000,2005843.000
0.000,2005844.000
0.000,2005845.000
0.000,2005846.000
0.000,2005847.000
0.000,2005848.000
0.000,2005849.000
0.000,2005850.000
0.000,2005851.000
0.000,2005852.000
0.000,2005853.000
0.000,2005854.000
0.000,2005855.000
0.000,2005856.000
0.000,2005857.000
0.000,2005858.000
0.000,2005859.000
0.000,2005860.000
0.000,2005861.000
0.000,2005862.000
0.000,2005863.000
0.000,2005864.000
0.000,2005865.000
0.000,2005866.000
0.000,2005867.000
0.000,2005868.000
0.000,2005869.000
0.000,2005870.000
0.000,2005871.000
0.000,2005872.000
0.000,2005873.000
0.000,2005874.000
0.000,2005875.000
0.000,2005876.000
0.000,2005877.000
0.000,2005878.000
0.000,2005879.000
0.000,2005880.000
0.000,2005881.000
0.000,2005882.000
0.000,2005883.000
0.000,2005884.000
0.000,2005885.000
0.000,2005886.000
0.000,2005887.000
0.000,2005888.000
0.000,2005889.000
0.000,2005890.000
0.000,2005891.000
0.000,2005892.000
0.000,2005893.000
0.000,2005894.000
0.000,2005895.000
0.000,2005896.000
0.000,2005897.000
0.000,2005898.000
0.000,2005899.000
0.000,2005900.000
0.000,2005901.000
0.000,2005902.000
0.000,2005903.000
0.000,2005904.000
0.000,2005905.000
0.000,2005906.000
0.000,2005907.000
0.000,2005908.000
0.000,2005909.000
0.000,2005910.000
0.000,2005911.000
0.000,2005912.000
0.000,2005913.000
0.000,2005914.000
0.000,2005915.000
0.000,2005916.000
0.000,2005917.000
0.000,2005918.000
0.000,2005919.000
0.000,2005920.000
0.000,2005921.000
0.000,2005922.000
0.000,2005923.000
0.000,2005924.000
0.000,2005925.000
0.000,2005926.000
0.000,2005927.000
0.000,2005928.000
0.000,2005929.000
0.000,2005930.000
0.000,2005931.000
0.000,2005932.000
0.000,2005933.000
0.000,2005934.000
0.000,2005935.000
0.000,2005936.000
0.000,2005937.000
0.000,2005938.000
0.000,2005939.000
0.000,2005940.000
1.000,2005941.000
0.000,2005942.000
0.000,2005943.000
0.000,2005944.000
0.000,2005945.000
0.000,2005946.000
0.000,2005947.000
0.000,2005948.000
0.000,2005949.000
0.000,2005950.000
0.000,2005951.000
0.000,2005952.000
0.000,2005953.000
0.000,2005954.000
0.000,2005955.000
0.000,2005956.000
0.000,2005957.000
0.000,2005958.000
0.000,2005959.000
1.000,2005960.000
0.000,2005961.000
0.000,2005962.000
0.000,2005963.000
0.000,2005964.000
0.000,2005965.000
0.000,2005966.000
0.000,2005967.000
0.000,2005968.000
0.000,2005969.000
0.000,2005970.000
0.000,2005971.000
0.000,2005972.000
0.000,2005973.000
0.000,2005974.000
0.000,2005975.000
0.000,2005976.000
0.000,2005977.000
0.000,2005978.000
0.000,2005979.000
0.000,2005980.000
0.000,2005981.000
0.000,2005982.000
0.000,2005983.000
0.000,2005984.000
0.000,2005985.000
0.000,2005986.000
0.000,2005987.000
0.000,2005988.000
0.000,2005989.000
0.000,2005990.000
0.000,2005991.000
0.000,2005992.000
0.000,2005993.000
0.000,2005994.000
0.000,2005995.000
0.000,2005996.000
0.000,2005997.000
0.000,2005998.000
0.000,2005999.000
0.000,2006000.000
0.000,2006001.000
0.000,2006002.000
0.000,2006003.000
0.000,2006004.000
0.000,2006005.000
0.000,2006006.000
0.000,2006007.000
0.000,2006008.000
0.000,2006009.000
0.000,2006010.000
0.000,2006011.000
0.000,2006012.000
0.000,2006013.000
0.000,2006014.000
0.000,2006015.000
0.000,2006016.000
0.000,2006017.000
0.000,2006018.000
0.000,2006019.000
0.000,2006020.000
0.000,2006021.000
0.000,2006022.000
0.000,2006023.000
0.000,2006024.000
0.000,2006025.000
0.000,2006026.000
0.000,2006027.000
0.000,2006028.000
0.000,2006029.000
0.000,2006030.000
0.000,2006031.000
0.000,2006032.000
0.000,2006033.000
0.000,2006034.000
0.000,2006035.000
0.000,2006036.000
0.000,2006037.000
0.000,2006038.000
0.000,2006039.000
0.000,2006040.000
0.000,2006041.000
0.000,2006042.000
0.000,2006043.000
0.000,2006044.000
0.000,2006045.000
0.000,2006046.000
0.000,2006047.000
0.000,2006048.000
0.000,2006049.000
0.000,2006050.000
0.000,2006051.000
0.000,2006052.000
0.000,2006053.000
0.000,2006054.000
0.000,2006055.000
0.000,2006056.000
0.000,2006057.000
0.000,2006058.000
0.000,2006059.000
0.000,2006060.000
0.000,2006061.000
0.000,2006062.000
0.000,2006063.000
0.000,2006064.000
0.000,2006065.000
0.000,2006066.000
0.000,2006067.000
0.000,2006068.000
0.000,2006069.000
0.000,2006070.000
0.000,2006071.000
0.000,2006072.000
0.000,2006073.000
0.000,2006074.000
0.000,2006075.000
0.000,2006076.000
0.000,2006077.000
0.000,2006078.000
0.000,2006079.000
0.000,2006080.000
0.000,2006081.000
0.000,2006082.000
0.000,2006083.000
0.000,2006084.000
1.000,2006085.000
0.000,2006086.000
0.000,2006087.000
0.000,2006088.000
0.000,2006089.000
0.000,2006090.000
0.000,2006091.000
0.000,2006092.000
0.000,2006093.000
0.000,2006094.000
0.000,2006095.000
0.000,2006096.000
0.000,2006097.000
0.000,2006098.000
0.000,2006099.000
0.000,2006100.000
0.000,2006101.000
0.000,2006102.000
0.000,2006103.000
0.000,2006104.000
0.000,2006105.000
0.000,2006106.000
0.000,2006107.000
0.000,2006108.000
0.000,2006109.000
0.000,2006110.000
0.000,2006111.000
0.000,2006112.000
0.000,2006113.000
0.000,2006114.000
0.000,2006115.000
0.000,2006116.000
0.000,2006117.000
0.000,2006118.000
0.000,2006119.000
0.000,2006120.000
0.000,2006121.000
0.000,2006122.000
0.000,2006123.000
0.000,2006124.000
0.000,2006125.000
0.000,2006126.000
0.000,2006127.000
0.000,2006128.000
0.000,2006129.000
0.000,2006130.000
0.000,2006131.000
0.000,2006132.000
0.000,2006133.000
0.000,2006134.000
0.000,2006135.000
0.000,2006136.000
0.000,2006137.000
1.000,2006138.000
0.000,2006139.000
0.000,2006140.000
0.000,2006141.000
0.000,2006142.000
0.000,2006143.000
0.000,2006144.000
0.000,2006145.000
0.000,2006146.000
0.000,2006147.000
0.000,2006148.000
0.000,2006149.000
0.000,2006150.000
0.000,2006151.000
0.000,2006152.000
0.000,2006153.000
0.000,2006154.000
0.000,2006155.000
0.000,2006156.000
0.000,2006157.000
0.000,2006158.000
0.000,2006159.000
0.000,2006160.000
0.000,2006161.000
0.000,2006162.000
0.000,2006163.000
0.000,2006164.000
0.000,2006165.000
0.000,2006166.000
0.000,2006167.000
0.000,2006168.000
0.000,2006169.000
0.000,2006170.000
0.000,2006171.000
0.000,2006172.000
0.000,2006173.000
0.000,2006174.000
0.000,2006175.000
0.000,2006176.000
0.000,2006177.000
0.000,2006178.000
0.000,2006179.000
0.000,2006180.000
0.000,2006181.000
0.000,2006182.000
0.000,2006183.000
0.000,2006184.000
0.000,2006185.000
0.000,2006186.000
0.000,2006187.000
0.000,2006188.000
0.000,2006189.000
0.000,2006190.000
0.000,2006191.000
0.000,2006192.000
0.000,2006193.000
0.000,2006194.000
0.000,2006195.000
0.000,2006196.000
0.000,2006197.000
0.000,2006198.000
0.000,2006199.000
0.000,2006200.000
0.000,2006201.000
0.000,2006202.000
0.000,2006203.000
0.000,2006204.000
0.000,2006205.000
0.000,2006206.000
0.000,2006207.000
0.000,2006208.000
0.000,2006209.000
0.000,2006210.000
0.000,2006211.000
0.000,2006212.000
0.000,2006213.000
0.000,2006214.000
0.000,2006215.000
0.000,2006216.000
0.000,2006217.000
0.000,2006218.000
0.000,2006219.000
0.000,2006220.000
0.000,2006221.000
0.000,2006222.000
0.000,2006223.000
0.000,2006224.000
0.000,2006225.000
0.000,2006226.000
0.000,2006227.000
0.000,2006228.000
0.000,2006229.000
0.000,2006230.000
0.000,2006231.000
0.000,2006232.000
0.000,2006233.000
0.000,2006234.000
0.000,2006235.000
0.000,2006236.000
0.000,2006237.000
0.000,2006238.000
0.000,2006239.000
0.000,2006240.000
0.000,2006241.000
0.000,2006242.000
0.000,2006243.000
0.000,2006244.000
0.000,2006245.000
0.000,2006246.000
0.000,2006247.000
0.000,2006248.000
0.000,2006249.000
0.000,2006250.000
0.000,2006251.000
0.000,2006252.000
0.000,2006253.000
0.000,2006254.000
0.000,2006255.000
0.000,2006256.000
0.000,2006257.000
0.000,2006258.000
0.000,2006259.000
0.000,2006260.000
0.000,2006261.000
0.000,2006262.000
0.000,2006263.000
0.000,2006264.000
0.000,2006265.000
0.000,2006266.000
0.000,2006267.000
0.000,2006268.000
0.000,2006269.000
0.000,2006270.000
0.000,2006271.000
0.000,2006272.000
0.000,2006273.000
0.000,2006274.000
0.000,2006275.000
0.000,2006276.000
0.000,2006277.000
0.000,2006278.000
0.000,2006279.000
0.000,2006280.000
0.000,2006281.000
0.000,2006282.000
0.000,2006283.000
0.000,2006284.000
0.000,2006285.000
0.000,2006286.000
0.000,2006287.000
0.000,2006288.000
0.000,2006289.000
0.000,2006290.000
0.000,2006291.000
0.000,2006292.000
0.000,2006293.000
1.000,2006294.000
0.000,2006295.000
0.000,2006296.000
0.000,2006297.000
0.000,2006298.000
0.000,2006299.000
0.000,2006300.000
0.000,2006301.000
0.000,2006302.000
1.000,2006303.000
0.000,2006304.000
0.000,2006305.000
0.000,2006306.000
0.000,2006307.000
0.000,2006308.000
0.000,2006309.000
0.000,2006310.000
0.000,2006311.000
0.000,2006312.000
0.000,2006313.000
0.000,2006314.000
0.000,2006315.000
0.000,2006316.000
0.000,2006317.000
0.000,2006318.000
0.000,2006319.000
0.000,2006320.000
0.000,2006321.000
0.000,2006322.000
0.000,2006323.000
0.000,2006324.000
0.000,2006325.000
0.000,2006326.000
0.000,2006327.000
0.000,2006328.000
0.000,2006329.000
0.000,2006330.000
0.000,2006331.000
0.000,2006332.000
0.000,2006333.000
0.000,2006334.000
0.000,2006335.000
0.000,2006336.000
0.000,2006337.000
0.000,2006338.000
0.000,2006339.000
0.000,2006340.000
0.000,2006341.000
0.000,2006342.000
0.000,2006343.000
0.000,2006344.000
0.000,2006345.000
0.000,2006346.000
0.000,2006347.000
0.000,2006348.000
0.000,2006349.000
0.000,2006350.000
0.000,2006351.000
0.000,2006352.000
0.000,2006353.000
0.000,2006354.000
0.000,2006355.000
0.000,2006356.000
0.000,2006357.000
0.000,2006358.000
0.000,2006359.000
0.000,2006360.000
0.000,2006361.000
0.000,2006362.000
0.000,2006363.000
0.000,2006364.000
0.000,2006365.000
0.000,2006366.000
0.000,2006367.000
0.000,2006368.000
0.000,2006369.000
0.000,2006370.000
0.000,2006371.000
0.000,2006372.000
0.000,2006373.000
0.000,2006374.000
0.000,2006375.000
0.000,2006376.000
0.000,2006377.000
0.000,2006378.000
0.000,2006379.000
0.000,2006380.000
0.000,2006381.000
0.000,2006382.000
0.000,2006383.000
0.000,2006384.000
0.000,2006385.000
0.000,2006386.000
0.000,2006387.000
0.000,2006388.000
0.000,2006389.000
0.000,2006390.000
0.000,2006391.000
0.000,2006392.000
0.000,2006393.000
0.000,2006394.000
0.000,2006395.000
0.000,2006396.000
0.000,2006397.000
0.000,2006398.000
0.000,2006399.000
0.000,2006400.000
0.000,2006401.000
0.000,2006402.000
0.000,2006403.000
0.000,2006404.000
0.000,2006405.000
0.000,2006406.000
0.000,2006407.000
0.000,2006408.000
0.000,2006409.000
0.000,2006410.000
0.000,2006411.000
0.000,2006412.000
0.000,2006413.000
0.000,2006414.000
0.000,2006415.000
0.000,2006416.000
0.000,2006417.000
0.000,2006418.000
0.000,2006419.000
0.000,2006420.000
0.000,2006421.000
0.000,2006422.000
0.000,2006423.000
0.000,2006424.000
0.000,2006425.000
0.000,2006426.000
0.000,2006427.000
0.000,2006428.000
0.000,2006429.000
0.000,2006430.000
0.000,2006431.000
0.000,2006432.000
0.000,2006433.000
0.000,2006434.000
0.000,2006435.000
0.000,2006436.000
0.000,2006437.000
1.000,2006438.000
0.000,2006439.000
0.000,2006440.000
0.000,2006441.000
0.000,2006442.000
0.000,2006443.000
0.000,2006444.000
0.000,2006445.000
0.000,2006446.000
0.000,2006447.000
0.000,2006448.000
0.000,2006449.000
0.000,2006450.000
0.000,2006451.000
0.000,2006452.000
0.000,2006453.000
0.000,2006454.000
0.000,2006455.000
0.000,2006456.000
0.000,2006457.000
0.000,2006458.000
0.000,2006459.000
0.000,2006460.000
0.000,2006461.000
0.000,2006462.000
0.000,2006463.000
0.000,2006464.000
0.000,2006465.000
0.000,2006466.000
0.000,2006467.000
0.000,2006468.000
0.000,2006469.000
0.000,2006470.000
0.000,2006471.000
0.000,2006472.000
0.000,2006473.000
0.000,2006474.000
0.000,2006475.000
0.000,2006476.000
0.000,2006477.000
0.000,2006478.000
0.000,2006479.000
0.000,2006480.000
0.000,2006481.000
0.000,2006482.000
0.000,2006483.000
0.000,2006484.000
0.000,2006485.000
0.000,2006486.000
0.000,2006487.000
0.000,2006488.000
0.000,2006489.000
0.000,2006490.000
0.000,2006491.000
0.000,2006492.000
0.000,2006493.000
0.000,2006494.000
0.000,2006495.000
0.000,2006496.000
0.000,2006497.000
0.000,2006498.000
0.000,2006499.000
0.000,2006500.000
0.000,2006501.000
1.000,2006502.000
0.000,2006503.000
0.000,2006504.000
0.000,2006505.000
0.000,2006506.000
0.000,2006507.000
0.000,2006508.000
0.000,2006509.000
0.000,2006510.000
0.000,2006511.000
0.000,2006512.000
0.000,2006513.000
0.000,2006514.000
0.000,2006515.000
0.000,2006516.000
0.000,2006517.000
0.000,2006518.000
0.000,2006519.000
0.000,2006520.000
0.000,2006521.000
0.000,2006522.000
0.000,2006523.000
0.000,2006524.000
0.000,2006525.000
0.000,2006526.000
0.000,2006527.000
0.000,2006528.000
0.000,2006529.000
0.000,2006530.000
0.000,2006531.000
0.000,2006532.000
0.000,2006533.000
0.000,2006534.000
0.000,2006535.000
0.000,2006536.000
0.000,2006537.000
0.000,2006538.000
0.000,2006539.000
0.000,2006540.000
0.000,2006541.000
0.000,2006542.000
0.000,2006543.000
0.000,2006544.000
0.000,2006545.000
0.000,2006546.000
1.000,2006547.000
0.000,2006548.000
0.000,2006549.000
0.000,2006550.000
0.000,2006551.000
0.000,2006552.000
0.000,2006553.000
0.000,2006554.000
0.000,2006555.000
0.000,2006556.000
0.000,2006557.000
1.000,2006558.000
0.000,2006559.000
0.000,2006560.000
0.000,2006561.000
0.000,2006562.000
0.000,2006563.000
0.000,2006564.000
0.000,2006565.000
0.000,2006566.000
0.000,2006567.000
0.000,2006568.000
0.000,2006569.000
0.000,2006570.000
0.000,2006571.000
0.000,2006572.000
0.000,2006573.000
0.000,2006574.000
0.000,2006575.000
0.000,2006576.000
0.000,2006577.000
0.000,2006578.000
0.000,2006579.000
0.000,2006580.000
0.000,2006581.000
0.000,2006582.000
0.000,2006583.000
0.000,2006584.000
0.000,2006585.000
0.000,2006586.000
0.000,2006587.000
0.000,2006588.000
0.000,2006589.000
0.000,2006590.000
0.000,2006591.000
0.000,2006592.000
0.000,2006593.000
0.000,2006594.000
0.000,2006595.000
0.000,2006596.000
1.000,2006597.000
0.000,2006598.000
0.000,2006599.000
0.000,2006600.000
0.000,2006601.000
0.000,2006602.000
1.000,2006603.000
0.000,2006604.000
0.000,2006605.000
0.000,2006606.000
0.000,2006607.000
0.000,2006608.000
0.000,2006609.000
0.000,2006610.000
0.000,2006611.000
0.000,2006612.000
0.000,2006613.000
0.000,2006614.000
0.000,2006615.000
0.000,2006616.000
1.000,2006617.000
0.000,2006618.000
0.000,2006619.000
0.000,2006620.000
0.000,2006621.000
0.000,2006622.000
0.000,2006623.000
0.000,2006624.000
0.000,2006625.000
0.000,2006626.000
0.000,2006627.000
0.000,2006628.000
0.000,2006629.000
0.000,2006630.000
0.000,2006631.000
0.000,2006632.000
0.000,2006633.000
0.000,2006634.000
0.000,2006635.000
0.000,2006636.000
0.000,2006637.000
0.000,2006638.000
0.000,2006639.000
0.000,2006640.000
0.000,2006641.000
0.000,2006642.000
0.000,2006643.000
0.000,2006644.000
0.000,2006645.000
0.000,2006646.000
0.000,2006647.000
0.000,2006648.000
0.000,2006649.000
0.000,2006650.000
0.000,2006651.000
0.000,2006652.000
0.000,2006653.000
0.000,2006654.000
0.000,2006655.000
0.000,2006656.000
0.000,2006657.000
0.000,2006658.000
0.000,2006659.000
0.000,2006660.000
0.000,2006661.000
0.000,2006662.000
0.000,2006663.000
0.000,2006664.000
0.000,2006665.000
0.000,2006666.000
0.000,2006667.000
0.000,2006668.000
0.000,2006669.000
0.000,2006670.000
0.000,2006671.000
0.000,2006672.000
0.000,2006673.000
0.000,2006674.000
0.000,2006675.000
0.000,2006676.000
0.000,2006677.000
0.000,2006678.000
0.000,2006679.000
0.000,2006680.000
0.000,2006681.000
0.000,2006682.000
0.000,2006683.000
0.000,2006684.000
0.000,2006685.000
0.000,2006686.000
0.000,2006687.000
0.000,2006688.000
1.000,2006689.000
0.000,2006690.000
0.000,2006691.000
0.000,2006692.000
0.000,2006693.000
0.000,2006694.000
0.000,2006695.000
1.000,2006696.000
0.000,2006697.000
0.000,2006698.000
0.000,2006699.000
0.000,2006700.000
0.000,2006701.000
0.000,2006702.000
0.000,2006703.000
0.000,2006704.000
0.000,2006705.000
0.000,2006706.000
0.000,2006707.000
0.000,2006708.000
0.000,2006709.000
0.000,2006710.000
0.000,2006711.000
0.000,2006712.000
0.000,2006713.000
0.000,2006714.000
0.000,2006715.000
0.000,2006716.000
0.000,2006717.000
0.000,2006718.000
0.000,2006719.000
0.000,2006720.000
0.000,2006721.000
0.000,2006722.000
0.000,2006723.000
0.000,2006724.000
0.000,2006725.000
0.000,2006726.000
0.000,2006727.000
0.000,2006728.000
0.000,2006729.000
0.000,2006730.000
0.000,2006731.000
0.000,2006732.000
0.000,2006733.000
0.000,2006734.000
0.000,2006735.000
0.000,2006736.000
0.000,2006737.000
0.000,2006738.000
0.000,2006739.000
0.000,2006740.000
0.000,2006741.000
0.000,2006742.000
0.000,2006743.000
0.000,2006744.000
0.000,2006745.000
1.000,2006746.000
0.000,2006747.000
0.000,2006748.000
0.000,2006749.000
0.000,2006750.000
0.000,2006751.000
0.000,2006752.000
0.000,2006753.000
0.000,2006754.000
0.000,2006755.000
0.000,2006756.000
0.000,2006757.000
0.000,2006758.000
0.000,2006759.000
0.000,2006760.000
0.000,2006761.000
0.000,2006762.000
0.000,2006763.000
0.000,2006764.000
0.000,2006765.000
0.000,2006766.000
0.000,2006767.000
0.000,2006768.000
0.000,2006769.000
0.000,2006770.000
0.000,2006771.000
0.000,2006772.000
0.000,2006773.000
0.000,2006774.000
0.000,2006775.000
0.000,2006776.000
0.000,2006777.000
0.000,2006778.000
0.000,2006779.000
0.000,2006780.000
0.000,2006781.000
0.000,2006782.000
0.000,2006783.000
0.000,2006784.000
0.000,2006785.000
0.000,2006786.000
0.000,2006787.000
0.000,2006788.000
0.000,2006789.000
0.000,2006790.000
0.000,2006791.000
0.000,2006792.000
0.000,2006793.000
0.000,2006794.000
0.000,2006795.000
0.000,2006796.000
0.000,2006797.000
0.000,2006798.000
0.000,2006799.000
0.000,2006800.000
0.000,2006801.000
0.000,2006802.000
0.000,2006803.000
0.000,2006804.000
0.000,2006805.000
0.000,2006806.000
0.000,2006807.000
0.000,2006808.000
0.000,2006809.000
0.000,2006810.000
0.000,2006811.000
0.000,2006812.000
0.000,2006813.000
0.000,2006814.000
0.000,2006815.000
0.000,2006816.000
0.000,2006817.000
0.000,2006818.000
0.000,2006819.000
0.000,2006820.000
0.000,2006821.000
0.000,2006822.000
0.000,2006823.000
0.000,2006824.000
0.000,2006825.000
0.000,2006826.000
0.000,2006827.000
0.000,2006828.000
0.000,2006829.000
0.000,2006830.000
0.000,2006831.000
0.000,2006832.000
0.000,2006833.000
0.000,2006834.000
0.000,2006835.000
0.000,2006836.000
0.000,2006837.000
0.000,2006838.000
0.000,2006839.000
0.000,2006840.000
0.000,2006841.000
0.000,2006842.000
0.000,2006843.000
0.000,2006844.000
0.000,2006845.000
0.000,2006846.000
0.000,2006847.000
0.000,2006848.000
0.000,2006849.000
0.000,2006850.000
0.000,2006851.000
0.000,2006852.000
0.000,2006853.000
0.000,2006854.000
0.000,2006855.000
0.000,2006856.000
0.000,2006857.000
0.000,2006858.000
0.000,2006859.000
0.000,2006860.000
0.000,2006861.000
0.000,2006862.000
0.000,2006863.000
0.000,2006864.000
0.000,2006865.000
0.000,2006866.000
0.000,2006867.000
0.000,2006868.000
0.000,2006869.000
0.000,2006870.000
0.000,2006871.000
0.000,2006872.000
0.000,2006873.000
0.000,2006874.000
0.000,2006875.000
0.000,2006876.000
0.000,2006877.000
0.000,2006878.000
0.000,2006879.000
0.000,2006880.000
0.000,2006881.000
0.000,2006882.000
0.000,2006883.000
0.000,2006884.000
0.000,2006885.000
0.000,2006886.000
0.000,2006887.000
0.000,2006888.000
0.000,2006889.000
0.000,2006890.000
0.000,2006891.000
0.000,2006892.000
0.000,2006893.000
0.000,2006894.000
0.000,2006895.000
0.000,2006896.000
0.000,2006897.000
0.000,2006898.000
0.000,2006899.000
0.000,2006900.000
0.000,2006901.000
0.000,2006902.000
0.000,2006903.000
0.000,2006904.000
0.000,2006905.000
0.000,2006906.000
0.000,2006907.000
0.000,2006908.000
0.000,2006909.000
0.000,2006910.000
0.000,2006911.000
0.000,2006912.000
0.000,2006913.000
0.000,2006914.000
0.000,2006915.000
0.000,2006916.000
0.000,2006917.000
0.000,2006918.000
0.000,2006919.000
0.000,2006920.000
0.000,2006921.000
0.000,2006922.000
0.000,2006923.000
0.000,2006924.000
0.000,2006925.000
0.000,2006926.000
0.000,2006927.000
0.000,2006928.000
0.000,2006929.000
0.000,2006930.000
0.000,2006931.000
0.000,2006932.000
0.000,2006933.000
0.000,2006934.000
1.000,2006935.000
0.000,2006936.000
0.000,2006937.000
0.000,2006938.000
0.000,2006939.000
0.000,2006940.000
0.000,2006941.000
0.000,2006942.000
0.000,2006943.000
0.000,2006944.000
0.000,2006945.000
0.000,2006946.000
0.000,2006947.000
0.000,2006948.000
0.000,2006949.000
0.000,2006950.000
0.000,2006951.000
0.000,2006952.000
0.000,2006953.000
0.000,2006954.000
0.000,2006955.000
1.000,2006956.000
0.000,2006957.000
0.000,2006958.000
0.000,2006959.000
0.000,2006960.000
0.000,2006961.000
0.000,2006962.000
0.000,2006963.000
0.000,2006964.000
0.000,2006965.000
0.000,2006966.000
0.000,2006967.000
0.000,2006968.000
0.000,2006969.000
0.000,2006970.000
0.000,2006971.000
0.000,2006972.000
0.000,2006973.000
0.000,2006974.000
0.000,2006975.000
0.000,2006976.000
0.000,2006977.000
0.000,2006978.000
0.000,2006979.000
0.000,2006980.000
0.000,2006981.000
0.000,2006982.000
0.000,2006983.000
0.000,2006984.000
0.000,2006985.000
0.000,2006986.000
0.000,2006987.000
0.000,2006988.000
0.000,2006989.000
0.000,2006990.000
0.000,2006991.000
0.000,2006992.000
0.000,2006993.000
1.000,2006994.000
0.000,2006995.000
0.000,2006996.000
0.000,2006997.000
0.000,2006998.000
0.000,2006999.000
0.000,2007000.000
0.000,2007001.000
0.000,2007002.000
0.000,2007003.000
0.000,2007004.000
0.000,2007005.000
0.000,2007006.000
0.000,2007007.000
0.000,2007008.000
0.000,2007009.000
0.000,2007010.000
0.000,2007011.000
0.000,2007012.000
0.000,2007013.000
0.000,2007014.000
0.000,2007015.000
0.000,2007016.000
0.000,2007017.000
0.000,2007018.000
0.000,2007019.000
0.000,2007020.000
0.000,2007021.000
0.000,2007022.000
0.000,2007023.000
0.000,2007024.000
0.000,2007025.000
0.000,2007026.000
1.000,2007027.000
0.000,2007028.000
0.000,2007029.000
0.000,2007030.000
0.000,2007031.000
0.000,2007032.000
0.000,2007033.000
0.000,2007034.000
0.000,2007035.000
0.000,2007036.000
0.000,2007037.000
0.000,2007038.000
0.000,2007039.000
0.000,2007040.000
0.000,2007041.000
0.000,2007042.000
0.000,2007043.000
0.000,2007044.000
0.000,2007045.000
0.000,2007046.000
0.000,2007047.000
0.000,2007048.000
0.000,2007049.000
0.000,2007050.000
0.000,2007051.000
0.000,2007052.000
0.000,2007053.000
0.000,2007054.000
0.000,2007055.000
1.000,2007056.000
0.000,2007057.000
0.000,2007058.000
0.000,2007059.000
0.000,2007060.000
0.000,2007061.000
0.000,2007062.000
0.000,2007063.000
0.000,2007064.000
0.000,2007065.000
0.000,2007066.000
0.000,2007067.000
0.000,2007068.000
0.000,2007069.000
0.000,2007070.000
1.000,2007071.000
0.000,2007072.000
0.000,2007073.000
0.000,2007074.000
0.000,2007075.000
0.000,2007076.000
0.000,2007077.000
0.000,2007078.000
0.000,2007079.000
0.000,2007080.000
0.000,2007081.000
0.000,2007082.000
0.000,2007083.000
0.000,2007084.000
0.000,2007085.000
0.000,2007086.000
0.000,2007087.000
0.000,2007088.000
0.000,2007089.000
0.000,2007090.000
0.000,2007091.000
0.000,2007092.000
0.000,2007093.000
0.000,2007094.000
0.000,2007095.000
0.000,2007096.000
0.000,2007097.000
0.000,2007098.000
0.000,2007099.000
0.000,2007100.000
0.000,2007101.000
0.000,2007102.000
0.000,2007103.000
0.000,2007104.000
0.000,2007105.000
0.000,2007106.000
0.000,2007107.000
0.000,2007108.000
0.000,2007109.000
0.000,2007110.000
0.000,2007111.000
0.000,2007112.000
0.000,2007113.000
0.000,2007114.000
0.000,2007115.000
0.000,2007116.000
0.000,2007117.000
0.000,2007118.000
0.000,2007119.000
0.000,2007120.000
0.000,2007121.000
0.000,2007122.000
0.000,2007123.000
0.000,2007124.000
0.000,2007125.000
0.000,2007126.000
0.000,2007127.000
0.000,2007128.000
0.000,2007129.000
0.000,2007130.000
0.000,2007131.000
0.000,2007132.000
0.000,2007133.000
0.000,2007134.000
0.000,2007135.000
0.000,2007136.000
0.000,2007137.000
0.000,2007138.000
0.000,2007139.000
0.000,2007140.000
0.000,2007141.000
0.000,2007142.000
0.000,2007143.000
0.000,2007144.000
0.000,2007145.000
0.000,2007146.000
0.000,2007147.000
0.000,2007148.000
0.000,2007149.000
0.000,2007150.000
0.000,2007151.000
0.000,2007152.000
0.000,2007153.000
0.000,2007154.000
0.000,2007155.000
0.000,2007156.000
0.000,2007157.000
0.000,2007158.000
0.000,2007159.000
0.000,2007160.000
0.000,2007161.000
0.000,2007162.000
0.000,2007163.000
0.000,2007164.000
0.000,2007165.000
0.000,2007166.000
0.000,2007167.000
0.000,2007168.000
0.000,2007169.000
0.000,2007170.000
0.000,2007171.000
0.000,2007172.000
0.000,2007173.000
0.000,2007174.000
0.000,2007175.000
0.000,2007176.000
0.000,2007177.000
0.000,2007178.000
0.000,2007179.000
0.000,2007180.000
0.000,2007181.000
0.000,2007182.000
0.000,2007183.000
0.000,2007184.000
0.000,2007185.000
0.000,2007186.000
0.000,2007187.000
0.000,2007188.000
0.000,2007189.000
0.000,2007190.000
0.000,2007191.000
0.000,2007192.000
0.000,2007193.000
0.000,2007194.000
0.000,2007195.000
0.000,2007196.000
0.000,2007197.000
0.000,2007198.000
0.000,2007199.000
0.000,2007200.000
0.000,2007201.000
0.000,2007202.000
0.000,2007203.000
0.000,2007204.000
0.000,2007205.000
0.000,2007206.000
0.000,2007207.000
0.000,2007208.000
0.000,2007209.000
0.000,2007210.000
0.000,2007211.000
0.000,2007212.000
0.000,2007213.000
0.000,2007214.000
0.000,2007215.000
0.000,2007216.000
0.000,2007217.000
0.000,2007218.000
1.000,2007219.000
0.000,2007220.000
0.000,2007221.000
0.000,2007222.000
0.000,2007223.000
0.000,2007224.000
0.000,2007225.000
0.000,2007226.000
0.000,2007227.000
0.000,2007228.000
0.000,2007229.000
0.000,2007230.000
0.000,2007231.000
0.000,2007232.000
0.000,2007233.000
0.000,2007234.000
0.000,2007235.000
0.000,2007236.000
0.000,2007237.000
0.000,2007238.000
0.000,2007239.000
0.000,2007240.000
0.000,2007241.000
0.000,2007242.000
0.000,2007243.000
0.000,2007244.000
0.000,2007245.000
0.000,2007246.000
0.000,2007247.000
0.000,2007248.000
0.000,2007249.000
0.000,2007250.000
0.000,2007251.000
0.000,2007252.000
0.000,2007253.000
0.000,2007254.000
0.000,2007255.000
0.000,2007256.000
0.000,2007257.000
0.000,2007258.000
0.000,2007259.000
0.000,2007260.000
0.000,2007261.000
0.000,2007262.000
0.000,2007263.000
0.000,2007264.000
0.000,2007265.000
0.000,2007266.000
0.000,2007267.000
0.000,2007268.000
0.000,2007269.000
0.000,2007270.000
0.000,2007271.000
0.000,2007272.000
0.000,2007273.000
0.000,2007274.000
0.000,2007275.000
0.000,2007276.000
1.000,2007277.000
0.000,2007278.000
0.000,2007279.000
0.000,2007280.000
0.000,2007281.000
0.000,2007282.000
0.000,2007283.000
0.000,2007284.000
0.000,2007285.000
0.000,2007286.000
0.000,2007287.000
0.000,2007288.000
0.000,2007289.000
0.000,2007290.000
0.000,2007291.000
0.000,2007292.000
0.000,2007293.000
0.000,2007294.000
0.000,2007295.000
0.000,2007296.000
0.000,2007297.000
0.000,2007298.000
0.000,2007299.000
0.000,2007300.000
0.000,2007301.000
0.000,2007302.000
0.000,2007303.000
0.000,2007304.000
0.000,2007305.000
0.000,2007306.000
0.000,2007307.000
0.000,2007308.000
0.000,2007309.000
0.000,2007310.000
0.000,2007311.000
0.000,2007312.000
0.000,2007313.000
1.000,2007314.000
0.000,2007315.000
0.000,2007316.000
0.000,2007317.000
0.000,2007318.000
0.000,2007319.000
0.000,2007320.000
0.000,2007321.000
0.000,2007322.000
0.000,2007323.000
0.000,2007324.000
0.000,2007325.000
0.000,2007326.000
0.000,2007327.000
0.000,2007328.000
0.000,2007329.000
0.000,2007330.000
0.000,2007331.000
0.000,2007332.000
0.000,2007333.000
0.000,2007334.000
0.000,2007335.000
0.000,2007336.000
0.000,2007337.000
0.000,2007338.000
0.000,2007339.000
0.000,2007340.000
0.000,2007341.000
0.000,2007342.000
0.000,2007343.000
0.000,2007344.000
0.000,2007345.000
0.000,2007346.000
0.000,2007347.000
0.000,2007348.000
0.000,2007349.000
0.000,2007350.000
0.000,2007351.000
0.000,2007352.000
0.000,2007353.000
0.000,2007354.000
0.000,2007355.000
0.000,2007356.000
0.000,2007357.000
0.000,2007358.000
0.000,2007359.000
0.000,2007360.000
0.000,2007361.000
0.000,2007362.000
0.000,2007363.000
0.000,2007364.000
0.000,2007365.000
0.000,2007366.000
0.000,2007367.000
0.000,2007368.000
0.000,2007369.000
0.000,2007370.000
0.000,2007371.000
0.000,2007372.000
0.000,2007373.000
0.000,2007374.000
0.000,2007375.000
0.000,2007376.000
0.000,2007377.000
0.000,2007378.000
0.000,2007379.000
0.000,2007380.000
0.000,2007381.000
0.000,2007382.000
0.000,2007383.000
0.000,2007384.000
0.000,2007385.000
0.000,2007386.000
0.000,2007387.000
0.000,2007388.000
0.000,2007389.000
0.000,2007390.000
0.000,2007391.000
0.000,2007392.000
0.000,2007393.000
0.000,2007394.000
0.000,2007395.000
0.000,2007396.000
0.000,2007397.000
0.000,2007398.000
0.000,2007399.000
0.000,2007400.000
0.000,2007401.000
0.000,2007402.000
0.000,2007403.000
0.000,2007404.000
0.000,2007405.000
0.000,2007406.000
0.000,2007407.000
0.000,2007408.000
0.000,2007409.000
0.000,2007410.000
0.000,2007411.000
0.000,2007412.000
0.000,2007413.000
0.000,2007414.000
1.000,2007415.000
0.000,2007416.000
0.000,2007417.000
0.000,2007418.000
0.000,2007419.000
0.000,2007420.000
0.000,2007421.000
0.000,2007422.000
0.000,2007423.000
0.000,2007424.000
0.000,2007425.000
0.000,2007426.000
0.000,2007427.000
0.000,2007428.000
0.000,2007429.000
0.000,2007430.000
0.000,2007431.000
0.000,2007432.000
0.000,2007433.000
0.000,2007434.000
0.000,2007435.000
0.000,2007436.000
0.000,2007437.000
0.000,2007438.000
0.000,2007439.000
0.000,2007440.000
0.000,2007441.000
0.000,2007442.000
0.000,2007443.000
0.000,2007444.000
0.000,2007445.000
0.000,2007446.000
0.000,2007447.000
0.000,2007448.000
0.000,2007449.000
0.000,2007450.000
0.000,2007451.000
0.000,2007452.000
0.000,2007453.000
0.000,2007454.000
0.000,2007455.000
0.000,2007456.000
0.000,2007457.000
0.000,2007458.000
0.000,2007459.000
0.000,2007460.000
0.000,2007461.000
0.000,2007462.000
0.000,2007463.000
0.000,2007464.000
0.000,2007465.000
0.000,2007466.000
0.000,2007467.000
0.000,2007468.000
0.000,2007469.000
0.000,2007470.000
0.000,2007471.000
0.000,2007472.000
0.000,2007473.000
0.000,2007474.000
0.000,2007475.000
0.000,2007476.000
0.000,2007477.000
0.000,2007478.000
0.000,2007479.000
0.000,2007480.000
0.000,2007481.000
0.000,2007482.000
0.000,2007483.000
0.000,2007484.000
0.000,2007485.000
0.000,2007486.000
0.000,2007487.000
0.000,2007488.000
0.000,2007489.000
0.000,2007490.000
0.000,2007491.000
0.000,2007492.000
0.000,2007493.000
0.000,2007494.000
0.000,2007495.000
0.000,2007496.000
0.000,2007497.000
0.000,2007498.000
0.000,2007499.000
0.000,2007500.000
0.000,2007501.000
0.000,2007502.000
0.000,2007503.000
0.000,2007504.000
0.000,2007505.000
0.000,2007506.000
0.000,2007507.000
0.000,2007508.000
0.000,2007509.000
0.000,2007510.000
0.000,2007511.000
0.000,2007512.000
0.000,2007513.000
0.000,2007514.000
0.000,2007515.000
0.000,2007516.000
1.000,2007517.000
0.000,2007518.000
0.000,2007519.000
0.000,2007520.000
0.000,2007521.000
0.000,2007522.000
0.000,2007523.000
0.000,2007524.000
0.000,2007525.000
0.000,2007526.000
0.000,2007527.000
0.000,2007528.000
0.000,2007529.000
0.000,2007530.000
0.000,2007531.000
0.000,2007532.000
0.000,2007533.000
0.000,2007534.000
0.000,2007535.000
0.000,2007536.000
0.000,2007537.000
0.000,2007538.000
0.000,2007539.000
0.000,2007540.000
0.000,2007541.000
0.000,2007542.000
1.000,2007543.000
0.000,2007544.000
0.000,2007545.000
0.000,2007546.000
0.000,2007547.000
0.000,2007548.000
0.000,2007549.000
0.000,2007550.000
0.000,2007551.000
0.000,2007552.000
0.000,2007553.000
0.000,2007554.000
0.000,2007555.000
0.000,2007556.000
0.000,2007557.000
0.000,2007558.000
0.000,2007559.000
0.000,2007560.000
1.000,2007561.000
0.000,2007562.000
0.000,2007563.000
0.000,2007564.000
0.000,2007565.000
0.000,2007566.000
0.000,2007567.000
0.000,2007568.000
0.000,2007569.000
0.000,2007570.000
0.000,2007571.000
0.000,2007572.000
0.000,2007573.000
0.000,2007574.000
0.000,2007575.000
0.000,2007576.000
0.000,2007577.000
0.000,2007578.000
0.000,2007579.000
0.000,2007580.000
0.000,2007581.000
0.000,2007582.000
1.000,2007583.000
0.000,2007584.000
0.000,2007585.000
0.000,2007586.000
0.000,2007587.000
1.000,2007588.000
0.000,2007589.000
0.000,2007590.000
0.000,2007591.000
0.000,2007592.000
0.000,2007593.000
0.000,2007594.000
0.000,2007595.000
0.000,2007596.000
0.000,2007597.000
0.000,2007598.000
0.000,2007599.000
0.000,2007600.000
0.000,2007601.000
0.000,2007602.000
0.000,2007603.000
0.000,2007604.000
0.000,2007605.000
0.000,2007606.000
1.000,2007607.000
0.000,2007608.000
0.000,2007609.000
0.000,2007610.000
0.000,2007611.000
0.000,2007612.000
0.000,2007613.000
0.000,2007614.000
0.000,2007615.000
0.000,2007616.000
0.000,2007617.000
0.000,2007618.000
0.000,2007619.000
1.000,2007620.000
0.000,2007621.000
0.000,2007622.000
0.000,2007623.000
0.000,2007624.000
0.000,2007625.000
0.000,2007626.000
0.000,2007627.000
0.000,2007628.000
0.000,2007629.000
0.000,2007630.000
0.000,2007631.000
0.000,2007632.000
0.000,2007633.000
0.000,2007634.000
0.000,2007635.000
0.000,2007636.000
0.000,2007637.000
0.000,2007638.000
0.000,2007639.000
0.000,2007640.000
0.000,2007641.000
0.000,2007642.000
0.000,2007643.000
0.000,2007644.000
0.000,2007645.000
0.000,2007646.000
0.000,2007647.000
0.000,2007648.000
0.000,2007649.000
0.000,2007650.000
0.000,2007651.000
0.000,2007652.000
0.000,2007653.000
0.000,2007654.000
0.000,2007655.000
0.000,2007656.000
0.000,2007657.000
0.000,2007658.000
0.000,2007659.000
0.000,2007660.000
0.000,2007661.000
0.000,2007662.000
0.000,2007663.000
0.000,2007664.000
0.000,2007665.000
0.000,2007666.000
0.000,2007667.000
0.000,2007668.000
0.000,2007669.000
0.000,2007670.000
0.000,2007671.000
0.000,2007672.000
0.000,2007673.000
0.000,2007674.000
0.000,2007675.000
0.000,2007676.000
0.000,2007677.000
0.000,2007678.000
0.000,2007679.000
0.000,2007680.000
0.000,2007681.000
0.000,2007682.000
0.000,2007683.000
0.000,2007684.000
0.000,2007685.000
0.000,2007686.000
0.000,2007687.000
0.000,2007688.000
0.000,2007689.000
0.000,2007690.000
0.000,2007691.000
0.000,2007692.000
0.000,2007693.000
0.000,2007694.000
0.000,2007695.000
0.000,2007696.000
0.000,2007697.000
0.000,2007698.000
0.000,2007699.000
0.000,2007700.000
0.000,2007701.000
0.000,2007702.000
0.000,2007703.000
0.000,2007704.000
0.000,2007705.000
0.000,2007706.000
0.000,2007707.000
0.000,2007708.000
0.000,2007709.000
0.000,2007710.000
0.000,2007711.000
0.000,2007712.000
0.000,2007713.000
0.000,2007714.000
0.000,2007715.000
0.000,2007716.000
0.000,2007717.000
0.000,2007718.000
0.000,2007719.000
0.000,2007720.000
0.000,2007721.000
0.000,2007722.000
0.000,2007723.000
0.000,2007724.000
0.000,2007725.000
0.000,2007726.000
0.000,2007727.000
0.000,2007728.000
0.000,2007729.000
0.000,2007730.000
0.000,2007731.000
0.000,2007732.000
0.000,2007733.000
0.000,2007734.000
0.000,2007735.000
0.000,2007736.000
0.000,2007737.000
0.000,2007738.000
0.000,2007739.000
0.000,2007740.000
0.000,2007741.000
0.000,2007742.000
0.000,2007743.000
0.000,2007744.000
0.000,2007745.000
0.000,2007746.000
0.000,2007747.000
0.000,2007748.000
0.000,2007749.000
0.000,2007750.000
0.000,2007751.000
0.000,2007752.000
0.000,2007753.000
0.000,2007754.000
0.000,2007755.000
0.000,2007756.000
0.000,2007757.000
0.000,2007758.000
0.000,2007759.000
0.000,2007760.000
0.000,2007761.000
0.000,2007762.000
0.000,2007763.000
0.000,2007764.000
0.000,2007765.000
0.000,2007766.000
0.000,2007767.000
0.000,2007768.000
0.000,2007769.000
0.000,2007770.000
0.000,2007771.000
0.000,2007772.000
0.000,2007773.000
0.000,2007774.000
0.000,2007775.000
0.000,2007776.000
0.000,2007777.000
0.000,2007778.000
0.000,2007779.000
0.000,2007780.000
0.000,2007781.000
0.000,2007782.000
0.000,2007783.000
0.000,2007784.000
0.000,2007785.000
0.000,2007786.000
0.000,2007787.000
0.000,2007788.000
0.000,2007789.000
0.000,2007790.000
0.000,2007791.000
0.000,2007792.000
0.000,2007793.000
0.000,2007794.000
0.000,2007795.000
0.000,2007796.000
0.000,2007797.000
0.000,2007798.000
0.000,2007799.000
0.000,2007800.000
0.000,2007801.000
0.000,2007802.000
0.000,2007803.000
0.000,2007804.000
0.000,2007805.000
0.000,2007806.000
0.000,2007807.000
0.000,2007808.000
0.000,2007809.000
0.000,2007810.000
0.000,2007811.000
0.000,2007812.000
0.000,2007813.000
0.000,2007814.000
0.000,2007815.000
0.000,2007816.000
0.000,2007817.000
0.000,2007818.000
0.000,2007819.000
0.000,2007820.000
0.000,2007821.000
0.000,2007822.000
0.000,2007823.000
0.000,2007824.000
0.000,2007825.000
0.000,2007826.000
0.000,2007827.000
0.000,2007828.000
0.000,2007829.000
0.000,2007830.000
0.000,2007831.000
0.000,2007832.000
0.000,2007833.000
0.000,2007834.000
0.000,2007835.000
0.000,2007836.000
0.000,2007837.000
0.000,2007838.000
0.000,2007839.000
0.000,2007840.000
0.000,2007841.000
0.000,2007842.000
0.000,2007843.000
0.000,2007844.000
0.000,2007845.000
0.000,2007846.000
0.000,2007847.000
0.000,2007848.000
0.000,2007849.000
0.000,2007850.000
0.000,2007851.000
0.000,2007852.000
0.000,2007853.000
0.000,2007854.000
0.000,2007855.000
0.000,2007856.000
0.000,2007857.000
0.000,2007858.000
0.000,2007859.000
0.000,2007860.000
0.000,2007861.000
0.000,2007862.000
0.000,2007863.000
0.000,2007864.000
0.000,2007865.000
0.000,2007866.000
0.000,2007867.000
0.000,2007868.000
0.000,2007869.000
0.000,2007870.000
0.000,2007871.000
0.000,2007872.000
0.000,2007873.000
0.000,2007874.000
0.000,2007875.000
0.000,2007876.000
0.000,2007877.000
0.000,2007878.000
0.000,2007879.000
0.000,2007880.000
0.000,2007881.000
0.000,2007882.000
0.000,2007883.000
0.000,2007884.000
0.000,2007885.000
0.000,2007886.000
0.000,2007887.000
0.000,2007888.000
0.000,2007889.000
0.000,2007890.000
0.000,2007891.000
0.000,2007892.000
0.000,2007893.000
0.000,2007894.000
0.000,2007895.000
0.000,2007896.000
0.000,2007897.000
0.000,2007898.000
0.000,2007899.000
0.000,2007900.000
0.000,2007901.000
0.000,2007902.000
0.000,2007903.000
0.000,2007904.000
0.000,2007905.000
0.000,2007906.000
0.000,2007907.000
0.000,2007908.000
0.000,2007909.000
0.000,2007910.000
0.000,2007911.000
0.000,2007912.000
1.000,2007913.000
0.000,2007914.000
0.000,2007915.000
0.000,2007916.000
0.000,2007917.000
0.000,2007918.000
0.000,2007919.000
0.000,2007920.000
0.000,2007921.000
0.000,2007922.000
0.000,2007923.000
0.000,2007924.000
0.000,2007925.000
0.000,2007926.000
0.000,2007927.000
0.000,2007928.000
0.000,2007929.000
0.000,2007930.000
0.000,2007931.000
0.000,2007932.000
0.000,2007933.000
0.000,2007934.000
0.000,2007935.000
0.000,2007936.000
0.000,2007937.000
0.000,2007938.000
0.000,2007939.000
0.000,2007940.000
0.000,2007941.000
0.000,2007942.000
0.000,2007943.000
0.000,2007944.000
0.000,2007945.000
0.000,2007946.000
1.000,2007947.000
0.000,2007948.000
0.000,2007949.000
0.000,2007950.000
0.000,2007951.000
0.000,2007952.000
0.000,2007953.000
0.000,2007954.000
0.000,2007955.000
0.000,2007956.000
0.000,2007957.000
0.000,2007958.000
0.000,2007959.000
0.000,2007960.000
0.000,2007961.000
0.000,2007962.000
0.000,2007963.000
0.000,2007964.000
0.000,2007965.000
0.000,2007966.000
1.000,2007967.000
0.000,2007968.000
0.000,2007969.000
0.000,2007970.000
0.000,2007971.000
0.000,2007972.000
0.000,2007973.000
0.000,2007974.000
0.000,2007975.000
0.000,2007976.000
0.000,2007977.000
0.000,2007978.000
0.000,2007979.000
0.000,2007980.000
0.000,2007981.000
0.000,2007982.000
0.000,2007983.000
0.000,2007984.000
0.000,2007985.000
0.000,2007986.000
0.000,2007987.000
0.000,2007988.000
0.000,2007989.000
0.000,2007990.000
0.000,2007991.000
0.000,2007992.000
0.000,2007993.000
0.000,2007994.000
0.000,2007995.000
0.000,2007996.000
0.000,2007997.000
0.000,2007998.000
0.000,2007999.000
0.000,2008000.000
0.000,2008001.000
0.000,2008002.000
0.000,2008003.000
0.000,2008004.000
0.000,2008005.000
0.000,2008006.000
0.000,2008007.000
0.000,2008008.000
0.000,2008009.000
0.000,2008010.000
0.000,2008011.000
0.000,2008012.000
0.000,2008013.000
0.000,2008014.000
0.000,2008015.000
0.000,2008016.000
0.000,2008017.000
0.000,2008018.000
0.000,2008019.000
0.000,2008020.000
0.000,2008021.000
0.000,2008022.000
0.000,2008023.000
0.000,2008024.000
0.000,2008025.000
0.000,2008026.000
0.000,2008027.000
0.000,2008028.000
0.000,2008029.000
0.000,2008030.000
1.000,2008031.000
0.000,2008032.000
0.000,2008033.000
0.000,2008034.000
0.000,2008035.000
0.000,2008036.000
0.000,2008037.000
0.000,2008038.000
0.000,2008039.000
0.000,2008040.000
0.000,2008041.000
0.000,2008042.000
0.000,2008043.000
0.000,2008044.000
0.000,2008045.000
0.000,2008046.000
0.000,2008047.000
0.000,2008048.000
0.000,2008049.000
0.000,2008050.000
0.000,2008051.000
0.000,2008052.000
0.000,2008053.000
0.000,2008054.000
0.000,2008055.000
0.000,2008056.000
0.000,2008057.000
0.000,2008058.000
0.000,2008059.000
0.000,2008060.000
0.000,2008061.000
0.000,2008062.000
0.000,2008063.000
0.000,2008064.000
0.000,2008065.000
0.000,2008066.000
0.000,2008067.000
0.000,2008068.000
0.000,2008069.000
0.000,2008070.000
0.000,2008071.000
0.000,2008072.000
0.000,2008073.000
0.000,2008074.000
0.000,2008075.000
0.000,2008076.000
1.000,2008077.000
0.000,2008078.000
0.000,2008079.000
0.000,2008080.000
0.000,2008081.000
0.000,2008082.000
0.000,2008083.000
0.000,2008084.000
0.000,2008085.000
0.000,2008086.000
0.000,2008087.000
0.000,2008088.000
0.000,2008089.000
0.000,2008090.000
0.000,2008091.000
0.000,2008092.000
0.000,2008093.000
0.000,2008094.000
0.000,2008095.000
0.000,2008096.000
0.000,2008097.000
0.000,2008098.000
0.000,2008099.000
0.000,2008100.000
0.000,2008101.000
0.000,2008102.000
0.000,2008103.000
0.000,2008104.000
0.000,2008105.000
0.000,2008106.000
0.000,2008107.000
0.000,2008108.000
0.000,2008109.000
0.000,2008110.000
0.000,2008111.000
0.000,2008112.000
0.000,2008113.000
0.000,2008114.000
1.000,2008115.000
0.000,2008116.000
0.000,2008117.000
0.000,2008118.000
0.000,2008119.000
0.000,2008120.000
0.000,2008121.000
0.000,2008122.000
0.000,2008123.000
0.000,2008124.000
0.000,2008125.000
0.000,2008126.000
0.000,2008127.000
0.000,2008128.000
0.000,2008129.000
0.000,2008130.000
0.000,2008131.000
0.000,2008132.000
0.000,2008133.000
0.000,2008134.000
0.000,2008135.000
0.000,2008136.000
0.000,2008137.000
0.000,2008138.000
0.000,2008139.000
0.000,2008140.000
0.000,2008141.000
0.000,2008142.000
0.000,2008143.000
0.000,2008144.000
0.000,2008145.000
0.000,2008146.000
0.000,2008147.000
0.000,2008148.000
0.000,2008149.000
0.000,2008150.000
0.000,2008151.000
0.000,2008152.000
0.000,2008153.000
0.000,2008154.000
0.000,2008155.000
0.000,2008156.000
0.000,2008157.000
0.000,2008158.000
0.000,2008159.000
0.000,2008160.000
0.000,2008161.000
0.000,2008162.000
0.000,2008163.000
0.000,2008164.000
0.000,2008165.000
0.000,2008166.000
0.000,2008167.000
0.000,2008168.000
0.000,2008169.000
0.000,2008170.000
0.000,2008171.000
0.000,2008172.000
0.000,2008173.000
0.000,2008174.000
0.000,2008175.000
0.000,2008176.000
0.000,2008177.000
0.000,2008178.000
0.000,2008179.000
0.000,2008180.000
0.000,2008181.000
0.000,2008182.000
0.000,2008183.000
0.000,2008184.000
0.000,2008185.000
0.000,2008186.000
0.000,2008187.000
0.000,2008188.000
0.000,2008189.000
0.000,2008190.000
0.000,2008191.000
0.000,2008192.000
0.000,2008193.000
0.000,2008194.000
0.000,2008195.000
0.000,2008196.000
0.000,2008197.000
0.000,2008198.000
0.000,2008199.000
0.000,2008200.000
0.000,2008201.000
0.000,2008202.000
0.000,2008203.000
0.000,2008204.000
0.000,2008205.000
0.000,2008206.000
0.000,2008207.000
0.000,2008208.000
0.000,2008209.000
0.000,2008210.000
0.000,2008211.000
0.000,2008212.000
0.000,2008213.000
0.000,2008214.000
0.000,2008215.000
0.000,2008216.000
0.000,2008217.000
0.000,2008218.000
0.000,2008219.000
0.000,2008220.000
0.000,2008221.000
0.000,2008222.000
0.000,2008223.000
0.000,2008224.000
0.000,2008225.000
0.000,2008226.000
0.000,2008227.000
0.000,2008228.000
0.000,2008229.000
0.000,2008230.000
0.000,2008231.000
0.000,2008232.000
0.000,2008233.000
0.000,2008234.000
0.000,2008235.000
0.000,2008236.000
0.000,2008237.000
0.000,2008238.000
0.000,2008239.000
0.000,2008240.000
0.000,2008241.000
0.000,2008242.000
1.000,2008243.000
0.000,2008244.000
0.000,2008245.000
0.000,2008246.000
0.000,2008247.000
0.000,2008248.000
0.000,2008249.000
0.000,2008250.000
0.000,2008251.000
0.000,2008252.000
0.000,2008253.000
0.000,2008254.000
0.000,2008255.000
0.000,2008256.000
0.000,2008257.000
0.000,2008258.000
0.000,2008259.000
0.000,2008260.000
0.000,2008261.000
0.000,2008262.000
0.000,2008263.000
0.000,2008264.000
0.000,2008265.000
0.000,2008266.000
0.000,2008267.000
0.000,2008268.000
0.000,2008269.000
0.000,2008270.000
0.000,2008271.000
0.000,2008272.000
0.000,2008273.000
0.000,2008274.000
0.000,2008275.000
0.000,2008276.000
0.000,2008277.000
0.000,2008278.000
0.000,2008279.000
0.000,2008280.000
0.000,2008281.000
0.000,2008282.000
0.000,2008283.000
0.000,2008284.000
0.000,2008285.000
0.000,2008286.000
0.000,2008287.000
0.000,2008288.000
0.000,2008289.000
0.000,2008290.000
0.000,2008291.000
0.000,2008292.000
0.000,2008293.000
0.000,2008294.000
0.000,2008295.000
0.000,2008296.000
0.000,2008297.000
0.000,2008298.000
0.000,2008299.000
0.000,2008300.000
0.000,2008301.000
0.000,2008302.000
0.000,2008303.000
0.000,2008304.000
0.000,2008305.000
0.000,2008306.000
0.000,2008307.000
0.000,2008308.000
0.000,2008309.000
0.000,2008310.000
0.000,2008311.000
0.000,2008312.000
0.000,2008313.000
0.000,2008314.000
0.000,2008315.000
0.000,2008316.000
0.000,2008317.000
0.000,2008318.000
0.000,2008319.000
0.000,2008320.000
0.000,2008321.000
0.000,2008322.000
0.000,2008323.000
0.000,2008324.000
0.000,2008325.000
0.000,2008326.000
0.000,2008327.000
0.000,2008328.000
0.000,2008329.000
0.000,2008330.000
0.000,2008331.000
0.000,2008332.000
0.000,2008333.000
0.000,2008334.000
0.000,2008335.000
0.000,2008336.000
0.000,2008337.000
0.000,2008338.000
0.000,2008339.000
0.000,2008340.000
0.000,2008341.000
0.000,2008342.000
0.000,2008343.000
0.000,2008344.000
0.000,2008345.000
0.000,2008346.000
0.000,2008347.000
0.000,2008348.000
0.000,2008349.000
0.000,2008350.000
0.000,2008351.000
0.000,2008352.000
0.000,2008353.000
0.000,2008354.000
0.000,2008355.000
0.000,2008356.000
0.000,2008357.000
0.000,2008358.000
0.000,2008359.000
0.000,2008360.000
0.000,2008361.000
0.000,2008362.000
0.000,2008363.000
0.000,2008364.000
0.000,2008365.000
0.000,2008366.000
0.000,2008367.000
0.000,2008368.000
0.000,2008369.000
0.000,2008370.000
0.000,2008371.000
0.000,2008372.000
0.000,2008373.000
0.000,2008374.000
0.000,2008375.000
0.000,2008376.000
0.000,2008377.000
0.000,2008378.000
0.000,2008379.000
0.000,2008380.000
0.000,2008381.000
0.000,2008382.000
0.000,2008383.000
0.000,2008384.000
0.000,2008385.000
0.000,2008386.000
0.000,2008387.000
0.000,2008388.000
0.000,2008389.000
0.000,2008390.000
0.000,2008391.000
0.000,2008392.000
0.000,2008393.000
0.000,2008394.000
0.000,2008395.000
0.000,2008396.000
0.000,2008397.000
0.000,2008398.000
0.000,2008399.000
0.000,2008400.000
1.000,2008401.000
0.000,2008402.000
0.000,2008403.000
0.000,2008404.000
0.000,2008405.000
0.000,2008406.000
0.000,2008407.000
0.000,2008408.000
0.000,2008409.000
0.000,2008410.000
0.000,2008411.000
0.000,2008412.000
0.000,2008413.000
0.000,2008414.000
0.000,2008415.000
0.000,2008416.000
0.000,2008417.000
0.000,2008418.000
0.000,2008419.000
0.000,2008420.000
0.000,2008421.000
0.000,2008422.000
0.000,2008423.000
0.000,2008424.000
0.000,2008425.000
0.000,2008426.000
0.000,2008427.000
0.000,2008428.000
0.000,2008429.000
0.000,2008430.000
0.000,2008431.000
0.000,2008432.000
0.000,2008433.000
0.000,2008434.000
0.000,2008435.000
0.000,2008436.000
0.000,2008437.000
0.000,2008438.000
0.000,2008439.000
0.000,2008440.000
0.000,2008441.000
0.000,2008442.000
0.000,2008443.000
0.000,2008444.000
0.000,2008445.000
0.000,2008446.000
0.000,2008447.000
0.000,2008448.000
0.000,2008449.000
0.000,2008450.000
0.000,2008451.000
0.000,2008452.000
0.000,2008453.000
0.000,2008454.000
0.000,2008455.000
0.000,2008456.000
0.000,2008457.000
0.000,2008458.000
0.000,2008459.000
0.000,2008460.000
0.000,2008461.000
0.000,2008462.000
0.000,2008463.000
0.000,2008464.000
0.000,2008465.000
0.000,2008466.000
0.000,2008467.000
0.000,2008468.000
0.000,2008469.000
0.000,2008470.000
0.000,2008471.000
0.000,2008472.000
0.000,2008473.000
0.000,2008474.000
0.000,2008475.000
0.000,2008476.000
0.000,2008477.000
0.000,2008478.000
0.000,2008479.000
0.000,2008480.000
0.000,2008481.000
0.000,2008482.000
0.000,2008483.000
0.000,2008484.000
0.000,2008485.000
0.000,2008486.000
0.000,2008487.000
0.000,2008488.000
0.000,2008489.000
0.000,2008490.000
0.000,2008491.000
0.000,2008492.000
0.000,2008493.000
0.000,2008494.000
0.000,2008495.000
0.000,2008496.000
0.000,2008497.000
0.000,2008498.000
0.000,2008499.000
0.000,2008500.000
0.000,2008501.000
0.000,2008502.000
0.000,2008503.000
0.000,2008504.000
0.000,2008505.000
0.000,2008506.000
0.000,2008507.000
0.000,2008508.000
0.000,2008509.000
0.000,2008510.000
0.000,2008511.000
1.000,2008512.000
0.000,2008513.000
0.000,2008514.000
0.000,2008515.000
0.000,2008516.000
0.000,2008517.000
0.000,2008518.000
0.000,2008519.000
0.000,2008520.000
0.000,2008521.000
0.000,2008522.000
0.000,2008523.000
0.000,2008524.000
0.000,2008525.000
0.000,2008526.000
0.000,2008527.000
0.000,2008528.000
0.000,2008529.000
0.000,2008530.000
0.000,2008531.000
0.000,2008532.000
0.000,2008533.000
0.000,2008534.000
0.000,2008535.000
0.000,2008536.000
0.000,2008537.000
0.000,2008538.000
0.000,2008539.000
0.000,2008540.000
0.000,2008541.000
0.000,2008542.000
0.000,2008543.000
0.000,2008544.000
0.000,2008545.000
0.000,2008546.000
0.000,2008547.000
0.000,2008548.000
0.000,2008549.000
0.000,2008550.000
0.000,2008551.000
0.000,2008552.000
1.000,2008553.000
0.000,2008554.000
0.000,2008555.000
0.000,2008556.000
0.000,2008557.000
0.000,2008558.000
0.000,2008559.000
0.000,2008560.000
0.000,2008561.000
0.000,2008562.000
0.000,2008563.000
0.000,2008564.000
0.000,2008565.000
0.000,2008566.000
0.000,2008567.000
0.000,2008568.000
0.000,2008569.000
0.000,2008570.000
0.000,2008571.000
0.000,2008572.000
1.000,2008573.000
0.000,2008574.000
0.000,2008575.000
0.000,2008576.000
0.000,2008577.000
0.000,2008578.000
0.000,2008579.000
0.000,2008580.000
0.000,2008581.000
0.000,2008582.000
0.000,2008583.000
0.000,2008584.000
0.000,2008585.000
0.000,2008586.000
0.000,2008587.000
0.000,2008588.000
0.000,2008589.000
0.000,2008590.000
0.000,2008591.000
0.000,2008592.000
0.000,2008593.000
0.000,2008594.000
0.000,2008595.000
0.000,2008596.000
0.000,2008597.000
0.000,2008598.000
1.000,2008599.000
0.000,2008600.000
0.000,2008601.000
0.000,2008602.000
1.000,2008603.000
0.000,2008604.000
0.000,2008605.000
0.000,2008606.000
0.000,2008607.000
0.000,2008608.000
0.000,2008609.000
0.000,2008610.000
0.000,2008611.000
0.000,2008612.000
0.000,2008613.000
0.000,2008614.000
0.000,2008615.000
0.000,2008616.000
0.000,2008617.000
0.000,2008618.000
0.000,2008619.000
0.000,2008620.000
0.000,2008621.000
0.000,2008622.000
0.000,2008623.000
0.000,2008624.000
0.000,2008625.000
0.000,2008626.000
0.000,2008627.000
0.000,2008628.000
0.000,2008629.000
0.000,2008630.000
0.000,2008631.000
0.000,2008632.000
0.000,2008633.000
0.000,2008634.000
0.000,2008635.000
0.000,2008636.000
0.000,2008637.000
0.000,2008638.000
0.000,2008639.000
0.000,2008640.000
0.000,2008641.000
0.000,2008642.000
0.000,2008643.000
0.000,2008644.000
0.000,2008645.000
0.000,2008646.000
0.000,2008647.000
0.000,2008648.000
0.000,2008649.000
0.000,2008650.000
0.000,2008651.000
0.000,2008652.000
0.000,2008653.000
0.000,2008654.000
0.000,2008655.000
0.000,2008656.000
0.000,2008657.000
0.000,2008658.000
0.000,2008659.000
0.000,2008660.000
0.000,2008661.000
0.000,2008662.000
0.000,2008663.000
0.000,2008664.000
0.000,2008665.000
0.000,2008666.000
0.000,2008667.000
0.000,2008668.000
0.000,2008669.000
0.000,2008670.000
0.000,2008671.000
0.000,2008672.000
0.000,2008673.000
0.000,2008674.000
0.000,2008675.000
0.000,2008676.000
0.000,2008677.000
0.000,2008678.000
0.000,2008679.000
0.000,2008680.000
0.000,2008681.000
0.000,2008682.000
0.000,2008683.000
1.000,2008684.000
0.000,2008685.000
0.000,2008686.000
0.000,2008687.000
0.000,2008688.000
0.000,2008689.000
0.000,2008690.000
0.000,2008691.000
0.000,2008692.000
0.000,2008693.000
0.000,2008694.000
0.000,2008695.000
0.000,2008696.000
0.000,2008697.000
0.000,2008698.000
0.000,2008699.000
0.000,2008700.000
0.000,2008701.000
0.000,2008702.000
0.000,2008703.000
0.000,2008704.000
0.000,2008705.000
0.000,2008706.000
0.000,2008707.000
0.000,2008708.000
0.000,2008709.000
0.000,2008710.000
0.000,2008711.000
0.000,2008712.000
0.000,2008713.000
0.000,2008714.000
0.000,2008715.000
0.000,2008716.000
0.000,2008717.000
0.000,2008718.000
0.000,2008719.000
0.000,2008720.000
0.000,2008721.000
0.000,2008722.000
0.000,2008723.000
0.000,2008724.000
0.000,2008725.000
0.000,2008726.000
0.000,2008727.000
0.000,2008728.000
0.000,2008729.000
0.000,2008730.000
0.000,2008731.000
0.000,2008732.000
0.000,2008733.000
0.000,2008734.000
0.000,2008735.000
0.000,2008736.000
0.000,2008737.000
0.000,2008738.000
0.000,2008739.000
0.000,2008740.000
0.000,2008741.000
0.000,2008742.000
0.000,2008743.000
0.000,2008744.000
0.000,2008745.000
0.000,2008746.000
0.000,2008747.000
0.000,2008748.000
0.000,2008749.000
0.000,2008750.000
0.000,2008751.000
0.000,2008752.000
0.000,2008753.000
0.000,2008754.000
0.000,2008755.000
0.000,2008756.000
0.000,2008757.000
0.000,2008758.000
0.000,2008759.000
0.000,2008760.000
0.000,2008761.000
0.000,2008762.000
0.000,2008763.000
0.000,2008764.000
0.000,2008765.000
0.000,2008766.000
0.000,2008767.000
0.000,2008768.000
0.000,2008769.000
0.000,2008770.000
0.000,2008771.000
0.000,2008772.000
0.000,2008773.000
0.000,2008774.000
0.000,2008775.000
0.000,2008776.000
0.000,2008777.000
0.000,2008778.000
0.000,2008779.000
0.000,2008780.000
0.000,2008781.000
0.000,2008782.000
0.000,2008783.000
0.000,2008784.000
0.000,2008785.000
0.000,2008786.000
0.000,2008787.000
0.000,2008788.000
0.000,2008789.000
0.000,2008790.000
0.000,2008791.000
0.000,2008792.000
0.000,2008793.000
0.000,2008794.000
0.000,2008795.000
0.000,2008796.000
0.000,2008797.000
0.000,2008798.000
0.000,2008799.000
0.000,2008800.000
0.000,2008801.000
0.000,2008802.000
0.000,2008803.000
0.000,2008804.000
0.000,2008805.000
0.000,2008806.000
0.000,2008807.000
0.000,2008808.000
0.000,2008809.000
0.000,2008810.000
0.000,2008811.000
0.000,2008812.000
0.000,2008813.000
0.000,2008814.000
0.000,2008815.000
0.000,2008816.000
0.000,2008817.000
0.000,2008818.000
0.000,2008819.000
0.000,2008820.000
0.000,2008821.000
0.000,2008822.000
0.000,2008823.000
0.000,2008824.000
0.000,2008825.000
0.000,2008826.000
0.000,2008827.000
0.000,2008828.000
0.000,2008829.000
0.000,2008830.000
0.000,2008831.000
0.000,2008832.000
0.000,2008833.000
0.000,2008834.000
0.000,2008835.000
0.000,2008836.000
0.000,2008837.000
0.000,2008838.000
0.000,2008839.000
0.000,2008840.000
0.000,2008841.000
0.000,2008842.000
0.000,2008843.000
0.000,2008844.000
0.000,2008845.000
0.000,2008846.000
0.000,2008847.000
0.000,2008848.000
0.000,2008849.000
0.000,2008850.000
0.000,2008851.000
0.000,2008852.000
0.000,2008853.000
0.000,2008854.000
0.000,2008855.000
0.000,2008856.000
0.000,2008857.000
0.000,2008858.000
1.000,2008859.000
0.000,2008860.000
0.000,2008861.000
0.000,2008862.000
0.000,2008863.000
0.000,2008864.000
0.000,2008865.000
0.000,2008866.000
0.000,2008867.000
0.000,2008868.000
0.000,2008869.000
0.000,2008870.000
0.000,2008871.000
0.000,2008872.000
0.000,2008873.000
0.000,2008874.000
0.000,2008875.000
0.000,2008876.000
0.000,2008877.000
0.000,2008878.000
0.000,2008879.000
0.000,2008880.000
0.000,2008881.000
0.000,2008882.000
0.000,2008883.000
0.000,2008884.000
0.000,2008885.000
0.000,2008886.000
0.000,2008887.000
0.000,2008888.000
0.000,2008889.000
0.000,2008890.000
0.000,2008891.000
0.000,2008892.000
0.000,2008893.000
0.000,2008894.000
0.000,2008895.000
0.000,2008896.000
0.000,2008897.000
0.000,2008898.000
0.000,2008899.000
0.000,2008900.000
0.000,2008901.000
0.000,2008902.000
0.000,2008903.000
0.000,2008904.000
0.000,2008905.000
0.000,2008906.000
0.000,2008907.000
0.000,2008908.000
0.000,2008909.000
0.000,2008910.000
0.000,2008911.000
0.000,2008912.000
0.000,2008913.000
0.000,2008914.000
0.000,2008915.000
0.000,2008916.000
0.000,2008917.000
0.000,2008918.000
0.000,2008919.000
0.000,2008920.000
0.000,2008921.000
0.000,2008922.000
0.000,2008923.000
0.000,2008924.000
0.000,2008925.000
0.000,2008926.000
0.000,2008927.000
0.000,2008928.000
0.000,2008929.000
0.000,2008930.000
0.000,2008931.000
0.000,2008932.000
0.000,2008933.000
0.000,2008934.000
0.000,2008935.000
0.000,2008936.000
0.000,2008937.000
0.000,2008938.000
0.000,2008939.000
0.000,2008940.000
0.000,2008941.000
0.000,2008942.000
0.000,2008943.000
0.000,2008944.000
0.000,2008945.000
0.000,2008946.000
0.000,2008947.000
0.000,2008948.000
0.000,2008949.000
0.000,2008950.000
0.000,2008951.000
0.000,2008952.000
0.000,2008953.000
0.000,2008954.000
0.000,2008955.000
0.000,2008956.000
0.000,2008957.000
0.000,2008958.000
0.000,2008959.000
0.000,2008960.000
0.000,2008961.000
0.000,2008962.000
0.000,2008963.000
0.000,2008964.000
0.000,2008965.000
0.000,2008966.000
0.000,2008967.000
0.000,2008968.000
0.000,2008969.000
0.000,2008970.000
0.000,2008971.000
0.000,2008972.000
0.000,2008973.000
0.000,2008974.000
0.000,2008975.000
0.000,2008976.000
0.000,2008977.000
0.000,2008978.000
0.000,2008979.000
0.000,2008980.000
0.000,2008981.000
0.000,2008982.000
0.000,2008983.000
0.000,2008984.000
0.000,2008985.000
0.000,2008986.000
0.000,2008987.000
0.000,2008988.000
0.000,2008989.000
0.000,2008990.000
0.000,2008991.000
0.000,2008992.000
0.000,2008993.000
0.000,2008994.000
0.000,2008995.000
0.000,2008996.000
0.000,2008997.000
0.000,2008998.000
0.000,2008999.000
0.000,2009000.000
0.000,2009001.000
0.000,2009002.000
0.000,2009003.000
0.000,2009004.000
1.000,2009005.000
0.000,2009006.000
0.000,2009007.000
0.000,2009008.000
0.000,2009009.000
0.000,2009010.000
0.000,2009011.000
0.000,2009012.000
0.000,2009013.000
0.000,2009014.000
0.000,2009015.000
0.000,2009016.000
1.000,2009017.000
0.000,2009018.000
0.000,2009019.000
0.000,2009020.000
0.000,2009021.000
0.000,2009022.000
0.000,2009023.000
0.000,2009024.000
0.000,2009025.000
0.000,2009026.000
0.000,2009027.000
0.000,2009028.000
0.000,2009029.000
0.000,2009030.000
0.000,2009031.000
0.000,2009032.000
0.000,2009033.000
0.000,2009034.000
0.000,2009035.000
0.000,2009036.000
0.000,2009037.000
0.000,2009038.000
0.000,2009039.000
0.000,2009040.000
0.000,2009041.000
0.000,2009042.000
0.000,2009043.000
0.000,2009044.000
0.000,2009045.000
0.000,2009046.000
0.000,2009047.000
1.000,2009048.000
0.000,2009049.000
0.000,2009050.000
0.000,2009051.000
0.000,2009052.000
0.000,2009053.000
0.000,2009054.000
0.000,2009055.000
0.000,2009056.000
0.000,2009057.000
0.000,2009058.000
0.000,2009059.000
0.000,2009060.000
0.000,2009061.000
0.000,2009062.000
0.000,2009063.000
0.000,2009064.000
0.000,2009065.000
0.000,2009066.000
0.000,2009067.000
0.000,2009068.000
0.000,2009069.000
0.000,2009070.000
0.000,2009071.000
0.000,2009072.000
0.000,2009073.000
0.000,2009074.000
0.000,2009075.000
0.000,2009076.000
0.000,2009077.000
0.000,2009078.000
0.000,2009079.000
0.000,2009080.000
0.000,2009081.000
0.000,2009082.000
0.000,2009083.000
0.000,2009084.000
0.000,2009085.000
0.000,2009086.000
0.000,2009087.000
0.000,2009088.000
0.000,2009089.000
0.000,2009090.000
0.000,2009091.000
0.000,2009092.000
0.000,2009093.000
0.000,2009094.000
0.000,2009095.000
0.000,2009096.000
0.000,2009097.000
0.000,2009098.000
0.000,2009099.000
0.000,2009100.000
0.000,2009101.000
0.000,2009102.000
0.000,2009103.000
0.000,2009104.000
0.000,2009105.000
0.000,2009106.000
0.000,2009107.000
0.000,2009108.000
0.000,2009109.000
0.000,2009110.000
0.000,2009111.000
0.000,2009112.000
0.000,2009113.000
0.000,2009114.000
0.000,2009115.000
0.000,2009116.000
0.000,2009117.000
0.000,2009118.000
0.000,2009119.000
0.000,2009120.000
0.000,2009121.000
0.000,2009122.000
0.000,2009123.000
0.000,2009124.000
0.000,2009125.000
0.000,2009126.000
0.000,2009127.000
0.000,2009128.000
0.000,2009129.000
0.000,2009130.000
0.000,2009131.000
0.000,2009132.000
0.000,2009133.000
0.000,2009134.000
0.000,2009135.000
0.000,2009136.000
0.000,2009137.000
0.000,2009138.000
0.000,2009139.000
0.000,2009140.000
0.000,2009141.000
0.000,2009142.000
0.000,2009143.000
0.000,2009144.000
0.000,2009145.000
1.000,2009146.000
0.000,2009147.000
0.000,2009148.000
0.000,2009149.000
0.000,2009150.000
0.000,2009151.000
0.000,2009152.000
0.000,2009153.000
0.000,2009154.000
0.000,2009155.000
0.000,2009156.000
0.000,2009157.000
0.000,2009158.000
0.000,2009159.000
0.000,2009160.000
0.000,2009161.000
0.000,2009162.000
0.000,2009163.000
0.000,2009164.000
0.000,2009165.000
0.000,2009166.000
0.000,2009167.000
0.000,2009168.000
0.000,2009169.000
0.000,2009170.000
1.000,2009171.000
0.000,2009172.000
0.000,2009173.000
0.000,2009174.000
0.000,2009175.000
0.000,2009176.000
0.000,2009177.000
0.000,2009178.000
0.000,2009179.000
0.000,2009180.000
0.000,2009181.000
0.000,2009182.000
0.000,2009183.000
0.000,2009184.000
0.000,2009185.000
0.000,2009186.000
0.000,2009187.000
1.000,2009188.000
0.000,2009189.000
0.000,2009190.000
0.000,2009191.000
0.000,2009192.000
0.000,2009193.000
0.000,2009194.000
0.000,2009195.000
0.000,2009196.000
0.000,2009197.000
0.000,2009198.000
0.000,2009199.000
0.000,2009200.000
0.000,2009201.000
0.000,2009202.000
0.000,2009203.000
0.000,2009204.000
0.000,2009205.000
0.000,2009206.000
1.000,2009207.000
0.000,2009208.000
0.000,2009209.000
0.000,2009210.000
0.000,2009211.000
0.000,2009212.000
1.000,2009213.000
0.000,2009214.000
0.000,2009215.000
0.000,2009216.000
0.000,2009217.000
0.000,2009218.000
0.000,2009219.000
0.000,2009220.000
0.000,2009221.000
0.000,2009222.000
0.000,2009223.000
0.000,2009224.000
0.000,2009225.000
0.000,2009226.000
0.000,2009227.000
0.000,2009228.000
0.000,2009229.000
0.000,2009230.000
0.000,2009231.000
0.000,2009232.000
0.000,2009233.000
0.000,2009234.000
0.000,2009235.000
0.000,2009236.000
0.000,2009237.000
0.000,2009238.000
0.000,2009239.000
0.000,2009240.000
0.000,2009241.000
0.000,2009242.000
0.000,2009243.000
0.000,2009244.000
0.000,2009245.000
0.000,2009246.000
0.000,2009247.000
0.000,2009248.000
0.000,2009249.000
0.000,2009250.000
0.000,2009251.000
0.000,2009252.000
0.000,2009253.000
0.000,2009254.000
0.000,2009255.000
0.000,2009256.000
0.000,2009257.000
0.000,2009258.000
0.000,2009259.000
0.000,2009260.000
0.000,2009261.000
0.000,2009262.000
0.000,2009263.000
0.000,2009264.000
0.000,2009265.000
0.000,2009266.000
0.000,2009267.000
0.000,2009268.000
0.000,2009269.000
0.000,2009270.000
0.000,2009271.000
0.000,2009272.000
0.000,2009273.000
0.000,2009274.000
0.000,2009275.000
0.000,2009276.000
0.000,2009277.000
0.000,2009278.000
0.000,2009279.000
0.000,2009280.000
0.000,2009281.000
0.000,2009282.000
1.000,2009283.000
0.000,2009284.000
0.000,2009285.000
0.000,2009286.000
0.000,2009287.000
0.000,2009288.000
0.000,2009289.000
0.000,2009290.000
0.000,2009291.000
0.000,2009292.000
0.000,2009293.000
0.000,2009294.000
0.000,2009295.000
0.000,2009296.000
0.000,2009297.000
0.000,2009298.000
0.000,2009299.000
0.000,2009300.000
0.000,2009301.000
0.000,2009302.000
0.000,2009303.000
0.000,2009304.000
0.000,2009305.000
0.000,2009306.000
0.000,2009307.000
0.000,2009308.000
0.000,2009309.000
0.000,2009310.000
0.000,2009311.000
0.000,2009312.000
0.000,2009313.000
0.000,2009314.000
0.000,2009315.000
0.000,2009316.000
0.000,2009317.000
0.000,2009318.000
0.000,2009319.000
0.000,2009320.000
0.000,2009321.000
0.000,2009322.000
0.000,2009323.000
0.000,2009324.000
0.000,2009325.000
0.000,2009326.000
0.000,2009327.000
0.000,2009328.000
0.000,2009329.000
0.000,2009330.000
0.000,2009331.000
0.000,2009332.000
0.000,2009333.000
0.000,2009334.000
0.000,2009335.000
0.000,2009336.000
0.000,2009337.000
0.000,2009338.000
0.000,2009339.000
0.000,2009340.000
0.000,2009341.000
0.000,2009342.000
0.000,2009343.000
0.000,2009344.000
0.000,2009345.000
0.000,2009346.000
0.000,2009347.000
0.000,2009348.000
0.000,2009349.000
0.000,2009350.000
0.000,2009351.000
0.000,2009352.000
0.000,2009353.000
0.000,2009354.000
0.000,2009355.000
0.000,2009356.000
0.000,2009357.000
0.000,2009358.000
0.000,2009359.000
0.000,2009360.000
0.000,2009361.000
0.000,2009362.000
0.000,2009363.000
0.000,2009364.000
0.000,2009365.000
0.000,2009366.000
0.000,2009367.000
0.000,2009368.000
0.000,2009369.000
0.000,2009370.000
0.000,2009371.000
0.000,2009372.000
0.000,2009373.000
0.000,2009374.000
0.000,2009375.000
0.000,2009376.000
0.000,2009377.000
0.000,2009378.000
0.000,2009379.000
1.000,2009380.000
0.000,2009381.000
0.000,2009382.000
0.000,2009383.000
0.000,2009384.000
0.000,2009385.000
0.000,2009386.000
0.000,2009387.000
0.000,2009388.000
0.000,2009389.000
0.000,2009390.000
0.000,2009391.000
0.000,2009392.000
0.000,2009393.000
0.000,2009394.000
0.000,2009395.000
0.000,2009396.000
0.000,2009397.000
0.000,2009398.000
0.000,2009399.000
0.000,2009400.000
0.000,2009401.000
0.000,2009402.000
0.000,2009403.000
0.000,2009404.000
0.000,2009405.000
0.000,2009406.000
0.000,2009407.000
0.000,2009408.000
0.000,2009409.000
0.000,2009410.000
0.000,2009411.000
0.000,2009412.000
0.000,2009413.000
0.000,2009414.000
0.000,2009415.000
0.000,2009416.000
0.000,2009417.000
0.000,2009418.000
1.000,2009419.000
0.000,2009420.000
0.000,2009421.000
0.000,2009422.000
0.000,2009423.000
0.000,2009424.000
0.000,2009425.000
1.000,2009426.000
0.000,2009427.000
0.000,2009428.000
0.000,2009429.000
0.000,2009430.000
0.000,2009431.000
0.000,2009432.000
0.000,2009433.000
0.000,2009434.000
0.000,2009435.000
0.000,2009436.000
0.000,2009437.000
0.000,2009438.000
0.000,2009439.000
0.000,2009440.000
0.000,2009441.000
0.000,2009442.000
0.000,2009443.000
0.000,2009444.000
0.000,2009445.000
0.000,2009446.000
0.000,2009447.000
0.000,2009448.000
0.000,2009449.000
0.000,2009450.000
0.000,2009451.000
0.000,2009452.000
0.000,2009453.000
0.000,2009454.000
0.000,2009455.000
0.000,2009456.000
0.000,2009457.000
0.000,2009458.000
0.000,2009459.000
0.000,2009460.000
0.000,2009461.000
0.000,2009462.000
0.000,2009463.000
0.000,2009464.000
0.000,2009465.000
0.000,2009466.000
0.000,2009467.000
0.000,2009468.000
0.000,2009469.000
0.000,2009470.000
0.000,2009471.000
0.000,2009472.000
0.000,2009473.000
0.000,2009474.000
0.000,2009475.000
0.000,2009476.000
0.000,2009477.000
0.000,2009478.000
0.000,2009479.000
0.000,2009480.000
0.000,2009481.000
0.000,2009482.000
1.000,2009483.000
0.000,2009484.000
0.000,2009485.000
0.000,2009486.000
0.000,2009487.000
0.000,2009488.000
0.000,2009489.000
0.000,2009490.000
0.000,2009491.000
0.000,2009492.000
0.000,2009493.000
1.000,2009494.000
0.000,2009495.000
0.000,2009496.000
0.000,2009497.000
0.000,2009498.000
0.000,2009499.000
0.000,2009500.000
0.000,2009501.000
0.000,2009502.000
0.000,2009503.000
0.000,2009504.000
0.000,2009505.000
0.000,2009506.000
0.000,2009507.000
0.000,2009508.000
0.000,2009509.000
0.000,2009510.000
0.000,2009511.000
0.000,2009512.000
0.000,2009513.000
0.000,2009514.000
0.000,2009515.000
0.000,2009516.000
0.000,2009517.000
0.000,2009518.000
0.000,2009519.000
0.000,2009520.000
0.000,2009521.000
0.000,2009522.000
0.000,2009523.000
0.000,2009524.000
0.000,2009525.000
0.000,2009526.000
0.000,2009527.000
0.000,2009528.000
0.000,2009529.000
0.000,2009530.000
0.000,2009531.000
0.000,2009532.000
0.000,2009533.000
0.000,2009534.000
0.000,2009535.000
0.000,2009536.000
0.000,2009537.000
0.000,2009538.000
0.000,2009539.000
0.000,2009540.000
0.000,2009541.000
0.000,2009542.000
0.000,2009543.000
1.000,2009544.000
0.000,2009545.000
0.000,2009546.000
0.000,2009547.000
0.000,2009548.000
0.000,2009549.000
0.000,2009550.000
0.000,2009551.000
0.000,2009552.000
0.000,2009553.000
0.000,2009554.000
0.000,2009555.000
0.000,2009556.000
1.000,2009557.000
0.000,2009558.000
0.000,2009559.000
0.000,2009560.000
0.000,2009561.000
0.000,2009562.000
0.000,2009563.000
0.000,2009564.000
1.000,2009565.000
0.000,2009566.000
0.000,2009567.000
0.000,2009568.000
0.000,2009569.000
0.000,2009570.000
0.000,2009571.000
0.000,2009572.000
0.000,2009573.000
0.000,2009574.000
0.000,2009575.000
0.000,2009576.000
0.000,2009577.000
0.000,2009578.000
0.000,2009579.000
0.000,2009580.000
0.000,2009581.000
0.000,2009582.000
0.000,2009583.000
0.000,2009584.000
0.000,2009585.000
0.000,2009586.000
0.000,2009587.000
0.000,2009588.000
0.000,2009589.000
0.000,2009590.000
0.000,2009591.000
0.000,2009592.000
0.000,2009593.000
0.000,2009594.000
0.000,2009595.000
0.000,2009596.000
0.000,2009597.000
0.000,2009598.000
0.000,2009599.000
0.000,2009600.000
1.000,2009601.000
0.000,2009602.000
0.000,2009603.000
0.000,2009604.000
0.000,2009605.000
0.000,2009606.000
0.000,2009607.000
0.000,2009608.000
0.000,2009609.000
0.000,2009610.000
0.000,2009611.000
0.000,2009612.000
0.000,2009613.000
0.000,2009614.000
0.000,2009615.000
0.000,2009616.000
0.000,2009617.000
0.000,2009618.000
0.000,2009619.000
0.000,2009620.000
0.000,2009621.000
0.000,2009622.000
0.000,2009623.000
0.000,2009624.000
0.000,2009625.000
0.000,2009626.000
0.000,2009627.000
0.000,2009628.000
0.000,2009629.000
0.000,2009630.000
0.000,2009631.000
0.000,2009632.000
0.000,2009633.000
0.000,2009634.000
0.000,2009635.000
0.000,2009636.000
0.000,2009637.000
0.000,2009638.000
0.000,2009639.000
0.000,2009640.000
0.000,2009641.000
0.000,2009642.000
0.000,2009643.000
0.000,2009644.000
0.000,2009645.000
0.000,2009646.000
0.000,2009647.000
0.000,2009648.000
0.000,2009649.000
0.000,2009650.000
0.000,2009651.000
0.000,2009652.000
0.000,2009653.000
0.000,2009654.000
0.000,2009655.000
0.000,2009656.000
0.000,2009657.000
0.000,2009658.000
0.000,2009659.000
0.000,2009660.000
0.000,2009661.000
0.000,2009662.000
0.000,2009663.000
0.000,2009664.000
0.000,2009665.000
0.000,2009666.000
0.000,2009667.000
0.000,2009668.000
0.000,2009669.000
0.000,2009670.000
0.000,2009671.000
0.000,2009672.000
0.000,2009673.000
0.000,2009674.000
0.000,2009675.000
0.000,2009676.000
0.000,2009677.000
0.000,2009678.000
0.000,2009679.000
0.000,2009680.000
0.000,2009681.000
0.000,2009682.000
0.000,2009683.000
0.000,2009684.000
0.000,2009685.000
0.000,2009686.000
0.000,2009687.000
0.000,2009688.000
0.000,2009689.000
0.000,2009690.000
0.000,2009691.000
0.000,2009692.000
0.000,2009693.000
0.000,2009694.000
0.000,2009695.000
0.000,2009696.000
0.000,2009697.000
0.000,2009698.000
0.000,2009699.000
0.000,2009700.000
0.000,2009701.000
0.000,2009702.000
0.000,2009703.000
0.000,2009704.000
0.000,2009705.000
0.000,2009706.000
0.000,2009707.000
0.000,2009708.000
0.000,2009709.000
0.000,2009710.000
0.000,2009711.000
0.000,2009712.000
0.000,2009713.000
0.000,2009714.000
0.000,2009715.000
0.000,2009716.000
0.000,2009717.000
0.000,2009718.000
0.000,2009719.000
0.000,2009720.000
0.000,2009721.000
0.000,2009722.000
0.000,2009723.000
0.000,2009724.000
0.000,2009725.000
0.000,2009726.000
0.000,2009727.000
0.000,2009728.000
0.000,2009729.000
0.000,2009730.000
0.000,2009731.000
0.000,2009732.000
0.000,2009733.000
0.000,2009734.000
0.000,2009735.000
0.000,2009736.000
0.000,2009737.000
0.000,2009738.000
0.000,2009739.000
0.000,2009740.000
0.000,2009741.000
0.000,2009742.000
0.000,2009743.000
0.000,2009744.000
0.000,2009745.000
0.000,2009746.000
0.000,2009747.000
0.000,2009748.000
0.000,2009749.000
0.000,2009750.000
0.000,2009751.000
0.000,2009752.000
0.000,2009753.000
0.000,2009754.000
0.000,2009755.000
0.000,2009756.000
0.000,2009757.000
0.000,2009758.000
0.000,2009759.000
0.000,2009760.000
0.000,2009761.000
0.000,2009762.000
0.000,2009763.000
0.000,2009764.000
0.000,2009765.000
0.000,2009766.000
0.000,2009767.000
0.000,2009768.000
0.000,2009769.000
0.000,2009770.000
0.000,2009771.000
0.000,2009772.000
0.000,2009773.000
0.000,2009774.000
0.000,2009775.000
0.000,2009776.000
0.000,2009777.000
0.000,2009778.000
0.000,2009779.000
0.000,2009780.000
0.000,2009781.000
0.000,2009782.000
0.000,2009783.000
0.000,2009784.000
0.000,2009785.000
1.000,2009786.000
0.000,2009787.000
0.000,2009788.000
0.000,2009789.000
0.000,2009790.000
0.000,2009791.000
0.000,2009792.000
0.000,2009793.000
0.000,2009794.000
0.000,2009795.000
0.000,2009796.000
0.000,2009797.000
0.000,2009798.000
0.000,2009799.000
0.000,2009800.000
0.000,2009801.000
0.000,2009802.000
0.000,2009803.000
0.000,2009804.000
0.000,2009805.000
0.000,2009806.000
0.000,2009807.000
0.000,2009808.000
0.000,2009809.000
0.000,2009810.000
0.000,2009811.000
0.000,2009812.000
0.000,2009813.000
0.000,2009814.000
0.000,2009815.000
0.000,2009816.000
0.000,2009817.000
0.000,2009818.000
0.000,2009819.000
0.000,2009820.000
0.000,2009821.000
0.000,2009822.000
0.000,2009823.000
0.000,2009824.000
0.000,2009825.000
0.000,2009826.000
0.000,2009827.000
0.000,2009828.000
0.000,2009829.000
0.000,2009830.000
0.000,2009831.000
0.000,2009832.000
0.000,2009833.000
0.000,2009834.000
0.000,2009835.000
0.000,2009836.000
0.000,2009837.000
0.000,2009838.000
0.000,2009839.000
0.000,2009840.000
0.000,2009841.000
0.000,2009842.000
0.000,2009843.000
0.000,2009844.000
0.000,2009845.000
0.000,2009846.000
0.000,2009847.000
0.000,2009848.000
0.000,2009849.000
0.000,2009850.000
0.000,2009851.000
0.000,2009852.000
0.000,2009853.000
0.000,2009854.000
0.000,2009855.000
0.000,2009856.000
0.000,2009857.000
0.000,2009858.000
0.000,2009859.000
0.000,2009860.000
0.000,2009861.000
0.000,2009862.000
0.000,2009863.000
0.000,2009864.000
0.000,2009865.000
0.000,2009866.000
0.000,2009867.000
0.000,2009868.000
0.000,2009869.000
0.000,2009870.000
0.000,2009871.000
0.000,2009872.000
0.000,2009873.000
0.000,2009874.000
0.000,2009875.000
0.000,2009876.000
0.000,2009877.000
0.000,2009878.000
0.000,2009879.000
0.000,2009880.000
0.000,2009881.000
0.000,2009882.000
0.000,2009883.000
0.000,2009884.000
0.000,2009885.000
0.000,2009886.000
0.000,2009887.000
0.000,2009888.000
0.000,2009889.000
0.000,2009890.000
0.000,2009891.000
0.000,2009892.000
0.000,2009893.000
0.000,2009894.000
0.000,2009895.000
0.000,2009896.000
0.000,2009897.000
0.000,2009898.000
0.000,2009899.000
0.000,2009900.000
0.000,2009901.000
0.000,2009902.000
0.000,2009903.000
0.000,2009904.000
0.000,2009905.000
0.000,2009906.000
0.000,2009907.000
0.000,2009908.000
0.000,2009909.000
0.000,2009910.000
0.000,2009911.000
0.000,2009912.000
0.000,2009913.000
0.000,2009914.000
0.000,2009915.000
0.000,2009916.000
0.000,2009917.000
0.000,2009918.000
0.000,2009919.000
1.000,2009920.000
0.000,2009921.000
0.000,2009922.000
0.000,2009923.000
0.000,2009924.000
0.000,2009925.000
0.000,2009926.000
0.000,2009927.000
0.000,2009928.000
0.000,2009929.000
0.000,2009930.000
0.000,2009931.000
0.000,2009932.000
0.000,2009933.000
0.000,2009934.000
0.000,2009935.000
0.000,2009936.000
0.000,2009937.000
0.000,2009938.000
0.000,2009939.000
0.000,2009940.000
0.000,2009941.000
0.000,2009942.000
0.000,2009943.000
0.000,2009944.000
0.000,2009945.000
0.000,2009946.000
0.000,2009947.000
0.000,2009948.000
0.000,2009949.000
0.000,2009950.000
0.000,2009951.000
0.000,2009952.000
0.000,2009953.000
0.000,2009954.000
0.000,2009955.000
0.000,2009956.000
0.000,2009957.000
0.000,2009958.000
0.000,2009959.000
0.000,2009960.000
0.000,2009961.000
0.000,2009962.000
0.000,2009963.000
0.000,2009964.000
0.000,2009965.000
0.000,2009966.000
0.000,2009967.000
0.000,2009968.000
0.000,2009969.000
0.000,2009970.000
0.000,2009971.000
0.000,2009972.000
0.000,2009973.000
0.000,2009974.000
0.000,2009975.000
0.000,2009976.000
0.000,2009977.000
0.000,2009978.000
0.000,2009979.000
0.000,2009980.000
0.000,2009981.000
0.000,2009982.000
0.000,2009983.000
0.000,2009984.000
0.000,2009985.000
0.000,2009986.000
0.000,2009987.000
0.000,2009988.000
0.000,2009989.000
0.000,2009990.000
0.000,2009991.000
0.000,2009992.000
0.000,2009993.000
0.000,2009994.000
0.000,2009995.000
0.000,2009996.000
0.000,2009997.000
0.000,2009998.000
0.000,2009999.000
0.000,2010000.000
0.000,2010001.000
0.000,2010002.000
0.000,2010003.000
0.000,2010004.000
0.000,2010005.000
0.000,2010006.000
0.000,2010007.000
0.000,2010008.000
0.000,2010009.000
0.000,2010010.000
0.000,2010011.000
0.000,2010012.000
0.000,2010013.000
0.000,2010014.000
0.000,2010015.000
0.000,2010016.000
0.000,2010017.000
0.000,2010018.000
0.000,2010019.000
0.000,2010020.000
0.000,2010021.000
0.000,2010022.000
0.000,2010023.000
0.000,2010024.000
0.000,2010025.000
0.000,2010026.000
0.000,2010027.000
0.000,2010028.000
0.000,2010029.000
0.000,2010030.000
0.000,2010031.000
0.000,2010032.000
0.000,2010033.000
0.000,2010034.000
0.000,2010035.000
0.000,2010036.000
0.000,2010037.000
0.000,2010038.000
0.000,2010039.000
0.000,2010040.000
0.000,2010041.000
0.000,2010042.000
0.000,2010043.000
0.000,2010044.000
0.000,2010045.000
0.000,2010046.000
0.000,2010047.000
0.000,2010048.000
0.000,2010049.000
0.000,2010050.000
0.000,2010051.000
0.000,2010052.000
0.000,2010053.000
0.000,2010054.000
0.000,2010055.000
0.000,2010056.000
0.000,2010057.000
0.000,2010058.000
0.000,2010059.000
0.000,2010060.000
0.000,2010061.000
0.000,2010062.000
0.000,2010063.000
0.000,2010064.000
0.000,2010065.000
0.000,2010066.000
0.000,2010067.000
0.000,2010068.000
0.000,2010069.000
0.000,2010070.000
1.000,2010071.000
0.000,2010072.000
0.000,2010073.000
0.000,2010074.000
0.000,2010075.000
0.000,2010076.000
0.000,2010077.000
0.000,2010078.000
0.000,2010079.000
0.000,2010080.000
0.000,2010081.000
0.000,2010082.000
0.000,2010083.000
0.000,2010084.000
0.000,2010085.000
0.000,2010086.000
0.000,2010087.000
0.000,2010088.000
0.000,2010089.000
1.000,2010090.000
0.000,2010091.000
1.000,2010092.000
0.000,2010093.000
0.000,2010094.000
0.000,2010095.000
0.000,2010096.000
0.000,2010097.000
0.000,2010098.000
0.000,2010099.000
0.000,2010100.000
0.000,2010101.000
0.000,2010102.000
0.000,2010103.000
0.000,2010104.000
0.000,2010105.000
0.000,2010106.000
0.000,2010107.000
0.000,2010108.000
0.000,2010109.000
0.000,2010110.000
0.000,2010111.000
0.000,2010112.000
0.000,2010113.000
0.000,2010114.000
0.000,2010115.000
0.000,2010116.000
0.000,2010117.000
0.000,2010118.000
0.000,2010119.000
0.000,2010120.000
0.000,2010121.000
0.000,2010122.000
0.000,2010123.000
0.000,2010124.000
0.000,2010125.000
0.000,2010126.000
0.000,2010127.000
0.000,2010128.000
0.000,2010129.000
0.000,2010130.000
0.000,2010131.000
0.000,2010132.000
0.000,2010133.000
0.000,2010134.000
0.000,2010135.000
0.000,2010136.000
0.000,2010137.000
0.000,2010138.000
0.000,2010139.000
0.000,2010140.000
0.000,2010141.000
0.000,2010142.000
0.000,2010143.000
0.000,2010144.000
0.000,2010145.000
0.000,2010146.000
0.000,2010147.000
0.000,2010148.000
0.000,2010149.000
0.000,2010150.000
0.000,2010151.000
0.000,2010152.000
0.000,2010153.000
0.000,2010154.000
0.000,2010155.000
0.000,2010156.000
0.000,2010157.000
0.000,2010158.000
0.000,2010159.000
0.000,2010160.000
0.000,2010161.000
0.000,2010162.000
0.000,2010163.000
0.000,2010164.000
0.000,2010165.000
0.000,2010166.000
0.000,2010167.000
0.000,2010168.000
0.000,2010169.000
0.000,2010170.000
0.000,2010171.000
0.000,2010172.000
0.000,2010173.000
0.000,2010174.000
0.000,2010175.000
1.000,2010176.000
0.000,2010177.000
0.000,2010178.000
0.000,2010179.000
0.000,2010180.000
0.000,2010181.000
0.000,2010182.000
0.000,2010183.000
0.000,2010184.000
0.000,2010185.000
0.000,2010186.000
0.000,2010187.000
0.000,2010188.000
0.000,2010189.000
0.000,2010190.000
0.000,2010191.000
0.000,2010192.000
0.000,2010193.000
0.000,2010194.000
0.000,2010195.000
0.000,2010196.000
0.000,2010197.000
0.000,2010198.000
0.000,2010199.000
1.000,2010200.000
0.000,2010201.000
0.000,2010202.000
0.000,2010203.000
0.000,2010204.000
0.000,2010205.000
0.000,2010206.000
0.000,2010207.000
0.000,2010208.000
0.000,2010209.000
0.000,2010210.000
0.000,2010211.000
0.000,2010212.000
0.000,2010213.000
0.000,2010214.000
0.000,2010215.000
0.000,2010216.000
0.000,2010217.000
0.000,2010218.000
0.000,2010219.000
0.000,2010220.000
0.000,2010221.000
0.000,2010222.000
0.000,2010223.000
0.000,2010224.000
0.000,2010225.000
0.000,2010226.000
0.000,2010227.000
0.000,2010228.000
0.000,2010229.000
0.000,2010230.000
0.000,2010231.000
0.000,2010232.000
0.000,2010233.000
0.000,2010234.000
0.000,2010235.000
0.000,2010236.000
0.000,2010237.000
0.000,2010238.000
0.000,2010239.000
0.000,2010240.000
0.000,2010241.000
0.000,2010242.000
0.000,2010243.000
0.000,2010244.000
0.000,2010245.000
0.000,2010246.000
0.000,2010247.000
0.000,2010248.000
0.000,2010249.000
0.000,2010250.000
0.000,2010251.000
1.000,2010252.000
0.000,2010253.000
0.000,2010254.000
0.000,2010255.000
0.000,2010256.000
0.000,2010257.000
0.000,2010258.000
0.000,2010259.000
0.000,2010260.000
0.000,2010261.000
0.000,2010262.000
0.000,2010263.000
0.000,2010264.000
0.000,2010265.000
0.000,2010266.000
0.000,2010267.000
0.000,2010268.000
0.000,2010269.000
1.000,2010270.000
0.000,2010271.000
0.000,2010272.000
0.000,2010273.000
0.000,2010274.000
0.000,2010275.000
0.000,2010276.000
0.000,2010277.000
0.000,2010278.000
0.000,2010279.000
0.000,2010280.000
0.000,2010281.000
0.000,2010282.000
0.000,2010283.000
0.000,2010284.000
0.000,2010285.000
0.000,2010286.000
0.000,2010287.000
0.000,2010288.000
0.000,2010289.000
0.000,2010290.000
0.000,2010291.000
0.000,2010292.000
0.000,2010293.000
0.000,2010294.000
0.000,2010295.000
0.000,2010296.000
1.000,2010297.000
0.000,2010298.000
0.000,2010299.000
0.000,2010300.000
0.000,2010301.000
0.000,2010302.000
1.000,2010303.000
0.000,2010304.000
0.000,2010305.000
0.000,2010306.000
0.000,2010307.000
0.000,2010308.000
0.000,2010309.000
0.000,2010310.000
0.000,2010311.000
0.000,2010312.000
0.000,2010313.000
0.000,2010314.000
0.000,2010315.000
0.000,2010316.000
0.000,2010317.000
0.000,2010318.000
0.000,2010319.000
0.000,2010320.000
0.000,2010321.000
0.000,2010322.000
0.000,2010323.000
0.000,2010324.000
0.000,2010325.000
0.000,2010326.000
0.000,2010327.000
0.000,2010328.000
0.000,2010329.000
0.000,2010330.000
0.000,2010331.000
0.000,2010332.000
0.000,2010333.000
0.000,2010334.000
0.000,2010335.000
0.000,2010336.000
0.000,2010337.000
0.000,2010338.000
0.000,2010339.000
0.000,2010340.000
0.000,2010341.000
0.000,2010342.000
0.000,2010343.000
0.000,2010344.000
0.000,2010345.000
0.000,2010346.000
0.000,2010347.000
0.000,2010348.000
0.000,2010349.000
0.000,2010350.000
0.000,2010351.000
0.000,2010352.000
0.000,2010353.000
0.000,2010354.000
0.000,2010355.000
0.000,2010356.000
1.000,2010357.000
0.000,2010358.000
0.000,2010359.000
0.000,2010360.000
0.000,2010361.000
0.000,2010362.000
0.000,2010363.000
0.000,2010364.000
0.000,2010365.000
0.000,2010366.000
0.000,2010367.000
0.000,2010368.000
0.000,2010369.000
0.000,2010370.000
0.000,2010371.000
0.000,2010372.000
0.000,2010373.000
0.000,2010374.000
0.000,2010375.000
0.000,2010376.000
0.000,2010377.000
0.000,2010378.000
0.000,2010379.000
0.000,2010380.000
0.000,2010381.000
0.000,2010382.000
0.000,2010383.000
0.000,2010384.000
0.000,2010385.000
0.000,2010386.000
0.000,2010387.000
0.000,2010388.000
0.000,2010389.000
0.000,2010390.000
0.000,2010391.000
0.000,2010392.000
0.000,2010393.000
0.000,2010394.000
0.000,2010395.000
0.000,2010396.000
0.000,2010397.000
0.000,2010398.000
0.000,2010399.000
0.000,2010400.000
0.000,2010401.000
0.000,2010402.000
0.000,2010403.000
0.000,2010404.000
0.000,2010405.000
0.000,2010406.000
0.000,2010407.000
0.000,2010408.000
0.000,2010409.000
0.000,2010410.000
0.000,2010411.000
0.000,2010412.000
0.000,2010413.000
0.000,2010414.000
0.000,2010415.000
0.000,2010416.000
0.000,2010417.000
0.000,2010418.000
0.000,2010419.000
0.000,2010420.000
0.000,2010421.000
0.000,2010422.000
0.000,2010423.000
1.000,2010424.000
0.000,2010425.000
0.000,2010426.000
0.000,2010427.000
0.000,2010428.000
0.000,2010429.000
0.000,2010430.000
0.000,2010431.000
0.000,2010432.000
0.000,2010433.000
0.000,2010434.000
0.000,2010435.000
0.000,2010436.000
0.000,2010437.000
0.000,2010438.000
0.000,2010439.000
0.000,2010440.000
0.000,2010441.000
1.000,2010442.000
0.000,2010443.000
0.000,2010444.000
0.000,2010445.000
0.000,2010446.000
0.000,2010447.000
0.000,2010448.000
0.000,2010449.000
0.000,2010450.000
0.000,2010451.000
0.000,2010452.000
0.000,2010453.000
0.000,2010454.000
0.000,2010455.000
0.000,2010456.000
0.000,2010457.000
0.000,2010458.000
0.000,2010459.000
0.000,2010460.000
0.000,2010461.000
0.000,2010462.000
0.000,2010463.000
0.000,2010464.000
0.000,2010465.000
0.000,2010466.000
0.000,2010467.000
0.000,2010468.000
0.000,2010469.000
1.000,2010470.000
0.000,2010471.000
0.000,2010472.000
0.000,2010473.000
0.000,2010474.000
0.000,2010475.000
0.000,2010476.000
1.000,2010477.000
0.000,2010478.000
0.000,2010479.000
0.000,2010480.000
0.000,2010481.000
0.000,2010482.000
0.000,2010483.000
0.000,2010484.000
0.000,2010485.000
0.000,2010486.000
0.000,2010487.000
0.000,2010488.000
0.000,2010489.000
0.000,2010490.000
0.000,2010491.000
0.000,2010492.000
0.000,2010493.000
0.000,2010494.000
0.000,2010495.000
0.000,2010496.000
0.000,2010497.000
0.000,2010498.000
0.000,2010499.000
0.000,2010500.000
0.000,2010501.000
0.000,2010502.000
0.000,2010503.000
0.000,2010504.000
0.000,2010505.000
0.000,2010506.000
0.000,2010507.000
0.000,2010508.000
0.000,2010509.000
1.000,2010510.000
1.000,2010511.000
0.000,2010512.000
0.000,2010513.000
0.000,2010514.000
0.000,2010515.000
0.000,2010516.000
0.000,2010517.000
0.000,2010518.000
0.000,2010519.000
1.000,2010520.000
0.000,2010521.000
0.000,2010522.000
0.000,2010523.000
0.000,2010524.000
0.000,2010525.000
0.000,2010526.000
0.000,2010527.000
0.000,2010528.000
0.000,2010529.000
0.000,2010530.000
0.000,2010531.000
0.000,2010532.000
0.000,2010533.000
0.000,2010534.000
0.000,2010535.000
0.000,2010536.000
0.000,2010537.000
0.000,2010538.000
0.000,2010539.000
0.000,2010540.000
0.000,2010541.000
0.000,2010542.000
0.000,2010543.000
0.000,2010544.000
0.000,2010545.000
0.000,2010546.000
0.000,2010547.000
0.000,2010548.000
0.000,2010549.000
0.000,2010550.000
0.000,2010551.000
0.000,2010552.000
0.000,2010553.000
0.000,2010554.000
0.000,2010555.000
0.000,2010556.000
0.000,2010557.000
0.000,2010558.000
0.000,2010559.000
0.000,2010560.000
0.000,2010561.000
0.000,2010562.000
0.000,2010563.000
0.000,2010564.000
0.000,2010565.000
0.000,2010566.000
0.000,2010567.000
0.000,2010568.000
0.000,2010569.000
0.000,2010570.000
0.000,2010571.000
0.000,2010572.000
0.000,2010573.000
0.000,2010574.000
0.000,2010575.000
0.000,2010576.000
0.000,2010577.000
0.000,2010578.000
0.000,2010579.000
0.000,2010580.000
0.000,2010581.000
0.000,2010582.000
0.000,2010583.000
0.000,2010584.000
0.000,2010585.000
0.000,2010586.000
0.000,2010587.000
0.000,2010588.000
0.000,2010589.000
0.000,2010590.000
0.000,2010591.000
0.000,2010592.000
0.000,2010593.000
0.000,2010594.000
0.000,2010595.000
0.000,2010596.000
0.000,2010597.000
0.000,2010598.000
0.000,2010599.000
0.000,2010600.000
0.000,2010601.000
0.000,2010602.000
0.000,2010603.000
0.000,2010604.000
0.000,2010605.000
0.000,2010606.000
0.000,2010607.000
0.000,2010608.000
0.000,2010609.000
0.000,2010610.000
0.000,2010611.000
0.000,2010612.000
0.000,2010613.000
0.000,2010614.000
0.000,2010615.000
0.000,2010616.000
0.000,2010617.000
0.000,2010618.000
0.000,2010619.000
0.000,2010620.000
0.000,2010621.000
0.000,2010622.000
0.000,2010623.000
0.000,2010624.000
0.000,2010625.000
0.000,2010626.000
0.000,2010627.000
0.000,2010628.000
0.000,2010629.000
1.000,2010630.000
0.000,2010631.000
0.000,2010632.000
0.000,2010633.000
0.000,2010634.000
0.000,2010635.000
0.000,2010636.000
0.000,2010637.000
0.000,2010638.000
0.000,2010639.000
0.000,2010640.000
0.000,2010641.000
0.000,2010642.000
0.000,2010643.000
0.000,2010644.000
1.000,2010645.000
0.000,2010646.000
0.000,2010647.000
0.000,2010648.000
0.000,2010649.000
0.000,2010650.000
0.000,2010651.000
0.000,2010652.000
0.000,2010653.000
0.000,2010654.000
0.000,2010655.000
0.000,2010656.000
0.000,2010657.000
0.000,2010658.000
0.000,2010659.000
0.000,2010660.000
0.000,2010661.000
0.000,2010662.000
0.000,2010663.000
0.000,2010664.000
0.000,2010665.000
0.000,2010666.000
0.000,2010667.000
0.000,2010668.000
0.000,2010669.000
0.000,2010670.000
0.000,2010671.000
0.000,2010672.000
0.000,2010673.000
0.000,2010674.000
0.000,2010675.000
0.000,2010676.000
0.000,2010677.000
0.000,2010678.000
0.000,2010679.000
0.000,2010680.000
0.000,2010681.000
0.000,2010682.000
0.000,2010683.000
0.000,2010684.000
0.000,2010685.000
0.000,2010686.000
0.000,2010687.000
0.000,2010688.000
0.000,2010689.000
0.000,2010690.000
0.000,2010691.000
0.000,2010692.000
0.000,2010693.000
0.000,2010694.000
0.000,2010695.000
0.000,2010696.000
0.000,2010697.000
0.000,2010698.000
0.000,2010699.000
0.000,2010700.000
0.000,2010701.000
0.000,2010702.000
0.000,2010703.000
1.000,2010704.000
0.000,2010705.000
0.000,2010706.000
0.000,2010707.000
0.000,2010708.000
0.000,2010709.000
0.000,2010710.000
0.000,2010711.000
0.000,2010712.000
0.000,2010713.000
0.000,2010714.000
0.000,2010715.000
0.000,2010716.000
0.000,2010717.000
0.000,2010718.000
0.000,2010719.000
0.000,2010720.000
0.000,2010721.000
0.000,2010722.000
0.000,2010723.000
0.000,2010724.000
0.000,2010725.000
0.000,2010726.000
0.000,2010727.000
0.000,2010728.000
0.000,2010729.000
0.000,2010730.000
0.000,2010731.000
0.000,2010732.000
0.000,2010733.000
0.000,2010734.000
0.000,2010735.000
0.000,2010736.000
0.000,2010737.000
0.000,2010738.000
0.000,2010739.000
0.000,2010740.000
0.000,2010741.000
0.000,2010742.000
0.000,2010743.000
0.000,2010744.000
0.000,2010745.000
0.000,2010746.000
0.000,2010747.000
0.000,2010748.000
0.000,2010749.000
0.000,2010750.000
0.000,2010751.000
0.000,2010752.000
0.000,2010753.000
0.000,2010754.000
0.000,2010755.000
0.000,2010756.000
0.000,2010757.000
0.000,2010758.000
0.000,2010759.000
0.000,2010760.000
0.000,2010761.000
0.000,2010762.000
0.000,2010763.000
0.000,2010764.000
0.000,2010765.000
0.000,2010766.000
0.000,2010767.000
0.000,2010768.000
0.000,2010769.000
0.000,2010770.000
0.000,2010771.000
0.000,2010772.000
0.000,2010773.000
0.000,2010774.000
0.000,2010775.000
0.000,2010776.000
0.000,2010777.000
0.000,2010778.000
0.000,2010779.000
0.000,2010780.000
0.000,2010781.000
0.000,2010782.000
0.000,2010783.000
0.000,2010784.000
0.000,2010785.000
0.000,2010786.000
0.000,2010787.000
1.000,2010788.000
0.000,2010789.000
0.000,2010790.000
0.000,2010791.000
0.000,2010792.000
0.000,2010793.000
0.000,2010794.000
0.000,2010795.000
0.000,2010796.000
0.000,2010797.000
0.000,2010798.000
0.000,2010799.000
0.000,2010800.000
0.000,2010801.000
0.000,2010802.000
0.000,2010803.000
0.000,2010804.000
0.000,2010805.000
0.000,2010806.000
0.000,2010807.000
0.000,2010808.000
0.000,2010809.000
0.000,2010810.000
0.000,2010811.000
0.000,2010812.000
0.000,2010813.000
0.000,2010814.000
0.000,2010815.000
0.000,2010816.000
0.000,2010817.000
0.000,2010818.000
0.000,2010819.000
0.000,2010820.000
0.000,2010821.000
0.000,2010822.000
0.000,2010823.000
0.000,2010824.000
0.000,2010825.000
0.000,2010826.000
0.000,2010827.000
0.000,2010828.000
0.000,2010829.000
0.000,2010830.000
0.000,2010831.000
0.000,2010832.000
0.000,2010833.000
0.000,2010834.000
0.000,2010835.000
0.000,2010836.000
0.000,2010837.000
0.000,2010838.000
0.000,2010839.000
0.000,2010840.000
0.000,2010841.000
0.000,2010842.000
0.000,2010843.000
0.000,2010844.000
0.000,2010845.000
0.000,2010846.000
0.000,2010847.000
0.000,2010848.000
0.000,2010849.000
0.000,2010850.000
0.000,2010851.000
0.000,2010852.000
0.000,2010853.000
0.000,2010854.000
1.000,2010855.000
0.000,2010856.000
0.000,2010857.000
0.000,2010858.000
0.000,2010859.000
0.000,2010860.000
0.000,2010861.000
0.000,2010862.000
0.000,2010863.000
0.000,2010864.000
1.000,2010865.000
0.000,2010866.000
0.000,2010867.000
0.000,2010868.000
0.000,2010869.000
1.000,2010870.000
0.000,2010871.000
0.000,2010872.000
0.000,2010873.000
0.000,2010874.000
0.000,2010875.000
0.000,2010876.000
0.000,2010877.000
0.000,2010878.000
0.000,2010879.000
0.000,2010880.000
0.000,2010881.000
0.000,2010882.000
0.000,2010883.000
0.000,2010884.000
0.000,2010885.000
0.000,2010886.000
0.000,2010887.000
0.000,2010888.000
0.000,2010889.000
0.000,2010890.000
0.000,2010891.000
0.000,2010892.000
1.000,2010893.000
0.000,2010894.000
0.000,2010895.000
0.000,2010896.000
0.000,2010897.000
0.000,2010898.000
0.000,2010899.000
0.000,2010900.000
0.000,2010901.000
0.000,2010902.000
0.000,2010903.000
0.000,2010904.000
0.000,2010905.000
0.000,2010906.000
0.000,2010907.000
0.000,2010908.000
0.000,2010909.000
0.000,2010910.000
0.000,2010911.000
0.000,2010912.000
0.000,2010913.000
0.000,2010914.000
0.000,2010915.000
0.000,2010916.000
0.000,2010917.000
0.000,2010918.000
0.000,2010919.000
0.000,2010920.000
0.000,2010921.000
0.000,2010922.000
0.000,2010923.000
0.000,2010924.000
0.000,2010925.000
0.000,2010926.000
0.000,2010927.000
0.000,2010928.000
0.000,2010929.000
0.000,2010930.000
0.000,2010931.000
0.000,2010932.000
0.000,2010933.000
0.000,2010934.000
0.000,2010935.000
0.000,2010936.000
0.000,2010937.000
0.000,2010938.000
0.000,2010939.000
0.000,2010940.000
0.000,2010941.000
0.000,2010942.000
0.000,2010943.000
0.000,2010944.000
0.000,2010945.000
0.000,2010946.000
0.000,2010947.000
0.000,2010948.000
0.000,2010949.000
0.000,2010950.000
0.000,2010951.000
0.000,2010952.000
0.000,2010953.000
0.000,2010954.000
0.000,2010955.000
0.000,2010956.000
0.000,2010957.000
0.000,2010958.000
0.000,2010959.000
0.000,2010960.000
0.000,2010961.000
0.000,2010962.000
0.000,2010963.000
0.000,2010964.000
0.000,2010965.000
0.000,2010966.000
0.000,2010967.000
0.000,2010968.000
0.000,2010969.000
0.000,2010970.000
0.000,2010971.000
0.000,2010972.000
0.000,2010973.000
0.000,2010974.000
0.000,2010975.000
0.000,2010976.000
0.000,2010977.000
0.000,2010978.000
0.000,2010979.000
0.000,2010980.000
0.000,2010981.000
0.000,2010982.000
0.000,2010983.000
0.000,2010984.000
0.000,2010985.000
0.000,2010986.000
0.000,2010987.000
0.000,2010988.000
0.000,2010989.000
0.000,2010990.000
0.000,2010991.000
0.000,2010992.000
0.000,2010993.000
0.000,2010994.000
0.000,2010995.000
0.000,2010996.000
0.000,2010997.000
0.000,2010998.000
0.000,2010999.000
0.000,2011000.000
0.000,2011001.000
0.000,2011002.000
0.000,2011003.000
0.000,2011004.000
0.000,2011005.000
0.000,2011006.000
0.000,2011007.000
0.000,2011008.000
0.000,2011009.000
0.000,2011010.000
0.000,2011011.000
0.000,2011012.000
0.000,2011013.000
0.000,2011014.000
0.000,2011015.000
0.000,2011016.000
0.000,2011017.000
0.000,2011018.000
0.000,2011019.000
0.000,2011020.000
0.000,2011021.000
0.000,2011022.000
0.000,2011023.000
0.000,2011024.000
0.000,2011025.000
0.000,2011026.000
0.000,2011027.000
0.000,2011028.000
0.000,2011029.000
0.000,2011030.000
0.000,2011031.000
0.000,2011032.000
0.000,2011033.000
0.000,2011034.000
0.000,2011035.000
0.000,2011036.000
0.000,2011037.000
0.000,2011038.000
0.000,2011039.000
0.000,2011040.000
1.000,2011041.000
0.000,2011042.000
0.000,2011043.000
0.000,2011044.000
0.000,2011045.000
0.000,2011046.000
0.000,2011047.000
0.000,2011048.000
0.000,2011049.000
0.000,2011050.000
0.000,2011051.000
0.000,2011052.000
0.000,2011053.000
0.000,2011054.000
0.000,2011055.000
0.000,2011056.000
0.000,2011057.000
0.000,2011058.000
0.000,2011059.000
0.000,2011060.000
0.000,2011061.000
0.000,2011062.000
0.000,2011063.000
1.000,2011064.000
0.000,2011065.000
0.000,2011066.000
0.000,2011067.000
0.000,2011068.000
0.000,2011069.000
0.000,2011070.000
0.000,2011071.000
0.000,2011072.000
0.000,2011073.000
0.000,2011074.000
0.000,2011075.000
0.000,2011076.000
0.000,2011077.000
0.000,2011078.000
0.000,2011079.000
0.000,2011080.000
0.000,2011081.000
0.000,2011082.000
0.000,2011083.000
0.000,2011084.000
0.000,2011085.000
0.000,2011086.000
0.000,2011087.000
0.000,2011088.000
0.000,2011089.000
0.000,2011090.000
0.000,2011091.000
0.000,2011092.000
0.000,2011093.000
0.000,2011094.000
0.000,2011095.000
0.000,2011096.000
0.000,2011097.000
0.000,2011098.000
0.000,2011099.000
1.000,2011100.000
0.000,2011101.000
0.000,2011102.000
0.000,2011103.000
0.000,2011104.000
0.000,2011105.000
0.000,2011106.000
0.000,2011107.000
0.000,2011108.000
0.000,2011109.000
0.000,2011110.000
0.000,2011111.000
0.000,2011112.000
0.000,2011113.000
0.000,2011114.000
0.000,2011115.000
0.000,2011116.000
0.000,2011117.000
0.000,2011118.000
0.000,2011119.000
0.000,2011120.000
0.000,2011121.000
0.000,2011122.000
0.000,2011123.000
0.000,2011124.000
0.000,2011125.000
0.000,2011126.000
0.000,2011127.000
0.000,2011128.000
0.000,2011129.000
0.000,2011130.000
0.000,2011131.000
0.000,2011132.000
0.000,2011133.000
0.000,2011134.000
0.000,2011135.000
0.000,2011136.000
0.000,2011137.000
0.000,2011138.000
0.000,2011139.000
0.000,2011140.000
0.000,2011141.000
0.000,2011142.000
0.000,2011143.000
0.000,2011144.000
0.000,2011145.000
0.000,2011146.000
0.000,2011147.000
0.000,2011148.000
0.000,2011149.000
0.000,2011150.000
0.000,2011151.000
0.000,2011152.000
0.000,2011153.000
0.000,2011154.000
0.000,2011155.000
0.000,2011156.000
0.000,2011157.000
0.000,2011158.000
0.000,2011159.000
0.000,2011160.000
0.000,2011161.000
0.000,2011162.000
0.000,2011163.000
0.000,2011164.000
0.000,2011165.000
0.000,2011166.000
0.000,2011167.000
0.000,2011168.000
0.000,2011169.000
0.000,2011170.000
0.000,2011171.000
0.000,2011172.000
0.000,2011173.000
0.000,2011174.000
0.000,2011175.000
0.000,2011176.000
0.000,2011177.000
0.000,2011178.000
0.000,2011179.000
0.000,2011180.000
0.000,2011181.000
0.000,2011182.000
0.000,2011183.000
0.000,2011184.000
0.000,2011185.000
0.000,2011186.000
0.000,2011187.000
0.000,2011188.000
0.000,2011189.000
0.000,2011190.000
0.000,2011191.000
0.000,2011192.000
0.000,2011193.000
0.000,2011194.000
0.000,2011195.000
0.000,2011196.000
0.000,2011197.000
0.000,2011198.000
0.000,2011199.000
0.000,2011200.000
0.000,2011201.000
0.000,2011202.000
0.000,2011203.000
0.000,2011204.000
0.000,2011205.000
0.000,2011206.000
0.000,2011207.000
0.000,2011208.000
0.000,2011209.000
0.000,2011210.000
0.000,2011211.000
0.000,2011212.000
0.000,2011213.000
0.000,2011214.000
0.000,2011215.000
0.000,2011216.000
0.000,2011217.000
0.000,2011218.000
1.000,2011219.000
0.000,2011220.000
0.000,2011221.000
0.000,2011222.000
0.000,2011223.000
0.000,2011224.000
0.000,2011225.000
0.000,2011226.000
0.000,2011227.000
0.000,2011228.000
0.000,2011229.000
0.000,2011230.000
0.000,2011231.000
0.000,2011232.000
0.000,2011233.000
0.000,2011234.000
0.000,2011235.000
0.000,2011236.000
0.000,2011237.000
0.000,2011238.000
0.000,2011239.000
0.000,2011240.000
0.000,2011241.000
0.000,2011242.000
0.000,2011243.000
0.000,2011244.000
0.000,2011245.000
0.000,2011246.000
0.000,2011247.000
0.000,2011248.000
0.000,2011249.000
0.000,2011250.000
0.000,2011251.000
0.000,2011252.000
0.000,2011253.000
0.000,2011254.000
0.000,2011255.000
0.000,2011256.000
0.000,2011257.000
0.000,2011258.000
0.000,2011259.000
0.000,2011260.000
0.000,2011261.000
0.000,2011262.000
0.000,2011263.000
0.000,2011264.000
0.000,2011265.000
0.000,2011266.000
0.000,2011267.000
0.000,2011268.000
0.000,2011269.000
0.000,2011270.000
0.000,2011271.000
0.000,2011272.000
0.000,2011273.000
0.000,2011274.000
0.000,2011275.000
0.000,2011276.000
0.000,2011277.000
0.000,2011278.000
0.000,2011279.000
0.000,2011280.000
0.000,2011281.000
0.000,2011282.000
0.000,2011283.000
0.000,2011284.000
0.000,2011285.000
0.000,2011286.000
0.000,2011287.000
0.000,2011288.000
0.000,2011289.000
0.000,2011290.000
0.000,2011291.000
0.000,2011292.000
0.000,2011293.000
0.000,2011294.000
0.000,2011295.000
0.000,2011296.000
0.000,2011297.000
0.000,2011298.000
0.000,2011299.000
0.000,2011300.000
0.000,2011301.000
0.000,2011302.000
0.000,2011303.000
0.000,2011304.000
0.000,2011305.000
0.000,2011306.000
0.000,2011307.000
0.000,2011308.000
0.000,2011309.000
1.000,2011310.000
0.000,2011311.000
0.000,2011312.000
0.000,2011313.000
0.000,2011314.000
0.000,2011315.000
0.000,2011316.000
0.000,2011317.000
0.000,2011318.000
0.000,2011319.000
0.000,2011320.000
0.000,2011321.000
0.000,2011322.000
0.000,2011323.000
0.000,2011324.000
0.000,2011325.000
0.000,2011326.000
1.000,2011327.000
0.000,2011328.000
0.000,2011329.000
0.000,2011330.000
0.000,2011331.000
0.000,2011332.000
0.000,2011333.000
0.000,2011334.000
0.000,2011335.000
0.000,2011336.000
0.000,2011337.000
0.000,2011338.000
0.000,2011339.000
0.000,2011340.000
0.000,2011341.000
0.000,2011342.000
0.000,2011343.000
0.000,2011344.000
0.000,2011345.000
0.000,2011346.000
0.000,2011347.000
0.000,2011348.000
0.000,2011349.000
0.000,2011350.000
0.000,2011351.000
0.000,2011352.000
0.000,2011353.000
0.000,2011354.000
1.000,2011355.000
0.000,2011356.000
0.000,2011357.000
0.000,2011358.000
0.000,2011359.000
1.000,2011360.000
0.000,2011361.000
0.000,2011362.000
0.000,2011363.000
0.000,2011364.000
0.000,2011365.000
0.000,2011366.000
0.000,2011367.000
0.000,2011368.000
0.000,2011369.000
0.000,2011370.000
0.000,2011371.000
0.000,2011372.000
0.000,2011373.000
0.000,2011374.000
0.000,2011375.000
0.000,2011376.000
0.000,2011377.000
0.000,2011378.000
0.000,2011379.000
0.000,2011380.000
0.000,2011381.000
0.000,2011382.000
0.000,2011383.000
0.000,2011384.000
0.000,2011385.000
0.000,2011386.000
0.000,2011387.000
0.000,2011388.000
0.000,2011389.000
0.000,2011390.000
1.000,2011391.000
0.000,2011392.000
0.000,2011393.000
1.000,2011394.000
0.000,2011395.000
0.000,2011396.000
0.000,2011397.000
0.000,2011398.000
0.000,2011399.000
0.000,2011400.000
0.000,2011401.000
0.000,2011402.000
0.000,2011403.000
0.000,2011404.000
0.000,2011405.000
0.000,2011406.000
1.000,2011407.000
0.000,2011408.000
0.000,2011409.000
0.000,2011410.000
0.000,2011411.000
0.000,2011412.000
0.000,2011413.000
0.000,2011414.000
0.000,2011415.000
0.000,2011416.000
0.000,2011417.000
0.000,2011418.000
0.000,2011419.000
0.000,2011420.000
0.000,2011421.000
0.000,2011422.000
0.000,2011423.000
0.000,2011424.000
0.000,2011425.000
0.000,2011426.000
0.000,2011427.000
0.000,2011428.000
0.000,2011429.000
0.000,2011430.000
0.000,2011431.000
0.000,2011432.000
0.000,2011433.000
0.000,2011434.000
0.000,2011435.000
0.000,2011436.000
0.000,2011437.000
0.000,2011438.000
0.000,2011439.000
0.000,2011440.000
0.000,2011441.000
1.000,2011442.000
0.000,2011443.000
0.000,2011444.000
0.000,2011445.000
0.000,2011446.000
0.000,2011447.000
0.000,2011448.000
0.000,2011449.000
0.000,2011450.000
0.000,2011451.000
0.000,2011452.000
0.000,2011453.000
0.000,2011454.000
0.000,2011455.000
0.000,2011456.000
0.000,2011457.000
0.000,2011458.000
0.000,2011459.000
0.000,2011460.000
0.000,2011461.000
0.000,2011462.000
0.000,2011463.000
0.000,2011464.000
0.000,2011465.000
0.000,2011466.000
0.000,2011467.000
0.000,2011468.000
0.000,2011469.000
0.000,2011470.000
0.000,2011471.000
0.000,2011472.000
0.000,2011473.000
0.000,2011474.000
0.000,2011475.000
0.000,2011476.000
0.000,2011477.000
0.000,2011478.000
0.000,2011479.000
0.000,2011480.000
0.000,2011481.000
0.000,2011482.000
0.000,2011483.000
0.000,2011484.000
0.000,2011485.000
0.000,2011486.000
0.000,2011487.000
0.000,2011488.000
0.000,2011489.000
0.000,2011490.000
0.000,2011491.000
0.000,2011492.000
0.000,2011493.000
0.000,2011494.000
0.000,2011495.000
0.000,2011496.000
0.000,2011497.000
0.000,2011498.000
0.000,2011499.000
0.000,2011500.000
0.000,2011501.000
0.000,2011502.000
0.000,2011503.000
0.000,2011504.000
0.000,2011505.000
0.000,2011506.000
0.000,2011507.000
0.000,2011508.000
0.000,2011509.000
0.000,2011510.000
0.000,2011511.000
0.000,2011512.000
1.000,2011513.000
0.000,2011514.000
0.000,2011515.000
0.000,2011516.000
0.000,2011517.000
0.000,2011518.000
0.000,2011519.000
0.000,2011520.000
0.000,2011521.000
0.000,2011522.000
0.000,2011523.000
0.000,2011524.000
0.000,2011525.000
0.000,2011526.000
0.000,2011527.000
0.000,2011528.000
0.000,2011529.000
0.000,2011530.000
0.000,2011531.000
0.000,2011532.000
0.000,2011533.000
0.000,2011534.000
0.000,2011535.000
0.000,2011536.000
0.000,2011537.000
0.000,2011538.000
0.000,2011539.000
0.000,2011540.000
0.000,2011541.000
0.000,2011542.000
0.000,2011543.000
0.000,2011544.000
0.000,2011545.000
0.000,2011546.000
0.000,2011547.000
0.000,2011548.000
0.000,2011549.000
0.000,2011550.000
0.000,2011551.000
0.000,2011552.000
0.000,2011553.000
0.000,2011554.000
0.000,2011555.000
0.000,2011556.000
0.000,2011557.000
0.000,2011558.000
1.000,2011559.000
0.000,2011560.000
0.000,2011561.000
0.000,2011562.000
0.000,2011563.000
0.000,2011564.000
0.000,2011565.000
0.000,2011566.000
0.000,2011567.000
0.000,2011568.000
0.000,2011569.000
0.000,2011570.000
0.000,2011571.000
0.000,2011572.000
0.000,2011573.000
0.000,2011574.000
0.000,2011575.000
0.000,2011576.000
0.000,2011577.000
0.000,2011578.000
0.000,2011579.000
0.000,2011580.000
0.000,2011581.000
0.000,2011582.000
0.000,2011583.000
0.000,2011584.000
0.000,2011585.000
0.000,2011586.000
0.000,2011587.000
0.000,2011588.000
0.000,2011589.000
0.000,2011590.000
0.000,2011591.000
0.000,2011592.000
0.000,2011593.000
0.000,2011594.000
0.000,2011595.000
0.000,2011596.000
0.000,2011597.000
0.000,2011598.000
0.000,2011599.000
0.000,2011600.000
0.000,2011601.000
0.000,2011602.000
0.000,2011603.000
0.000,2011604.000
0.000,2011605.000
0.000,2011606.000
0.000,2011607.000
0.000,2011608.000
0.000,2011609.000
1.000,2011610.000
0.000,2011611.000
0.000,2011612.000
0.000,2011613.000
0.000,2011614.000
0.000,2011615.000
0.000,2011616.000
0.000,2011617.000
0.000,2011618.000
0.000,2011619.000
0.000,2011620.000
0.000,2011621.000
0.000,2011622.000
0.000,2011623.000
0.000,2011624.000
0.000,2011625.000
0.000,2011626.000
0.000,2011627.000
0.000,2011628.000
0.000,2011629.000
0.000,2011630.000
0.000,2011631.000
0.000,2011632.000
0.000,2011633.000
0.000,2011634.000
0.000,2011635.000
0.000,2011636.000
0.000,2011637.000
0.000,2011638.000
0.000,2011639.000
0.000,2011640.000
0.000,2011641.000
0.000,2011642.000
0.000,2011643.000
0.000,2011644.000
0.000,2011645.000
0.000,2011646.000
0.000,2011647.000
0.000,2011648.000
0.000,2011649.000
0.000,2011650.000
0.000,2011651.000
0.000,2011652.000
0.000,2011653.000
0.000,2011654.000
0.000,2011655.000
0.000,2011656.000
0.000,2011657.000
0.000,2011658.000
0.000,2011659.000
0.000,2011660.000
0.000,2011661.000
0.000,2011662.000
0.000,2011663.000
0.000,2011664.000
1.000,2011665.000
0.000,2011666.000
0.000,2011667.000
0.000,2011668.000
0.000,2011669.000
0.000,2011670.000
0.000,2011671.000
0.000,2011672.000
0.000,2011673.000
0.000,2011674.000
0.000,2011675.000
0.000,2011676.000
0.000,2011677.000
0.000,2011678.000
0.000,2011679.000
0.000,2011680.000
0.000,2011681.000
0.000,2011682.000
0.000,2011683.000
0.000,2011684.000
0.000,2011685.000
0.000,2011686.000
0.000,2011687.000
0.000,2011688.000
0.000,2011689.000
0.000,2011690.000
0.000,2011691.000
0.000,2011692.000
0.000,2011693.000
0.000,2011694.000
0.000,2011695.000
0.000,2011696.000
0.000,2011697.000
0.000,2011698.000
0.000,2011699.000
0.000,2011700.000
0.000,2011701.000
0.000,2011702.000
0.000,2011703.000
0.000,2011704.000
0.000,2011705.000
0.000,2011706.000
0.000,2011707.000
0.000,2011708.000
0.000,2011709.000
0.000,2011710.000
0.000,2011711.000
0.000,2011712.000
0.000,2011713.000
0.000,2011714.000
0.000,2011715.000
0.000,2011716.000
0.000,2011717.000
0.000,2011718.000
0.000,2011719.000
0.000,2011720.000
0.000,2011721.000
0.000,2011722.000
0.000,2011723.000
0.000,2011724.000
0.000,2011725.000
0.000,2011726.000
0.000,2011727.000
0.000,2011728.000
0.000,2011729.000
0.000,2011730.000
0.000,2011731.000
0.000,2011732.000
0.000,2011733.000
0.000,2011734.000
0.000,2011735.000
0.000,2011736.000
0.000,2011737.000
1.000,2011738.000
0.000,2011739.000
0.000,2011740.000
0.000,2011741.000
0.000,2011742.000
0.000,2011743.000
0.000,2011744.000
0.000,2011745.000
0.000,2011746.000
0.000,2011747.000
0.000,2011748.000
0.000,2011749.000
0.000,2011750.000
0.000,2011751.000
0.000,2011752.000
0.000,2011753.000
0.000,2011754.000
0.000,2011755.000
0.000,2011756.000
0.000,2011757.000
0.000,2011758.000
0.000,2011759.000
0.000,2011760.000
0.000,2011761.000
0.000,2011762.000
0.000,2011763.000
0.000,2011764.000
0.000,2011765.000
1.000,2011766.000
0.000,2011767.000
0.000,2011768.000
0.000,2011769.000
0.000,2011770.000
0.000,2011771.000
0.000,2011772.000
0.000,2011773.000
0.000,2011774.000
0.000,2011775.000
0.000,2011776.000
0.000,2011777.000
0.000,2011778.000
0.000,2011779.000
0.000,2011780.000
0.000,2011781.000
0.000,2011782.000
0.000,2011783.000
0.000,2011784.000
0.000,2011785.000
0.000,2011786.000
0.000,2011787.000
0.000,2011788.000
0.000,2011789.000
0.000,2011790.000
0.000,2011791.000
0.000,2011792.000
0.000,2011793.000
0.000,2011794.000
0.000,2011795.000
0.000,2011796.000
0.000,2011797.000
0.000,2011798.000
0.000,2011799.000
0.000,2011800.000
0.000,2011801.000
0.000,2011802.000
0.000,2011803.000
0.000,2011804.000
0.000,2011805.000
0.000,2011806.000
0.000,2011807.000
0.000,2011808.000
0.000,2011809.000
0.000,2011810.000
0.000,2011811.000
0.000,2011812.000
0.000,2011813.000
0.000,2011814.000
0.000,2011815.000
0.000,2011816.000
0.000,2011817.000
0.000,2011818.000
0.000,2011819.000
0.000,2011820.000
0.000,2011821.000
0.000,2011822.000
0.000,2011823.000
0.000,2011824.000
0.000,2011825.000
0.000,2011826.000
0.000,2011827.000
0.000,2011828.000
0.000,2011829.000
0.000,2011830.000
0.000,2011831.000
0.000,2011832.000
0.000,2011833.000
0.000,2011834.000
0.000,2011835.000
0.000,2011836.000
0.000,2011837.000
0.000,2011838.000
0.000,2011839.000
0.000,2011840.000
0.000,2011841.000
0.000,2011842.000
0.000,2011843.000
0.000,2011844.000
0.000,2011845.000
0.000,2011846.000
0.000,2011847.000
0.000,2011848.000
0.000,2011849.000
0.000,2011850.000
0.000,2011851.000
0.000,2011852.000
0.000,2011853.000
0.000,2011854.000
0.000,2011855.000
0.000,2011856.000
0.000,2011857.000
0.000,2011858.000
0.000,2011859.000
0.000,2011860.000
0.000,2011861.000
0.000,2011862.000
0.000,2011863.000
0.000,2011864.000
0.000,2011865.000
0.000,2011866.000
0.000,2011867.000
0.000,2011868.000
0.000,2011869.000
0.000,2011870.000
0.000,2011871.000
0.000,2011872.000
0.000,2011873.000
0.000,2011874.000
0.000,2011875.000
0.000,2011876.000
0.000,2011877.000
0.000,2011878.000
0.000,2011879.000
0.000,2011880.000
0.000,2011881.000
0.000,2011882.000
0.000,2011883.000
0.000,2011884.000
0.000,2011885.000
0.000,2011886.000
0.000,2011887.000
0.000,2011888.000
0.000,2011889.000
0.000,2011890.000
0.000,2011891.000
1.000,2011892.000
0.000,2011893.000
0.000,2011894.000
0.000,2011895.000
0.000,2011896.000
0.000,2011897.000
0.000,2011898.000
0.000,2011899.000
0.000,2011900.000
0.000,2011901.000
0.000,2011902.000
0.000,2011903.000
0.000,2011904.000
0.000,2011905.000
0.000,2011906.000
0.000,2011907.000
0.000,2011908.000
0.000,2011909.000
0.000,2011910.000
0.000,2011911.000
0.000,2011912.000
0.000,2011913.000
0.000,2011914.000
0.000,2011915.000
0.000,2011916.000
0.000,2011917.000
0.000,2011918.000
0.000,2011919.000
0.000,2011920.000
0.000,2011921.000
0.000,2011922.000
0.000,2011923.000
0.000,2011924.000
0.000,2011925.000
0.000,2011926.000
0.000,2011927.000
0.000,2011928.000
0.000,2011929.000
0.000,2011930.000
0.000,2011931.000
0.000,2011932.000
0.000,2011933.000
0.000,2011934.000
0.000,2011935.000
0.000,2011936.000
0.000,2011937.000
0.000,2011938.000
0.000,2011939.000
0.000,2011940.000
0.000,2011941.000
0.000,2011942.000
0.000,2011943.000
0.000,2011944.000
0.000,2011945.000
0.000,2011946.000
0.000,2011947.000
1.000,2011948.000
0.000,2011949.000
0.000,2011950.000
0.000,2011951.000
0.000,2011952.000
0.000,2011953.000
0.000,2011954.000
0.000,2011955.000
0.000,2011956.000
0.000,2011957.000
0.000,2011958.000
0.000,2011959.000
1.000,2011960.000
0.000,2011961.000
0.000,2011962.000
0.000,2011963.000
0.000,2011964.000
0.000,2011965.000
0.000,2011966.000
0.000,2011967.000
0.000,2011968.000
0.000,2011969.000
0.000,2011970.000
1.000,2011971.000
0.000,2011972.000
0.000,2011973.000
0.000,2011974.000
0.000,2011975.000
0.000,2011976.000
0.000,2011977.000
0.000,2011978.000
0.000,2011979.000
0.000,2011980.000
0.000,2011981.000
0.000,2011982.000
0.000,2011983.000
0.000,2011984.000
0.000,2011985.000
0.000,2011986.000
0.000,2011987.000
0.000,2011988.000
0.000,2011989.000
0.000,2011990.000
0.000,2011991.000
0.000,2011992.000
0.000,2011993.000
0.000,2011994.000
0.000,2011995.000
0.000,2011996.000
1.000,2011997.000
0.000,2011998.000
0.000,2011999.000
0.000,2012000.000
0.000,2012001.000
0.000,2012002.000
0.000,2012003.000
0.000,2012004.000
0.000,2012005.000
0.000,2012006.000
0.000,2012007.000
0.000,2012008.000
0.000,2012009.000
0.000,2012010.000
0.000,2012011.000
0.000,2012012.000
0.000,2012013.000
0.000,2012014.000
0.000,2012015.000
0.000,2012016.000
0.000,2012017.000
0.000,2012018.000
0.000,2012019.000
0.000,2012020.000
0.000,2012021.000
0.000,2012022.000
0.000,2012023.000
0.000,2012024.000
0.000,2012025.000
0.000,2012026.000
0.000,2012027.000
0.000,2012028.000
0.000,2012029.000
0.000,2012030.000
0.000,2012031.000
0.000,2012032.000
0.000,2012033.000
0.000,2012034.000
0.000,2012035.000
0.000,2012036.000
0.000,2012037.000
0.000,2012038.000
0.000,2012039.000
0.000,2012040.000
0.000,2012041.000
0.000,2012042.000
0.000,2012043.000
0.000,2012044.000
0.000,2012045.000
0.000,2012046.000
0.000,2012047.000
0.000,2012048.000
0.000,2012049.000
0.000,2012050.000
0.000,2012051.000
0.000,2012052.000
0.000,2012053.000
1.000,2012054.000
0.000,2012055.000
0.000,2012056.000
0.000,2012057.000
1.000,2012058.000
0.000,2012059.000
0.000,2012060.000
0.000,2012061.000
0.000,2012062.000
0.000,2012063.000
0.000,2012064.000
0.000,2012065.000
0.000,2012066.000
0.000,2012067.000
0.000,2012068.000
0.000,2012069.000
0.000,2012070.000
0.000,2012071.000
0.000,2012072.000
0.000,2012073.000
0.000,2012074.000
0.000,2012075.000
0.000,2012076.000
0.000,2012077.000
0.000,2012078.000
0.000,2012079.000
0.000,2012080.000
0.000,2012081.000
0.000,2012082.000
0.000,2012083.000
0.000,2012084.000
0.000,2012085.000
0.000,2012086.000
0.000,2012087.000
0.000,2012088.000
0.000,2012089.000
0.000,2012090.000
0.000,2012091.000
0.000,2012092.000
0.000,2012093.000
0.000,2012094.000
0.000,2012095.000
0.000,2012096.000
0.000,2012097.000
0.000,2012098.000
0.000,2012099.000
0.000,2012100.000
0.000,2012101.000
0.000,2012102.000
0.000,2012103.000
0.000,2012104.000
0.000,2012105.000
0.000,2012106.000
0.000,2012107.000
0.000,2012108.000
0.000,2012109.000
0.000,2012110.000
0.000,2012111.000
0.000,2012112.000
0.000,2012113.000
0.000,2012114.000
0.000,2012115.000
0.000,2012116.000
0.000,2012117.000
0.000,2012118.000
0.000,2012119.000
0.000,2012120.000
0.000,2012121.000
0.000,2012122.000
0.000,2012123.000
0.000,2012124.000
0.000,2012125.000
0.000,2012126.000
0.000,2012127.000
0.000,2012128.000
0.000,2012129.000
0.000,2012130.000
0.000,2012131.000
0.000,2012132.000
0.000,2012133.000
0.000,2012134.000
0.000,2012135.000
0.000,2012136.000
0.000,2012137.000
0.000,2012138.000
0.000,2012139.000
0.000,2012140.000
0.000,2012141.000
0.000,2012142.000
0.000,2012143.000
0.000,2012144.000
0.000,2012145.000
0.000,2012146.000
0.000,2012147.000
0.000,2012148.000
0.000,2012149.000
0.000,2012150.000
0.000,2012151.000
1.000,2012152.000
0.000,2012153.000
0.000,2012154.000
0.000,2012155.000
0.000,2012156.000
0.000,2012157.000
0.000,2012158.000
0.000,2012159.000
0.000,2012160.000
0.000,2012161.000
0.000,2012162.000
0.000,2012163.000
0.000,2012164.000
0.000,2012165.000
0.000,2012166.000
0.000,2012167.000
0.000,2012168.000
0.000,2012169.000
0.000,2012170.000
0.000,2012171.000
0.000,2012172.000
0.000,2012173.000
0.000,2012174.000
0.000,2012175.000
0.000,2012176.000
0.000,2012177.000
0.000,2012178.000
0.000,2012179.000
0.000,2012180.000
0.000,2012181.000
0.000,2012182.000
0.000,2012183.000
0.000,2012184.000
0.000,2012185.000
1.000,2012186.000
0.000,2012187.000
0.000,2012188.000
0.000,2012189.000
0.000,2012190.000
0.000,2012191.000
0.000,2012192.000
0.000,2012193.000
0.000,2012194.000
0.000,2012195.000
0.000,2012196.000
0.000,2012197.000
0.000,2012198.000
0.000,2012199.000
0.000,2012200.000
0.000,2012201.000
0.000,2012202.000
0.000,2012203.000
0.000,2012204.000
0.000,2012205.000
0.000,2012206.000
0.000,2012207.000
0.000,2012208.000
0.000,2012209.000
0.000,2012210.000
0.000,2012211.000
1.000,2012212.000
0.000,2012213.000
0.000,2012214.000
0.000,2012215.000
0.000,2012216.000
0.000,2012217.000
0.000,2012218.000
0.000,2012219.000
0.000,2012220.000
0.000,2012221.000
0.000,2012222.000
0.000,2012223.000
0.000,2012224.000
0.000,2012225.000
0.000,2012226.000
0.000,2012227.000
0.000,2012228.000
0.000,2012229.000
0.000,2012230.000
0.000,2012231.000
0.000,2012232.000
0.000,2012233.000
0.000,2012234.000
0.000,2012235.000
0.000,2012236.000
0.000,2012237.000
0.000,2012238.000
0.000,2012239.000
0.000,2012240.000
0.000,2012241.000
0.000,2012242.000
0.000,2012243.000
0.000,2012244.000
0.000,2012245.000
0.000,2012246.000
0.000,2012247.000
0.000,2012248.000
0.000,2012249.000
0.000,2012250.000
0.000,2012251.000
0.000,2012252.000
0.000,2012253.000
0.000,2012254.000
0.000,2012255.000
0.000,2012256.000
0.000,2012257.000
0.000,2012258.000
0.000,2012259.000
0.000,2012260.000
0.000,2012261.000
1.000,2012262.000
0.000,2012263.000
0.000,2012264.000
0.000,2012265.000
0.000,2012266.000
0.000,2012267.000
0.000,2012268.000
0.000,2012269.000
0.000,2012270.000
0.000,2012271.000
0.000,2012272.000
0.000,2012273.000
1.000,2012274.000
0.000,2012275.000
0.000,2012276.000
0.000,2012277.000
0.000,2012278.000
0.000,2012279.000
0.000,2012280.000
0.000,2012281.000
0.000,2012282.000
0.000,2012283.000
0.000,2012284.000
0.000,2012285.000
0.000,2012286.000
0.000,2012287.000
0.000,2012288.000
0.000,2012289.000
0.000,2012290.000
0.000,2012291.000
0.000,2012292.000
0.000,2012293.000
0.000,2012294.000
0.000,2012295.000
0.000,2012296.000
0.000,2012297.000
0.000,2012298.000
0.000,2012299.000
0.000,2012300.000
0.000,2012301.000
0.000,2012302.000
0.000,2012303.000
0.000,2012304.000
0.000,2012305.000
0.000,2012306.000
0.000,2012307.000
0.000,2012308.000
0.000,2012309.000
0.000,2012310.000
0.000,2012311.000
0.000,2012312.000
0.000,2012313.000
0.000,2012314.000
0.000,2012315.000
0.000,2012316.000
0.000,2012317.000
0.000,2012318.000
0.000,2012319.000
0.000,2012320.000
0.000,2012321.000
0.000,2012322.000
0.000,2012323.000
0.000,2012324.000
0.000,2012325.000
0.000,2012326.000
0.000,2012327.000
0.000,2012328.000
0.000,2012329.000
0.000,2012330.000
0.000,2012331.000
0.000,2012332.000
0.000,2012333.000
0.000,2012334.000
0.000,2012335.000
0.000,2012336.000
0.000,2012337.000
0.000,2012338.000
0.000,2012339.000
0.000,2012340.000
0.000,2012341.000
0.000,2012342.000
0.000,2012343.000
0.000,2012344.000
0.000,2012345.000
0.000,2012346.000
0.000,2012347.000
0.000,2012348.000
0.000,2012349.000
0.000,2012350.000
0.000,2012351.000
0.000,2012352.000
0.000,2012353.000
1.000,2012354.000
0.000,2012355.000
0.000,2012356.000
0.000,2012357.000
0.000,2012358.000
0.000,2012359.000
0.000,2012360.000
0.000,2012361.000
0.000,2012362.000
0.000,2012363.000
0.000,2012364.000
0.000,2012365.000
0.000,2012366.000
0.000,2012367.000
0.000,2012368.000
0.000,2012369.000
0.000,2012370.000
0.000,2012371.000
0.000,2012372.000
0.000,2012373.000
0.000,2012374.000
0.000,2012375.000
0.000,2012376.000
0.000,2012377.000
0.000,2012378.000
0.000,2012379.000
0.000,2012380.000
0.000,2012381.000
0.000,2012382.000
1.000,2012383.000
0.000,2012384.000
0.000,2012385.000
1.000,2012386.000
0.000,2012387.000
0.000,2012388.000
0.000,2012389.000
0.000,2012390.000
0.000,2012391.000
0.000,2012392.000
0.000,2012393.000
0.000,2012394.000
0.000,2012395.000
0.000,2012396.000
0.000,2012397.000
0.000,2012398.000
0.000,2012399.000
0.000,2012400.000
0.000,2012401.000
0.000,2012402.000
0.000,2012403.000
0.000,2012404.000
0.000,2012405.000
0.000,2012406.000
0.000,2012407.000
0.000,2012408.000
0.000,2012409.000
0.000,2012410.000
0.000,2012411.000
0.000,2012412.000
0.000,2012413.000
0.000,2012414.000
0.000,2012415.000
0.000,2012416.000
0.000,2012417.000
0.000,2012418.000
0.000,2012419.000
0.000,2012420.000
0.000,2012421.000
0.000,2012422.000
0.000,2012423.000
0.000,2012424.000
0.000,2012425.000
0.000,2012426.000
0.000,2012427.000
0.000,2012428.000
0.000,2012429.000
0.000,2012430.000
0.000,2012431.000
0.000,2012432.000
0.000,2012433.000
0.000,2012434.000
0.000,2012435.000
0.000,2012436.000
0.000,2012437.000
0.000,2012438.000
0.000,2012439.000
0.000,2012440.000
0.000,2012441.000
0.000,2012442.000
0.000,2012443.000
0.000,2012444.000
0.000,2012445.000
0.000,2012446.000
0.000,2012447.000
0.000,2012448.000
0.000,2012449.000
0.000,2012450.000
0.000,2012451.000
0.000,2012452.000
0.000,2012453.000
0.000,2012454.000
0.000,2012455.000
0.000,2012456.000
0.000,2012457.000
0.000,2012458.000
0.000,2012459.000
0.000,2012460.000
1.000,2012461.000
0.000,2012462.000
0.000,2012463.000
0.000,2012464.000
0.000,2012465.000
0.000,2012466.000
0.000,2012467.000
0.000,2012468.000
0.000,2012469.000
0.000,2012470.000
0.000,2012471.000
0.000,2012472.000
0.000,2012473.000
0.000,2012474.000
0.000,2012475.000
0.000,2012476.000
0.000,2012477.000
0.000,2012478.000
0.000,2012479.000
0.000,2012480.000
0.000,2012481.000
0.000,2012482.000
0.000,2012483.000
0.000,2012484.000
0.000,2012485.000
0.000,2012486.000
0.000,2012487.000
0.000,2012488.000
0.000,2012489.000
1.000,2012490.000
0.000,2012491.000
0.000,2012492.000
0.000,2012493.000
0.000,2012494.000
0.000,2012495.000
0.000,2012496.000
0.000,2012497.000
0.000,2012498.000
0.000,2012499.000
0.000,2012500.000
0.000,2012501.000
0.000,2012502.000
0.000,2012503.000
0.000,2012504.000
0.000,2012505.000
1.000,2012506.000
0.000,2012507.000
0.000,2012508.000
0.000,2012509.000
0.000,2012510.000
0.000,2012511.000
0.000,2012512.000
0.000,2012513.000
0.000,2012514.000
0.000,2012515.000
0.000,2012516.000
0.000,2012517.000
0.000,2012518.000
0.000,2012519.000
0.000,2012520.000
0.000,2012521.000
0.000,2012522.000
0.000,2012523.000
0.000,2012524.000
0.000,2012525.000
0.000,2012526.000
0.000,2012527.000
0.000,2012528.000
0.000,2012529.000
0.000,2012530.000
0.000,2012531.000
0.000,2012532.000
0.000,2012533.000
0.000,2012534.000
0.000,2012535.000
0.000,2012536.000
0.000,2012537.000
0.000,2012538.000
0.000,2012539.000
0.000,2012540.000
0.000,2012541.000
0.000,2012542.000
0.000,2012543.000
0.000,2012544.000
0.000,2012545.000
0.000,2012546.000
0.000,2012547.000
0.000,2012548.000
0.000,2012549.000
0.000,2012550.000
0.000,2012551.000
0.000,2012552.000
0.000,2012553.000
0.000,2012554.000
0.000,2012555.000
0.000,2012556.000
0.000,2012557.000
0.000,2012558.000
0.000,2012559.000
0.000,2012560.000
0.000,2012561.000
0.000,2012562.000
0.000,2012563.000
1.000,2012564.000
0.000,2012565.000
0.000,2012566.000
0.000,2012567.000
0.000,2012568.000
0.000,2012569.000
0.000,2012570.000
0.000,2012571.000
0.000,2012572.000
0.000,2012573.000
0.000,2012574.000
0.000,2012575.000
0.000,2012576.000
0.000,2012577.000
0.000,2012578.000
0.000,2012579.000
0.000,2012580.000
0.000,2012581.000
0.000,2012582.000
0.000,2012583.000
0.000,2012584.000
0.000,2012585.000
0.000,2012586.000
0.000,2012587.000
0.000,2012588.000
0.000,2012589.000
0.000,2012590.000
0.000,2012591.000
0.000,2012592.000
0.000,2012593.000
0.000,2012594.000
0.000,2012595.000
0.000,2012596.000
0.000,2012597.000
0.000,2012598.000
0.000,2012599.000
0.000,2012600.000
0.000,2012601.000
0.000,2012602.000
0.000,2012603.000
0.000,2012604.000
0.000,2012605.000
0.000,2012606.000
0.000,2012607.000
0.000,2012608.000
0.000,2012609.000
0.000,2012610.000
0.000,2012611.000
0.000,2012612.000
0.000,2012613.000
0.000,2012614.000
0.000,2012615.000
0.000,2012616.000
0.000,2012617.000
0.000,2012618.000
0.000,2012619.000
0.000,2012620.000
0.000,2012621.000
0.000,2012622.000
0.000,2012623.000
0.000,2012624.000
0.000,2012625.000
0.000,2012626.000
0.000,2012627.000
0.000,2012628.000
0.000,2012629.000
0.000,2012630.000
0.000,2012631.000
0.000,2012632.000
0.000,2012633.000
0.000,2012634.000
0.000,2012635.000
0.000,2012636.000
0.000,2012637.000
0.000,2012638.000
0.000,2012639.000
0.000,2012640.000
0.000,2012641.000
0.000,2012642.000
0.000,2012643.000
0.000,2012644.000
0.000,2012645.000
0.000,2012646.000
0.000,2012647.000
0.000,2012648.000
0.000,2012649.000
0.000,2012650.000
0.000,2012651.000
0.000,2012652.000
0.000,2012653.000
0.000,2012654.000
0.000,2012655.000
0.000,2012656.000
0.000,2012657.000
0.000,2012658.000
0.000,2012659.000
0.000,2012660.000
0.000,2012661.000
0.000,2012662.000
0.000,2012663.000
0.000,2012664.000
0.000,2012665.000
0.000,2012666.000
0.000,2012667.000
0.000,2012668.000
0.000,2012669.000
0.000,2012670.000
0.000,2012671.000
0.000,2012672.000
0.000,2012673.000
0.000,2012674.000
0.000,2012675.000
0.000,2012676.000
0.000,2012677.000
0.000,2012678.000
0.000,2012679.000
0.000,2012680.000
0.000,2012681.000
0.000,2012682.000
0.000,2012683.000
0.000,2012684.000
0.000,2012685.000
0.000,2012686.000
0.000,2012687.000
0.000,2012688.000
0.000,2012689.000
0.000,2012690.000
0.000,2012691.000
0.000,2012692.000
0.000,2012693.000
0.000,2012694.000
0.000,2012695.000
0.000,2012696.000
0.000,2012697.000
0.000,2012698.000
0.000,2012699.000
0.000,2012700.000
0.000,2012701.000
0.000,2012702.000
0.000,2012703.000
0.000,2012704.000
0.000,2012705.000
0.000,2012706.000
0.000,2012707.000
0.000,2012708.000
0.000,2012709.000
0.000,2012710.000
0.000,2012711.000
0.000,2012712.000
0.000,2012713.000
0.000,2012714.000
0.000,2012715.000
0.000,2012716.000
0.000,2012717.000
0.000,2012718.000
0.000,2012719.000
0.000,2012720.000
0.000,2012721.000
0.000,2012722.000
0.000,2012723.000
0.000,2012724.000
0.000,2012725.000
0.000,2012726.000
0.000,2012727.000
0.000,2012728.000
0.000,2012729.000
0.000,2012730.000
0.000,2012731.000
0.000,2012732.000
0.000,2012733.000
0.000,2012734.000
0.000,2012735.000
0.000,2012736.000
0.000,2012737.000
0.000,2012738.000
0.000,2012739.000
0.000,2012740.000
0.000,2012741.000
0.000,2012742.000
0.000,2012743.000
0.000,2012744.000
0.000,2012745.000
0.000,2012746.000
0.000,2012747.000
0.000,2012748.000
0.000,2012749.000
0.000,2012750.000
0.000,2012751.000
0.000,2012752.000
0.000,2012753.000
0.000,2012754.000
0.000,2012755.000
0.000,2012756.000
0.000,2012757.000
0.000,2012758.000
0.000,2012759.000
0.000,2012760.000
0.000,2012761.000
0.000,2012762.000
0.000,2012763.000
0.000,2012764.000
0.000,2012765.000
0.000,2012766.000
0.000,2012767.000
0.000,2012768.000
0.000,2012769.000
0.000,2012770.000
0.000,2012771.000
0.000,2012772.000
0.000,2012773.000
0.000,2012774.000
0.000,2012775.000
0.000,2012776.000
0.000,2012777.000
0.000,2012778.000
0.000,2012779.000
0.000,2012780.000
0.000,2012781.000
0.000,2012782.000
0.000,2012783.000
0.000,2012784.000
0.000,2012785.000
0.000,2012786.000
0.000,2012787.000
0.000,2012788.000
0.000,2012789.000
0.000,2012790.000
0.000,2012791.000
0.000,2012792.000
0.000,2012793.000
0.000,2012794.000
0.000,2012795.000
0.000,2012796.000
0.000,2012797.000
0.000,2012798.000
0.000,2012799.000
0.000,2012800.000
0.000,2012801.000
0.000,2012802.000
0.000,2012803.000
0.000,2012804.000
0.000,2012805.000
0.000,2012806.000
0.000,2012807.000
0.000,2012808.000
0.000,2012809.000
0.000,2012810.000
0.000,2012811.000
0.000,2012812.000
0.000,2012813.000
0.000,2012814.000
0.000,2012815.000
0.000,2012816.000
0.000,2012817.000
0.000,2012818.000
0.000,2012819.000
0.000,2012820.000
0.000,2012821.000
0.000,2012822.000
0.000,2012823.000
0.000,2012824.000
0.000,2012825.000
0.000,2012826.000
0.000,2012827.000
0.000,2012828.000
0.000,2012829.000
0.000,2012830.000
0.000,2012831.000
0.000,2012832.000
0.000,2012833.000
0.000,2012834.000
0.000,2012835.000
0.000,2012836.000
0.000,2012837.000
0.000,2012838.000
0.000,2012839.000
0.000,2012840.000
0.000,2012841.000
0.000,2012842.000
0.000,2012843.000
0.000,2012844.000
0.000,2012845.000
0.000,2012846.000
0.000,2012847.000
0.000,2012848.000
0.000,2012849.000
1.000,2012850.000
0.000,2012851.000
0.000,2012852.000
0.000,2012853.000
0.000,2012854.000
0.000,2012855.000
0.000,2012856.000
0.000,2012857.000
0.000,2012858.000
0.000,2012859.000
0.000,2012860.000
0.000,2012861.000
0.000,2012862.000
0.000,2012863.000
0.000,2012864.000
0.000,2012865.000
0.000,2012866.000
0.000,2012867.000
0.000,2012868.000
0.000,2012869.000
0.000,2012870.000
0.000,2012871.000
0.000,2012872.000
0.000,2012873.000
0.000,2012874.000
0.000,2012875.000
0.000,2012876.000
0.000,2012877.000
0.000,2012878.000
0.000,2012879.000
0.000,2012880.000
0.000,2012881.000
0.000,2012882.000
0.000,2012883.000
0.000,2012884.000
0.000,2012885.000
0.000,2012886.000
0.000,2012887.000
0.000,2012888.000
0.000,2012889.000
0.000,2012890.000
0.000,2012891.000
0.000,2012892.000
0.000,2012893.000
0.000,2012894.000
0.000,2012895.000
0.000,2012896.000
0.000,2012897.000
0.000,2012898.000
0.000,2012899.000
0.000,2012900.000
0.000,2012901.000
0.000,2012902.000
0.000,2012903.000
0.000,2012904.000
0.000,2012905.000
0.000,2012906.000
0.000,2012907.000
0.000,2012908.000
0.000,2012909.000
0.000,2012910.000
0.000,2012911.000
0.000,2012912.000
0.000,2012913.000
0.000,2012914.000
0.000,2012915.000
0.000,2012916.000
0.000,2012917.000
0.000,2012918.000
0.000,2012919.000
0.000,2012920.000
0.000,2012921.000
0.000,2012922.000
0.000,2012923.000
0.000,2012924.000
0.000,2012925.000
0.000,2012926.000
0.000,2012927.000
0.000,2012928.000
0.000,2012929.000
0.000,2012930.000
0.000,2012931.000
0.000,2012932.000
0.000,2012933.000
0.000,2012934.000
0.000,2012935.000
0.000,2012936.000
0.000,2012937.000
0.000,2012938.000
0.000,2012939.000
0.000,2012940.000
0.000,2012941.000
0.000,2012942.000
0.000,2012943.000
0.000,2012944.000
0.000,2012945.000
0.000,2012946.000
0.000,2012947.000
0.000,2012948.000
0.000,2012949.000
0.000,2012950.000
0.000,2012951.000
0.000,2012952.000
0.000,2012953.000
0.000,2012954.000
0.000,2012955.000
0.000,2012956.000
0.000,2012957.000
0.000,2012958.000
0.000,2012959.000
0.000,2012960.000
0.000,2012961.000
0.000,2012962.000
0.000,2012963.000
0.000,2012964.000
0.000,2012965.000
1.000,2012966.000
0.000,2012967.000
0.000,2012968.000
0.000,2012969.000
0.000,2012970.000
0.000,2012971.000
0.000,2012972.000
0.000,2012973.000
0.000,2012974.000
0.000,2012975.000
0.000,2012976.000
0.000,2012977.000
0.000,2012978.000
0.000,2012979.000
0.000,2012980.000
0.000,2012981.000
0.000,2012982.000
0.000,2012983.000
0.000,2012984.000
0.000,2012985.000
0.000,2012986.000
0.000,2012987.000
0.000,2012988.000
0.000,2012989.000
0.000,2012990.000
0.000,2012991.000
0.000,2012992.000
0.000,2012993.000
0.000,2012994.000
0.000,2012995.000
0.000,2012996.000
0.000,2012997.000
0.000,2012998.000
0.000,2012999.000
0.000,2013000.000
0.000,2013001.000
0.000,2013002.000
0.000,2013003.000
0.000,2013004.000
0.000,2013005.000
0.000,2013006.000
0.000,2013007.000
0.000,2013008.000
0.000,2013009.000
0.000,2013010.000
0.000,2013011.000
0.000,2013012.000
1.000,2013013.000
0.000,2013014.000
0.000,2013015.000
0.000,2013016.000
0.000,2013017.000
0.000,2013018.000
0.000,2013019.000
0.000,2013020.000
0.000,2013021.000
0.000,2013022.000
0.000,2013023.000
0.000,2013024.000
0.000,2013025.000
0.000,2013026.000
0.000,2013027.000
0.000,2013028.000
0.000,2013029.000
0.000,2013030.000
1.000,2013031.000
0.000,2013032.000
0.000,2013033.000
0.000,2013034.000
0.000,2013035.000
0.000,2013036.000
0.000,2013037.000
0.000,2013038.000
0.000,2013039.000
0.000,2013040.000
0.000,2013041.000
0.000,2013042.000
0.000,2013043.000
0.000,2013044.000
0.000,2013045.000
0.000,2013046.000
0.000,2013047.000
1.000,2013048.000
0.000,2013049.000
0.000,2013050.000
0.000,2013051.000
0.000,2013052.000
0.000,2013053.000
0.000,2013054.000
0.000,2013055.000
0.000,2013056.000
0.000,2013057.000
0.000,2013058.000
0.000,2013059.000
0.000,2013060.000
0.000,2013061.000
0.000,2013062.000
0.000,2013063.000
0.000,2013064.000
0.000,2013065.000
0.000,2013066.000
0.000,2013067.000
0.000,2013068.000
0.000,2013069.000
0.000,2013070.000
0.000,2013071.000
0.000,2013072.000
0.000,2013073.000
0.000,2013074.000
0.000,2013075.000
0.000,2013076.000
0.000,2013077.000
0.000,2013078.000
0.000,2013079.000
0.000,2013080.000
0.000,2013081.000
0.000,2013082.000
0.000,2013083.000
0.000,2013084.000
0.000,2013085.000
0.000,2013086.000
0.000,2013087.000
0.000,2013088.000
0.000,2013089.000
0.000,2013090.000
1.000,2013091.000
0.000,2013092.000
0.000,2013093.000
0.000,2013094.000
0.000,2013095.000
0.000,2013096.000
0.000,2013097.000
0.000,2013098.000
0.000,2013099.000
0.000,2013100.000
0.000,2013101.000
0.000,2013102.000
0.000,2013103.000
0.000,2013104.000
0.000,2013105.000
0.000,2013106.000
0.000,2013107.000
0.000,2013108.000
0.000,2013109.000
0.000,2013110.000
0.000,2013111.000
0.000,2013112.000
0.000,2013113.000
0.000,2013114.000
0.000,2013115.000
0.000,2013116.000
0.000,2013117.000
0.000,2013118.000
0.000,2013119.000
0.000,2013120.000
0.000,2013121.000
0.000,2013122.000
0.000,2013123.000
0.000,2013124.000
0.000,2013125.000
0.000,2013126.000
0.000,2013127.000
0.000,2013128.000
0.000,2013129.000
0.000,2013130.000
0.000,2013131.000
0.000,2013132.000
0.000,2013133.000
0.000,2013134.000
0.000,2013135.000
0.000,2013136.000
0.000,2013137.000
0.000,2013138.000
0.000,2013139.000
0.000,2013140.000
0.000,2013141.000
0.000,2013142.000
0.000,2013143.000
0.000,2013144.000
0.000,2013145.000
0.000,2013146.000
0.000,2013147.000
0.000,2013148.000
0.000,2013149.000
0.000,2013150.000
0.000,2013151.000
0.000,2013152.000
0.000,2013153.000
0.000,2013154.000
0.000,2013155.000
0.000,2013156.000
0.000,2013157.000
0.000,2013158.000
0.000,2013159.000
0.000,2013160.000
0.000,2013161.000
0.000,2013162.000
0.000,2013163.000
0.000,2013164.000
0.000,2013165.000
0.000,2013166.000
0.000,2013167.000
0.000,2013168.000
0.000,2013169.000
0.000,2013170.000
0.000,2013171.000
0.000,2013172.000
0.000,2013173.000
0.000,2013174.000
0.000,2013175.000
0.000,2013176.000
1.000,2013177.000
0.000,2013178.000
0.000,2013179.000
0.000,2013180.000
0.000,2013181.000
0.000,2013182.000
0.000,2013183.000
0.000,2013184.000
0.000,2013185.000
0.000,2013186.000
0.000,2013187.000
0.000,2013188.000
0.000,2013189.000
0.000,2013190.000
0.000,2013191.000
0.000,2013192.000
0.000,2013193.000
0.000,2013194.000
0.000,2013195.000
0.000,2013196.000
0.000,2013197.000
0.000,2013198.000
0.000,2013199.000
0.000,2013200.000
0.000,2013201.000
0.000,2013202.000
0.000,2013203.000
0.000,2013204.000
0.000,2013205.000
0.000,2013206.000
0.000,2013207.000
0.000,2013208.000
0.000,2013209.000
0.000,2013210.000
0.000,2013211.000
0.000,2013212.000
0.000,2013213.000
0.000,2013214.000
0.000,2013215.000
0.000,2013216.000
0.000,2013217.000
0.000,2013218.000
0.000,2013219.000
0.000,2013220.000
0.000,2013221.000
0.000,2013222.000
0.000,2013223.000
0.000,2013224.000
0.000,2013225.000
0.000,2013226.000
0.000,2013227.000
0.000,2013228.000
0.000,2013229.000
0.000,2013230.000
0.000,2013231.000
0.000,2013232.000
0.000,2013233.000
0.000,2013234.000
0.000,2013235.000
0.000,2013236.000
0.000,2013237.000
0.000,2013238.000
0.000,2013239.000
0.000,2013240.000
0.000,2013241.000
0.000,2013242.000
0.000,2013243.000
0.000,2013244.000
0.000,2013245.000
0.000,2013246.000
0.000,2013247.000
0.000,2013248.000
0.000,2013249.000
0.000,2013250.000
0.000,2013251.000
0.000,2013252.000
0.000,2013253.000
0.000,2013254.000
0.000,2013255.000
0.000,2013256.000
0.000,2013257.000
0.000,2013258.000
0.000,2013259.000
0.000,2013260.000
0.000,2013261.000
0.000,2013262.000
0.000,2013263.000
0.000,2013264.000
0.000,2013265.000
0.000,2013266.000
0.000,2013267.000
0.000,2013268.000
0.000,2013269.000
0.000,2013270.000
0.000,2013271.000
0.000,2013272.000
0.000,2013273.000
0.000,2013274.000
0.000,2013275.000
0.000,2013276.000
0.000,2013277.000
0.000,2013278.000
0.000,2013279.000
0.000,2013280.000
0.000,2013281.000
0.000,2013282.000
1.000,2013283.000
0.000,2013284.000
0.000,2013285.000
0.000,2013286.000
0.000,2013287.000
0.000,2013288.000
0.000,2013289.000
0.000,2013290.000
0.000,2013291.000
0.000,2013292.000
0.000,2013293.000
0.000,2013294.000
0.000,2013295.000
0.000,2013296.000
0.000,2013297.000
0.000,2013298.000
0.000,2013299.000
0.000,2013300.000
0.000,2013301.000
0.000,2013302.000
0.000,2013303.000
0.000,2013304.000
0.000,2013305.000
0.000,2013306.000
0.000,2013307.000
0.000,2013308.000
0.000,2013309.000
0.000,2013310.000
0.000,2013311.000
0.000,2013312.000
0.000,2013313.000
0.000,2013314.000
0.000,2013315.000
0.000,2013316.000
0.000,2013317.000
0.000,2013318.000
0.000,2013319.000
0.000,2013320.000
0.000,2013321.000
0.000,2013322.000
0.000,2013323.000
0.000,2013324.000
0.000,2013325.000
0.000,2013326.000
0.000,2013327.000
0.000,2013328.000
0.000,2013329.000
0.000,2013330.000
0.000,2013331.000
0.000,2013332.000
0.000,2013333.000
0.000,2013334.000
0.000,2013335.000
0.000,2013336.000
0.000,2013337.000
0.000,2013338.000
0.000,2013339.000
0.000,2013340.000
0.000,2013341.000
0.000,2013342.000
0.000,2013343.000
0.000,2013344.000
0.000,2013345.000
0.000,2013346.000
0.000,2013347.000
0.000,2013348.000
0.000,2013349.000
0.000,2013350.000
0.000,2013351.000
0.000,2013352.000
0.000,2013353.000
0.000,2013354.000
0.000,2013355.000
0.000,2013356.000
0.000,2013357.000
0.000,2013358.000
0.000,2013359.000
0.000,2013360.000
0.000,2013361.000
0.000,2013362.000
0.000,2013363.000
0.000,2013364.000
0.000,2013365.000
0.000,2013366.000
0.000,2013367.000
0.000,2013368.000
0.000,2013369.000
0.000,2013370.000
0.000,2013371.000
0.000,2013372.000
0.000,2013373.000
0.000,2013374.000
0.000,2013375.000
0.000,2013376.000
0.000,2013377.000
0.000,2013378.000
0.000,2013379.000
0.000,2013380.000
0.000,2013381.000
0.000,2013382.000
0.000,2013383.000
0.000,2013384.000
0.000,2013385.000
0.000,2013386.000
0.000,2013387.000
0.000,2013388.000
0.000,2013389.000
0.000,2013390.000
0.000,2013391.000
0.000,2013392.000
0.000,2013393.000
0.000,2013394.000
0.000,2013395.000
0.000,2013396.000
0.000,2013397.000
0.000,2013398.000
0.000,2013399.000
0.000,2013400.000
0.000,2013401.000
0.000,2013402.000
0.000,2013403.000
0.000,2013404.000
0.000,2013405.000
0.000,2013406.000
0.000,2013407.000
0.000,2013408.000
0.000,2013409.000
0.000,2013410.000
0.000,2013411.000
0.000,2013412.000
0.000,2013413.000
0.000,2013414.000
0.000,2013415.000
0.000,2013416.000
0.000,2013417.000
0.000,2013418.000
0.000,2013419.000
0.000,2013420.000
0.000,2013421.000
0.000,2013422.000
0.000,2013423.000
0.000,2013424.000
0.000,2013425.000
0.000,2013426.000
0.000,2013427.000
0.000,2013428.000
0.000,2013429.000
0.000,2013430.000
0.000,2013431.000
0.000,2013432.000
0.000,2013433.000
0.000,2013434.000
0.000,2013435.000
0.000,2013436.000
0.000,2013437.000
0.000,2013438.000
0.000,2013439.000
0.000,2013440.000
0.000,2013441.000
0.000,2013442.000
0.000,2013443.000
0.000,2013444.000
0.000,2013445.000
0.000,2013446.000
0.000,2013447.000
0.000,2013448.000
0.000,2013449.000
0.000,2013450.000
0.000,2013451.000
0.000,2013452.000
0.000,2013453.000
1.000,2013454.000
0.000,2013455.000
0.000,2013456.000
0.000,2013457.000
0.000,2013458.000
0.000,2013459.000
0.000,2013460.000
0.000,2013461.000
0.000,2013462.000
0.000,2013463.000
0.000,2013464.000
0.000,2013465.000
0.000,2013466.000
0.000,2013467.000
0.000,2013468.000
0.000,2013469.000
0.000,2013470.000
0.000,2013471.000
0.000,2013472.000
0.000,2013473.000
0.000,2013474.000
0.000,2013475.000
0.000,2013476.000
0.000,2013477.000
0.000,2013478.000
0.000,2013479.000
0.000,2013480.000
0.000,2013481.000
0.000,2013482.000
0.000,2013483.000
0.000,2013484.000
0.000,2013485.000
0.000,2013486.000
0.000,2013487.000
0.000,2013488.000
0.000,2013489.000
0.000,2013490.000
0.000,2013491.000
0.000,2013492.000
0.000,2013493.000
0.000,2013494.000
0.000,2013495.000
0.000,2013496.000
0.000,2013497.000
0.000,2013498.000
0.000,2013499.000
0.000,2013500.000
0.000,2013501.000
1.000,2013502.000
0.000,2013503.000
0.000,2013504.000
0.000,2013505.000
0.000,2013506.000
0.000,2013507.000
0.000,2013508.000
0.000,2013509.000
0.000,2013510.000
0.000,2013511.000
0.000,2013512.000
0.000,2013513.000
0.000,2013514.000
0.000,2013515.000
0.000,2013516.000
0.000,2013517.000
0.000,2013518.000
0.000,2013519.000
0.000,2013520.000
0.000,2013521.000
0.000,2013522.000
0.000,2013523.000
0.000,2013524.000
0.000,2013525.000
0.000,2013526.000
0.000,2013527.000
0.000,2013528.000
0.000,2013529.000
0.000,2013530.000
0.000,2013531.000
0.000,2013532.000
0.000,2013533.000
0.000,2013534.000
0.000,2013535.000
0.000,2013536.000
0.000,2013537.000
0.000,2013538.000
0.000,2013539.000
0.000,2013540.000
0.000,2013541.000
1.000,2013542.000
0.000,2013543.000
0.000,2013544.000
0.000,2013545.000
0.000,2013546.000
0.000,2013547.000
0.000,2013548.000
0.000,2013549.000
0.000,2013550.000
0.000,2013551.000
0.000,2013552.000
0.000,2013553.000
0.000,2013554.000
0.000,2013555.000
0.000,2013556.000
0.000,2013557.000
0.000,2013558.000
0.000,2013559.000
0.000,2013560.000
0.000,2013561.000
0.000,2013562.000
0.000,2013563.000
0.000,2013564.000
0.000,2013565.000
0.000,2013566.000
0.000,2013567.000
0.000,2013568.000
0.000,2013569.000
0.000,2013570.000
0.000,2013571.000
0.000,2013572.000
0.000,2013573.000
0.000,2013574.000
0.000,2013575.000
0.000,2013576.000
0.000,2013577.000
0.000,2013578.000
0.000,2013579.000
0.000,2013580.000
0.000,2013581.000
0.000,2013582.000
0.000,2013583.000
0.000,2013584.000
0.000,2013585.000
0.000,2013586.000
0.000,2013587.000
0.000,2013588.000
0.000,2013589.000
0.000,2013590.000
0.000,2013591.000
0.000,2013592.000
0.000,2013593.000
0.000,2013594.000
0.000,2013595.000
0.000,2013596.000
0.000,2013597.000
0.000,2013598.000
0.000,2013599.000
0.000,2013600.000
0.000,2013601.000
0.000,2013602.000
0.000,2013603.000
0.000,2013604.000
0.000,2013605.000
0.000,2013606.000
0.000,2013607.000
0.000,2013608.000
0.000,2013609.000
0.000,2013610.000
0.000,2013611.000
0.000,2013612.000
0.000,2013613.000
0.000,2013614.000
0.000,2013615.000
0.000,2013616.000
0.000,2013617.000
0.000,2013618.000
0.000,2013619.000
0.000,2013620.000
0.000,2013621.000
0.000,2013622.000
0.000,2013623.000
0.000,2013624.000
0.000,2013625.000
0.000,2013626.000
0.000,2013627.000
0.000,2013628.000
0.000,2013629.000
0.000,2013630.000
0.000,2013631.000
0.000,2013632.000
0.000,2013633.000
0.000,2013634.000
0.000,2013635.000
0.000,2013636.000
0.000,2013637.000
0.000,2013638.000
0.000,2013639.000
0.000,2013640.000
0.000,2013641.000
0.000,2013642.000
0.000,2013643.000
0.000,2013644.000
0.000,2013645.000
0.000,2013646.000
0.000,2013647.000
0.000,2013648.000
0.000,2013649.000
0.000,2013650.000
0.000,2013651.000
0.000,2013652.000
1.000,2013653.000
0.000,2013654.000
0.000,2013655.000
0.000,2013656.000
0.000,2013657.000
0.000,2013658.000
0.000,2013659.000
0.000,2013660.000
0.000,2013661.000
0.000,2013662.000
0.000,2013663.000
0.000,2013664.000
0.000,2013665.000
0.000,2013666.000
0.000,2013667.000
0.000,2013668.000
0.000,2013669.000
0.000,2013670.000
0.000,2013671.000
0.000,2013672.000
0.000,2013673.000
0.000,2013674.000
0.000,2013675.000
0.000,2013676.000
0.000,2013677.000
0.000,2013678.000
0.000,2013679.000
0.000,2013680.000
0.000,2013681.000
0.000,2013682.000
0.000,2013683.000
0.000,2013684.000
0.000,2013685.000
0.000,2013686.000
1.000,2013687.000
0.000,2013688.000
0.000,2013689.000
0.000,2013690.000
0.000,2013691.000
0.000,2013692.000
0.000,2013693.000
0.000,2013694.000
0.000,2013695.000
0.000,2013696.000
0.000,2013697.000
0.000,2013698.000
0.000,2013699.000
0.000,2013700.000
0.000,2013701.000
0.000,2013702.000
0.000,2013703.000
0.000,2013704.000
0.000,2013705.000
0.000,2013706.000
0.000,2013707.000
0.000,2013708.000
0.000,2013709.000
0.000,2013710.000
0.000,2013711.000
0.000,2013712.000
0.000,2013713.000
0.000,2013714.000
0.000,2013715.000
0.000,2013716.000
0.000,2013717.000
0.000,2013718.000
0.000,2013719.000
0.000,2013720.000
0.000,2013721.000
1.000,2013722.000
0.000,2013723.000
0.000,2013724.000
0.000,2013725.000
0.000,2013726.000
0.000,2013727.000
0.000,2013728.000
0.000,2013729.000
0.000,2013730.000
0.000,2013731.000
0.000,2013732.000
0.000,2013733.000
0.000,2013734.000
0.000,2013735.000
0.000,2013736.000
0.000,2013737.000
0.000,2013738.000
0.000,2013739.000
0.000,2013740.000
0.000,2013741.000
0.000,2013742.000
0.000,2013743.000
0.000,2013744.000
0.000,2013745.000
0.000,2013746.000
0.000,2013747.000
0.000,2013748.000
0.000,2013749.000
0.000,2013750.000
0.000,2013751.000
0.000,2013752.000
0.000,2013753.000
0.000,2013754.000
0.000,2013755.000
0.000,2013756.000
0.000,2013757.000
0.000,2013758.000
0.000,2013759.000
0.000,2013760.000
0.000,2013761.000
0.000,2013762.000
0.000,2013763.000
0.000,2013764.000
0.000,2013765.000
0.000,2013766.000
0.000,2013767.000
0.000,2013768.000
0.000,2013769.000
0.000,2013770.000
0.000,2013771.000
0.000,2013772.000
0.000,2013773.000
0.000,2013774.000
0.000,2013775.000
0.000,2013776.000
0.000,2013777.000
0.000,2013778.000
0.000,2013779.000
0.000,2013780.000
0.000,2013781.000
0.000,2013782.000
0.000,2013783.000
0.000,2013784.000
0.000,2013785.000
0.000,2013786.000
0.000,2013787.000
0.000,2013788.000
0.000,2013789.000
0.000,2013790.000
0.000,2013791.000
0.000,2013792.000
0.000,2013793.000
0.000,2013794.000
0.000,2013795.000
0.000,2013796.000
0.000,2013797.000
0.000,2013798.000
0.000,2013799.000
0.000,2013800.000
0.000,2013801.000
0.000,2013802.000
0.000,2013803.000
0.000,2013804.000
0.000,2013805.000
0.000,2013806.000
0.000,2013807.000
0.000,2013808.000
0.000,2013809.000
0.000,2013810.000
0.000,2013811.000
0.000,2013812.000
0.000,2013813.000
0.000,2013814.000
0.000,2013815.000
0.000,2013816.000
0.000,2013817.000
0.000,2013818.000
0.000,2013819.000
0.000,2013820.000
0.000,2013821.000
0.000,2013822.000
0.000,2013823.000
0.000,2013824.000
0.000,2013825.000
0.000,2013826.000
0.000,2013827.000
0.000,2013828.000
0.000,2013829.000
1.000,2013830.000
0.000,2013831.000
0.000,2013832.000
0.000,2013833.000
0.000,2013834.000
0.000,2013835.000
0.000,2013836.000
0.000,2013837.000
0.000,2013838.000
0.000,2013839.000
0.000,2013840.000
0.000,2013841.000
0.000,2013842.000
0.000,2013843.000
0.000,2013844.000
0.000,2013845.000
0.000,2013846.000
0.000,2013847.000
0.000,2013848.000
0.000,2013849.000
0.000,2013850.000
0.000,2013851.000
0.000,2013852.000
0.000,2013853.000
0.000,2013854.000
0.000,2013855.000
0.000,2013856.000
0.000,2013857.000
0.000,2013858.000
0.000,2013859.000
0.000,2013860.000
0.000,2013861.000
0.000,2013862.000
0.000,2013863.000
1.000,2013864.000
0.000,2013865.000
0.000,2013866.000
1.000,2013867.000
0.000,2013868.000
0.000,2013869.000
0.000,2013870.000
0.000,2013871.000
0.000,2013872.000
0.000,2013873.000
0.000,2013874.000
0.000,2013875.000
0.000,2013876.000
0.000,2013877.000
0.000,2013878.000
0.000,2013879.000
0.000,2013880.000
0.000,2013881.000
0.000,2013882.000
0.000,2013883.000
0.000,2013884.000
0.000,2013885.000
0.000,2013886.000
0.000,2013887.000
0.000,2013888.000
0.000,2013889.000
0.000,2013890.000
0.000,2013891.000
0.000,2013892.000
0.000,2013893.000
0.000,2013894.000
0.000,2013895.000
0.000,2013896.000
0.000,2013897.000
0.000,2013898.000
0.000,2013899.000
0.000,2013900.000
0.000,2013901.000
0.000,2013902.000
0.000,2013903.000
0.000,2013904.000
0.000,2013905.000
0.000,2013906.000
0.000,2013907.000
0.000,2013908.000
0.000,2013909.000
0.000,2013910.000
0.000,2013911.000
0.000,2013912.000
0.000,2013913.000
0.000,2013914.000
0.000,2013915.000
0.000,2013916.000
0.000,2013917.000
0.000,2013918.000
0.000,2013919.000
0.000,2013920.000
0.000,2013921.000
0.000,2013922.000
0.000,2013923.000
0.000,2013924.000
0.000,2013925.000
0.000,2013926.000
0.000,2013927.000
0.000,2013928.000
0.000,2013929.000
0.000,2013930.000
0.000,2013931.000
0.000,2013932.000
0.000,2013933.000
0.000,2013934.000
0.000,2013935.000
0.000,2013936.000
0.000,2013937.000
0.000,2013938.000
0.000,2013939.000
0.000,2013940.000
0.000,2013941.000
0.000,2013942.000
0.000,2013943.000
0.000,2013944.000
0.000,2013945.000
0.000,2013946.000
0.000,2013947.000
0.000,2013948.000
0.000,2013949.000
0.000,2013950.000
0.000,2013951.000
0.000,2013952.000
0.000,2013953.000
0.000,2013954.000
0.000,2013955.000
0.000,2013956.000
0.000,2013957.000
0.000,2013958.000
0.000,2013959.000
0.000,2013960.000
0.000,2013961.000
0.000,2013962.000
0.000,2013963.000
0.000,2013964.000
0.000,2013965.000
1.000,2013966.000
0.000,2013967.000
0.000,2013968.000
0.000,2013969.000
0.000,2013970.000
0.000,2013971.000
0.000,2013972.000
0.000,2013973.000
0.000,2013974.000
0.000,2013975.000
0.000,2013976.000
0.000,2013977.000
0.000,2013978.000
0.000,2013979.000
0.000,2013980.000
0.000,2013981.000
0.000,2013982.000
0.000,2013983.000
0.000,2013984.000
0.000,2013985.000
0.000,2013986.000
0.000,2013987.000
0.000,2013988.000
0.000,2013989.000
0.000,2013990.000
0.000,2013991.000
0.000,2013992.000
0.000,2013993.000
0.000,2013994.000
0.000,2013995.000
0.000,2013996.000
0.000,2013997.000
0.000,2013998.000
0.000,2013999.000
0.000,2014000.000
0.000,2014001.000
0.000,2014002.000
0.000,2014003.000
0.000,2014004.000
0.000,2014005.000
0.000,2014006.000
0.000,2014007.000
0.000,2014008.000
0.000,2014009.000
0.000,2014010.000
0.000,2014011.000
0.000,2014012.000
0.000,2014013.000
0.000,2014014.000
0.000,2014015.000
0.000,2014016.000
0.000,2014017.000
0.000,2014018.000
0.000,2014019.000
0.000,2014020.000
0.000,2014021.000
0.000,2014022.000
0.000,2014023.000
0.000,2014024.000
0.000,2014025.000
0.000,2014026.000
0.000,2014027.000
0.000,2014028.000
0.000,2014029.000
0.000,2014030.000
0.000,2014031.000
0.000,2014032.000
0.000,2014033.000
0.000,2014034.000
0.000,2014035.000
0.000,2014036.000
0.000,2014037.000
0.000,2014038.000
0.000,2014039.000
0.000,2014040.000
0.000,2014041.000
0.000,2014042.000
0.000,2014043.000
0.000,2014044.000
0.000,2014045.000
0.000,2014046.000
0.000,2014047.000
0.000,2014048.000
0.000,2014049.000
0.000,2014050.000
0.000,2014051.000
0.000,2014052.000
0.000,2014053.000
0.000,2014054.000
0.000,2014055.000
0.000,2014056.000
0.000,2014057.000
0.000,2014058.000
0.000,2014059.000
0.000,2014060.000
0.000,2014061.000
0.000,2014062.000
0.000,2014063.000
0.000,2014064.000
0.000,2014065.000
0.000,2014066.000
0.000,2014067.000
0.000,2014068.000
0.000,2014069.000
0.000,2014070.000
0.000,2014071.000
0.000,2014072.000
0.000,2014073.000
0.000,2014074.000
0.000,2014075.000
0.000,2014076.000
0.000,2014077.000
0.000,2014078.000
0.000,2014079.000
0.000,2014080.000
0.000,2014081.000
0.000,2014082.000
0.000,2014083.000
0.000,2014084.000
0.000,2014085.000
0.000,2014086.000
0.000,2014087.000
0.000,2014088.000
0.000,2014089.000
0.000,2014090.000
0.000,2014091.000
0.000,2014092.000
0.000,2014093.000
0.000,2014094.000
0.000,2014095.000
0.000,2014096.000
0.000,2014097.000
0.000,2014098.000
0.000,2014099.000
1.000,2014100.000
0.000,2014101.000
0.000,2014102.000
0.000,2014103.000
0.000,2014104.000
0.000,2014105.000
0.000,2014106.000
0.000,2014107.000
0.000,2014108.000
0.000,2014109.000
0.000,2014110.000
0.000,2014111.000
0.000,2014112.000
0.000,2014113.000
0.000,2014114.000
0.000,2014115.000
0.000,2014116.000
0.000,2014117.000
0.000,2014118.000
0.000,2014119.000
0.000,2014120.000
0.000,2014121.000
0.000,2014122.000
0.000,2014123.000
0.000,2014124.000
0.000,2014125.000
0.000,2014126.000
0.000,2014127.000
0.000,2014128.000
0.000,2014129.000
0.000,2014130.000
0.000,2014131.000
0.000,2014132.000
0.000,2014133.000
0.000,2014134.000
0.000,2014135.000
1.000,2014136.000
0.000,2014137.000
0.000,2014138.000
0.000,2014139.000
0.000,2014140.000
0.000,2014141.000
0.000,2014142.000
0.000,2014143.000
0.000,2014144.000
0.000,2014145.000
0.000,2014146.000
0.000,2014147.000
0.000,2014148.000
0.000,2014149.000
0.000,2014150.000
0.000,2014151.000
0.000,2014152.000
0.000,2014153.000
1.000,2014154.000
0.000,2014155.000
0.000,2014156.000
0.000,2014157.000
0.000,2014158.000
0.000,2014159.000
0.000,2014160.000
0.000,2014161.000
0.000,2014162.000
0.000,2014163.000
0.000,2014164.000
0.000,2014165.000
0.000,2014166.000
0.000,2014167.000
0.000,2014168.000
0.000,2014169.000
0.000,2014170.000
0.000,2014171.000
0.000,2014172.000
0.000,2014173.000
0.000,2014174.000
0.000,2014175.000
0.000,2014176.000
0.000,2014177.000
0.000,2014178.000
0.000,2014179.000
0.000,2014180.000
0.000,2014181.000
0.000,2014182.000
0.000,2014183.000
0.000,2014184.000
0.000,2014185.000
0.000,2014186.000
0.000,2014187.000
0.000,2014188.000
0.000,2014189.000
0.000,2014190.000
0.000,2014191.000
1.000,2014192.000
0.000,2014193.000
0.000,2014194.000
0.000,2014195.000
0.000,2014196.000
0.000,2014197.000
0.000,2014198.000
0.000,2014199.000
0.000,2014200.000
0.000,2014201.000
0.000,2014202.000
0.000,2014203.000
0.000,2014204.000
0.000,2014205.000
0.000,2014206.000
0.000,2014207.000
0.000,2014208.000
0.000,2014209.000
0.000,2014210.000
0.000,2014211.000
0.000,2014212.000
0.000,2014213.000
0.000,2014214.000
0.000,2014215.000
0.000,2014216.000
0.000,2014217.000
0.000,2014218.000
0.000,2014219.000
0.000,2014220.000
0.000,2014221.000
0.000,2014222.000
0.000,2014223.000
0.000,2014224.000
0.000,2014225.000
0.000,2014226.000
0.000,2014227.000
0.000,2014228.000
0.000,2014229.000
0.000,2014230.000
0.000,2014231.000
0.000,2014232.000
0.000,2014233.000
0.000,2014234.000
0.000,2014235.000
0.000,2014236.000
0.000,2014237.000
0.000,2014238.000
0.000,2014239.000
0.000,2014240.000
0.000,2014241.000
0.000,2014242.000
0.000,2014243.000
0.000,2014244.000
0.000,2014245.000
0.000,2014246.000
0.000,2014247.000
0.000,2014248.000
0.000,2014249.000
0.000,2014250.000
0.000,2014251.000
0.000,2014252.000
0.000,2014253.000
0.000,2014254.000
0.000,2014255.000
0.000,2014256.000
0.000,2014257.000
0.000,2014258.000
0.000,2014259.000
0.000,2014260.000
0.000,2014261.000
0.000,2014262.000
0.000,2014263.000
0.000,2014264.000
0.000,2014265.000
0.000,2014266.000
0.000,2014267.000
0.000,2014268.000
0.000,2014269.000
0.000,2014270.000
0.000,2014271.000
0.000,2014272.000
0.000,2014273.000
0.000,2014274.000
0.000,2014275.000
0.000,2014276.000
0.000,2014277.000
0.000,2014278.000
0.000,2014279.000
0.000,2014280.000
0.000,2014281.000
0.000,2014282.000
0.000,2014283.000
0.000,2014284.000
0.000,2014285.000
0.000,2014286.000
0.000,2014287.000
0.000,2014288.000
0.000,2014289.000
0.000,2014290.000
0.000,2014291.000
0.000,2014292.000
0.000,2014293.000
1.000,2014294.000
0.000,2014295.000
0.000,2014296.000
0.000,2014297.000
0.000,2014298.000
0.000,2014299.000
0.000,2014300.000
0.000,2014301.000
0.000,2014302.000
0.000,2014303.000
0.000,2014304.000
0.000,2014305.000
0.000,2014306.000
0.000,2014307.000
0.000,2014308.000
0.000,2014309.000
0.000,2014310.000
0.000,2014311.000
0.000,2014312.000
0.000,2014313.000
0.000,2014314.000
0.000,2014315.000
0.000,2014316.000
0.000,2014317.000
0.000,2014318.000
0.000,2014319.000
0.000,2014320.000
0.000,2014321.000
0.000,2014322.000
0.000,2014323.000
0.000,2014324.000
0.000,2014325.000
0.000,2014326.000
0.000,2014327.000
0.000,2014328.000
0.000,2014329.000
0.000,2014330.000
0.000,2014331.000
0.000,2014332.000
0.000,2014333.000
0.000,2014334.000
0.000,2014335.000
0.000,2014336.000
0.000,2014337.000
0.000,2014338.000
0.000,2014339.000
0.000,2014340.000
0.000,2014341.000
0.000,2014342.000
0.000,2014343.000
0.000,2014344.000
0.000,2014345.000
0.000,2014346.000
0.000,2014347.000
0.000,2014348.000
0.000,2014349.000
0.000,2014350.000
0.000,2014351.000
0.000,2014352.000
0.000,2014353.000
0.000,2014354.000
0.000,2014355.000
0.000,2014356.000
0.000,2014357.000
0.000,2014358.000
0.000,2014359.000
0.000,2014360.000
0.000,2014361.000
0.000,2014362.000
0.000,2014363.000
0.000,2014364.000
0.000,2014365.000
0.000,2014366.000
0.000,2014367.000
1.000,2014368.000
0.000,2014369.000
0.000,2014370.000
0.000,2014371.000
0.000,2014372.000
0.000,2014373.000
0.000,2014374.000
0.000,2014375.000
0.000,2014376.000
0.000,2014377.000
0.000,2014378.000
0.000,2014379.000
0.000,2014380.000
0.000,2014381.000
0.000,2014382.000
0.000,2014383.000
0.000,2014384.000
0.000,2014385.000
0.000,2014386.000
0.000,2014387.000
0.000,2014388.000
0.000,2014389.000
0.000,2014390.000
0.000,2014391.000
0.000,2014392.000
0.000,2014393.000
0.000,2014394.000
0.000,2014395.000
0.000,2014396.000
0.000,2014397.000
0.000,2014398.000
0.000,2014399.000
0.000,2014400.000
0.000,2014401.000
0.000,2014402.000
0.000,2014403.000
0.000,2014404.000
0.000,2014405.000
0.000,2014406.000
0.000,2014407.000
0.000,2014408.000
0.000,2014409.000
0.000,2014410.000
0.000,2014411.000
0.000,2014412.000
0.000,2014413.000
0.000,2014414.000
0.000,2014415.000
0.000,2014416.000
0.000,2014417.000
0.000,2014418.000
0.000,2014419.000
0.000,2014420.000
0.000,2014421.000
0.000,2014422.000
0.000,2014423.000
0.000,2014424.000
0.000,2014425.000
0.000,2014426.000
0.000,2014427.000
0.000,2014428.000
0.000,2014429.000
0.000,2014430.000
0.000,2014431.000
0.000,2014432.000
0.000,2014433.000
0.000,2014434.000
0.000,2014435.000
0.000,2014436.000
0.000,2014437.000
0.000,2014438.000
0.000,2014439.000
0.000,2014440.000
0.000,2014441.000
0.000,2014442.000
0.000,2014443.000
0.000,2014444.000
0.000,2014445.000
0.000,2014446.000
0.000,2014447.000
0.000,2014448.000
0.000,2014449.000
0.000,2014450.000
0.000,2014451.000
0.000,2014452.000
0.000,2014453.000
0.000,2014454.000
0.000,2014455.000
0.000,2014456.000
0.000,2014457.000
0.000,2014458.000
0.000,2014459.000
0.000,2014460.000
0.000,2014461.000
0.000,2014462.000
0.000,2014463.000
0.000,2014464.000
0.000,2014465.000
0.000,2014466.000
0.000,2014467.000
0.000,2014468.000
0.000,2014469.000
0.000,2014470.000
0.000,2014471.000
0.000,2014472.000
0.000,2014473.000
0.000,2014474.000
0.000,2014475.000
0.000,2014476.000
0.000,2014477.000
0.000,2014478.000
0.000,2014479.000
0.000,2014480.000
0.000,2014481.000
0.000,2014482.000
0.000,2014483.000
0.000,2014484.000
0.000,2014485.000
0.000,2014486.000
1.000,2014487.000
0.000,2014488.000
0.000,2014489.000
0.000,2014490.000
0.000,2014491.000
0.000,2014492.000
0.000,2014493.000
0.000,2014494.000
0.000,2014495.000
1.000,2014496.000
0.000,2014497.000
0.000,2014498.000
0.000,2014499.000
0.000,2014500.000
0.000,2014501.000
0.000,2014502.000
0.000,2014503.000
0.000,2014504.000
0.000,2014505.000
0.000,2014506.000
0.000,2014507.000
0.000,2014508.000
0.000,2014509.000
0.000,2014510.000
0.000,2014511.000
0.000,2014512.000
0.000,2014513.000
0.000,2014514.000
0.000,2014515.000
0.000,2014516.000
0.000,2014517.000
0.000,2014518.000
0.000,2014519.000
0.000,2014520.000
0.000,2014521.000
0.000,2014522.000
0.000,2014523.000
0.000,2014524.000
0.000,2014525.000
0.000,2014526.000
0.000,2014527.000
0.000,2014528.000
0.000,2014529.000
0.000,2014530.000
0.000,2014531.000
0.000,2014532.000
0.000,2014533.000
0.000,2014534.000
0.000,2014535.000
0.000,2014536.000
0.000,2014537.000
0.000,2014538.000
0.000,2014539.000
0.000,2014540.000
0.000,2014541.000
0.000,2014542.000
0.000,2014543.000
0.000,2014544.000
0.000,2014545.000
0.000,2014546.000
0.000,2014547.000
0.000,2014548.000
0.000,2014549.000
0.000,2014550.000
0.000,2014551.000
0.000,2014552.000
0.000,2014553.000
0.000,2014554.000
0.000,2014555.000
0.000,2014556.000
0.000,2014557.000
0.000,2014558.000
0.000,2014559.000
0.000,2014560.000
0.000,2014561.000
0.000,2014562.000
0.000,2014563.000
0.000,2014564.000
0.000,2014565.000
0.000,2014566.000
0.000,2014567.000
0.000,2014568.000
0.000,2014569.000
0.000,2014570.000
1.000,2014571.000
0.000,2014572.000
0.000,2014573.000
0.000,2014574.000
0.000,2014575.000
0.000,2014576.000
0.000,2014577.000
0.000,2014578.000
0.000,2014579.000
0.000,2014580.000
0.000,2014581.000
0.000,2014582.000
0.000,2014583.000
0.000,2014584.000
0.000,2014585.000
0.000,2014586.000
0.000,2014587.000
0.000,2014588.000
0.000,2014589.000
0.000,2014590.000
0.000,2014591.000
0.000,2014592.000
0.000,2014593.000
0.000,2014594.000
0.000,2014595.000
0.000,2014596.000
0.000,2014597.000
0.000,2014598.000
0.000,2014599.000
0.000,2014600.000
0.000,2014601.000
0.000,2014602.000
0.000,2014603.000
0.000,2014604.000
1.000,2014605.000
0.000,2014606.000
0.000,2014607.000
0.000,2014608.000
0.000,2014609.000
0.000,2014610.000
0.000,2014611.000
0.000,2014612.000
0.000,2014613.000
0.000,2014614.000
0.000,2014615.000
0.000,2014616.000
0.000,2014617.000
0.000,2014618.000
0.000,2014619.000
0.000,2014620.000
0.000,2014621.000
0.000,2014622.000
0.000,2014623.000
0.000,2014624.000
0.000,2014625.000
0.000,2014626.000
0.000,2014627.000
0.000,2014628.000
0.000,2014629.000
0.000,2014630.000
0.000,2014631.000
0.000,2014632.000
0.000,2014633.000
0.000,2014634.000
0.000,2014635.000
0.000,2014636.000
0.000,2014637.000
0.000,2014638.000
0.000,2014639.000
0.000,2014640.000
0.000,2014641.000
0.000,2014642.000
0.000,2014643.000
0.000,2014644.000
0.000,2014645.000
0.000,2014646.000
0.000,2014647.000
0.000,2014648.000
0.000,2014649.000
0.000,2014650.000
0.000,2014651.000
0.000,2014652.000
0.000,2014653.000
0.000,2014654.000
0.000,2014655.000
0.000,2014656.000
0.000,2014657.000
0.000,2014658.000
0.000,2014659.000
0.000,2014660.000
0.000,2014661.000
0.000,2014662.000
0.000,2014663.000
0.000,2014664.000
0.000,2014665.000
0.000,2014666.000
0.000,2014667.000
0.000,2014668.000
0.000,2014669.000
0.000,2014670.000
0.000,2014671.000
0.000,2014672.000
0.000,2014673.000
0.000,2014674.000
0.000,2014675.000
0.000,2014676.000
0.000,2014677.000
0.000,2014678.000
0.000,2014679.000
0.000,2014680.000
0.000,2014681.000
0.000,2014682.000
0.000,2014683.000
0.000,2014684.000
0.000,2014685.000
0.000,2014686.000
0.000,2014687.000
0.000,2014688.000
0.000,2014689.000
0.000,2014690.000
0.000,2014691.000
0.000,2014692.000
0.000,2014693.000
0.000,2014694.000
0.000,2014695.000
0.000,2014696.000
0.000,2014697.000
0.000,2014698.000
0.000,2014699.000
0.000,2014700.000
0.000,2014701.000
0.000,2014702.000
0.000,2014703.000
0.000,2014704.000
0.000,2014705.000
0.000,2014706.000
0.000,2014707.000
0.000,2014708.000
0.000,2014709.000
0.000,2014710.000
0.000,2014711.000
0.000,2014712.000
0.000,2014713.000
0.000,2014714.000
0.000,2014715.000
0.000,2014716.000
0.000,2014717.000
0.000,2014718.000
0.000,2014719.000
0.000,2014720.000
0.000,2014721.000
0.000,2014722.000
0.000,2014723.000
0.000,2014724.000
0.000,2014725.000
0.000,2014726.000
0.000,2014727.000
0.000,2014728.000
0.000,2014729.000
0.000,2014730.000
0.000,2014731.000
0.000,2014732.000
0.000,2014733.000
0.000,2014734.000
0.000,2014735.000
0.000,2014736.000
0.000,2014737.000
0.000,2014738.000
0.000,2014739.000
0.000,2014740.000
0.000,2014741.000
0.000,2014742.000
0.000,2014743.000
0.000,2014744.000
0.000,2014745.000
0.000,2014746.000
0.000,2014747.000
0.000,2014748.000
0.000,2014749.000
0.000,2014750.000
0.000,2014751.000
0.000,2014752.000
0.000,2014753.000
0.000,2014754.000
0.000,2014755.000
0.000,2014756.000
0.000,2014757.000
0.000,2014758.000
0.000,2014759.000
0.000,2014760.000
0.000,2014761.000
0.000,2014762.000
0.000,2014763.000
0.000,2014764.000
0.000,2014765.000
0.000,2014766.000
0.000,2014767.000
0.000,2014768.000
0.000,2014769.000
0.000,2014770.000
0.000,2014771.000
0.000,2014772.000
0.000,2014773.000
0.000,2014774.000
0.000,2014775.000
0.000,2014776.000
0.000,2014777.000
0.000,2014778.000
0.000,2014779.000
0.000,2014780.000
0.000,2014781.000
0.000,2014782.000
0.000,2014783.000
0.000,2014784.000
0.000,2014785.000
0.000,2014786.000
0.000,2014787.000
0.000,2014788.000
0.000,2014789.000
0.000,2014790.000
0.000,2014791.000
0.000,2014792.000
0.000,2014793.000
0.000,2014794.000
0.000,2014795.000
0.000,2014796.000
0.000,2014797.000
0.000,2014798.000
0.000,2014799.000
0.000,2014800.000
0.000,2014801.000
0.000,2014802.000
0.000,2014803.000
0.000,2014804.000
0.000,2014805.000
0.000,2014806.000
0.000,2014807.000
0.000,2014808.000
0.000,2014809.000
0.000,2014810.000
0.000,2014811.000
0.000,2014812.000
0.000,2014813.000
1.000,2014814.000
0.000,2014815.000
0.000,2014816.000
0.000,2014817.000
0.000,2014818.000
0.000,2014819.000
0.000,2014820.000
0.000,2014821.000
0.000,2014822.000
0.000,2014823.000
0.000,2014824.000
0.000,2014825.000
1.000,2014826.000
0.000,2014827.000
0.000,2014828.000
0.000,2014829.000
0.000,2014830.000
0.000,2014831.000
0.000,2014832.000
0.000,2014833.000
0.000,2014834.000
0.000,2014835.000
0.000,2014836.000
0.000,2014837.000
0.000,2014838.000
0.000,2014839.000
0.000,2014840.000
0.000,2014841.000
0.000,2014842.000
0.000,2014843.000
0.000,2014844.000
0.000,2014845.000
0.000,2014846.000
1.000,2014847.000
0.000,2014848.000
0.000,2014849.000
0.000,2014850.000
0.000,2014851.000
0.000,2014852.000
0.000,2014853.000
0.000,2014854.000
0.000,2014855.000
0.000,2014856.000
0.000,2014857.000
0.000,2014858.000
0.000,2014859.000
0.000,2014860.000
0.000,2014861.000
0.000,2014862.000
0.000,2014863.000
0.000,2014864.000
0.000,2014865.000
0.000,2014866.000
0.000,2014867.000
0.000,2014868.000
0.000,2014869.000
0.000,2014870.000
0.000,2014871.000
0.000,2014872.000
0.000,2014873.000
0.000,2014874.000
0.000,2014875.000
0.000,2014876.000
0.000,2014877.000
0.000,2014878.000
0.000,2014879.000
0.000,2014880.000
0.000,2014881.000
0.000,2014882.000
0.000,2014883.000
0.000,2014884.000
0.000,2014885.000
0.000,2014886.000
0.000,2014887.000
0.000,2014888.000
0.000,2014889.000
0.000,2014890.000
0.000,2014891.000
0.000,2014892.000
0.000,2014893.000
0.000,2014894.000
0.000,2014895.000
0.000,2014896.000
0.000,2014897.000
0.000,2014898.000
0.000,2014899.000
0.000,2014900.000
0.000,2014901.000
0.000,2014902.000
0.000,2014903.000
0.000,2014904.000
0.000,2014905.000
0.000,2014906.000
0.000,2014907.000
0.000,2014908.000
0.000,2014909.000
0.000,2014910.000
0.000,2014911.000
0.000,2014912.000
0.000,2014913.000
0.000,2014914.000
0.000,2014915.000
0.000,2014916.000
0.000,2014917.000
0.000,2014918.000
1.000,2014919.000
0.000,2014920.000
0.000,2014921.000
0.000,2014922.000
0.000,2014923.000
0.000,2014924.000
0.000,2014925.000
0.000,2014926.000
0.000,2014927.000
0.000,2014928.000
0.000,2014929.000
0.000,2014930.000
0.000,2014931.000
0.000,2014932.000
0.000,2014933.000
0.000,2014934.000
1.000,2014935.000
0.000,2014936.000
0.000,2014937.000
0.000,2014938.000
1.000,2014939.000
0.000,2014940.000
0.000,2014941.000
0.000,2014942.000
0.000,2014943.000
0.000,2014944.000
0.000,2014945.000
0.000,2014946.000
0.000,2014947.000
0.000,2014948.000
0.000,2014949.000
0.000,2014950.000
0.000,2014951.000
0.000,2014952.000
0.000,2014953.000
0.000,2014954.000
0.000,2014955.000
0.000,2014956.000
0.000,2014957.000
0.000,2014958.000
0.000,2014959.000
0.000,2014960.000
0.000,2014961.000
0.000,2014962.000
0.000,2014963.000
0.000,2014964.000
0.000,2014965.000
0.000,2014966.000
0.000,2014967.000
0.000,2014968.000
0.000,2014969.000
0.000,2014970.000
0.000,2014971.000
0.000,2014972.000
0.000,2014973.000
0.000,2014974.000
0.000,2014975.000
0.000,2014976.000
0.000,2014977.000
0.000,2014978.000
0.000,2014979.000
0.000,2014980.000
0.000,2014981.000
1.000,2014982.000
0.000,2014983.000
0.000,2014984.000
0.000,2014985.000
0.000,2014986.000
0.000,2014987.000
0.000,2014988.000
0.000,2014989.000
0.000,2014990.000
0.000,2014991.000
0.000,2014992.000
0.000,2014993.000
0.000,2014994.000
0.000,2014995.000
0.000,2014996.000
0.000,2014997.000
0.000,2014998.000
0.000,2014999.000
0.000,2015000.000
0.000,2015001.000
0.000,2015002.000
0.000,2015003.000
0.000,2015004.000
0.000,2015005.000
0.000,2015006.000
0.000,2015007.000
0.000,2015008.000
0.000,2015009.000
0.000,2015010.000
0.000,2015011.000
0.000,2015012.000
0.000,2015013.000
0.000,2015014.000
0.000,2015015.000
0.000,2015016.000
0.000,2015017.000
0.000,2015018.000
0.000,2015019.000
0.000,2015020.000
0.000,2015021.000
0.000,2015022.000
0.000,2015023.000
0.000,2015024.000
0.000,2015025.000
0.000,2015026.000
0.000,2015027.000
0.000,2015028.000
0.000,2015029.000
0.000,2015030.000
0.000,2015031.000
0.000,2015032.000
0.000,2015033.000
0.000,2015034.000
0.000,2015035.000
0.000,2015036.000
0.000,2015037.000
0.000,2015038.000
0.000,2015039.000
0.000,2015040.000
0.000,2015041.000
0.000,2015042.000
0.000,2015043.000
0.000,2015044.000
0.000,2015045.000
0.000,2015046.000
0.000,2015047.000
0.000,2015048.000
0.000,2015049.000
0.000,2015050.000
0.000,2015051.000
0.000,2015052.000
0.000,2015053.000
0.000,2015054.000
0.000,2015055.000
0.000,2015056.000
0.000,2015057.000
0.000,2015058.000
0.000,2015059.000
0.000,2015060.000
0.000,2015061.000
0.000,2015062.000
0.000,2015063.000
0.000,2015064.000
0.000,2015065.000
0.000,2015066.000
0.000,2015067.000
0.000,2015068.000
0.000,2015069.000
0.000,2015070.000
0.000,2015071.000
0.000,2015072.000
0.000,2015073.000
0.000,2015074.000
0.000,2015075.000
0.000,2015076.000
0.000,2015077.000
0.000,2015078.000
0.000,2015079.000
0.000,2015080.000
0.000,2015081.000
0.000,2015082.000
0.000,2015083.000
0.000,2015084.000
0.000,2015085.000
0.000,2015086.000
0.000,2015087.000
0.000,2015088.000
0.000,2015089.000
0.000,2015090.000
0.000,2015091.000
0.000,2015092.000
0.000,2015093.000
0.000,2015094.000
0.000,2015095.000
0.000,2015096.000
0.000,2015097.000
0.000,2015098.000
0.000,2015099.000
0.000,2015100.000
0.000,2015101.000
0.000,2015102.000
0.000,2015103.000
0.000,2015104.000
0.000,2015105.000
0.000,2015106.000
0.000,2015107.000
0.000,2015108.000
0.000,2015109.000
0.000,2015110.000
0.000,2015111.000
0.000,2015112.000
0.000,2015113.000
0.000,2015114.000
0.000,2015115.000
0.000,2015116.000
0.000,2015117.000
0.000,2015118.000
0.000,2015119.000
0.000,2015120.000
0.000,2015121.000
0.000,2015122.000
0.000,2015123.000
0.000,2015124.000
0.000,2015125.000
0.000,2015126.000
0.000,2015127.000
0.000,2015128.000
0.000,2015129.000
0.000,2015130.000
0.000,2015131.000
0.000,2015132.000
0.000,2015133.000
0.000,2015134.000
0.000,2015135.000
0.000,2015136.000
0.000,2015137.000
0.000,2015138.000
0.000,2015139.000
0.000,2015140.000
0.000,2015141.000
0.000,2015142.000
0.000,2015143.000
0.000,2015144.000
0.000,2015145.000
0.000,2015146.000
0.000,2015147.000
0.000,2015148.000
0.000,2015149.000
0.000,2015150.000
0.000,2015151.000
0.000,2015152.000
0.000,2015153.000
0.000,2015154.000
0.000,2015155.000
0.000,2015156.000
0.000,2015157.000
0.000,2015158.000
0.000,2015159.000
0.000,2015160.000
0.000,2015161.000
1.000,2015162.000
0.000,2015163.000
0.000,2015164.000
0.000,2015165.000
0.000,2015166.000
0.000,2015167.000
0.000,2015168.000
0.000,2015169.000
0.000,2015170.000
0.000,2015171.000
0.000,2015172.000
0.000,2015173.000
0.000,2015174.000
0.000,2015175.000
0.000,2015176.000
0.000,2015177.000
0.000,2015178.000
0.000,2015179.000
0.000,2015180.000
0.000,2015181.000
0.000,2015182.000
0.000,2015183.000
0.000,2015184.000
0.000,2015185.000
0.000,2015186.000
0.000,2015187.000
0.000,2015188.000
0.000,2015189.000
0.000,2015190.000
0.000,2015191.000
0.000,2015192.000
0.000,2015193.000
0.000,2015194.000
0.000,2015195.000
0.000,2015196.000
0.000,2015197.000
0.000,2015198.000
0.000,2015199.000
0.000,2015200.000
0.000,2015201.000
0.000,2015202.000
0.000,2015203.000
0.000,2015204.000
0.000,2015205.000
0.000,2015206.000
0.000,2015207.000
0.000,2015208.000
0.000,2015209.000
0.000,2015210.000
0.000,2015211.000
0.000,2015212.000
0.000,2015213.000
0.000,2015214.000
0.000,2015215.000
0.000,2015216.000
0.000,2015217.000
0.000,2015218.000
0.000,2015219.000
0.000,2015220.000
0.000,2015221.000
0.000,2015222.000
0.000,2015223.000
0.000,2015224.000
0.000,2015225.000
0.000,2015226.000
0.000,2015227.000
0.000,2015228.000
0.000,2015229.000
0.000,2015230.000
0.000,2015231.000
0.000,2015232.000
0.000,2015233.000
0.000,2015234.000
0.000,2015235.000
0.000,2015236.000
0.000,2015237.000
0.000,2015238.000
0.000,2015239.000
0.000,2015240.000
0.000,2015241.000
0.000,2015242.000
0.000,2015243.000
0.000,2015244.000
0.000,2015245.000
0.000,2015246.000
0.000,2015247.000
0.000,2015248.000
0.000,2015249.000
0.000,2015250.000
0.000,2015251.000
0.000,2015252.000
0.000,2015253.000
0.000,2015254.000
0.000,2015255.000
0.000,2015256.000
0.000,2015257.000
0.000,2015258.000
0.000,2015259.000
0.000,2015260.000
0.000,2015261.000
0.000,2015262.000
0.000,2015263.000
0.000,2015264.000
0.000,2015265.000
0.000,2015266.000
0.000,2015267.000
0.000,2015268.000
0.000,2015269.000
0.000,2015270.000
0.000,2015271.000
0.000,2015272.000
0.000,2015273.000
0.000,2015274.000
0.000,2015275.000
0.000,2015276.000
0.000,2015277.000
0.000,2015278.000
0.000,2015279.000
1.000,2015280.000
0.000,2015281.000
0.000,2015282.000
0.000,2015283.000
0.000,2015284.000
0.000,2015285.000
0.000,2015286.000
0.000,2015287.000
0.000,2015288.000
0.000,2015289.000
0.000,2015290.000
0.000,2015291.000
0.000,2015292.000
0.000,2015293.000
0.000,2015294.000
0.000,2015295.000
0.000,2015296.000
0.000,2015297.000
0.000,2015298.000
0.000,2015299.000
0.000,2015300.000
1.000,2015301.000
0.000,2015302.000
0.000,2015303.000
0.000,2015304.000
0.000,2015305.000
0.000,2015306.000
0.000,2015307.000
0.000,2015308.000
0.000,2015309.000
0.000,2015310.000
0.000,2015311.000
0.000,2015312.000
0.000,2015313.000
0.000,2015314.000
0.000,2015315.000
0.000,2015316.000
0.000,2015317.000
0.000,2015318.000
0.000,2015319.000
0.000,2015320.000
0.000,2015321.000
0.000,2015322.000
0.000,2015323.000
0.000,2015324.000
0.000,2015325.000
0.000,2015326.000
0.000,2015327.000
0.000,2015328.000
0.000,2015329.000
0.000,2015330.000
0.000,2015331.000
0.000,2015332.000
0.000,2015333.000
0.000,2015334.000
0.000,2015335.000
0.000,2015336.000
0.000,2015337.000
0.000,2015338.000
0.000,2015339.000
0.000,2015340.000
0.000,2015341.000
0.000,2015342.000
0.000,2015343.000
0.000,2015344.000
0.000,2015345.000
0.000,2015346.000
0.000,2015347.000
0.000,2015348.000
0.000,2015349.000
0.000,2015350.000
0.000,2015351.000
0.000,2015352.000
0.000,2015353.000
0.000,2015354.000
0.000,2015355.000
0.000,2015356.000
0.000,2015357.000
0.000,2015358.000
0.000,2015359.000
0.000,2015360.000
0.000,2015361.000
0.000,2015362.000
0.000,2015363.000
0.000,2015364.000
0.000,2015365.000
1.000,2015366.000
0.000,2015367.000
0.000,2015368.000
0.000,2015369.000
0.000,2015370.000
0.000,2015371.000
0.000,2015372.000
0.000,2015373.000
0.000,2015374.000
0.000,2015375.000
0.000,2015376.000
0.000,2015377.000
0.000,2015378.000
0.000,2015379.000
0.000,2015380.000
0.000,2015381.000
0.000,2015382.000
0.000,2015383.000
0.000,2015384.000
0.000,2015385.000
0.000,2015386.000
0.000,2015387.000
0.000,2015388.000
0.000,2015389.000
0.000,2015390.000
0.000,2015391.000
0.000,2015392.000
0.000,2015393.000
0.000,2015394.000
0.000,2015395.000
0.000,2015396.000
0.000,2015397.000
0.000,2015398.000
0.000,2015399.000
0.000,2015400.000
0.000,2015401.000
0.000,2015402.000
0.000,2015403.000
0.000,2015404.000
0.000,2015405.000
0.000,2015406.000
0.000,2015407.000
0.000,2015408.000
0.000,2015409.000
0.000,2015410.000
0.000,2015411.000
0.000,2015412.000
0.000,2015413.000
0.000,2015414.000
0.000,2015415.000
0.000,2015416.000
0.000,2015417.000
0.000,2015418.000
0.000,2015419.000
0.000,2015420.000
0.000,2015421.000
0.000,2015422.000
0.000,2015423.000
0.000,2015424.000
0.000,2015425.000
0.000,2015426.000
0.000,2015427.000
0.000,2015428.000
0.000,2015429.000
1.000,2015430.000
0.000,2015431.000
0.000,2015432.000
0.000,2015433.000
0.000,2015434.000
0.000,2015435.000
0.000,2015436.000
0.000,2015437.000
0.000,2015438.000
0.000,2015439.000
0.000,2015440.000
0.000,2015441.000
0.000,2015442.000
0.000,2015443.000
0.000,2015444.000
0.000,2015445.000
0.000,2015446.000
0.000,2015447.000
0.000,2015448.000
0.000,2015449.000
0.000,2015450.000
0.000,2015451.000
0.000,2015452.000
0.000,2015453.000
0.000,2015454.000
0.000,2015455.000
0.000,2015456.000
0.000,2015457.000
0.000,2015458.000
0.000,2015459.000
0.000,2015460.000
0.000,2015461.000
0.000,2015462.000
0.000,2015463.000
0.000,2015464.000
0.000,2015465.000
0.000,2015466.000
0.000,2015467.000
0.000,2015468.000
0.000,2015469.000
0.000,2015470.000
0.000,2015471.000
0.000,2015472.000
0.000,2015473.000
0.000,2015474.000
0.000,2015475.000
0.000,2015476.000
0.000,2015477.000
0.000,2015478.000
0.000,2015479.000
0.000,2015480.000
0.000,2015481.000
0.000,2015482.000
0.000,2015483.000
0.000,2015484.000
0.000,2015485.000
0.000,2015486.000
0.000,2015487.000
0.000,2015488.000
0.000,2015489.000
0.000,2015490.000
0.000,2015491.000
0.000,2015492.000
0.000,2015493.000
0.000,2015494.000
0.000,2015495.000
0.000,2015496.000
0.000,2015497.000
0.000,2015498.000
0.000,2015499.000
0.000,2015500.000
0.000,2015501.000
0.000,2015502.000
0.000,2015503.000
0.000,2015504.000
0.000,2015505.000
0.000,2015506.000
0.000,2015507.000
0.000,2015508.000
0.000,2015509.000
0.000,2015510.000
0.000,2015511.000
0.000,2015512.000
0.000,2015513.000
0.000,2015514.000
0.000,2015515.000
0.000,2015516.000
0.000,2015517.000
0.000,2015518.000
0.000,2015519.000
0.000,2015520.000
0.000,2015521.000
0.000,2015522.000
0.000,2015523.000
0.000,2015524.000
0.000,2015525.000
0.000,2015526.000
0.000,2015527.000
0.000,2015528.000
0.000,2015529.000
0.000,2015530.000
0.000,2015531.000
0.000,2015532.000
0.000,2015533.000
0.000,2015534.000
0.000,2015535.000
0.000,2015536.000
0.000,2015537.000
0.000,2015538.000
0.000,2015539.000
0.000,2015540.000
0.000,2015541.000
0.000,2015542.000
0.000,2015543.000
0.000,2015544.000
0.000,2015545.000
0.000,2015546.000
0.000,2015547.000
0.000,2015548.000
0.000,2015549.000
1.000,2015550.000
0.000,2015551.000
0.000,2015552.000
0.000,2015553.000
0.000,2015554.000
0.000,2015555.000
0.000,2015556.000
0.000,2015557.000
0.000,2015558.000
0.000,2015559.000
0.000,2015560.000
0.000,2015561.000
0.000,2015562.000
0.000,2015563.000
0.000,2015564.000
0.000,2015565.000
0.000,2015566.000
0.000,2015567.000
0.000,2015568.000
0.000,2015569.000
0.000,2015570.000
0.000,2015571.000
0.000,2015572.000
0.000,2015573.000
0.000,2015574.000
0.000,2015575.000
0.000,2015576.000
0.000,2015577.000
0.000,2015578.000
0.000,2015579.000
0.000,2015580.000
0.000,2015581.000
0.000,2015582.000
0.000,2015583.000
0.000,2015584.000
0.000,2015585.000
0.000,2015586.000
0.000,2015587.000
0.000,2015588.000
0.000,2015589.000
0.000,2015590.000
0.000,2015591.000
0.000,2015592.000
0.000,2015593.000
0.000,2015594.000
0.000,2015595.000
0.000,2015596.000
0.000,2015597.000
0.000,2015598.000
0.000,2015599.000
0.000,2015600.000
0.000,2015601.000
0.000,2015602.000
0.000,2015603.000
0.000,2015604.000
0.000,2015605.000
0.000,2015606.000
0.000,2015607.000
0.000,2015608.000
0.000,2015609.000
0.000,2015610.000
0.000,2015611.000
0.000,2015612.000
0.000,2015613.000
0.000,2015614.000
0.000,2015615.000
0.000,2015616.000
0.000,2015617.000
0.000,2015618.000
0.000,2015619.000
0.000,2015620.000
0.000,2015621.000
0.000,2015622.000
0.000,2015623.000
0.000,2015624.000
0.000,2015625.000
0.000,2015626.000
0.000,2015627.000
0.000,2015628.000
0.000,2015629.000
0.000,2015630.000
0.000,2015631.000
0.000,2015632.000
0.000,2015633.000
0.000,2015634.000
0.000,2015635.000
0.000,2015636.000
0.000,2015637.000
0.000,2015638.000
0.000,2015639.000
0.000,2015640.000
0.000,2015641.000
0.000,2015642.000
0.000,2015643.000
0.000,2015644.000
0.000,2015645.000
0.000,2015646.000
0.000,2015647.000
0.000,2015648.000
0.000,2015649.000
0.000,2015650.000
0.000,2015651.000
0.000,2015652.000
0.000,2015653.000
0.000,2015654.000
0.000,2015655.000
0.000,2015656.000
0.000,2015657.000
0.000,2015658.000
0.000,2015659.000
0.000,2015660.000
0.000,2015661.000
0.000,2015662.000
0.000,2015663.000
1.000,2015664.000
0.000,2015665.000
0.000,2015666.000
0.000,2015667.000
0.000,2015668.000
0.000,2015669.000
0.000,2015670.000
0.000,2015671.000
0.000,2015672.000
0.000,2015673.000
0.000,2015674.000
0.000,2015675.000
0.000,2015676.000
1.000,2015677.000
0.000,2015678.000
0.000,2015679.000
0.000,2015680.000
0.000,2015681.000
0.000,2015682.000
0.000,2015683.000
0.000,2015684.000
0.000,2015685.000
0.000,2015686.000
0.000,2015687.000
0.000,2015688.000
0.000,2015689.000
0.000,2015690.000
0.000,2015691.000
0.000,2015692.000
0.000,2015693.000
0.000,2015694.000
0.000,2015695.000
0.000,2015696.000
0.000,2015697.000
0.000,2015698.000
0.000,2015699.000
0.000,2015700.000
0.000,2015701.000
0.000,2015702.000
0.000,2015703.000
0.000,2015704.000
0.000,2015705.000
0.000,2015706.000
0.000,2015707.000
0.000,2015708.000
0.000,2015709.000
0.000,2015710.000
0.000,2015711.000
0.000,2015712.000
0.000,2015713.000
0.000,2015714.000
0.000,2015715.000
0.000,2015716.000
0.000,2015717.000
0.000,2015718.000
0.000,2015719.000
0.000,2015720.000
0.000,2015721.000
0.000,2015722.000
1.000,2015723.000
0.000,2015724.000
0.000,2015725.000
0.000,2015726.000
0.000,2015727.000
0.000,2015728.000
0.000,2015729.000
0.000,2015730.000
0.000,2015731.000
0.000,2015732.000
0.000,2015733.000
0.000,2015734.000
0.000,2015735.000
0.000,2015736.000
0.000,2015737.000
0.000,2015738.000
0.000,2015739.000
0.000,2015740.000
0.000,2015741.000
0.000,2015742.000
0.000,2015743.000
0.000,2015744.000
0.000,2015745.000
0.000,2015746.000
0.000,2015747.000
0.000,2015748.000
0.000,2015749.000
0.000,2015750.000
0.000,2015751.000
0.000,2015752.000
0.000,2015753.000
0.000,2015754.000
0.000,2015755.000
0.000,2015756.000
0.000,2015757.000
0.000,2015758.000
0.000,2015759.000
0.000,2015760.000
0.000,2015761.000
0.000,2015762.000
0.000,2015763.000
0.000,2015764.000
0.000,2015765.000
0.000,2015766.000
0.000,2015767.000
0.000,2015768.000
0.000,2015769.000
0.000,2015770.000
0.000,2015771.000
1.000,2015772.000
0.000,2015773.000
0.000,2015774.000
0.000,2015775.000
0.000,2015776.000
0.000,2015777.000
0.000,2015778.000
1.000,2015779.000
0.000,2015780.000
0.000,2015781.000
0.000,2015782.000
1.000,2015783.000
0.000,2015784.000
0.000,2015785.000
0.000,2015786.000
0.000,2015787.000
0.000,2015788.000
0.000,2015789.000
0.000,2015790.000
0.000,2015791.000
0.000,2015792.000
0.000,2015793.000
0.000,2015794.000
0.000,2015795.000
0.000,2015796.000
0.000,2015797.000
0.000,2015798.000
0.000,2015799.000
0.000,2015800.000
0.000,2015801.000
0.000,2015802.000
0.000,2015803.000
0.000,2015804.000
0.000,2015805.000
0.000,2015806.000
0.000,2015807.000
0.000,2015808.000
0.000,2015809.000
0.000,2015810.000
0.000,2015811.000
0.000,2015812.000
0.000,2015813.000
0.000,2015814.000
0.000,2015815.000
0.000,2015816.000
0.000,2015817.000
0.000,2015818.000
0.000,2015819.000
0.000,2015820.000
0.000,2015821.000
0.000,2015822.000
0.000,2015823.000
0.000,2015824.000
0.000,2015825.000
0.000,2015826.000
0.000,2015827.000
0.000,2015828.000
0.000,2015829.000
0.000,2015830.000
0.000,2015831.000
0.000,2015832.000
0.000,2015833.000
0.000,2015834.000
0.000,2015835.000
0.000,2015836.000
0.000,2015837.000
0.000,2015838.000
0.000,2015839.000
0.000,2015840.000
0.000,2015841.000
0.000,2015842.000
0.000,2015843.000
0.000,2015844.000
0.000,2015845.000
0.000,2015846.000
0.000,2015847.000
0.000,2015848.000
0.000,2015849.000
0.000,2015850.000
0.000,2015851.000
0.000,2015852.000
0.000,2015853.000
0.000,2015854.000
0.000,2015855.000
0.000,2015856.000
0.000,2015857.000
0.000,2015858.000
0.000,2015859.000
0.000,2015860.000
0.000,2015861.000
0.000,2015862.000
0.000,2015863.000
0.000,2015864.000
0.000,2015865.000
0.000,2015866.000
0.000,2015867.000
0.000,2015868.000
0.000,2015869.000
0.000,2015870.000
0.000,2015871.000
0.000,2015872.000
0.000,2015873.000
0.000,2015874.000
0.000,2015875.000
0.000,2015876.000
0.000,2015877.000
0.000,2015878.000
0.000,2015879.000
0.000,2015880.000
0.000,2015881.000
0.000,2015882.000
0.000,2015883.000
0.000,2015884.000
0.000,2015885.000
0.000,2015886.000
0.000,2015887.000
0.000,2015888.000
0.000,2015889.000
0.000,2015890.000
0.000,2015891.000
0.000,2015892.000
0.000,2015893.000
0.000,2015894.000
0.000,2015895.000
0.000,2015896.000
0.000,2015897.000
0.000,2015898.000
0.000,2015899.000
0.000,2015900.000
0.000,2015901.000
0.000,2015902.000
0.000,2015903.000
0.000,2015904.000
0.000,2015905.000
0.000,2015906.000
0.000,2015907.000
0.000,2015908.000
0.000,2015909.000
0.000,2015910.000
0.000,2015911.000
0.000,2015912.000
0.000,2015913.000
0.000,2015914.000
0.000,2015915.000
0.000,2015916.000
0.000,2015917.000
0.000,2015918.000
0.000,2015919.000
0.000,2015920.000
0.000,2015921.000
0.000,2015922.000
0.000,2015923.000
0.000,2015924.000
0.000,2015925.000
0.000,2015926.000
0.000,2015927.000
0.000,2015928.000
0.000,2015929.000
0.000,2015930.000
0.000,2015931.000
0.000,2015932.000
0.000,2015933.000
0.000,2015934.000
0.000,2015935.000
0.000,2015936.000
0.000,2015937.000
0.000,2015938.000
0.000,2015939.000
0.000,2015940.000
0.000,2015941.000
0.000,2015942.000
0.000,2015943.000
0.000,2015944.000
0.000,2015945.000
0.000,2015946.000
0.000,2015947.000
0.000,2015948.000
0.000,2015949.000
0.000,2015950.000
0.000,2015951.000
0.000,2015952.000
0.000,2015953.000
0.000,2015954.000
0.000,2015955.000
0.000,2015956.000
0.000,2015957.000
0.000,2015958.000
0.000,2015959.000
0.000,2015960.000
0.000,2015961.000
0.000,2015962.000
0.000,2015963.000
0.000,2015964.000
0.000,2015965.000
0.000,2015966.000
0.000,2015967.000
0.000,2015968.000
0.000,2015969.000
0.000,2015970.000
0.000,2015971.000
0.000,2015972.000
0.000,2015973.000
0.000,2015974.000
0.000,2015975.000
0.000,2015976.000
0.000,2015977.000
0.000,2015978.000
0.000,2015979.000
0.000,2015980.000
0.000,2015981.000
0.000,2015982.000
0.000,2015983.000
0.000,2015984.000
1.000,2015985.000
0.000,2015986.000
0.000,2015987.000
0.000,2015988.000
0.000,2015989.000
0.000,2015990.000
0.000,2015991.000
0.000,2015992.000
0.000,2015993.000
0.000,2015994.000
0.000,2015995.000
0.000,2015996.000
0.000,2015997.000
0.000,2015998.000
0.000,2015999.000
0.000,2016000.000
0.000,2016001.000
0.000,2016002.000
0.000,2016003.000
0.000,2016004.000
0.000,2016005.000
0.000,2016006.000
0.000,2016007.000
0.000,2016008.000
0.000,2016009.000
0.000,2016010.000
0.000,2016011.000
0.000,2016012.000
0.000,2016013.000
0.000,2016014.000
0.000,2016015.000
0.000,2016016.000
0.000,2016017.000
0.000,2016018.000
0.000,2016019.000
0.000,2016020.000
0.000,2016021.000
0.000,2016022.000
0.000,2016023.000
0.000,2016024.000
0.000,2016025.000
0.000,2016026.000
0.000,2016027.000
0.000,2016028.000
0.000,2016029.000
0.000,2016030.000
0.000,2016031.000
0.000,2016032.000
0.000,2016033.000
0.000,2016034.000
0.000,2016035.000
0.000,2016036.000
0.000,2016037.000
0.000,2016038.000
0.000,2016039.000
0.000,2016040.000
0.000,2016041.000
1.000,2016042.000
0.000,2016043.000
0.000,2016044.000
0.000,2016045.000
0.000,2016046.000
1.000,2016047.000
0.000,2016048.000
0.000,2016049.000
0.000,2016050.000
0.000,2016051.000
0.000,2016052.000
0.000,2016053.000
0.000,2016054.000
0.000,2016055.000
0.000,2016056.000
0.000,2016057.000
0.000,2016058.000
0.000,2016059.000
0.000,2016060.000
0.000,2016061.000
0.000,2016062.000
0.000,2016063.000
0.000,2016064.000
0.000,2016065.000
0.000,2016066.000
0.000,2016067.000
0.000,2016068.000
0.000,2016069.000
0.000,2016070.000
0.000,2016071.000
0.000,2016072.000
0.000,2016073.000
0.000,2016074.000
0.000,2016075.000
0.000,2016076.000
0.000,2016077.000
0.000,2016078.000
0.000,2016079.000
0.000,2016080.000
0.000,2016081.000
0.000,2016082.000
0.000,2016083.000
0.000,2016084.000
0.000,2016085.000
0.000,2016086.000
0.000,2016087.000
0.000,2016088.000
0.000,2016089.000
0.000,2016090.000
0.000,2016091.000
0.000,2016092.000
0.000,2016093.000
0.000,2016094.000
0.000,2016095.000
0.000,2016096.000
0.000,2016097.000
0.000,2016098.000
0.000,2016099.000
0.000,2016100.000
0.000,2016101.000
0.000,2016102.000
0.000,2016103.000
0.000,2016104.000
0.000,2016105.000
0.000,2016106.000
0.000,2016107.000
0.000,2016108.000
0.000,2016109.000
0.000,2016110.000
0.000,2016111.000
0.000,2016112.000
0.000,2016113.000
0.000,2016114.000
1.000,2016115.000
0.000,2016116.000
0.000,2016117.000
0.000,2016118.000
0.000,2016119.000
0.000,2016120.000
0.000,2016121.000
0.000,2016122.000
0.000,2016123.000
0.000,2016124.000
0.000,2016125.000
0.000,2016126.000
0.000,2016127.000
0.000,2016128.000
0.000,2016129.000
0.000,2016130.000
0.000,2016131.000
0.000,2016132.000
0.000,2016133.000
0.000,2016134.000
0.000,2016135.000
0.000,2016136.000
0.000,2016137.000
0.000,2016138.000
0.000,2016139.000
0.000,2016140.000
0.000,2016141.000
0.000,2016142.000
0.000,2016143.000
0.000,2016144.000
0.000,2016145.000
0.000,2016146.000
0.000,2016147.000
0.000,2016148.000
0.000,2016149.000
0.000,2016150.000
0.000,2016151.000
0.000,2016152.000
0.000,2016153.000
0.000,2016154.000
0.000,2016155.000
0.000,2016156.000
0.000,2016157.000
0.000,2016158.000
0.000,2016159.000
0.000,2016160.000
0.000,2016161.000
0.000,2016162.000
0.000,2016163.000
0.000,2016164.000
0.000,2016165.000
0.000,2016166.000
0.000,2016167.000
0.000,2016168.000
0.000,2016169.000
0.000,2016170.000
0.000,2016171.000
0.000,2016172.000
0.000,2016173.000
0.000,2016174.000
0.000,2016175.000
0.000,2016176.000
0.000,2016177.000
0.000,2016178.000
0.000,2016179.000
0.000,2016180.000
0.000,2016181.000
0.000,2016182.000
0.000,2016183.000
0.000,2016184.000
0.000,2016185.000
0.000,2016186.000
0.000,2016187.000
0.000,2016188.000
0.000,2016189.000
0.000,2016190.000
0.000,2016191.000
0.000,2016192.000
0.000,2016193.000
0.000,2016194.000
0.000,2016195.000
0.000,2016196.000
0.000,2016197.000
0.000,2016198.000
0.000,2016199.000
0.000,2016200.000
0.000,2016201.000
0.000,2016202.000
0.000,2016203.000
0.000,2016204.000
0.000,2016205.000
0.000,2016206.000
0.000,2016207.000
0.000,2016208.000
0.000,2016209.000
0.000,2016210.000
0.000,2016211.000
0.000,2016212.000
0.000,2016213.000
0.000,2016214.000
0.000,2016215.000
0.000,2016216.000
0.000,2016217.000
0.000,2016218.000
0.000,2016219.000
0.000,2016220.000
0.000,2016221.000
0.000,2016222.000
0.000,2016223.000
0.000,2016224.000
0.000,2016225.000
0.000,2016226.000
0.000,2016227.000
0.000,2016228.000
0.000,2016229.000
0.000,2016230.000
0.000,2016231.000
0.000,2016232.000
0.000,2016233.000
0.000,2016234.000
0.000,2016235.000
0.000,2016236.000
0.000,2016237.000
0.000,2016238.000
0.000,2016239.000
0.000,2016240.000
0.000,2016241.000
0.000,2016242.000
0.000,2016243.000
0.000,2016244.000
0.000,2016245.000
1.000,2016246.000
0.000,2016247.000
0.000,2016248.000
0.000,2016249.000
0.000,2016250.000
0.000,2016251.000
0.000,2016252.000
0.000,2016253.000
0.000,2016254.000
0.000,2016255.000
0.000,2016256.000
0.000,2016257.000
0.000,2016258.000
0.000,2016259.000
0.000,2016260.000
0.000,2016261.000
0.000,2016262.000
0.000,2016263.000
0.000,2016264.000
0.000,2016265.000
0.000,2016266.000
0.000,2016267.000
0.000,2016268.000
0.000,2016269.000
0.000,2016270.000
0.000,2016271.000
0.000,2016272.000
0.000,2016273.000
0.000,2016274.000
0.000,2016275.000
0.000,2016276.000
0.000,2016277.000
0.000,2016278.000
0.000,2016279.000
0.000,2016280.000
0.000,2016281.000
0.000,2016282.000
0.000,2016283.000
1.000,2016284.000
0.000,2016285.000
0.000,2016286.000
0.000,2016287.000
0.000,2016288.000
0.000,2016289.000
0.000,2016290.000
0.000,2016291.000
0.000,2016292.000
0.000,2016293.000
0.000,2016294.000
0.000,2016295.000
0.000,2016296.000
0.000,2016297.000
0.000,2016298.000
0.000,2016299.000
0.000,2016300.000
0.000,2016301.000
0.000,2016302.000
0.000,2016303.000
0.000,2016304.000
0.000,2016305.000
0.000,2016306.000
0.000,2016307.000
0.000,2016308.000
0.000,2016309.000
0.000,2016310.000
0.000,2016311.000
0.000,2016312.000
0.000,2016313.000
0.000,2016314.000
0.000,2016315.000
0.000,2016316.000
0.000,2016317.000
0.000,2016318.000
0.000,2016319.000
0.000,2016320.000
0.000,2016321.000
0.000,2016322.000
0.000,2016323.000
0.000,2016324.000
1.000,2016325.000
0.000,2016326.000
0.000,2016327.000
0.000,2016328.000
0.000,2016329.000
0.000,2016330.000
0.000,2016331.000
0.000,2016332.000
0.000,2016333.000
0.000,2016334.000
0.000,2016335.000
0.000,2016336.000
0.000,2016337.000
0.000,2016338.000
0.000,2016339.000
0.000,2016340.000
0.000,2016341.000
0.000,2016342.000
0.000,2016343.000
0.000,2016344.000
0.000,2016345.000
0.000,2016346.000
0.000,2016347.000
0.000,2016348.000
0.000,2016349.000
0.000,2016350.000
0.000,2016351.000
0.000,2016352.000
0.000,2016353.000
0.000,2016354.000
0.000,2016355.000
0.000,2016356.000
0.000,2016357.000
0.000,2016358.000
0.000,2016359.000
0.000,2016360.000
0.000,2016361.000
0.000,2016362.000
0.000,2016363.000
0.000,2016364.000
0.000,2016365.000
0.000,2016366.000
0.000,2016367.000
0.000,2016368.000
0.000,2016369.000
1.000,2016370.000
0.000,2016371.000
0.000,2016372.000
0.000,2016373.000
0.000,2016374.000
0.000,2016375.000
0.000,2016376.000
0.000,2016377.000
0.000,2016378.000
0.000,2016379.000
0.000,2016380.000
0.000,2016381.000
0.000,2016382.000
0.000,2016383.000
0.000,2016384.000
0.000,2016385.000
0.000,2016386.000
0.000,2016387.000
0.000,2016388.000
0.000,2016389.000
0.000,2016390.000
0.000,2016391.000
0.000,2016392.000
0.000,2016393.000
0.000,2016394.000
0.000,2016395.000
0.000,2016396.000
0.000,2016397.000
0.000,2016398.000
0.000,2016399.000
0.000,2016400.000
0.000,2016401.000
0.000,2016402.000
0.000,2016403.000
0.000,2016404.000
0.000,2016405.000
0.000,2016406.000
0.000,2016407.000
0.000,2016408.000
0.000,2016409.000
0.000,2016410.000
0.000,2016411.000
0.000,2016412.000
0.000,2016413.000
0.000,2016414.000
0.000,2016415.000
0.000,2016416.000
0.000,2016417.000
0.000,2016418.000
0.000,2016419.000
0.000,2016420.000
0.000,2016421.000
0.000,2016422.000
0.000,2016423.000
0.000,2016424.000
0.000,2016425.000
0.000,2016426.000
0.000,2016427.000
0.000,2016428.000
0.000,2016429.000
0.000,2016430.000
0.000,2016431.000
0.000,2016432.000
0.000,2016433.000
0.000,2016434.000
0.000,2016435.000
0.000,2016436.000
0.000,2016437.000
0.000,2016438.000
0.000,2016439.000
0.000,2016440.000
0.000,2016441.000
0.000,2016442.000
0.000,2016443.000
0.000,2016444.000
0.000,2016445.000
0.000,2016446.000
0.000,2016447.000
0.000,2016448.000
0.000,2016449.000
0.000,2016450.000
0.000,2016451.000
0.000,2016452.000
0.000,2016453.000
0.000,2016454.000
0.000,2016455.000
0.000,2016456.000
0.000,2016457.000
0.000,2016458.000
1.000,2016459.000
0.000,2016460.000
0.000,2016461.000
0.000,2016462.000
0.000,2016463.000
0.000,2016464.000
0.000,2016465.000
0.000,2016466.000
0.000,2016467.000
0.000,2016468.000
0.000,2016469.000
0.000,2016470.000
0.000,2016471.000
0.000,2016472.000
0.000,2016473.000
0.000,2016474.000
0.000,2016475.000
0.000,2016476.000
0.000,2016477.000
0.000,2016478.000
0.000,2016479.000
0.000,2016480.000
0.000,2016481.000
0.000,2016482.000
0.000,2016483.000
0.000,2016484.000
0.000,2016485.000
0.000,2016486.000
0.000,2016487.000
0.000,2016488.000
0.000,2016489.000
0.000,2016490.000
0.000,2016491.000
0.000,2016492.000
0.000,2016493.000
0.000,2016494.000
0.000,2016495.000
0.000,2016496.000
0.000,2016497.000
0.000,2016498.000
0.000,2016499.000
0.000,2016500.000
0.000,2016501.000
0.000,2016502.000
0.000,2016503.000
0.000,2016504.000
0.000,2016505.000
0.000,2016506.000
0.000,2016507.000
0.000,2016508.000
0.000,2016509.000
0.000,2016510.000
0.000,2016511.000
0.000,2016512.000
0.000,2016513.000
0.000,2016514.000
0.000,2016515.000
0.000,2016516.000
0.000,2016517.000
0.000,2016518.000
0.000,2016519.000
0.000,2016520.000
0.000,2016521.000
0.000,2016522.000
0.000,2016523.000
0.000,2016524.000
0.000,2016525.000
0.000,2016526.000
0.000,2016527.000
0.000,2016528.000
0.000,2016529.000
0.000,2016530.000
0.000,2016531.000
0.000,2016532.000
0.000,2016533.000
0.000,2016534.000
0.000,2016535.000
0.000,2016536.000
0.000,2016537.000
0.000,2016538.000
0.000,2016539.000
0.000,2016540.000
0.000,2016541.000
0.000,2016542.000
0.000,2016543.000
0.000,2016544.000
0.000,2016545.000
0.000,2016546.000
0.000,2016547.000
0.000,2016548.000
0.000,2016549.000
0.000,2016550.000
0.000,2016551.000
0.000,2016552.000
0.000,2016553.000
0.000,2016554.000
0.000,2016555.000
0.000,2016556.000
0.000,2016557.000
0.000,2016558.000
0.000,2016559.000
1.000,2016560.000
0.000,2016561.000
0.000,2016562.000
0.000,2016563.000
0.000,2016564.000
0.000,2016565.000
0.000,2016566.000
0.000,2016567.000
0.000,2016568.000
0.000,2016569.000
0.000,2016570.000
0.000,2016571.000
0.000,2016572.000
0.000,2016573.000
0.000,2016574.000
0.000,2016575.000
0.000,2016576.000
0.000,2016577.000
0.000,2016578.000
0.000,2016579.000
0.000,2016580.000
0.000,2016581.000
0.000,2016582.000
0.000,2016583.000
0.000,2016584.000
0.000,2016585.000
0.000,2016586.000
0.000,2016587.000
0.000,2016588.000
0.000,2016589.000
0.000,2016590.000
0.000,2016591.000
0.000,2016592.000
0.000,2016593.000
0.000,2016594.000
0.000,2016595.000
0.000,2016596.000
0.000,2016597.000
0.000,2016598.000
0.000,2016599.000
0.000,2016600.000
0.000,2016601.000
0.000,2016602.000
0.000,2016603.000
0.000,2016604.000
0.000,2016605.000
0.000,2016606.000
0.000,2016607.000
0.000,2016608.000
0.000,2016609.000
0.000,2016610.000
0.000,2016611.000
0.000,2016612.000
0.000,2016613.000
0.000,2016614.000
0.000,2016615.000
0.000,2016616.000
0.000,2016617.000
0.000,2016618.000
0.000,2016619.000
0.000,2016620.000
0.000,2016621.000
0.000,2016622.000
0.000,2016623.000
0.000,2016624.000
0.000,2016625.000
0.000,2016626.000
0.000,2016627.000
0.000,2016628.000
0.000,2016629.000
0.000,2016630.000
0.000,2016631.000
0.000,2016632.000
0.000,2016633.000
0.000,2016634.000
0.000,2016635.000
0.000,2016636.000
0.000,2016637.000
0.000,2016638.000
0.000,2016639.000
0.000,2016640.000
0.000,2016641.000
0.000,2016642.000
0.000,2016643.000
0.000,2016644.000
0.000,2016645.000
0.000,2016646.000
0.000,2016647.000
0.000,2016648.000
0.000,2016649.000
0.000,2016650.000
0.000,2016651.000
0.000,2016652.000
0.000,2016653.000
0.000,2016654.000
0.000,2016655.000
0.000,2016656.000
0.000,2016657.000
0.000,2016658.000
0.000,2016659.000
0.000,2016660.000
0.000,2016661.000
0.000,2016662.000
0.000,2016663.000
0.000,2016664.000
0.000,2016665.000
0.000,2016666.000
0.000,2016667.000
0.000,2016668.000
0.000,2016669.000
0.000,2016670.000
0.000,2016671.000
0.000,2016672.000
0.000,2016673.000
0.000,2016674.000
1.000,2016675.000
0.000,2016676.000
0.000,2016677.000
0.000,2016678.000
0.000,2016679.000
0.000,2016680.000
0.000,2016681.000
0.000,2016682.000
0.000,2016683.000
0.000,2016684.000
0.000,2016685.000
0.000,2016686.000
0.000,2016687.000
0.000,2016688.000
0.000,2016689.000
0.000,2016690.000
0.000,2016691.000
0.000,2016692.000
0.000,2016693.000
0.000,2016694.000
0.000,2016695.000
0.000,2016696.000
0.000,2016697.000
0.000,2016698.000
0.000,2016699.000
0.000,2016700.000
0.000,2016701.000
0.000,2016702.000
0.000,2016703.000
0.000,2016704.000
0.000,2016705.000
0.000,2016706.000
0.000,2016707.000
0.000,2016708.000
0.000,2016709.000
0.000,2016710.000
0.000,2016711.000
0.000,2016712.000
0.000,2016713.000
0.000,2016714.000
0.000,2016715.000
0.000,2016716.000
1.000,2016717.000
0.000,2016718.000
0.000,2016719.000
0.000,2016720.000
0.000,2016721.000
0.000,2016722.000
0.000,2016723.000
1.000,2016724.000
0.000,2016725.000
0.000,2016726.000
0.000,2016727.000
0.000,2016728.000
0.000,2016729.000
0.000,2016730.000
0.000,2016731.000
0.000,2016732.000
0.000,2016733.000
0.000,2016734.000
0.000,2016735.000
0.000,2016736.000
0.000,2016737.000
0.000,2016738.000
0.000,2016739.000
0.000,2016740.000
0.000,2016741.000
0.000,2016742.000
0.000,2016743.000
0.000,2016744.000
0.000,2016745.000
0.000,2016746.000
0.000,2016747.000
0.000,2016748.000
0.000,2016749.000
0.000,2016750.000
0.000,2016751.000
0.000,2016752.000
0.000,2016753.000
0.000,2016754.000
0.000,2016755.000
0.000,2016756.000
0.000,2016757.000
0.000,2016758.000
0.000,2016759.000
0.000,2016760.000
0.000,2016761.000
0.000,2016762.000
0.000,2016763.000
0.000,2016764.000
0.000,2016765.000
0.000,2016766.000
0.000,2016767.000
0.000,2016768.000
0.000,2016769.000
0.000,2016770.000
0.000,2016771.000
0.000,2016772.000
0.000,2016773.000
0.000,2016774.000
0.000,2016775.000
0.000,2016776.000
0.000,2016777.000
0.000,2016778.000
0.000,2016779.000
0.000,2016780.000
0.000,2016781.000
0.000,2016782.000
0.000,2016783.000
0.000,2016784.000
0.000,2016785.000
0.000,2016786.000
0.000,2016787.000
0.000,2016788.000
0.000,2016789.000
0.000,2016790.000
0.000,2016791.000
0.000,2016792.000
0.000,2016793.000
0.000,2016794.000
0.000,2016795.000
0.000,2016796.000
0.000,2016797.000
0.000,2016798.000
0.000,2016799.000
0.000,2016800.000
0.000,2016801.000
0.000,2016802.000
0.000,2016803.000
0.000,2016804.000
0.000,2016805.000
0.000,2016806.000
0.000,2016807.000
0.000,2016808.000
0.000,2016809.000
0.000,2016810.000
0.000,2016811.000
0.000,2016812.000
0.000,2016813.000
0.000,2016814.000
0.000,2016815.000
0.000,2016816.000
0.000,2016817.000
0.000,2016818.000
0.000,2016819.000
0.000,2016820.000
0.000,2016821.000
0.000,2016822.000
0.000,2016823.000
0.000,2016824.000
0.000,2016825.000
0.000,2016826.000
0.000,2016827.000
0.000,2016828.000
0.000,2016829.000
0.000,2016830.000
0.000,2016831.000
0.000,2016832.000
0.000,2016833.000
0.000,2016834.000
0.000,2016835.000
0.000,2016836.000
0.000,2016837.000
0.000,2016838.000
0.000,2016839.000
0.000,2016840.000
0.000,2016841.000
0.000,2016842.000
0.000,2016843.000
0.000,2016844.000
0.000,2016845.000
0.000,2016846.000
0.000,2016847.000
0.000,2016848.000
0.000,2016849.000
0.000,2016850.000
0.000,2016851.000
0.000,2016852.000
0.000,2016853.000
0.000,2016854.000
0.000,2016855.000
0.000,2016856.000
0.000,2016857.000
0.000,2016858.000
0.000,2016859.000
0.000,2016860.000
0.000,2016861.000
0.000,2016862.000
0.000,2016863.000
0.000,2016864.000
0.000,2016865.000
0.000,2016866.000
0.000,2016867.000
0.000,2016868.000
0.000,2016869.000
0.000,2016870.000
0.000,2016871.000
0.000,2016872.000
0.000,2016873.000
0.000,2016874.000
0.000,2016875.000
0.000,2016876.000
0.000,2016877.000
0.000,2016878.000
0.000,2016879.000
0.000,2016880.000
0.000,2016881.000
0.000,2016882.000
0.000,2016883.000
0.000,2016884.000
0.000,2016885.000
0.000,2016886.000
0.000,2016887.000
0.000,2016888.000
0.000,2016889.000
0.000,2016890.000
0.000,2016891.000
0.000,2016892.000
0.000,2016893.000
0.000,2016894.000
0.000,2016895.000
0.000,2016896.000
0.000,2016897.000
0.000,2016898.000
0.000,2016899.000
0.000,2016900.000
0.000,2016901.000
0.000,2016902.000
0.000,2016903.000
0.000,2016904.000
0.000,2016905.000
0.000,2016906.000
0.000,2016907.000
0.000,2016908.000
0.000,2016909.000
0.000,2016910.000
0.000,2016911.000
0.000,2016912.000
0.000,2016913.000
0.000,2016914.000
0.000,2016915.000
0.000,2016916.000
0.000,2016917.000
0.000,2016918.000
0.000,2016919.000
0.000,2016920.000
0.000,2016921.000
0.000,2016922.000
0.000,2016923.000
0.000,2016924.000
0.000,2016925.000
0.000,2016926.000
0.000,2016927.000
0.000,2016928.000
0.000,2016929.000
0.000,2016930.000
0.000,2016931.000
0.000,2016932.000
0.000,2016933.000
0.000,2016934.000
0.000,2016935.000
0.000,2016936.000
0.000,2016937.000
0.000,2016938.000
0.000,2016939.000
0.000,2016940.000
0.000,2016941.000
0.000,2016942.000
0.000,2016943.000
0.000,2016944.000
0.000,2016945.000
0.000,2016946.000
0.000,2016947.000
0.000,2016948.000
0.000,2016949.000
0.000,2016950.000
0.000,2016951.000
0.000,2016952.000
0.000,2016953.000
0.000,2016954.000
0.000,2016955.000
0.000,2016956.000
0.000,2016957.000
0.000,2016958.000
0.000,2016959.000
0.000,2016960.000
0.000,2016961.000
0.000,2016962.000
0.000,2016963.000
0.000,2016964.000
0.000,2016965.000
0.000,2016966.000
0.000,2016967.000
0.000,2016968.000
0.000,2016969.000
0.000,2016970.000
0.000,2016971.000
0.000,2016972.000
0.000,2016973.000
0.000,2016974.000
0.000,2016975.000
0.000,2016976.000
0.000,2016977.000
0.000,2016978.000
0.000,2016979.000
0.000,2016980.000
0.000,2016981.000
0.000,2016982.000
0.000,2016983.000
1.000,2016984.000
0.000,2016985.000
0.000,2016986.000
0.000,2016987.000
0.000,2016988.000
0.000,2016989.000
0.000,2016990.000
0.000,2016991.000
0.000,2016992.000
0.000,2016993.000
0.000,2016994.000
0.000,2016995.000
0.000,2016996.000
0.000,2016997.000
0.000,2016998.000
0.000,2016999.000
0.000,2017000.000
0.000,2017001.000
0.000,2017002.000
0.000,2017003.000
0.000,2017004.000
0.000,2017005.000
0.000,2017006.000
0.000,2017007.000
0.000,2017008.000
0.000,2017009.000
0.000,2017010.000
0.000,2017011.000
0.000,2017012.000
0.000,2017013.000
0.000,2017014.000
0.000,2017015.000
0.000,2017016.000
0.000,2017017.000
0.000,2017018.000
0.000,2017019.000
0.000,2017020.000
0.000,2017021.000
0.000,2017022.000
0.000,2017023.000
0.000,2017024.000
0.000,2017025.000
0.000,2017026.000
0.000,2017027.000
0.000,2017028.000
0.000,2017029.000
0.000,2017030.000
0.000,2017031.000
0.000,2017032.000
1.000,2017033.000
0.000,2017034.000
0.000,2017035.000
0.000,2017036.000
0.000,2017037.000
0.000,2017038.000
0.000,2017039.000
0.000,2017040.000
0.000,2017041.000
0.000,2017042.000
0.000,2017043.000
0.000,2017044.000
0.000,2017045.000
0.000,2017046.000
0.000,2017047.000
0.000,2017048.000
0.000,2017049.000
0.000,2017050.000
0.000,2017051.000
0.000,2017052.000
0.000,2017053.000
0.000,2017054.000
0.000,2017055.000
0.000,2017056.000
0.000,2017057.000
0.000,2017058.000
0.000,2017059.000
0.000,2017060.000
0.000,2017061.000
0.000,2017062.000
0.000,2017063.000
0.000,2017064.000
0.000,2017065.000
0.000,2017066.000
0.000,2017067.000
0.000,2017068.000
0.000,2017069.000
0.000,2017070.000
0.000,2017071.000
0.000,2017072.000
0.000,2017073.000
0.000,2017074.000
0.000,2017075.000
0.000,2017076.000
0.000,2017077.000
0.000,2017078.000
0.000,2017079.000
0.000,2017080.000
0.000,2017081.000
0.000,2017082.000
0.000,2017083.000
0.000,2017084.000
0.000,2017085.000
0.000,2017086.000
0.000,2017087.000
0.000,2017088.000
0.000,2017089.000
0.000,2017090.000
0.000,2017091.000
0.000,2017092.000
0.000,2017093.000
0.000,2017094.000
0.000,2017095.000
0.000,2017096.000
0.000,2017097.000
0.000,2017098.000
0.000,2017099.000
0.000,2017100.000
0.000,2017101.000
0.000,2017102.000
0.000,2017103.000
0.000,2017104.000
0.000,2017105.000
0.000,2017106.000
0.000,2017107.000
0.000,2017108.000
0.000,2017109.000
0.000,2017110.000
0.000,2017111.000
0.000,2017112.000
0.000,2017113.000
0.000,2017114.000
0.000,2017115.000
0.000,2017116.000
0.000,2017117.000
0.000,2017118.000
0.000,2017119.000
0.000,2017120.000
0.000,2017121.000
0.000,2017122.000
0.000,2017123.000
0.000,2017124.000
0.000,2017125.000
1.000,2017126.000
0.000,2017127.000
0.000,2017128.000
0.000,2017129.000
0.000,2017130.000
0.000,2017131.000
0.000,2017132.000
0.000,2017133.000
0.000,2017134.000
0.000,2017135.000
1.000,2017136.000
0.000,2017137.000
0.000,2017138.000
0.000,2017139.000
0.000,2017140.000
0.000,2017141.000
0.000,2017142.000
0.000,2017143.000
0.000,2017144.000
0.000,2017145.000
0.000,2017146.000
0.000,2017147.000
0.000,2017148.000
0.000,2017149.000
0.000,2017150.000
0.000,2017151.000
0.000,2017152.000
0.000,2017153.000
0.000,2017154.000
0.000,2017155.000
0.000,2017156.000
0.000,2017157.000
0.000,2017158.000
0.000,2017159.000
0.000,2017160.000
0.000,2017161.000
0.000,2017162.000
0.000,2017163.000
0.000,2017164.000
0.000,2017165.000
0.000,2017166.000
0.000,2017167.000
0.000,2017168.000
0.000,2017169.000
0.000,2017170.000
0.000,2017171.000
0.000,2017172.000
1.000,2017173.000
0.000,2017174.000
0.000,2017175.000
0.000,2017176.000
0.000,2017177.000
0.000,2017178.000
0.000,2017179.000
0.000,2017180.000
0.000,2017181.000
0.000,2017182.000
0.000,2017183.000
0.000,2017184.000
0.000,2017185.000
0.000,2017186.000
0.000,2017187.000
0.000,2017188.000
0.000,2017189.000
0.000,2017190.000
0.000,2017191.000
0.000,2017192.000
0.000,2017193.000
0.000,2017194.000
0.000,2017195.000
0.000,2017196.000
0.000,2017197.000
0.000,2017198.000
0.000,2017199.000
1.000,2017200.000
0.000,2017201.000
0.000,2017202.000
0.000,2017203.000
0.000,2017204.000
0.000,2017205.000
0.000,2017206.000
0.000,2017207.000
0.000,2017208.000
0.000,2017209.000
0.000,2017210.000
0.000,2017211.000
0.000,2017212.000
0.000,2017213.000
0.000,2017214.000
0.000,2017215.000
0.000,2017216.000
0.000,2017217.000
0.000,2017218.000
0.000,2017219.000
0.000,2017220.000
0.000,2017221.000
0.000,2017222.000
0.000,2017223.000
0.000,2017224.000
0.000,2017225.000
0.000,2017226.000
0.000,2017227.000
0.000,2017228.000
0.000,2017229.000
0.000,2017230.000
0.000,2017231.000
0.000,2017232.000
0.000,2017233.000
0.000,2017234.000
0.000,2017235.000
0.000,2017236.000
0.000,2017237.000
0.000,2017238.000
0.000,2017239.000
0.000,2017240.000
0.000,2017241.000
0.000,2017242.000
0.000,2017243.000
0.000,2017244.000
0.000,2017245.000
0.000,2017246.000
0.000,2017247.000
0.000,2017248.000
0.000,2017249.000
0.000,2017250.000
0.000,2017251.000
0.000,2017252.000
0.000,2017253.000
0.000,2017254.000
0.000,2017255.000
0.000,2017256.000
0.000,2017257.000
0.000,2017258.000
0.000,2017259.000
0.000,2017260.000
0.000,2017261.000
0.000,2017262.000
0.000,2017263.000
0.000,2017264.000
0.000,2017265.000
0.000,2017266.000
0.000,2017267.000
0.000,2017268.000
0.000,2017269.000
0.000,2017270.000
0.000,2017271.000
0.000,2017272.000
0.000,2017273.000
0.000,2017274.000
0.000,2017275.000
0.000,2017276.000
0.000,2017277.000
0.000,2017278.000
0.000,2017279.000
0.000,2017280.000
0.000,2017281.000
0.000,2017282.000
0.000,2017283.000
0.000,2017284.000
0.000,2017285.000
0.000,2017286.000
0.000,2017287.000
0.000,2017288.000
0.000,2017289.000
0.000,2017290.000
0.000,2017291.000
0.000,2017292.000
0.000,2017293.000
0.000,2017294.000
0.000,2017295.000
0.000,2017296.000
0.000,2017297.000
0.000,2017298.000
0.000,2017299.000
0.000,2017300.000
0.000,2017301.000
1.000,2017302.000
0.000,2017303.000
0.000,2017304.000
0.000,2017305.000
0.000,2017306.000
0.000,2017307.000
0.000,2017308.000
0.000,2017309.000
0.000,2017310.000
0.000,2017311.000
0.000,2017312.000
0.000,2017313.000
0.000,2017314.000
0.000,2017315.000
0.000,2017316.000
0.000,2017317.000
0.000,2017318.000
0.000,2017319.000
0.000,2017320.000
0.000,2017321.000
0.000,2017322.000
0.000,2017323.000
0.000,2017324.000
0.000,2017325.000
0.000,2017326.000
0.000,2017327.000
0.000,2017328.000
0.000,2017329.000
0.000,2017330.000
0.000,2017331.000
0.000,2017332.000
0.000,2017333.000
0.000,2017334.000
0.000,2017335.000
0.000,2017336.000
0.000,2017337.000
0.000,2017338.000
0.000,2017339.000
0.000,2017340.000
0.000,2017341.000
0.000,2017342.000
0.000,2017343.000
0.000,2017344.000
0.000,2017345.000
0.000,2017346.000
0.000,2017347.000
0.000,2017348.000
0.000,2017349.000
0.000,2017350.000
0.000,2017351.000
0.000,2017352.000
0.000,2017353.000
0.000,2017354.000
0.000,2017355.000
0.000,2017356.000
0.000,2017357.000
0.000,2017358.000
0.000,2017359.000
0.000,2017360.000
0.000,2017361.000
0.000,2017362.000
0.000,2017363.000
0.000,2017364.000
0.000,2017365.000
0.000,2017366.000
0.000,2017367.000
0.000,2017368.000
0.000,2017369.000
0.000,2017370.000
0.000,2017371.000
0.000,2017372.000
0.000,2017373.000
0.000,2017374.000
0.000,2017375.000
0.000,2017376.000
0.000,2017377.000
0.000,2017378.000
0.000,2017379.000
0.000,2017380.000
0.000,2017381.000
0.000,2017382.000
0.000,2017383.000
0.000,2017384.000
0.000,2017385.000
0.000,2017386.000
0.000,2017387.000
0.000,2017388.000
0.000,2017389.000
0.000,2017390.000
1.000,2017391.000
0.000,2017392.000
0.000,2017393.000
0.000,2017394.000
0.000,2017395.000
0.000,2017396.000
0.000,2017397.000
0.000,2017398.000
0.000,2017399.000
0.000,2017400.000
0.000,2017401.000
0.000,2017402.000
0.000,2017403.000
0.000,2017404.000
0.000,2017405.000
0.000,2017406.000
0.000,2017407.000
0.000,2017408.000
0.000,2017409.000
0.000,2017410.000
0.000,2017411.000
0.000,2017412.000
0.000,2017413.000
0.000,2017414.000
0.000,2017415.000
0.000,2017416.000
0.000,2017417.000
0.000,2017418.000
0.000,2017419.000
0.000,2017420.000
0.000,2017421.000
0.000,2017422.000
0.000,2017423.000
0.000,2017424.000
0.000,2017425.000
0.000,2017426.000
0.000,2017427.000
0.000,2017428.000
0.000,2017429.000
0.000,2017430.000
0.000,2017431.000
0.000,2017432.000
0.000,2017433.000
0.000,2017434.000
0.000,2017435.000
0.000,2017436.000
0.000,2017437.000
0.000,2017438.000
0.000,2017439.000
0.000,2017440.000
0.000,2017441.000
0.000,2017442.000
0.000,2017443.000
0.000,2017444.000
0.000,2017445.000
0.000,2017446.000
0.000,2017447.000
0.000,2017448.000
0.000,2017449.000
0.000,2017450.000
0.000,2017451.000
0.000,2017452.000
1.000,2017453.000
0.000,2017454.000
0.000,2017455.000
0.000,2017456.000
0.000,2017457.000
0.000,2017458.000
0.000,2017459.000
0.000,2017460.000
0.000,2017461.000
0.000,2017462.000
0.000,2017463.000
0.000,2017464.000
0.000,2017465.000
0.000,2017466.000
0.000,2017467.000
0.000,2017468.000
0.000,2017469.000
0.000,2017470.000
0.000,2017471.000
0.000,2017472.000
0.000,2017473.000
0.000,2017474.000
0.000,2017475.000
0.000,2017476.000
0.000,2017477.000
0.000,2017478.000
0.000,2017479.000
0.000,2017480.000
0.000,2017481.000
0.000,2017482.000
0.000,2017483.000
0.000,2017484.000
0.000,2017485.000
0.000,2017486.000
0.000,2017487.000
0.000,2017488.000
0.000,2017489.000
0.000,2017490.000
0.000,2017491.000
0.000,2017492.000
0.000,2017493.000
0.000,2017494.000
0.000,2017495.000
0.000,2017496.000
0.000,2017497.000
0.000,2017498.000
0.000,2017499.000
0.000,2017500.000
0.000,2017501.000
0.000,2017502.000
0.000,2017503.000
0.000,2017504.000
0.000,2017505.000
0.000,2017506.000
0.000,2017507.000
0.000,2017508.000
0.000,2017509.000
0.000,2017510.000
0.000,2017511.000
0.000,2017512.000
0.000,2017513.000
0.000,2017514.000
0.000,2017515.000
0.000,2017516.000
0.000,2017517.000
0.000,2017518.000
0.000,2017519.000
0.000,2017520.000
0.000,2017521.000
0.000,2017522.000
0.000,2017523.000
0.000,2017524.000
0.000,2017525.000
0.000,2017526.000
0.000,2017527.000
0.000,2017528.000
0.000,2017529.000
0.000,2017530.000
0.000,2017531.000
0.000,2017532.000
0.000,2017533.000
0.000,2017534.000
0.000,2017535.000
0.000,2017536.000
0.000,2017537.000
0.000,2017538.000
0.000,2017539.000
0.000,2017540.000
0.000,2017541.000
0.000,2017542.000
0.000,2017543.000
0.000,2017544.000
0.000,2017545.000
0.000,2017546.000
0.000,2017547.000
0.000,2017548.000
0.000,2017549.000
0.000,2017550.000
0.000,2017551.000
0.000,2017552.000
0.000,2017553.000
0.000,2017554.000
0.000,2017555.000
0.000,2017556.000
0.000,2017557.000
0.000,2017558.000
0.000,2017559.000
1.000,2017560.000
0.000,2017561.000
0.000,2017562.000
0.000,2017563.000
0.000,2017564.000
0.000,2017565.000
0.000,2017566.000
0.000,2017567.000
0.000,2017568.000
0.000,2017569.000
0.000,2017570.000
0.000,2017571.000
0.000,2017572.000
0.000,2017573.000
0.000,2017574.000
0.000,2017575.000
0.000,2017576.000
0.000,2017577.000
0.000,2017578.000
0.000,2017579.000
0.000,2017580.000
0.000,2017581.000
0.000,2017582.000
0.000,2017583.000
0.000,2017584.000
0.000,2017585.000
0.000,2017586.000
0.000,2017587.000
1.000,2017588.000
0.000,2017589.000
0.000,2017590.000
0.000,2017591.000
0.000,2017592.000
0.000,2017593.000
0.000,2017594.000
0.000,2017595.000
1.000,2017596.000
0.000,2017597.000
0.000,2017598.000
0.000,2017599.000
0.000,2017600.000
0.000,2017601.000
0.000,2017602.000
0.000,2017603.000
0.000,2017604.000
0.000,2017605.000
0.000,2017606.000
0.000,2017607.000
0.000,2017608.000
0.000,2017609.000
0.000,2017610.000
0.000,2017611.000
0.000,2017612.000
0.000,2017613.000
0.000,2017614.000
0.000,2017615.000
0.000,2017616.000
0.000,2017617.000
0.000,2017618.000
0.000,2017619.000
0.000,2017620.000
0.000,2017621.000
0.000,2017622.000
0.000,2017623.000
0.000,2017624.000
0.000,2017625.000
0.000,2017626.000
0.000,2017627.000
0.000,2017628.000
0.000,2017629.000
0.000,2017630.000
0.000,2017631.000
0.000,2017632.000
0.000,2017633.000
0.000,2017634.000
0.000,2017635.000
0.000,2017636.000
0.000,2017637.000
0.000,2017638.000
0.000,2017639.000
0.000,2017640.000
0.000,2017641.000
0.000,2017642.000
0.000,2017643.000
0.000,2017644.000
0.000,2017645.000
0.000,2017646.000
0.000,2017647.000
0.000,2017648.000
0.000,2017649.000
0.000,2017650.000
0.000,2017651.000
0.000,2017652.000
1.000,2017653.000
0.000,2017654.000
0.000,2017655.000
0.000,2017656.000
0.000,2017657.000
0.000,2017658.000
0.000,2017659.000
0.000,2017660.000
0.000,2017661.000
0.000,2017662.000
0.000,2017663.000
0.000,2017664.000
0.000,2017665.000
0.000,2017666.000
0.000,2017667.000
0.000,2017668.000
0.000,2017669.000
0.000,2017670.000
0.000,2017671.000
0.000,2017672.000
0.000,2017673.000
0.000,2017674.000
0.000,2017675.000
0.000,2017676.000
0.000,2017677.000
0.000,2017678.000
0.000,2017679.000
0.000,2017680.000
1.000,2017681.000
0.000,2017682.000
0.000,2017683.000
0.000,2017684.000
0.000,2017685.000
0.000,2017686.000
0.000,2017687.000
0.000,2017688.000
0.000,2017689.000
0.000,2017690.000
0.000,2017691.000
0.000,2017692.000
0.000,2017693.000
0.000,2017694.000
0.000,2017695.000
0.000,2017696.000
0.000,2017697.000
0.000,2017698.000
0.000,2017699.000
0.000,2017700.000
0.000,2017701.000
0.000,2017702.000
0.000,2017703.000
0.000,2017704.000
0.000,2017705.000
0.000,2017706.000
0.000,2017707.000
0.000,2017708.000
0.000,2017709.000
0.000,2017710.000
0.000,2017711.000
0.000,2017712.000
0.000,2017713.000
0.000,2017714.000
0.000,2017715.000
0.000,2017716.000
0.000,2017717.000
0.000,2017718.000
0.000,2017719.000
0.000,2017720.000
0.000,2017721.000
0.000,2017722.000
0.000,2017723.000
0.000,2017724.000
0.000,2017725.000
0.000,2017726.000
0.000,2017727.000
0.000,2017728.000
0.000,2017729.000
0.000,2017730.000
0.000,2017731.000
0.000,2017732.000
0.000,2017733.000
0.000,2017734.000
0.000,2017735.000
0.000,2017736.000
0.000,2017737.000
0.000,2017738.000
0.000,2017739.000
0.000,2017740.000
0.000,2017741.000
0.000,2017742.000
0.000,2017743.000
0.000,2017744.000
0.000,2017745.000
0.000,2017746.000
0.000,2017747.000
0.000,2017748.000
0.000,2017749.000
0.000,2017750.000
0.000,2017751.000
0.000,2017752.000
0.000,2017753.000
0.000,2017754.000
0.000,2017755.000
0.000,2017756.000
0.000,2017757.000
0.000,2017758.000
0.000,2017759.000
0.000,2017760.000
0.000,2017761.000
0.000,2017762.000
0.000,2017763.000
0.000,2017764.000
0.000,2017765.000
1.000,2017766.000
0.000,2017767.000
0.000,2017768.000
0.000,2017769.000
0.000,2017770.000
0.000,2017771.000
0.000,2017772.000
0.000,2017773.000
0.000,2017774.000
0.000,2017775.000
0.000,2017776.000
0.000,2017777.000
0.000,2017778.000
0.000,2017779.000
0.000,2017780.000
0.000,2017781.000
0.000,2017782.000
0.000,2017783.000
0.000,2017784.000
0.000,2017785.000
0.000,2017786.000
0.000,2017787.000
0.000,2017788.000
0.000,2017789.000
0.000,2017790.000
0.000,2017791.000
0.000,2017792.000
0.000,2017793.000
0.000,2017794.000
0.000,2017795.000
0.000,2017796.000
0.000,2017797.000
0.000,2017798.000
0.000,2017799.000
0.000,2017800.000
0.000,2017801.000
0.000,2017802.000
0.000,2017803.000
0.000,2017804.000
0.000,2017805.000
0.000,2017806.000
0.000,2017807.000
0.000,2017808.000
0.000,2017809.000
0.000,2017810.000
0.000,2017811.000
0.000,2017812.000
0.000,2017813.000
0.000,2017814.000
0.000,2017815.000
0.000,2017816.000
0.000,2017817.000
0.000,2017818.000
0.000,2017819.000
0.000,2017820.000
0.000,2017821.000
0.000,2017822.000
0.000,2017823.000
0.000,2017824.000
0.000,2017825.000
0.000,2017826.000
0.000,2017827.000
0.000,2017828.000
0.000,2017829.000
0.000,2017830.000
0.000,2017831.000
0.000,2017832.000
0.000,2017833.000
0.000,2017834.000
0.000,2017835.000
0.000,2017836.000
0.000,2017837.000
0.000,2017838.000
0.000,2017839.000
0.000,2017840.000
0.000,2017841.000
0.000,2017842.000
0.000,2017843.000
0.000,2017844.000
0.000,2017845.000
0.000,2017846.000
0.000,2017847.000
0.000,2017848.000
0.000,2017849.000
0.000,2017850.000
0.000,2017851.000
0.000,2017852.000
0.000,2017853.000
0.000,2017854.000
0.000,2017855.000
0.000,2017856.000
0.000,2017857.000
0.000,2017858.000
0.000,2017859.000
0.000,2017860.000
0.000,2017861.000
0.000,2017862.000
0.000,2017863.000
0.000,2017864.000
0.000,2017865.000
0.000,2017866.000
1.000,2017867.000
0.000,2017868.000
0.000,2017869.000
0.000,2017870.000
0.000,2017871.000
0.000,2017872.000
0.000,2017873.000
0.000,2017874.000
0.000,2017875.000
1.000,2017876.000
0.000,2017877.000
0.000,2017878.000
0.000,2017879.000
0.000,2017880.000
0.000,2017881.000
0.000,2017882.000
0.000,2017883.000
0.000,2017884.000
0.000,2017885.000
0.000,2017886.000
0.000,2017887.000
0.000,2017888.000
0.000,2017889.000
0.000,2017890.000
0.000,2017891.000
0.000,2017892.000
0.000,2017893.000
0.000,2017894.000
0.000,2017895.000
0.000,2017896.000
0.000,2017897.000
0.000,2017898.000
0.000,2017899.000
0.000,2017900.000
0.000,2017901.000
0.000,2017902.000
0.000,2017903.000
0.000,2017904.000
0.000,2017905.000
0.000,2017906.000
0.000,2017907.000
0.000,2017908.000
0.000,2017909.000
0.000,2017910.000
0.000,2017911.000
0.000,2017912.000
0.000,2017913.000
0.000,2017914.000
0.000,2017915.000
0.000,2017916.000
0.000,2017917.000
0.000,2017918.000
0.000,2017919.000
0.000,2017920.000
0.000,2017921.000
0.000,2017922.000
0.000,2017923.000
0.000,2017924.000
0.000,2017925.000
0.000,2017926.000
0.000,2017927.000
0.000,2017928.000
0.000,2017929.000
0.000,2017930.000
0.000,2017931.000
0.000,2017932.000
0.000,2017933.000
0.000,2017934.000
0.000,2017935.000
0.000,2017936.000
0.000,2017937.000
0.000,2017938.000
0.000,2017939.000
1.000,2017940.000
0.000,2017941.000
0.000,2017942.000
0.000,2017943.000
0.000,2017944.000
0.000,2017945.000
0.000,2017946.000
0.000,2017947.000
0.000,2017948.000
0.000,2017949.000
0.000,2017950.000
0.000,2017951.000
0.000,2017952.000
0.000,2017953.000
0.000,2017954.000
0.000,2017955.000
0.000,2017956.000
0.000,2017957.000
0.000,2017958.000
0.000,2017959.000
0.000,2017960.000
0.000,2017961.000
0.000,2017962.000
1.000,2017963.000
0.000,2017964.000
0.000,2017965.000
0.000,2017966.000
0.000,2017967.000
0.000,2017968.000
0.000,2017969.000
0.000,2017970.000
0.000,2017971.000
0.000,2017972.000
0.000,2017973.000
0.000,2017974.000
0.000,2017975.000
0.000,2017976.000
0.000,2017977.000
0.000,2017978.000
0.000,2017979.000
0.000,2017980.000
0.000,2017981.000
0.000,2017982.000
0.000,2017983.000
0.000,2017984.000
0.000,2017985.000
0.000,2017986.000
0.000,2017987.000
0.000,2017988.000
0.000,2017989.000
0.000,2017990.000
0.000,2017991.000
0.000,2017992.000
0.000,2017993.000
0.000,2017994.000
0.000,2017995.000
0.000,2017996.000
0.000,2017997.000
0.000,2017998.000
0.000,2017999.000
0.000,2018000.000
0.000,2018001.000
0.000,2018002.000
0.000,2018003.000
0.000,2018004.000
0.000,2018005.000
0.000,2018006.000
0.000,2018007.000
0.000,2018008.000
0.000,2018009.000
0.000,2018010.000
0.000,2018011.000
0.000,2018012.000
0.000,2018013.000
0.000,2018014.000
0.000,2018015.000
0.000,2018016.000
0.000,2018017.000
0.000,2018018.000
0.000,2018019.000
0.000,2018020.000
0.000,2018021.000
0.000,2018022.000
0.000,2018023.000
0.000,2018024.000
0.000,2018025.000
0.000,2018026.000
0.000,2018027.000
0.000,2018028.000
0.000,2018029.000
0.000,2018030.000
0.000,2018031.000
0.000,2018032.000
0.000,2018033.000
0.000,2018034.000
0.000,2018035.000
0.000,2018036.000
0.000,2018037.000
0.000,2018038.000
0.000,2018039.000
0.000,2018040.000
1.000,2018041.000
0.000,2018042.000
0.000,2018043.000
0.000,2018044.000
0.000,2018045.000
0.000,2018046.000
0.000,2018047.000
0.000,2018048.000
0.000,2018049.000
0.000,2018050.000
0.000,2018051.000
0.000,2018052.000
0.000,2018053.000
0.000,2018054.000
0.000,2018055.000
0.000,2018056.000
0.000,2018057.000
0.000,2018058.000
0.000,2018059.000
0.000,2018060.000
0.000,2018061.000
0.000,2018062.000
0.000,2018063.000
0.000,2018064.000
0.000,2018065.000
0.000,2018066.000
0.000,2018067.000
0.000,2018068.000
0.000,2018069.000
0.000,2018070.000
0.000,2018071.000
0.000,2018072.000
0.000,2018073.000
0.000,2018074.000
0.000,2018075.000
0.000,2018076.000
0.000,2018077.000
0.000,2018078.000
0.000,2018079.000
0.000,2018080.000
0.000,2018081.000
0.000,2018082.000
0.000,2018083.000
0.000,2018084.000
0.000,2018085.000
0.000,2018086.000
0.000,2018087.000
0.000,2018088.000
0.000,2018089.000
0.000,2018090.000
0.000,2018091.000
0.000,2018092.000
0.000,2018093.000
0.000,2018094.000
0.000,2018095.000
1.000,2018096.000
0.000,2018097.000
0.000,2018098.000
0.000,2018099.000
0.000,2018100.000
0.000,2018101.000
0.000,2018102.000
0.000,2018103.000
0.000,2018104.000
0.000,2018105.000
0.000,2018106.000
0.000,2018107.000
0.000,2018108.000
0.000,2018109.000
0.000,2018110.000
0.000,2018111.000
0.000,2018112.000
0.000,2018113.000
0.000,2018114.000
0.000,2018115.000
0.000,2018116.000
0.000,2018117.000
0.000,2018118.000
0.000,2018119.000
0.000,2018120.000
0.000,2018121.000
0.000,2018122.000
0.000,2018123.000
0.000,2018124.000
0.000,2018125.000
0.000,2018126.000
0.000,2018127.000
0.000,2018128.000
0.000,2018129.000
0.000,2018130.000
0.000,2018131.000
0.000,2018132.000
0.000,2018133.000
0.000,2018134.000
0.000,2018135.000
0.000,2018136.000
0.000,2018137.000
0.000,2018138.000
0.000,2018139.000
0.000,2018140.000
0.000,2018141.000
0.000,2018142.000
0.000,2018143.000
0.000,2018144.000
0.000,2018145.000
0.000,2018146.000
0.000,2018147.000
0.000,2018148.000
0.000,2018149.000
0.000,2018150.000
0.000,2018151.000
0.000,2018152.000
0.000,2018153.000
0.000,2018154.000
0.000,2018155.000
0.000,2018156.000
0.000,2018157.000
0.000,2018158.000
0.000,2018159.000
0.000,2018160.000
0.000,2018161.000
0.000,2018162.000
0.000,2018163.000
0.000,2018164.000
0.000,2018165.000
0.000,2018166.000
0.000,2018167.000
0.000,2018168.000
0.000,2018169.000
0.000,2018170.000
0.000,2018171.000
0.000,2018172.000
0.000,2018173.000
0.000,2018174.000
0.000,2018175.000
0.000,2018176.000
0.000,2018177.000
0.000,2018178.000
0.000,2018179.000
0.000,2018180.000
0.000,2018181.000
0.000,2018182.000
0.000,2018183.000
0.000,2018184.000
0.000,2018185.000
0.000,2018186.000
0.000,2018187.000
0.000,2018188.000
0.000,2018189.000
0.000,2018190.000
1.000,2018191.000
0.000,2018192.000
0.000,2018193.000
0.000,2018194.000
1.000,2018195.000
0.000,2018196.000
0.000,2018197.000
0.000,2018198.000
0.000,2018199.000
0.000,2018200.000
0.000,2018201.000
0.000,2018202.000
0.000,2018203.000
0.000,2018204.000
0.000,2018205.000
0.000,2018206.000
0.000,2018207.000
0.000,2018208.000
0.000,2018209.000
0.000,2018210.000
0.000,2018211.000
0.000,2018212.000
0.000,2018213.000
0.000,2018214.000
0.000,2018215.000
0.000,2018216.000
0.000,2018217.000
0.000,2018218.000
0.000,2018219.000
0.000,2018220.000
0.000,2018221.000
0.000,2018222.000
0.000,2018223.000
0.000,2018224.000
0.000,2018225.000
0.000,2018226.000
0.000,2018227.000
0.000,2018228.000
1.000,2018229.000
0.000,2018230.000
0.000,2018231.000
0.000,2018232.000
0.000,2018233.000
0.000,2018234.000
0.000,2018235.000
0.000,2018236.000
0.000,2018237.000
0.000,2018238.000
0.000,2018239.000
0.000,2018240.000
0.000,2018241.000
0.000,2018242.000
0.000,2018243.000
0.000,2018244.000
0.000,2018245.000
0.000,2018246.000
0.000,2018247.000
0.000,2018248.000
0.000,2018249.000
0.000,2018250.000
0.000,2018251.000
0.000,2018252.000
0.000,2018253.000
0.000,2018254.000
0.000,2018255.000
0.000,2018256.000
0.000,2018257.000
0.000,2018258.000
0.000,2018259.000
0.000,2018260.000
0.000,2018261.000
0.000,2018262.000
0.000,2018263.000
0.000,2018264.000
0.000,2018265.000
0.000,2018266.000
0.000,2018267.000
0.000,2018268.000
0.000,2018269.000
0.000,2018270.000
0.000,2018271.000
0.000,2018272.000
0.000,2018273.000
1.000,2018274.000
0.000,2018275.000
0.000,2018276.000
0.000,2018277.000
0.000,2018278.000
0.000,2018279.000
0.000,2018280.000
0.000,2018281.000
0.000,2018282.000
0.000,2018283.000
0.000,2018284.000
0.000,2018285.000
0.000,2018286.000
0.000,2018287.000
0.000,2018288.000
0.000,2018289.000
0.000,2018290.000
0.000,2018291.000
0.000,2018292.000
0.000,2018293.000
0.000,2018294.000
0.000,2018295.000
0.000,2018296.000
0.000,2018297.000
0.000,2018298.000
0.000,2018299.000
0.000,2018300.000
0.000,2018301.000
0.000,2018302.000
0.000,2018303.000
0.000,2018304.000
0.000,2018305.000
0.000,2018306.000
0.000,2018307.000
0.000,2018308.000
0.000,2018309.000
0.000,2018310.000
0.000,2018311.000
0.000,2018312.000
0.000,2018313.000
0.000,2018314.000
0.000,2018315.000
0.000,2018316.000
1.000,2018317.000
0.000,2018318.000
0.000,2018319.000
0.000,2018320.000
0.000,2018321.000
0.000,2018322.000
0.000,2018323.000
0.000,2018324.000
0.000,2018325.000
0.000,2018326.000
0.000,2018327.000
0.000,2018328.000
0.000,2018329.000
0.000,2018330.000
0.000,2018331.000
0.000,2018332.000
0.000,2018333.000
0.000,2018334.000
0.000,2018335.000
0.000,2018336.000
0.000,2018337.000
0.000,2018338.000
0.000,2018339.000
0.000,2018340.000
0.000,2018341.000
0.000,2018342.000
0.000,2018343.000
0.000,2018344.000
0.000,2018345.000
0.000,2018346.000
0.000,2018347.000
0.000,2018348.000
1.000,2018349.000
0.000,2018350.000
0.000,2018351.000
0.000,2018352.000
0.000,2018353.000
0.000,2018354.000
0.000,2018355.000
0.000,2018356.000
0.000,2018357.000
0.000,2018358.000
0.000,2018359.000
0.000,2018360.000
0.000,2018361.000
0.000,2018362.000
0.000,2018363.000
0.000,2018364.000
0.000,2018365.000
0.000,2018366.000
0.000,2018367.000
0.000,2018368.000
0.000,2018369.000
0.000,2018370.000
0.000,2018371.000
0.000,2018372.000
0.000,2018373.000
1.000,2018374.000
0.000,2018375.000
0.000,2018376.000
0.000,2018377.000
0.000,2018378.000
0.000,2018379.000
0.000,2018380.000
0.000,2018381.000
0.000,2018382.000
0.000,2018383.000
0.000,2018384.000
0.000,2018385.000
0.000,2018386.000
0.000,2018387.000
0.000,2018388.000
0.000,2018389.000
1.000,2018390.000
0.000,2018391.000
0.000,2018392.000
0.000,2018393.000
0.000,2018394.000
0.000,2018395.000
0.000,2018396.000
0.000,2018397.000
0.000,2018398.000
0.000,2018399.000
0.000,2018400.000
0.000,2018401.000
0.000,2018402.000
0.000,2018403.000
0.000,2018404.000
0.000,2018405.000
0.000,2018406.000
0.000,2018407.000
0.000,2018408.000
0.000,2018409.000
0.000,2018410.000
0.000,2018411.000
0.000,2018412.000
0.000,2018413.000
0.000,2018414.000
0.000,2018415.000
0.000,2018416.000
0.000,2018417.000
0.000,2018418.000
0.000,2018419.000
0.000,2018420.000
0.000,2018421.000
0.000,2018422.000
0.000,2018423.000
0.000,2018424.000
0.000,2018425.000
0.000,2018426.000
0.000,2018427.000
0.000,2018428.000
0.000,2018429.000
0.000,2018430.000
0.000,2018431.000
0.000,2018432.000
0.000,2018433.000
0.000,2018434.000
0.000,2018435.000
0.000,2018436.000
0.000,2018437.000
0.000,2018438.000
0.000,2018439.000
0.000,2018440.000
0.000,2018441.000
0.000,2018442.000
0.000,2018443.000
0.000,2018444.000
0.000,2018445.000
0.000,2018446.000
0.000,2018447.000
0.000,2018448.000
0.000,2018449.000
0.000,2018450.000
0.000,2018451.000
0.000,2018452.000
0.000,2018453.000
0.000,2018454.000
0.000,2018455.000
0.000,2018456.000
0.000,2018457.000
0.000,2018458.000
0.000,2018459.000
0.000,2018460.000
0.000,2018461.000
0.000,2018462.000
0.000,2018463.000
0.000,2018464.000
0.000,2018465.000
0.000,2018466.000
0.000,2018467.000
0.000,2018468.000
0.000,2018469.000
0.000,2018470.000
0.000,2018471.000
0.000,2018472.000
0.000,2018473.000
0.000,2018474.000
0.000,2018475.000
0.000,2018476.000
0.000,2018477.000
0.000,2018478.000
0.000,2018479.000
0.000,2018480.000
0.000,2018481.000
0.000,2018482.000
0.000,2018483.000
0.000,2018484.000
0.000,2018485.000
0.000,2018486.000
0.000,2018487.000
0.000,2018488.000
0.000,2018489.000
0.000,2018490.000
0.000,2018491.000
0.000,2018492.000
0.000,2018493.000
0.000,2018494.000
0.000,2018495.000
0.000,2018496.000
0.000,2018497.000
0.000,2018498.000
0.000,2018499.000
0.000,2018500.000
0.000,2018501.000
0.000,2018502.000
0.000,2018503.000
0.000,2018504.000
0.000,2018505.000
0.000,2018506.000
0.000,2018507.000
0.000,2018508.000
0.000,2018509.000
0.000,2018510.000
0.000,2018511.000
0.000,2018512.000
0.000,2018513.000
0.000,2018514.000
0.000,2018515.000
0.000,2018516.000
0.000,2018517.000
0.000,2018518.000
0.000,2018519.000
0.000,2018520.000
0.000,2018521.000
0.000,2018522.000
0.000,2018523.000
0.000,2018524.000
0.000,2018525.000
0.000,2018526.000
0.000,2018527.000
0.000,2018528.000
0.000,2018529.000
0.000,2018530.000
0.000,2018531.000
0.000,2018532.000
0.000,2018533.000
0.000,2018534.000
0.000,2018535.000
0.000,2018536.000
0.000,2018537.000
0.000,2018538.000
0.000,2018539.000
0.000,2018540.000
0.000,2018541.000
0.000,2018542.000
0.000,2018543.000
0.000,2018544.000
0.000,2018545.000
0.000,2018546.000
0.000,2018547.000
0.000,2018548.000
0.000,2018549.000
0.000,2018550.000
0.000,2018551.000
0.000,2018552.000
0.000,2018553.000
0.000,2018554.000
0.000,2018555.000
0.000,2018556.000
0.000,2018557.000
0.000,2018558.000
0.000,2018559.000
0.000,2018560.000
0.000,2018561.000
0.000,2018562.000
0.000,2018563.000
0.000,2018564.000
0.000,2018565.000
0.000,2018566.000
1.000,2018567.000
0.000,2018568.000
0.000,2018569.000
0.000,2018570.000
0.000,2018571.000
0.000,2018572.000
0.000,2018573.000
0.000,2018574.000
0.000,2018575.000
0.000,2018576.000
0.000,2018577.000
0.000,2018578.000
0.000,2018579.000
0.000,2018580.000
0.000,2018581.000
0.000,2018582.000
0.000,2018583.000
0.000,2018584.000
0.000,2018585.000
0.000,2018586.000
0.000,2018587.000
0.000,2018588.000
0.000,2018589.000
0.000,2018590.000
0.000,2018591.000
0.000,2018592.000
0.000,2018593.000
0.000,2018594.000
0.000,2018595.000
0.000,2018596.000
0.000,2018597.000
0.000,2018598.000
0.000,2018599.000
0.000,2018600.000
0.000,2018601.000
0.000,2018602.000
0.000,2018603.000
0.000,2018604.000
0.000,2018605.000
0.000,2018606.000
0.000,2018607.000
0.000,2018608.000
0.000,2018609.000
0.000,2018610.000
0.000,2018611.000
0.000,2018612.000
0.000,2018613.000
0.000,2018614.000
0.000,2018615.000
0.000,2018616.000
0.000,2018617.000
0.000,2018618.000
0.000,2018619.000
0.000,2018620.000
0.000,2018621.000
0.000,2018622.000
0.000,2018623.000
0.000,2018624.000
0.000,2018625.000
0.000,2018626.000
0.000,2018627.000
0.000,2018628.000
0.000,2018629.000
0.000,2018630.000
0.000,2018631.000
0.000,2018632.000
0.000,2018633.000
0.000,2018634.000
0.000,2018635.000
0.000,2018636.000
0.000,2018637.000
0.000,2018638.000
0.000,2018639.000
0.000,2018640.000
0.000,2018641.000
0.000,2018642.000
0.000,2018643.000
0.000,2018644.000
0.000,2018645.000
0.000,2018646.000
0.000,2018647.000
0.000,2018648.000
0.000,2018649.000
0.000,2018650.000
0.000,2018651.000
0.000,2018652.000
0.000,2018653.000
0.000,2018654.000
0.000,2018655.000
0.000,2018656.000
0.000,2018657.000
0.000,2018658.000
0.000,2018659.000
0.000,2018660.000
0.000,2018661.000
0.000,2018662.000
0.000,2018663.000
0.000,2018664.000
0.000,2018665.000
0.000,2018666.000
0.000,2018667.000
0.000,2018668.000
0.000,2018669.000
0.000,2018670.000
0.000,2018671.000
0.000,2018672.000
0.000,2018673.000
0.000,2018674.000
1.000,2018675.000
0.000,2018676.000
1.000,2018677.000
0.000,2018678.000
0.000,2018679.000
0.000,2018680.000
0.000,2018681.000
0.000,2018682.000
0.000,2018683.000
0.000,2018684.000
0.000,2018685.000
0.000,2018686.000
0.000,2018687.000
0.000,2018688.000
0.000,2018689.000
0.000,2018690.000
0.000,2018691.000
0.000,2018692.000
0.000,2018693.000
0.000,2018694.000
0.000,2018695.000
0.000,2018696.000
0.000,2018697.000
0.000,2018698.000
0.000,2018699.000
0.000,2018700.000
0.000,2018701.000
0.000,2018702.000
0.000,2018703.000
0.000,2018704.000
0.000,2018705.000
0.000,2018706.000
0.000,2018707.000
0.000,2018708.000
0.000,2018709.000
0.000,2018710.000
0.000,2018711.000
0.000,2018712.000
0.000,2018713.000
0.000,2018714.000
0.000,2018715.000
0.000,2018716.000
0.000,2018717.000
0.000,2018718.000
0.000,2018719.000
0.000,2018720.000
0.000,2018721.000
0.000,2018722.000
0.000,2018723.000
0.000,2018724.000
0.000,2018725.000
0.000,2018726.000
0.000,2018727.000
0.000,2018728.000
0.000,2018729.000
0.000,2018730.000
0.000,2018731.000
0.000,2018732.000
0.000,2018733.000
0.000,2018734.000
0.000,2018735.000
0.000,2018736.000
0.000,2018737.000
0.000,2018738.000
0.000,2018739.000
0.000,2018740.000
1.000,2018741.000
0.000,2018742.000
0.000,2018743.000
0.000,2018744.000
0.000,2018745.000
0.000,2018746.000
0.000,2018747.000
0.000,2018748.000
0.000,2018749.000
0.000,2018750.000
0.000,2018751.000
0.000,2018752.000
0.000,2018753.000
0.000,2018754.000
0.000,2018755.000
0.000,2018756.000
0.000,2018757.000
0.000,2018758.000
0.000,2018759.000
0.000,2018760.000
0.000,2018761.000
0.000,2018762.000
0.000,2018763.000
0.000,2018764.000
0.000,2018765.000
0.000,2018766.000
0.000,2018767.000
0.000,2018768.000
0.000,2018769.000
0.000,2018770.000
0.000,2018771.000
0.000,2018772.000
0.000,2018773.000
0.000,2018774.000
0.000,2018775.000
0.000,2018776.000
0.000,2018777.000
0.000,2018778.000
0.000,2018779.000
0.000,2018780.000
0.000,2018781.000
0.000,2018782.000
0.000,2018783.000
0.000,2018784.000
0.000,2018785.000
0.000,2018786.000
0.000,2018787.000
0.000,2018788.000
0.000,2018789.000
0.000,2018790.000
0.000,2018791.000
0.000,2018792.000
0.000,2018793.000
0.000,2018794.000
0.000,2018795.000
0.000,2018796.000
0.000,2018797.000
0.000,2018798.000
0.000,2018799.000
0.000,2018800.000
0.000,2018801.000
0.000,2018802.000
0.000,2018803.000
0.000,2018804.000
0.000,2018805.000
0.000,2018806.000
0.000,2018807.000
0.000,2018808.000
0.000,2018809.000
0.000,2018810.000
0.000,2018811.000
0.000,2018812.000
0.000,2018813.000
0.000,2018814.000
0.000,2018815.000
0.000,2018816.000
0.000,2018817.000
0.000,2018818.000
0.000,2018819.000
0.000,2018820.000
0.000,2018821.000
0.000,2018822.000
0.000,2018823.000
0.000,2018824.000
0.000,2018825.000
0.000,2018826.000
0.000,2018827.000
0.000,2018828.000
0.000,2018829.000
0.000,2018830.000
0.000,2018831.000
0.000,2018832.000
0.000,2018833.000
0.000,2018834.000
0.000,2018835.000
0.000,2018836.000
0.000,2018837.000
0.000,2018838.000
0.000,2018839.000
0.000,2018840.000
0.000,2018841.000
0.000,2018842.000
0.000,2018843.000
0.000,2018844.000
0.000,2018845.000
0.000,2018846.000
0.000,2018847.000
0.000,2018848.000
0.000,2018849.000
0.000,2018850.000
0.000,2018851.000
0.000,2018852.000
0.000,2018853.000
0.000,2018854.000
0.000,2018855.000
0.000,2018856.000
0.000,2018857.000
0.000,2018858.000
0.000,2018859.000
0.000,2018860.000
0.000,2018861.000
0.000,2018862.000
1.000,2018863.000
0.000,2018864.000
0.000,2018865.000
0.000,2018866.000
0.000,2018867.000
0.000,2018868.000
0.000,2018869.000
0.000,2018870.000
0.000,2018871.000
0.000,2018872.000
0.000,2018873.000
0.000,2018874.000
0.000,2018875.000
0.000,2018876.000
0.000,2018877.000
0.000,2018878.000
0.000,2018879.000
0.000,2018880.000
0.000,2018881.000
0.000,2018882.000
0.000,2018883.000
0.000,2018884.000
0.000,2018885.000
0.000,2018886.000
0.000,2018887.000
0.000,2018888.000
0.000,2018889.000
0.000,2018890.000
0.000,2018891.000
0.000,2018892.000
0.000,2018893.000
0.000,2018894.000
0.000,2018895.000
0.000,2018896.000
0.000,2018897.000
0.000,2018898.000
0.000,2018899.000
0.000,2018900.000
0.000,2018901.000
0.000,2018902.000
0.000,2018903.000
0.000,2018904.000
0.000,2018905.000
0.000,2018906.000
0.000,2018907.000
0.000,2018908.000
0.000,2018909.000
0.000,2018910.000
0.000,2018911.000
0.000,2018912.000
0.000,2018913.000
0.000,2018914.000
0.000,2018915.000
0.000,2018916.000
0.000,2018917.000
0.000,2018918.000
0.000,2018919.000
0.000,2018920.000
0.000,2018921.000
0.000,2018922.000
0.000,2018923.000
0.000,2018924.000
0.000,2018925.000
0.000,2018926.000
0.000,2018927.000
0.000,2018928.000
0.000,2018929.000
1.000,2018930.000
0.000,2018931.000
0.000,2018932.000
0.000,2018933.000
0.000,2018934.000
0.000,2018935.000
0.000,2018936.000
0.000,2018937.000
0.000,2018938.000
0.000,2018939.000
0.000,2018940.000
0.000,2018941.000
0.000,2018942.000
0.000,2018943.000
0.000,2018944.000
0.000,2018945.000
0.000,2018946.000
0.000,2018947.000
0.000,2018948.000
0.000,2018949.000
0.000,2018950.000
0.000,2018951.000
0.000,2018952.000
0.000,2018953.000
0.000,2018954.000
0.000,2018955.000
0.000,2018956.000
0.000,2018957.000
0.000,2018958.000
0.000,2018959.000
0.000,2018960.000
0.000,2018961.000
0.000,2018962.000
0.000,2018963.000
0.000,2018964.000
0.000,2018965.000
0.000,2018966.000
0.000,2018967.000
0.000,2018968.000
0.000,2018969.000
0.000,2018970.000
0.000,2018971.000
0.000,2018972.000
0.000,2018973.000
0.000,2018974.000
0.000,2018975.000
0.000,2018976.000
0.000,2018977.000
0.000,2018978.000
0.000,2018979.000
0.000,2018980.000
0.000,2018981.000
0.000,2018982.000
0.000,2018983.000
0.000,2018984.000
0.000,2018985.000
0.000,2018986.000
0.000,2018987.000
0.000,2018988.000
0.000,2018989.000
0.000,2018990.000
0.000,2018991.000
0.000,2018992.000
0.000,2018993.000
0.000,2018994.000
0.000,2018995.000
0.000,2018996.000
0.000,2018997.000
0.000,2018998.000
0.000,2018999.000
0.000,2019000.000
0.000,2019001.000
0.000,2019002.000
0.000,2019003.000
0.000,2019004.000
0.000,2019005.000
0.000,2019006.000
0.000,2019007.000
0.000,2019008.000
0.000,2019009.000
0.000,2019010.000
0.000,2019011.000
0.000,2019012.000
0.000,2019013.000
0.000,2019014.000
0.000,2019015.000
0.000,2019016.000
0.000,2019017.000
0.000,2019018.000
0.000,2019019.000
0.000,2019020.000
0.000,2019021.000
0.000,2019022.000
0.000,2019023.000
0.000,2019024.000
0.000,2019025.000
0.000,2019026.000
0.000,2019027.000
0.000,2019028.000
0.000,2019029.000
0.000,2019030.000
0.000,2019031.000
0.000,2019032.000
0.000,2019033.000
0.000,2019034.000
0.000,2019035.000
0.000,2019036.000
0.000,2019037.000
0.000,2019038.000
0.000,2019039.000
0.000,2019040.000
0.000,2019041.000
0.000,2019042.000
0.000,2019043.000
0.000,2019044.000
0.000,2019045.000
0.000,2019046.000
0.000,2019047.000
0.000,2019048.000
0.000,2019049.000
0.000,2019050.000
0.000,2019051.000
0.000,2019052.000
0.000,2019053.000
0.000,2019054.000
0.000,2019055.000
0.000,2019056.000
1.000,2019057.000
0.000,2019058.000
0.000,2019059.000
0.000,2019060.000
1.000,2019061.000
0.000,2019062.000
0.000,2019063.000
0.000,2019064.000
0.000,2019065.000
1.000,2019066.000
0.000,2019067.000
0.000,2019068.000
0.000,2019069.000
0.000,2019070.000
0.000,2019071.000
0.000,2019072.000
0.000,2019073.000
0.000,2019074.000
0.000,2019075.000
0.000,2019076.000
0.000,2019077.000
0.000,2019078.000
0.000,2019079.000
0.000,2019080.000
0.000,2019081.000
0.000,2019082.000
0.000,2019083.000
0.000,2019084.000
0.000,2019085.000
0.000,2019086.000
0.000,2019087.000
0.000,2019088.000
0.000,2019089.000
0.000,2019090.000
0.000,2019091.000
0.000,2019092.000
0.000,2019093.000
0.000,2019094.000
0.000,2019095.000
0.000,2019096.000
0.000,2019097.000
0.000,2019098.000
0.000,2019099.000
0.000,2019100.000
0.000,2019101.000
0.000,2019102.000
0.000,2019103.000
0.000,2019104.000
0.000,2019105.000
0.000,2019106.000
0.000,2019107.000
0.000,2019108.000
0.000,2019109.000
0.000,2019110.000
0.000,2019111.000
0.000,2019112.000
0.000,2019113.000
0.000,2019114.000
0.000,2019115.000
0.000,2019116.000
0.000,2019117.000
0.000,2019118.000
0.000,2019119.000
0.000,2019120.000
0.000,2019121.000
0.000,2019122.000
0.000,2019123.000
0.000,2019124.000
0.000,2019125.000
0.000,2019126.000
0.000,2019127.000
0.000,2019128.000
0.000,2019129.000
0.000,2019130.000
0.000,2019131.000
0.000,2019132.000
0.000,2019133.000
0.000,2019134.000
0.000,2019135.000
0.000,2019136.000
0.000,2019137.000
0.000,2019138.000
0.000,2019139.000
0.000,2019140.000
0.000,2019141.000
0.000,2019142.000
0.000,2019143.000
0.000,2019144.000
0.000,2019145.000
0.000,2019146.000
0.000,2019147.000
0.000,2019148.000
0.000,2019149.000
0.000,2019150.000
0.000,2019151.000
0.000,2019152.000
0.000,2019153.000
0.000,2019154.000
0.000,2019155.000
0.000,2019156.000
0.000,2019157.000
0.000,2019158.000
0.000,2019159.000
0.000,2019160.000
0.000,2019161.000
0.000,2019162.000
0.000,2019163.000
0.000,2019164.000
0.000,2019165.000
0.000,2019166.000
0.000,2019167.000
0.000,2019168.000
0.000,2019169.000
0.000,2019170.000
0.000,2019171.000
0.000,2019172.000
0.000,2019173.000
0.000,2019174.000
0.000,2019175.000
0.000,2019176.000
0.000,2019177.000
0.000,2019178.000
0.000,2019179.000
0.000,2019180.000
0.000,2019181.000
0.000,2019182.000
0.000,2019183.000
0.000,2019184.000
0.000,2019185.000
0.000,2019186.000
0.000,2019187.000
0.000,2019188.000
0.000,2019189.000
0.000,2019190.000
0.000,2019191.000
0.000,2019192.000
0.000,2019193.000
0.000,2019194.000
0.000,2019195.000
0.000,2019196.000
0.000,2019197.000
0.000,2019198.000
0.000,2019199.000
0.000,2019200.000
0.000,2019201.000
0.000,2019202.000
0.000,2019203.000
0.000,2019204.000
0.000,2019205.000
0.000,2019206.000
0.000,2019207.000
0.000,2019208.000
0.000,2019209.000
0.000,2019210.000
0.000,2019211.000
0.000,2019212.000
0.000,2019213.000
0.000,2019214.000
0.000,2019215.000
0.000,2019216.000
0.000,2019217.000
0.000,2019218.000
0.000,2019219.000
0.000,2019220.000
0.000,2019221.000
0.000,2019222.000
0.000,2019223.000
0.000,2019224.000
0.000,2019225.000
0.000,2019226.000
0.000,2019227.000
0.000,2019228.000
0.000,2019229.000
0.000,2019230.000
0.000,2019231.000
0.000,2019232.000
0.000,2019233.000
0.000,2019234.000
0.000,2019235.000
0.000,2019236.000
0.000,2019237.000
0.000,2019238.000
0.000,2019239.000
0.000,2019240.000
0.000,2019241.000
0.000,2019242.000
0.000,2019243.000
0.000,2019244.000
0.000,2019245.000
0.000,2019246.000
0.000,2019247.000
0.000,2019248.000
0.000,2019249.000
0.000,2019250.000
0.000,2019251.000
0.000,2019252.000
0.000,2019253.000
0.000,2019254.000
0.000,2019255.000
0.000,2019256.000
0.000,2019257.000
0.000,2019258.000
0.000,2019259.000
0.000,2019260.000
0.000,2019261.000
0.000,2019262.000
0.000,2019263.000
0.000,2019264.000
0.000,2019265.000
0.000,2019266.000
0.000,2019267.000
0.000,2019268.000
0.000,2019269.000
0.000,2019270.000
0.000,2019271.000
0.000,2019272.000
0.000,2019273.000
0.000,2019274.000
0.000,2019275.000
0.000,2019276.000
0.000,2019277.000
0.000,2019278.000
0.000,2019279.000
0.000,2019280.000
0.000,2019281.000
0.000,2019282.000
0.000,2019283.000
0.000,2019284.000
0.000,2019285.000
0.000,2019286.000
0.000,2019287.000
0.000,2019288.000
0.000,2019289.000
0.000,2019290.000
0.000,2019291.000
0.000,2019292.000
0.000,2019293.000
0.000,2019294.000
0.000,2019295.000
0.000,2019296.000
0.000,2019297.000
0.000,2019298.000
0.000,2019299.000
0.000,2019300.000
0.000,2019301.000
0.000,2019302.000
0.000,2019303.000
0.000,2019304.000
0.000,2019305.000
0.000,2019306.000
0.000,2019307.000
0.000,2019308.000
0.000,2019309.000
0.000,2019310.000
0.000,2019311.000
0.000,2019312.000
0.000,2019313.000
0.000,2019314.000
0.000,2019315.000
0.000,2019316.000
0.000,2019317.000
0.000,2019318.000
0.000,2019319.000
0.000,2019320.000
0.000,2019321.000
0.000,2019322.000
0.000,2019323.000
0.000,2019324.000
0.000,2019325.000
0.000,2019326.000
0.000,2019327.000
0.000,2019328.000
0.000,2019329.000
0.000,2019330.000
0.000,2019331.000
0.000,2019332.000
0.000,2019333.000
0.000,2019334.000
0.000,2019335.000
0.000,2019336.000
0.000,2019337.000
0.000,2019338.000
0.000,2019339.000
0.000,2019340.000
0.000,2019341.000
0.000,2019342.000
0.000,2019343.000
0.000,2019344.000
0.000,2019345.000
1.000,2019346.000
0.000,2019347.000
0.000,2019348.000
0.000,2019349.000
0.000,2019350.000
0.000,2019351.000
0.000,2019352.000
0.000,2019353.000
0.000,2019354.000
0.000,2019355.000
0.000,2019356.000
0.000,2019357.000
0.000,2019358.000
0.000,2019359.000
0.000,2019360.000
0.000,2019361.000
0.000,2019362.000
0.000,2019363.000
0.000,2019364.000
0.000,2019365.000
0.000,2019366.000
0.000,2019367.000
0.000,2019368.000
0.000,2019369.000
0.000,2019370.000
0.000,2019371.000
0.000,2019372.000
0.000,2019373.000
0.000,2019374.000
0.000,2019375.000
0.000,2019376.000
0.000,2019377.000
0.000,2019378.000
0.000,2019379.000
0.000,2019380.000
0.000,2019381.000
0.000,2019382.000
0.000,2019383.000
0.000,2019384.000
0.000,2019385.000
0.000,2019386.000
0.000,2019387.000
0.000,2019388.000
0.000,2019389.000
0.000,2019390.000
0.000,2019391.000
1.000,2019392.000
0.000,2019393.000
0.000,2019394.000
0.000,2019395.000
0.000,2019396.000
0.000,2019397.000
0.000,2019398.000
0.000,2019399.000
0.000,2019400.000
0.000,2019401.000
0.000,2019402.000
0.000,2019403.000
0.000,2019404.000
0.000,2019405.000
0.000,2019406.000
0.000,2019407.000
0.000,2019408.000
0.000,2019409.000
0.000,2019410.000
0.000,2019411.000
0.000,2019412.000
0.000,2019413.000
0.000,2019414.000
0.000,2019415.000
0.000,2019416.000
0.000,2019417.000
0.000,2019418.000
0.000,2019419.000
0.000,2019420.000
0.000,2019421.000
0.000,2019422.000
0.000,2019423.000
0.000,2019424.000
0.000,2019425.000
0.000,2019426.000
0.000,2019427.000
0.000,2019428.000
0.000,2019429.000
0.000,2019430.000
0.000,2019431.000
0.000,2019432.000
0.000,2019433.000
1.000,2019434.000
0.000,2019435.000
0.000,2019436.000
0.000,2019437.000
0.000,2019438.000
0.000,2019439.000
0.000,2019440.000
0.000,2019441.000
0.000,2019442.000
0.000,2019443.000
0.000,2019444.000
0.000,2019445.000
0.000,2019446.000
0.000,2019447.000
0.000,2019448.000
0.000,2019449.000
0.000,2019450.000
0.000,2019451.000
0.000,2019452.000
0.000,2019453.000
0.000,2019454.000
0.000,2019455.000
0.000,2019456.000
0.000,2019457.000
0.000,2019458.000
0.000,2019459.000
0.000,2019460.000
0.000,2019461.000
0.000,2019462.000
0.000,2019463.000
0.000,2019464.000
0.000,2019465.000
0.000,2019466.000
0.000,2019467.000
0.000,2019468.000
0.000,2019469.000
0.000,2019470.000
0.000,2019471.000
0.000,2019472.000
0.000,2019473.000
0.000,2019474.000
0.000,2019475.000
0.000,2019476.000
0.000,2019477.000
0.000,2019478.000
0.000,2019479.000
0.000,2019480.000
0.000,2019481.000
0.000,2019482.000
0.000,2019483.000
0.000,2019484.000
0.000,2019485.000
0.000,2019486.000
0.000,2019487.000
0.000,2019488.000
0.000,2019489.000
0.000,2019490.000
0.000,2019491.000
0.000,2019492.000
0.000,2019493.000
0.000,2019494.000
0.000,2019495.000
0.000,2019496.000
0.000,2019497.000
0.000,2019498.000
0.000,2019499.000
0.000,2019500.000
0.000,2019501.000
0.000,2019502.000
0.000,2019503.000
0.000,2019504.000
0.000,2019505.000
0.000,2019506.000
0.000,2019507.000
0.000,2019508.000
0.000,2019509.000
0.000,2019510.000
0.000,2019511.000
0.000,2019512.000
0.000,2019513.000
0.000,2019514.000
0.000,2019515.000
0.000,2019516.000
0.000,2019517.000
0.000,2019518.000
0.000,2019519.000
0.000,2019520.000
0.000,2019521.000
0.000,2019522.000
0.000,2019523.000
0.000,2019524.000
0.000,2019525.000
0.000,2019526.000
0.000,2019527.000
0.000,2019528.000
0.000,2019529.000
0.000,2019530.000
0.000,2019531.000
0.000,2019532.000
0.000,2019533.000
0.000,2019534.000
0.000,2019535.000
0.000,2019536.000
0.000,2019537.000
0.000,2019538.000
0.000,2019539.000
0.000,2019540.000
0.000,2019541.000
0.000,2019542.000
0.000,2019543.000
0.000,2019544.000
0.000,2019545.000
0.000,2019546.000
0.000,2019547.000
0.000,2019548.000
0.000,2019549.000
0.000,2019550.000
0.000,2019551.000
0.000,2019552.000
0.000,2019553.000
0.000,2019554.000
0.000,2019555.000
0.000,2019556.000
0.000,2019557.000
0.000,2019558.000
0.000,2019559.000
0.000,2019560.000
0.000,2019561.000
0.000,2019562.000
0.000,2019563.000
0.000,2019564.000
0.000,2019565.000
0.000,2019566.000
0.000,2019567.000
0.000,2019568.000
0.000,2019569.000
0.000,2019570.000
0.000,2019571.000
0.000,2019572.000
0.000,2019573.000
0.000,2019574.000
0.000,2019575.000
0.000,2019576.000
0.000,2019577.000
0.000,2019578.000
0.000,2019579.000
0.000,2019580.000
0.000,2019581.000
0.000,2019582.000
0.000,2019583.000
0.000,2019584.000
0.000,2019585.000
0.000,2019586.000
0.000,2019587.000
0.000,2019588.000
0.000,2019589.000
0.000,2019590.000
0.000,2019591.000
0.000,2019592.000
0.000,2019593.000
0.000,2019594.000
0.000,2019595.000
0.000,2019596.000
0.000,2019597.000
0.000,2019598.000
0.000,2019599.000
0.000,2019600.000
0.000,2019601.000
0.000,2019602.000
0.000,2019603.000
0.000,2019604.000
0.000,2019605.000
0.000,2019606.000
0.000,2019607.000
0.000,2019608.000
0.000,2019609.000
0.000,2019610.000
0.000,2019611.000
0.000,2019612.000
0.000,2019613.000
0.000,2019614.000
0.000,2019615.000
0.000,2019616.000
0.000,2019617.000
0.000,2019618.000
0.000,2019619.000
0.000,2019620.000
0.000,2019621.000
0.000,2019622.000
0.000,2019623.000
0.000,2019624.000
0.000,2019625.000
0.000,2019626.000
0.000,2019627.000
0.000,2019628.000
0.000,2019629.000
0.000,2019630.000
0.000,2019631.000
0.000,2019632.000
0.000,2019633.000
0.000,2019634.000
0.000,2019635.000
0.000,2019636.000
0.000,2019637.000
0.000,2019638.000
0.000,2019639.000
0.000,2019640.000
0.000,2019641.000
0.000,2019642.000
0.000,2019643.000
0.000,2019644.000
0.000,2019645.000
0.000,2019646.000
0.000,2019647.000
0.000,2019648.000
0.000,2019649.000
0.000,2019650.000
0.000,2019651.000
0.000,2019652.000
0.000,2019653.000
0.000,2019654.000
0.000,2019655.000
0.000,2019656.000
0.000,2019657.000
0.000,2019658.000
0.000,2019659.000
0.000,2019660.000
0.000,2019661.000
0.000,2019662.000
0.000,2019663.000
0.000,2019664.000
0.000,2019665.000
0.000,2019666.000
0.000,2019667.000
0.000,2019668.000
0.000,2019669.000
0.000,2019670.000
0.000,2019671.000
0.000,2019672.000
0.000,2019673.000
0.000,2019674.000
0.000,2019675.000
0.000,2019676.000
0.000,2019677.000
0.000,2019678.000
0.000,2019679.000
0.000,2019680.000
0.000,2019681.000
0.000,2019682.000
0.000,2019683.000
0.000,2019684.000
0.000,2019685.000
0.000,2019686.000
0.000,2019687.000
0.000,2019688.000
0.000,2019689.000
0.000,2019690.000
0.000,2019691.000
0.000,2019692.000
0.000,2019693.000
0.000,2019694.000
0.000,2019695.000
0.000,2019696.000
0.000,2019697.000
0.000,2019698.000
0.000,2019699.000
0.000,2019700.000
0.000,2019701.000
0.000,2019702.000
0.000,2019703.000
0.000,2019704.000
0.000,2019705.000
0.000,2019706.000
0.000,2019707.000
0.000,2019708.000
0.000,2019709.000
0.000,2019710.000
0.000,2019711.000
0.000,2019712.000
0.000,2019713.000
0.000,2019714.000
0.000,2019715.000
0.000,2019716.000
0.000,2019717.000
0.000,2019718.000
0.000,2019719.000
0.000,2019720.000
0.000,2019721.000
0.000,2019722.000
0.000,2019723.000
0.000,2019724.000
0.000,2019725.000
0.000,2019726.000
0.000,2019727.000
0.000,2019728.000
0.000,2019729.000
0.000,2019730.000
0.000,2019731.000
0.000,2019732.000
0.000,2019733.000
0.000,2019734.000
0.000,2019735.000
0.000,2019736.000
0.000,2019737.000
0.000,2019738.000
0.000,2019739.000
0.000,2019740.000
0.000,2019741.000
0.000,2019742.000
0.000,2019743.000
0.000,2019744.000
0.000,2019745.000
0.000,2019746.000
0.000,2019747.000
0.000,2019748.000
0.000,2019749.000
0.000,2019750.000
0.000,2019751.000
0.000,2019752.000
0.000,2019753.000
0.000,2019754.000
0.000,2019755.000
1.000,2019756.000
0.000,2019757.000
0.000,2019758.000
0.000,2019759.000
0.000,2019760.000
0.000,2019761.000
0.000,2019762.000
0.000,2019763.000
0.000,2019764.000
0.000,2019765.000
0.000,2019766.000
0.000,2019767.000
0.000,2019768.000
0.000,2019769.000
0.000,2019770.000
0.000,2019771.000
0.000,2019772.000
0.000,2019773.000
0.000,2019774.000
0.000,2019775.000
0.000,2019776.000
0.000,2019777.000
0.000,2019778.000
0.000,2019779.000
0.000,2019780.000
0.000,2019781.000
0.000,2019782.000
0.000,2019783.000
0.000,2019784.000
0.000,2019785.000
0.000,2019786.000
0.000,2019787.000
0.000,2019788.000
0.000,2019789.000
0.000,2019790.000
0.000,2019791.000
0.000,2019792.000
0.000,2019793.000
0.000,2019794.000
0.000,2019795.000
0.000,2019796.000
0.000,2019797.000
0.000,2019798.000
0.000,2019799.000
0.000,2019800.000
0.000,2019801.000
0.000,2019802.000
0.000,2019803.000
0.000,2019804.000
0.000,2019805.000
0.000,2019806.000
0.000,2019807.000
0.000,2019808.000
1.000,2019809.000
0.000,2019810.000
0.000,2019811.000
0.000,2019812.000
0.000,2019813.000
0.000,2019814.000
0.000,2019815.000
0.000,2019816.000
0.000,2019817.000
0.000,2019818.000
0.000,2019819.000
0.000,2019820.000
0.000,2019821.000
0.000,2019822.000
0.000,2019823.000
0.000,2019824.000
0.000,2019825.000
0.000,2019826.000
0.000,2019827.000
0.000,2019828.000
0.000,2019829.000
0.000,2019830.000
0.000,2019831.000
0.000,2019832.000
0.000,2019833.000
0.000,2019834.000
0.000,2019835.000
0.000,2019836.000
0.000,2019837.000
0.000,2019838.000
0.000,2019839.000
0.000,2019840.000
0.000,2019841.000
0.000,2019842.000
0.000,2019843.000
0.000,2019844.000
0.000,2019845.000
0.000,2019846.000
0.000,2019847.000
0.000,2019848.000
0.000,2019849.000
0.000,2019850.000
0.000,2019851.000
0.000,2019852.000
0.000,2019853.000
0.000,2019854.000
0.000,2019855.000
0.000,2019856.000
0.000,2019857.000
0.000,2019858.000
0.000,2019859.000
0.000,2019860.000
0.000,2019861.000
0.000,2019862.000
0.000,2019863.000
0.000,2019864.000
0.000,2019865.000
0.000,2019866.000
0.000,2019867.000
0.000,2019868.000
0.000,2019869.000
0.000,2019870.000
0.000,2019871.000
0.000,2019872.000
0.000,2019873.000
0.000,2019874.000
0.000,2019875.000
0.000,2019876.000
0.000,2019877.000
0.000,2019878.000
0.000,2019879.000
0.000,2019880.000
0.000,2019881.000
0.000,2019882.000
0.000,2019883.000
0.000,2019884.000
0.000,2019885.000
0.000,2019886.000
0.000,2019887.000
0.000,2019888.000
0.000,2019889.000
0.000,2019890.000
0.000,2019891.000
0.000,2019892.000
0.000,2019893.000
0.000,2019894.000
0.000,2019895.000
1.000,2019896.000
0.000,2019897.000
0.000,2019898.000
0.000,2019899.000
0.000,2019900.000
0.000,2019901.000
0.000,2019902.000
0.000,2019903.000
0.000,2019904.000
0.000,2019905.000
1.000,2019906.000
0.000,2019907.000
0.000,2019908.000
0.000,2019909.000
0.000,2019910.000
0.000,2019911.000
0.000,2019912.000
0.000,2019913.000
0.000,2019914.000
0.000,2019915.000
0.000,2019916.000
0.000,2019917.000
0.000,2019918.000
0.000,2019919.000
0.000,2019920.000
0.000,2019921.000
0.000,2019922.000
0.000,2019923.000
0.000,2019924.000
0.000,2019925.000
0.000,2019926.000
0.000,2019927.000
0.000,2019928.000
0.000,2019929.000
0.000,2019930.000
0.000,2019931.000
0.000,2019932.000
0.000,2019933.000
0.000,2019934.000
0.000,2019935.000
0.000,2019936.000
0.000,2019937.000
0.000,2019938.000
0.000,2019939.000
0.000,2019940.000
0.000,2019941.000
0.000,2019942.000
0.000,2019943.000
0.000,2019944.000
0.000,2019945.000
0.000,2019946.000
0.000,2019947.000
0.000,2019948.000
0.000,2019949.000
0.000,2019950.000
0.000,2019951.000
0.000,2019952.000
0.000,2019953.000
0.000,2019954.000
0.000,2019955.000
0.000,2019956.000
0.000,2019957.000
0.000,2019958.000
0.000,2019959.000
0.000,2019960.000
0.000,2019961.000
0.000,2019962.000
0.000,2019963.000
0.000,2019964.000
0.000,2019965.000
0.000,2019966.000
0.000,2019967.000
0.000,2019968.000
0.000,2019969.000
0.000,2019970.000
0.000,2019971.000
0.000,2019972.000
0.000,2019973.000
0.000,2019974.000
0.000,2019975.000
0.000,2019976.000
0.000,2019977.000
0.000,2019978.000
0.000,2019979.000
0.000,2019980.000
0.000,2019981.000
0.000,2019982.000
0.000,2019983.000
0.000,2019984.000
0.000,2019985.000
0.000,2019986.000
0.000,2019987.000
0.000,2019988.000
0.000,2019989.000
0.000,2019990.000
0.000,2019991.000
0.000,2019992.000
0.000,2019993.000
0.000,2019994.000
0.000,2019995.000
0.000,2019996.000
0.000,2019997.000
0.000,2019998.000
0.000,2019999.000
0.000,2020000.000
0.000,2020001.000
0.000,2020002.000
0.000,2020003.000
0.000,2020004.000
0.000,2020005.000
0.000,2020006.000
0.000,2020007.000
0.000,2020008.000
0.000,2020009.000
0.000,2020010.000
0.000,2020011.000
0.000,2020012.000
1.000,2020013.000
0.000,2020014.000
0.000,2020015.000
0.000,2020016.000
0.000,2020017.000
0.000,2020018.000
0.000,2020019.000
0.000,2020020.000
0.000,2020021.000
0.000,2020022.000
0.000,2020023.000
0.000,2020024.000
0.000,2020025.000
1.000,2020026.000
0.000,2020027.000
0.000,2020028.000
0.000,2020029.000
0.000,2020030.000
0.000,2020031.000
0.000,2020032.000
0.000,2020033.000
0.000,2020034.000
0.000,2020035.000
0.000,2020036.000
0.000,2020037.000
0.000,2020038.000
0.000,2020039.000
0.000,2020040.000
0.000,2020041.000
0.000,2020042.000
0.000,2020043.000
0.000,2020044.000
0.000,2020045.000
0.000,2020046.000
0.000,2020047.000
0.000,2020048.000
0.000,2020049.000
0.000,2020050.000
0.000,2020051.000
0.000,2020052.000
0.000,2020053.000
0.000,2020054.000
0.000,2020055.000
0.000,2020056.000
0.000,2020057.000
0.000,2020058.000
0.000,2020059.000
0.000,2020060.000
0.000,2020061.000
0.000,2020062.000
0.000,2020063.000
0.000,2020064.000
0.000,2020065.000
0.000,2020066.000
0.000,2020067.000
0.000,2020068.000
1.000,2020069.000
0.000,2020070.000
0.000,2020071.000
0.000,2020072.000
0.000,2020073.000
0.000,2020074.000
0.000,2020075.000
0.000,2020076.000
0.000,2020077.000
0.000,2020078.000
0.000,2020079.000
0.000,2020080.000
0.000,2020081.000
0.000,2020082.000
0.000,2020083.000
0.000,2020084.000
0.000,2020085.000
0.000,2020086.000
0.000,2020087.000
0.000,2020088.000
0.000,2020089.000
0.000,2020090.000
0.000,2020091.000
0.000,2020092.000
0.000,2020093.000
0.000,2020094.000
1.000,2020095.000
0.000,2020096.000
0.000,2020097.000
0.000,2020098.000
0.000,2020099.000
0.000,2020100.000
0.000,2020101.000
0.000,2020102.000
0.000,2020103.000
0.000,2020104.000
0.000,2020105.000
0.000,2020106.000
0.000,2020107.000
0.000,2020108.000
0.000,2020109.000
0.000,2020110.000
0.000,2020111.000
0.000,2020112.000
0.000,2020113.000
0.000,2020114.000
0.000,2020115.000
0.000,2020116.000
0.000,2020117.000
0.000,2020118.000
0.000,2020119.000
0.000,2020120.000
0.000,2020121.000
0.000,2020122.000
0.000,2020123.000
0.000,2020124.000
0.000,2020125.000
0.000,2020126.000
0.000,2020127.000
0.000,2020128.000
0.000,2020129.000
0.000,2020130.000
1.000,2020131.000
0.000,2020132.000
0.000,2020133.000
0.000,2020134.000
0.000,2020135.000
0.000,2020136.000
0.000,2020137.000
0.000,2020138.000
0.000,2020139.000
0.000,2020140.000
0.000,2020141.000
0.000,2020142.000
0.000,2020143.000
0.000,2020144.000
0.000,2020145.000
0.000,2020146.000
0.000,2020147.000
0.000,2020148.000
0.000,2020149.000
0.000,2020150.000
0.000,2020151.000
0.000,2020152.000
0.000,2020153.000
0.000,2020154.000
0.000,2020155.000
0.000,2020156.000
0.000,2020157.000
0.000,2020158.000
0.000,2020159.000
0.000,2020160.000
0.000,2020161.000
0.000,2020162.000
0.000,2020163.000
0.000,2020164.000
0.000,2020165.000
0.000,2020166.000
0.000,2020167.000
0.000,2020168.000
0.000,2020169.000
0.000,2020170.000
0.000,2020171.000
0.000,2020172.000
0.000,2020173.000
0.000,2020174.000
0.000,2020175.000
0.000,2020176.000
0.000,2020177.000
0.000,2020178.000
0.000,2020179.000
0.000,2020180.000
0.000,2020181.000
0.000,2020182.000
0.000,2020183.000
0.000,2020184.000
0.000,2020185.000
0.000,2020186.000
0.000,2020187.000
0.000,2020188.000
0.000,2020189.000
0.000,2020190.000
0.000,2020191.000
0.000,2020192.000
0.000,2020193.000
0.000,2020194.000
0.000,2020195.000
0.000,2020196.000
0.000,2020197.000
0.000,2020198.000
0.000,2020199.000
0.000,2020200.000
0.000,2020201.000
0.000,2020202.000
0.000,2020203.000
0.000,2020204.000
0.000,2020205.000
0.000,2020206.000
0.000,2020207.000
0.000,2020208.000
0.000,2020209.000
0.000,2020210.000
0.000,2020211.000
0.000,2020212.000
0.000,2020213.000
0.000,2020214.000
0.000,2020215.000
0.000,2020216.000
0.000,2020217.000
0.000,2020218.000
0.000,2020219.000
0.000,2020220.000
0.000,2020221.000
0.000,2020222.000
0.000,2020223.000
0.000,2020224.000
0.000,2020225.000
0.000,2020226.000
0.000,2020227.000
0.000,2020228.000
0.000,2020229.000
0.000,2020230.000
0.000,2020231.000
0.000,2020232.000
0.000,2020233.000
0.000,2020234.000
0.000,2020235.000
0.000,2020236.000
0.000,2020237.000
0.000,2020238.000
0.000,2020239.000
0.000,2020240.000
0.000,2020241.000
0.000,2020242.000
0.000,2020243.000
0.000,2020244.000
0.000,2020245.000
0.000,2020246.000
0.000,2020247.000
0.000,2020248.000
0.000,2020249.000
0.000,2020250.000
0.000,2020251.000
0.000,2020252.000
0.000,2020253.000
0.000,2020254.000
0.000,2020255.000
0.000,2020256.000
0.000,2020257.000
0.000,2020258.000
0.000,2020259.000
0.000,2020260.000
0.000,2020261.000
0.000,2020262.000
0.000,2020263.000
0.000,2020264.000
0.000,2020265.000
0.000,2020266.000
0.000,2020267.000
0.000,2020268.000
0.000,2020269.000
0.000,2020270.000
0.000,2020271.000
0.000,2020272.000
0.000,2020273.000
0.000,2020274.000
1.000,2020275.000
0.000,2020276.000
0.000,2020277.000
0.000,2020278.000
0.000,2020279.000
0.000,2020280.000
0.000,2020281.000
0.000,2020282.000
0.000,2020283.000
0.000,2020284.000
0.000,2020285.000
0.000,2020286.000
0.000,2020287.000
0.000,2020288.000
1.000,2020289.000
0.000,2020290.000
0.000,2020291.000
0.000,2020292.000
0.000,2020293.000
0.000,2020294.000
0.000,2020295.000
0.000,2020296.000
0.000,2020297.000
0.000,2020298.000
0.000,2020299.000
0.000,2020300.000
0.000,2020301.000
0.000,2020302.000
0.000,2020303.000
0.000,2020304.000
0.000,2020305.000
0.000,2020306.000
0.000,2020307.000
0.000,2020308.000
0.000,2020309.000
0.000,2020310.000
0.000,2020311.000
0.000,2020312.000
0.000,2020313.000
0.000,2020314.000
0.000,2020315.000
0.000,2020316.000
0.000,2020317.000
0.000,2020318.000
0.000,2020319.000
0.000,2020320.000
0.000,2020321.000
0.000,2020322.000
0.000,2020323.000
0.000,2020324.000
0.000,2020325.000
0.000,2020326.000
0.000,2020327.000
0.000,2020328.000
0.000,2020329.000
0.000,2020330.000
0.000,2020331.000
0.000,2020332.000
0.000,2020333.000
0.000,2020334.000
0.000,2020335.000
0.000,2020336.000
0.000,2020337.000
0.000,2020338.000
0.000,2020339.000
0.000,2020340.000
0.000,2020341.000
0.000,2020342.000
0.000,2020343.000
0.000,2020344.000
0.000,2020345.000
0.000,2020346.000
0.000,2020347.000
0.000,2020348.000
0.000,2020349.000
0.000,2020350.000
0.000,2020351.000
0.000,2020352.000
0.000,2020353.000
0.000,2020354.000
0.000,2020355.000
0.000,2020356.000
0.000,2020357.000
0.000,2020358.000
0.000,2020359.000
0.000,2020360.000
0.000,2020361.000
0.000,2020362.000
0.000,2020363.000
0.000,2020364.000
0.000,2020365.000
0.000,2020366.000
0.000,2020367.000
0.000,2020368.000
0.000,2020369.000
0.000,2020370.000
0.000,2020371.000
0.000,2020372.000
0.000,2020373.000
0.000,2020374.000
0.000,2020375.000
0.000,2020376.000
0.000,2020377.000
0.000,2020378.000
0.000,2020379.000
0.000,2020380.000
0.000,2020381.000
0.000,2020382.000
0.000,2020383.000
1.000,2020384.000
0.000,2020385.000
1.000,2020386.000
0.000,2020387.000
0.000,2020388.000
0.000,2020389.000
0.000,2020390.000
0.000,2020391.000
0.000,2020392.000
0.000,2020393.000
0.000,2020394.000
0.000,2020395.000
0.000,2020396.000
0.000,2020397.000
0.000,2020398.000
0.000,2020399.000
0.000,2020400.000
0.000,2020401.000
1.000,2020402.000
0.000,2020403.000
0.000,2020404.000
0.000,2020405.000
0.000,2020406.000
0.000,2020407.000
0.000,2020408.000
0.000,2020409.000
0.000,2020410.000
0.000,2020411.000
0.000,2020412.000
0.000,2020413.000
0.000,2020414.000
0.000,2020415.000
0.000,2020416.000
0.000,2020417.000
0.000,2020418.000
0.000,2020419.000
0.000,2020420.000
0.000,2020421.000
0.000,2020422.000
0.000,2020423.000
0.000,2020424.000
0.000,2020425.000
0.000,2020426.000
0.000,2020427.000
0.000,2020428.000
0.000,2020429.000
0.000,2020430.000
0.000,2020431.000
0.000,2020432.000
1.000,2020433.000
0.000,2020434.000
0.000,2020435.000
0.000,2020436.000
0.000,2020437.000
0.000,2020438.000
0.000,2020439.000
0.000,2020440.000
0.000,2020441.000
0.000,2020442.000
0.000,2020443.000
0.000,2020444.000
0.000,2020445.000
0.000,2020446.000
0.000,2020447.000
0.000,2020448.000
0.000,2020449.000
0.000,2020450.000
0.000,2020451.000
0.000,2020452.000
0.000,2020453.000
0.000,2020454.000
0.000,2020455.000
0.000,2020456.000
0.000,2020457.000
0.000,2020458.000
0.000,2020459.000
0.000,2020460.000
0.000,2020461.000
0.000,2020462.000
0.000,2020463.000
0.000,2020464.000
0.000,2020465.000
0.000,2020466.000
0.000,2020467.000
0.000,2020468.000
0.000,2020469.000
0.000,2020470.000
0.000,2020471.000
0.000,2020472.000
0.000,2020473.000
0.000,2020474.000
0.000,2020475.000
0.000,2020476.000
0.000,2020477.000
0.000,2020478.000
0.000,2020479.000
0.000,2020480.000
0.000,2020481.000
1.000,2020482.000
0.000,2020483.000
0.000,2020484.000
0.000,2020485.000
0.000,2020486.000
0.000,2020487.000
0.000,2020488.000
0.000,2020489.000
0.000,2020490.000
0.000,2020491.000
0.000,2020492.000
0.000,2020493.000
0.000,2020494.000
0.000,2020495.000
0.000,2020496.000
0.000,2020497.000
0.000,2020498.000
0.000,2020499.000
0.000,2020500.000
0.000,2020501.000
0.000,2020502.000
0.000,2020503.000
0.000,2020504.000
0.000,2020505.000
0.000,2020506.000
0.000,2020507.000
0.000,2020508.000
0.000,2020509.000
0.000,2020510.000
0.000,2020511.000
0.000,2020512.000
0.000,2020513.000
0.000,2020514.000
0.000,2020515.000
0.000,2020516.000
1.000,2020517.000
0.000,2020518.000
0.000,2020519.000
0.000,2020520.000
0.000,2020521.000
0.000,2020522.000
0.000,2020523.000
0.000,2020524.000
0.000,2020525.000
0.000,2020526.000
0.000,2020527.000
0.000,2020528.000
0.000,2020529.000
0.000,2020530.000
0.000,2020531.000
0.000,2020532.000
0.000,2020533.000
0.000,2020534.000
0.000,2020535.000
0.000,2020536.000
0.000,2020537.000
0.000,2020538.000
0.000,2020539.000
0.000,2020540.000
0.000,2020541.000
0.000,2020542.000
0.000,2020543.000
0.000,2020544.000
0.000,2020545.000
0.000,2020546.000
0.000,2020547.000
0.000,2020548.000
0.000,2020549.000
0.000,2020550.000
0.000,2020551.000
0.000,2020552.000
0.000,2020553.000
0.000,2020554.000
0.000,2020555.000
0.000,2020556.000
0.000,2020557.000
0.000,2020558.000
0.000,2020559.000
0.000,2020560.000
1.000,2020561.000
0.000,2020562.000
0.000,2020563.000
0.000,2020564.000
0.000,2020565.000
0.000,2020566.000
0.000,2020567.000
0.000,2020568.000
0.000,2020569.000
0.000,2020570.000
0.000,2020571.000
0.000,2020572.000
0.000,2020573.000
0.000,2020574.000
0.000,2020575.000
0.000,2020576.000
0.000,2020577.000
1.000,2020578.000
0.000,2020579.000
0.000,2020580.000
0.000,2020581.000
0.000,2020582.000
0.000,2020583.000
0.000,2020584.000
0.000,2020585.000
0.000,2020586.000
0.000,2020587.000
0.000,2020588.000
0.000,2020589.000
0.000,2020590.000
0.000,2020591.000
0.000,2020592.000
0.000,2020593.000
0.000,2020594.000
0.000,2020595.000
0.000,2020596.000
0.000,2020597.000
1.000,2020598.000
0.000,2020599.000
0.000,2020600.000
0.000,2020601.000
0.000,2020602.000
0.000,2020603.000
0.000,2020604.000
0.000,2020605.000
0.000,2020606.000
0.000,2020607.000
0.000,2020608.000
0.000,2020609.000
0.000,2020610.000
0.000,2020611.000
0.000,2020612.000
0.000,2020613.000
0.000,2020614.000
0.000,2020615.000
0.000,2020616.000
0.000,2020617.000
0.000,2020618.000
0.000,2020619.000
0.000,2020620.000
0.000,2020621.000
0.000,2020622.000
0.000,2020623.000
0.000,2020624.000
0.000,2020625.000
0.000,2020626.000
0.000,2020627.000
0.000,2020628.000
0.000,2020629.000
0.000,2020630.000
0.000,2020631.000
0.000,2020632.000
0.000,2020633.000
0.000,2020634.000
0.000,2020635.000
0.000,2020636.000
0.000,2020637.000
0.000,2020638.000
0.000,2020639.000
0.000,2020640.000
0.000,2020641.000
0.000,2020642.000
0.000,2020643.000
0.000,2020644.000
0.000,2020645.000
0.000,2020646.000
0.000,2020647.000
0.000,2020648.000
0.000,2020649.000
0.000,2020650.000
0.000,2020651.000
0.000,2020652.000
0.000,2020653.000
0.000,2020654.000
0.000,2020655.000
0.000,2020656.000
0.000,2020657.000
0.000,2020658.000
0.000,2020659.000
0.000,2020660.000
0.000,2020661.000
0.000,2020662.000
0.000,2020663.000
0.000,2020664.000
0.000,2020665.000
0.000,2020666.000
0.000,2020667.000
0.000,2020668.000
0.000,2020669.000
0.000,2020670.000
0.000,2020671.000
0.000,2020672.000
0.000,2020673.000
0.000,2020674.000
0.000,2020675.000
1.000,2020676.000
0.000,2020677.000
0.000,2020678.000
0.000,2020679.000
0.000,2020680.000
0.000,2020681.000
0.000,2020682.000
0.000,2020683.000
0.000,2020684.000
0.000,2020685.000
0.000,2020686.000
0.000,2020687.000
0.000,2020688.000
0.000,2020689.000
0.000,2020690.000
0.000,2020691.000
0.000,2020692.000
0.000,2020693.000
0.000,2020694.000
0.000,2020695.000
0.000,2020696.000
0.000,2020697.000
0.000,2020698.000
0.000,2020699.000
0.000,2020700.000
0.000,2020701.000
0.000,2020702.000
0.000,2020703.000
0.000,2020704.000
0.000,2020705.000
0.000,2020706.000
0.000,2020707.000
0.000,2020708.000
0.000,2020709.000
0.000,2020710.000
0.000,2020711.000
0.000,2020712.000
0.000,2020713.000
0.000,2020714.000
0.000,2020715.000
0.000,2020716.000
0.000,2020717.000
0.000,2020718.000
0.000,2020719.000
0.000,2020720.000
0.000,2020721.000
0.000,2020722.000
0.000,2020723.000
0.000,2020724.000
0.000,2020725.000
0.000,2020726.000
0.000,2020727.000
0.000,2020728.000
0.000,2020729.000
0.000,2020730.000
0.000,2020731.000
0.000,2020732.000
0.000,2020733.000
0.000,2020734.000
0.000,2020735.000
0.000,2020736.000
0.000,2020737.000
0.000,2020738.000
0.000,2020739.000
0.000,2020740.000
0.000,2020741.000
0.000,2020742.000
0.000,2020743.000
1.000,2020744.000
0.000,2020745.000
0.000,2020746.000
0.000,2020747.000
0.000,2020748.000
0.000,2020749.000
0.000,2020750.000
0.000,2020751.000
0.000,2020752.000
0.000,2020753.000
0.000,2020754.000
0.000,2020755.000
0.000,2020756.000
0.000,2020757.000
0.000,2020758.000
0.000,2020759.000
0.000,2020760.000
0.000,2020761.000
0.000,2020762.000
0.000,2020763.000
0.000,2020764.000
0.000,2020765.000
0.000,2020766.000
0.000,2020767.000
0.000,2020768.000
1.000,2020769.000
0.000,2020770.000
0.000,2020771.000
0.000,2020772.000
0.000,2020773.000
0.000,2020774.000
0.000,2020775.000
0.000,2020776.000
0.000,2020777.000
0.000,2020778.000
0.000,2020779.000
0.000,2020780.000
0.000,2020781.000
0.000,2020782.000
0.000,2020783.000
0.000,2020784.000
0.000,2020785.000
0.000,2020786.000
0.000,2020787.000
0.000,2020788.000
0.000,2020789.000
1.000,2020790.000
0.000,2020791.000
0.000,2020792.000
0.000,2020793.000
0.000,2020794.000
0.000,2020795.000
0.000,2020796.000
0.000,2020797.000
0.000,2020798.000
0.000,2020799.000
0.000,2020800.000
0.000,2020801.000
0.000,2020802.000
0.000,2020803.000
0.000,2020804.000
0.000,2020805.000
0.000,2020806.000
0.000,2020807.000
0.000,2020808.000
0.000,2020809.000
0.000,2020810.000
0.000,2020811.000
0.000,2020812.000
0.000,2020813.000
0.000,2020814.000
0.000,2020815.000
0.000,2020816.000
0.000,2020817.000
0.000,2020818.000
0.000,2020819.000
0.000,2020820.000
0.000,2020821.000
0.000,2020822.000
0.000,2020823.000
0.000,2020824.000
0.000,2020825.000
0.000,2020826.000
0.000,2020827.000
0.000,2020828.000
0.000,2020829.000
0.000,2020830.000
0.000,2020831.000
0.000,2020832.000
0.000,2020833.000
0.000,2020834.000
0.000,2020835.000
0.000,2020836.000
0.000,2020837.000
0.000,2020838.000
0.000,2020839.000
0.000,2020840.000
0.000,2020841.000
0.000,2020842.000
0.000,2020843.000
0.000,2020844.000
0.000,2020845.000
0.000,2020846.000
0.000,2020847.000
0.000,2020848.000
0.000,2020849.000
0.000,2020850.000
0.000,2020851.000
0.000,2020852.000
0.000,2020853.000
0.000,2020854.000
0.000,2020855.000
0.000,2020856.000
0.000,2020857.000
0.000,2020858.000
0.000,2020859.000
0.000,2020860.000
0.000,2020861.000
0.000,2020862.000
0.000,2020863.000
0.000,2020864.000
0.000,2020865.000
0.000,2020866.000
0.000,2020867.000
0.000,2020868.000
0.000,2020869.000
0.000,2020870.000
0.000,2020871.000
0.000,2020872.000
0.000,2020873.000
0.000,2020874.000
0.000,2020875.000
0.000,2020876.000
0.000,2020877.000
0.000,2020878.000
0.000,2020879.000
0.000,2020880.000
0.000,2020881.000
0.000,2020882.000
0.000,2020883.000
0.000,2020884.000
0.000,2020885.000
0.000,2020886.000
0.000,2020887.000
0.000,2020888.000
0.000,2020889.000
0.000,2020890.000
0.000,2020891.000
0.000,2020892.000
0.000,2020893.000
0.000,2020894.000
0.000,2020895.000
0.000,2020896.000
0.000,2020897.000
0.000,2020898.000
0.000,2020899.000
0.000,2020900.000
0.000,2020901.000
0.000,2020902.000
0.000,2020903.000
0.000,2020904.000
0.000,2020905.000
0.000,2020906.000
0.000,2020907.000
0.000,2020908.000
0.000,2020909.000
0.000,2020910.000
0.000,2020911.000
0.000,2020912.000
0.000,2020913.000
0.000,2020914.000
0.000,2020915.000
0.000,2020916.000
0.000,2020917.000
0.000,2020918.000
1.000,2020919.000
0.000,2020920.000
0.000,2020921.000
0.000,2020922.000
0.000,2020923.000
0.000,2020924.000
0.000,2020925.000
0.000,2020926.000
0.000,2020927.000
0.000,2020928.000
0.000,2020929.000
0.000,2020930.000
0.000,2020931.000
0.000,2020932.000
0.000,2020933.000
0.000,2020934.000
0.000,2020935.000
0.000,2020936.000
0.000,2020937.000
0.000,2020938.000
0.000,2020939.000
0.000,2020940.000
0.000,2020941.000
0.000,2020942.000
0.000,2020943.000
0.000,2020944.000
0.000,2020945.000
0.000,2020946.000
0.000,2020947.000
0.000,2020948.000
0.000,2020949.000
0.000,2020950.000
0.000,2020951.000
0.000,2020952.000
0.000,2020953.000
0.000,2020954.000
0.000,2020955.000
0.000,2020956.000
0.000,2020957.000
0.000,2020958.000
0.000,2020959.000
0.000,2020960.000
0.000,2020961.000
0.000,2020962.000
0.000,2020963.000
0.000,2020964.000
0.000,2020965.000
0.000,2020966.000
0.000,2020967.000
0.000,2020968.000
0.000,2020969.000
0.000,2020970.000
0.000,2020971.000
0.000,2020972.000
1.000,2020973.000
0.000,2020974.000
0.000,2020975.000
0.000,2020976.000
0.000,2020977.000
0.000,2020978.000
0.000,2020979.000
0.000,2020980.000
0.000,2020981.000
0.000,2020982.000
0.000,2020983.000
0.000,2020984.000
0.000,2020985.000
0.000,2020986.000
0.000,2020987.000
0.000,2020988.000
0.000,2020989.000
0.000,2020990.000
0.000,2020991.000
0.000,2020992.000
0.000,2020993.000
0.000,2020994.000
0.000,2020995.000
0.000,2020996.000
0.000,2020997.000
0.000,2020998.000
0.000,2020999.000
0.000,2021000.000
0.000,2021001.000
0.000,2021002.000
0.000,2021003.000
0.000,2021004.000
0.000,2021005.000
0.000,2021006.000
0.000,2021007.000
0.000,2021008.000
0.000,2021009.000
0.000,2021010.000
0.000,2021011.000
0.000,2021012.000
0.000,2021013.000
0.000,2021014.000
0.000,2021015.000
0.000,2021016.000
0.000,2021017.000
0.000,2021018.000
0.000,2021019.000
0.000,2021020.000
0.000,2021021.000
0.000,2021022.000
0.000,2021023.000
0.000,2021024.000
0.000,2021025.000
1.000,2021026.000
0.000,2021027.000
0.000,2021028.000
0.000,2021029.000
0.000,2021030.000
0.000,2021031.000
0.000,2021032.000
0.000,2021033.000
0.000,2021034.000
0.000,2021035.000
1.000,2021036.000
0.000,2021037.000
0.000,2021038.000
0.000,2021039.000
0.000,2021040.000
0.000,2021041.000
0.000,2021042.000
0.000,2021043.000
0.000,2021044.000
0.000,2021045.000
0.000,2021046.000
0.000,2021047.000
0.000,2021048.000
1.000,2021049.000
0.000,2021050.000
0.000,2021051.000
0.000,2021052.000
0.000,2021053.000
0.000,2021054.000
0.000,2021055.000
0.000,2021056.000
0.000,2021057.000
0.000,2021058.000
0.000,2021059.000
0.000,2021060.000
0.000,2021061.000
0.000,2021062.000
0.000,2021063.000
0.000,2021064.000
0.000,2021065.000
0.000,2021066.000
0.000,2021067.000
0.000,2021068.000
0.000,2021069.000
0.000,2021070.000
0.000,2021071.000
0.000,2021072.000
0.000,2021073.000
0.000,2021074.000
0.000,2021075.000
0.000,2021076.000
0.000,2021077.000
0.000,2021078.000
0.000,2021079.000
0.000,2021080.000
0.000,2021081.000
0.000,2021082.000
0.000,2021083.000
0.000,2021084.000
0.000,2021085.000
0.000,2021086.000
0.000,2021087.000
0.000,2021088.000
0.000,2021089.000
0.000,2021090.000
0.000,2021091.000
0.000,2021092.000
0.000,2021093.000
0.000,2021094.000
0.000,2021095.000
0.000,2021096.000
0.000,2021097.000
0.000,2021098.000
0.000,2021099.000
0.000,2021100.000
0.000,2021101.000
0.000,2021102.000
0.000,2021103.000
0.000,2021104.000
0.000,2021105.000
0.000,2021106.000
0.000,2021107.000
0.000,2021108.000
0.000,2021109.000
0.000,2021110.000
0.000,2021111.000
0.000,2021112.000
0.000,2021113.000
0.000,2021114.000
0.000,2021115.000
0.000,2021116.000
0.000,2021117.000
0.000,2021118.000
0.000,2021119.000
0.000,2021120.000
0.000,2021121.000
0.000,2021122.000
0.000,2021123.000
0.000,2021124.000
0.000,2021125.000
0.000,2021126.000
0.000,2021127.000
0.000,2021128.000
0.000,2021129.000
0.000,2021130.000
0.000,2021131.000
0.000,2021132.000
0.000,2021133.000
0.000,2021134.000
0.000,2021135.000
0.000,2021136.000
0.000,2021137.000
0.000,2021138.000
0.000,2021139.000
0.000,2021140.000
0.000,2021141.000
0.000,2021142.000
0.000,2021143.000
0.000,2021144.000
0.000,2021145.000
0.000,2021146.000
0.000,2021147.000
0.000,2021148.000
0.000,2021149.000
0.000,2021150.000
0.000,2021151.000
0.000,2021152.000
1.000,2021153.000
0.000,2021154.000
0.000,2021155.000
0.000,2021156.000
0.000,2021157.000
0.000,2021158.000
0.000,2021159.000
0.000,2021160.000
0.000,2021161.000
0.000,2021162.000
0.000,2021163.000
0.000,2021164.000
0.000,2021165.000
0.000,2021166.000
0.000,2021167.000
0.000,2021168.000
0.000,2021169.000
0.000,2021170.000
0.000,2021171.000
0.000,2021172.000
0.000,2021173.000
0.000,2021174.000
0.000,2021175.000
0.000,2021176.000
0.000,2021177.000
0.000,2021178.000
0.000,2021179.000
0.000,2021180.000
0.000,2021181.000
0.000,2021182.000
0.000,2021183.000
0.000,2021184.000
0.000,2021185.000
0.000,2021186.000
0.000,2021187.000
0.000,2021188.000
0.000,2021189.000
0.000,2021190.000
0.000,2021191.000
0.000,2021192.000
0.000,2021193.000
0.000,2021194.000
0.000,2021195.000
0.000,2021196.000
0.000,2021197.000
0.000,2021198.000
0.000,2021199.000
0.000,2021200.000
0.000,2021201.000
0.000,2021202.000
0.000,2021203.000
0.000,2021204.000
0.000,2021205.000
0.000,2021206.000
0.000,2021207.000
0.000,2021208.000
0.000,2021209.000
0.000,2021210.000
0.000,2021211.000
1.000,2021212.000
0.000,2021213.000
0.000,2021214.000
0.000,2021215.000
0.000,2021216.000
0.000,2021217.000
0.000,2021218.000
0.000,2021219.000
0.000,2021220.000
0.000,2021221.000
0.000,2021222.000
0.000,2021223.000
0.000,2021224.000
0.000,2021225.000
0.000,2021226.000
0.000,2021227.000
0.000,2021228.000
0.000,2021229.000
0.000,2021230.000
0.000,2021231.000
0.000,2021232.000
0.000,2021233.000
0.000,2021234.000
0.000,2021235.000
0.000,2021236.000
0.000,2021237.000
0.000,2021238.000
0.000,2021239.000
0.000,2021240.000
0.000,2021241.000
0.000,2021242.000
0.000,2021243.000
0.000,2021244.000
0.000,2021245.000
0.000,2021246.000
0.000,2021247.000
0.000,2021248.000
0.000,2021249.000
0.000,2021250.000
0.000,2021251.000
0.000,2021252.000
0.000,2021253.000
0.000,2021254.000
0.000,2021255.000
0.000,2021256.000
0.000,2021257.000
0.000,2021258.000
0.000,2021259.000
0.000,2021260.000
0.000,2021261.000
0.000,2021262.000
0.000,2021263.000
1.000,2021264.000
0.000,2021265.000
0.000,2021266.000
0.000,2021267.000
0.000,2021268.000
0.000,2021269.000
0.000,2021270.000
0.000,2021271.000
0.000,2021272.000
0.000,2021273.000
0.000,2021274.000
0.000,2021275.000
0.000,2021276.000
0.000,2021277.000
0.000,2021278.000
0.000,2021279.000
0.000,2021280.000
0.000,2021281.000
0.000,2021282.000
0.000,2021283.000
0.000,2021284.000
0.000,2021285.000
0.000,2021286.000
0.000,2021287.000
0.000,2021288.000
0.000,2021289.000
0.000,2021290.000
0.000,2021291.000
0.000,2021292.000
0.000,2021293.000
0.000,2021294.000
0.000,2021295.000
0.000,2021296.000
0.000,2021297.000
0.000,2021298.000
0.000,2021299.000
0.000,2021300.000
0.000,2021301.000
0.000,2021302.000
0.000,2021303.000
0.000,2021304.000
0.000,2021305.000
0.000,2021306.000
0.000,2021307.000
0.000,2021308.000
0.000,2021309.000
0.000,2021310.000
0.000,2021311.000
0.000,2021312.000
0.000,2021313.000
0.000,2021314.000
0.000,2021315.000
0.000,2021316.000
0.000,2021317.000
0.000,2021318.000
0.000,2021319.000
0.000,2021320.000
0.000,2021321.000
0.000,2021322.000
0.000,2021323.000
0.000,2021324.000
0.000,2021325.000
0.000,2021326.000
0.000,2021327.000
0.000,2021328.000
0.000,2021329.000
0.000,2021330.000
0.000,2021331.000
0.000,2021332.000
0.000,2021333.000
0.000,2021334.000
0.000,2021335.000
0.000,2021336.000
0.000,2021337.000
0.000,2021338.000
0.000,2021339.000
0.000,2021340.000
0.000,2021341.000
0.000,2021342.000
0.000,2021343.000
0.000,2021344.000
0.000,2021345.000
0.000,2021346.000
0.000,2021347.000
0.000,2021348.000
0.000,2021349.000
0.000,2021350.000
0.000,2021351.000
0.000,2021352.000
0.000,2021353.000
0.000,2021354.000
0.000,2021355.000
0.000,2021356.000
0.000,2021357.000
0.000,2021358.000
0.000,2021359.000
0.000,2021360.000
0.000,2021361.000
0.000,2021362.000
0.000,2021363.000
0.000,2021364.000
0.000,2021365.000
0.000,2021366.000
0.000,2021367.000
0.000,2021368.000
0.000,2021369.000
0.000,2021370.000
0.000,2021371.000
0.000,2021372.000
0.000,2021373.000
0.000,2021374.000
0.000,2021375.000
0.000,2021376.000
0.000,2021377.000
0.000,2021378.000
0.000,2021379.000
0.000,2021380.000
0.000,2021381.000
0.000,2021382.000
0.000,2021383.000
0.000,2021384.000
0.000,2021385.000
0.000,2021386.000
0.000,2021387.000
0.000,2021388.000
0.000,2021389.000
0.000,2021390.000
0.000,2021391.000
0.000,2021392.000
0.000,2021393.000
0.000,2021394.000
0.000,2021395.000
0.000,2021396.000
0.000,2021397.000
0.000,2021398.000
0.000,2021399.000
0.000,2021400.000
0.000,2021401.000
0.000,2021402.000
0.000,2021403.000
0.000,2021404.000
0.000,2021405.000
0.000,2021406.000
0.000,2021407.000
0.000,2021408.000
0.000,2021409.000
0.000,2021410.000
0.000,2021411.000
0.000,2021412.000
0.000,2021413.000
0.000,2021414.000
0.000,2021415.000
0.000,2021416.000
0.000,2021417.000
0.000,2021418.000
0.000,2021419.000
0.000,2021420.000
0.000,2021421.000
0.000,2021422.000
0.000,2021423.000
0.000,2021424.000
0.000,2021425.000
0.000,2021426.000
0.000,2021427.000
0.000,2021428.000
0.000,2021429.000
0.000,2021430.000
0.000,2021431.000
0.000,2021432.000
0.000,2021433.000
0.000,2021434.000
0.000,2021435.000
0.000,2021436.000
0.000,2021437.000
0.000,2021438.000
0.000,2021439.000
0.000,2021440.000
0.000,2021441.000
0.000,2021442.000
0.000,2021443.000
0.000,2021444.000
0.000,2021445.000
0.000,2021446.000
0.000,2021447.000
0.000,2021448.000
0.000,2021449.000
0.000,2021450.000
0.000,2021451.000
0.000,2021452.000
0.000,2021453.000
0.000,2021454.000
0.000,2021455.000
0.000,2021456.000
0.000,2021457.000
0.000,2021458.000
0.000,2021459.000
0.000,2021460.000
0.000,2021461.000
0.000,2021462.000
0.000,2021463.000
0.000,2021464.000
0.000,2021465.000
0.000,2021466.000
0.000,2021467.000
0.000,2021468.000
0.000,2021469.000
0.000,2021470.000
0.000,2021471.000
0.000,2021472.000
0.000,2021473.000
0.000,2021474.000
0.000,2021475.000
0.000,2021476.000
0.000,2021477.000
0.000,2021478.000
0.000,2021479.000
0.000,2021480.000
0.000,2021481.000
0.000,2021482.000
0.000,2021483.000
0.000,2021484.000
0.000,2021485.000
0.000,2021486.000
0.000,2021487.000
0.000,2021488.000
0.000,2021489.000
0.000,2021490.000
0.000,2021491.000
0.000,2021492.000
0.000,2021493.000
0.000,2021494.000
0.000,2021495.000
0.000,2021496.000
0.000,2021497.000
0.000,2021498.000
0.000,2021499.000
0.000,2021500.000
0.000,2021501.000
0.000,2021502.000
0.000,2021503.000
0.000,2021504.000
0.000,2021505.000
0.000,2021506.000
0.000,2021507.000
0.000,2021508.000
0.000,2021509.000
0.000,2021510.000
0.000,2021511.000
0.000,2021512.000
0.000,2021513.000
0.000,2021514.000
0.000,2021515.000
0.000,2021516.000
0.000,2021517.000
0.000,2021518.000
0.000,2021519.000
0.000,2021520.000
0.000,2021521.000
0.000,2021522.000
0.000,2021523.000
0.000,2021524.000
0.000,2021525.000
0.000,2021526.000
0.000,2021527.000
0.000,2021528.000
0.000,2021529.000
0.000,2021530.000
0.000,2021531.000
0.000,2021532.000
0.000,2021533.000
1.000,2021534.000
0.000,2021535.000
0.000,2021536.000
0.000,2021537.000
0.000,2021538.000
0.000,2021539.000
0.000,2021540.000
0.000,2021541.000
0.000,2021542.000
0.000,2021543.000
0.000,2021544.000
0.000,2021545.000
0.000,2021546.000
0.000,2021547.000
0.000,2021548.000
0.000,2021549.000
0.000,2021550.000
1.000,2021551.000
0.000,2021552.000
0.000,2021553.000
0.000,2021554.000
0.000,2021555.000
0.000,2021556.000
0.000,2021557.000
0.000,2021558.000
0.000,2021559.000
0.000,2021560.000
0.000,2021561.000
0.000,2021562.000
0.000,2021563.000
0.000,2021564.000
0.000,2021565.000
0.000,2021566.000
0.000,2021567.000
0.000,2021568.000
0.000,2021569.000
0.000,2021570.000
0.000,2021571.000
0.000,2021572.000
0.000,2021573.000
0.000,2021574.000
0.000,2021575.000
0.000,2021576.000
0.000,2021577.000
0.000,2021578.000
0.000,2021579.000
0.000,2021580.000
0.000,2021581.000
0.000,2021582.000
0.000,2021583.000
0.000,2021584.000
0.000,2021585.000
0.000,2021586.000
0.000,2021587.000
0.000,2021588.000
0.000,2021589.000
0.000,2021590.000
0.000,2021591.000
0.000,2021592.000
0.000,2021593.000
0.000,2021594.000
0.000,2021595.000
1.000,2021596.000
0.000,2021597.000
0.000,2021598.000
0.000,2021599.000
0.000,2021600.000
0.000,2021601.000
0.000,2021602.000
0.000,2021603.000
0.000,2021604.000
0.000,2021605.000
0.000,2021606.000
0.000,2021607.000
0.000,2021608.000
0.000,2021609.000
0.000,2021610.000
0.000,2021611.000
0.000,2021612.000
0.000,2021613.000
0.000,2021614.000
0.000,2021615.000
0.000,2021616.000
0.000,2021617.000
0.000,2021618.000
0.000,2021619.000
0.000,2021620.000
1.000,2021621.000
0.000,2021622.000
0.000,2021623.000
0.000,2021624.000
0.000,2021625.000
0.000,2021626.000
0.000,2021627.000
0.000,2021628.000
0.000,2021629.000
0.000,2021630.000
0.000,2021631.000
0.000,2021632.000
0.000,2021633.000
0.000,2021634.000
0.000,2021635.000
0.000,2021636.000
0.000,2021637.000
0.000,2021638.000
0.000,2021639.000
0.000,2021640.000
0.000,2021641.000
0.000,2021642.000
0.000,2021643.000
0.000,2021644.000
0.000,2021645.000
0.000,2021646.000
0.000,2021647.000
0.000,2021648.000
0.000,2021649.000
0.000,2021650.000
0.000,2021651.000
0.000,2021652.000
0.000,2021653.000
0.000,2021654.000
0.000,2021655.000
0.000,2021656.000
0.000,2021657.000
0.000,2021658.000
0.000,2021659.000
0.000,2021660.000
0.000,2021661.000
0.000,2021662.000
0.000,2021663.000
0.000,2021664.000
0.000,2021665.000
0.000,2021666.000
0.000,2021667.000
0.000,2021668.000
0.000,2021669.000
0.000,2021670.000
0.000,2021671.000
0.000,2021672.000
0.000,2021673.000
0.000,2021674.000
0.000,2021675.000
0.000,2021676.000
0.000,2021677.000
0.000,2021678.000
0.000,2021679.000
0.000,2021680.000
0.000,2021681.000
0.000,2021682.000
0.000,2021683.000
0.000,2021684.000
0.000,2021685.000
0.000,2021686.000
0.000,2021687.000
0.000,2021688.000
0.000,2021689.000
0.000,2021690.000
0.000,2021691.000
0.000,2021692.000
0.000,2021693.000
0.000,2021694.000
0.000,2021695.000
0.000,2021696.000
0.000,2021697.000
0.000,2021698.000
0.000,2021699.000
0.000,2021700.000
0.000,2021701.000
0.000,2021702.000
0.000,2021703.000
0.000,2021704.000
0.000,2021705.000
0.000,2021706.000
1.000,2021707.000
0.000,2021708.000
0.000,2021709.000
1.000,2021710.000
0.000,2021711.000
0.000,2021712.000
1.000,2021713.000
0.000,2021714.000
0.000,2021715.000
0.000,2021716.000
0.000,2021717.000
0.000,2021718.000
0.000,2021719.000
0.000,2021720.000
0.000,2021721.000
0.000,2021722.000
0.000,2021723.000
0.000,2021724.000
0.000,2021725.000
0.000,2021726.000
0.000,2021727.000
0.000,2021728.000
0.000,2021729.000
0.000,2021730.000
0.000,2021731.000
0.000,2021732.000
0.000,2021733.000
0.000,2021734.000
0.000,2021735.000
0.000,2021736.000
0.000,2021737.000
0.000,2021738.000
0.000,2021739.000
0.000,2021740.000
0.000,2021741.000
0.000,2021742.000
0.000,2021743.000
0.000,2021744.000
0.000,2021745.000
0.000,2021746.000
0.000,2021747.000
0.000,2021748.000
0.000,2021749.000
0.000,2021750.000
0.000,2021751.000
0.000,2021752.000
0.000,2021753.000
0.000,2021754.000
0.000,2021755.000
0.000,2021756.000
0.000,2021757.000
0.000,2021758.000
0.000,2021759.000
0.000,2021760.000
0.000,2021761.000
0.000,2021762.000
0.000,2021763.000
0.000,2021764.000
0.000,2021765.000
0.000,2021766.000
0.000,2021767.000
0.000,2021768.000
0.000,2021769.000
0.000,2021770.000
0.000,2021771.000
0.000,2021772.000
0.000,2021773.000
0.000,2021774.000
0.000,2021775.000
0.000,2021776.000
0.000,2021777.000
0.000,2021778.000
0.000,2021779.000
0.000,2021780.000
0.000,2021781.000
0.000,2021782.000
0.000,2021783.000
0.000,2021784.000
0.000,2021785.000
0.000,2021786.000
0.000,2021787.000
0.000,2021788.000
0.000,2021789.000
0.000,2021790.000
0.000,2021791.000
0.000,2021792.000
0.000,2021793.000
0.000,2021794.000
0.000,2021795.000
0.000,2021796.000
0.000,2021797.000
0.000,2021798.000
0.000,2021799.000
0.000,2021800.000
0.000,2021801.000
0.000,2021802.000
0.000,2021803.000
0.000,2021804.000
0.000,2021805.000
0.000,2021806.000
0.000,2021807.000
0.000,2021808.000
0.000,2021809.000
0.000,2021810.000
0.000,2021811.000
0.000,2021812.000
0.000,2021813.000
0.000,2021814.000
0.000,2021815.000
0.000,2021816.000
0.000,2021817.000
0.000,2021818.000
0.000,2021819.000
0.000,2021820.000
0.000,2021821.000
0.000,2021822.000
0.000,2021823.000
1.000,2021824.000
0.000,2021825.000
0.000,2021826.000
0.000,2021827.000
0.000,2021828.000
0.000,2021829.000
0.000,2021830.000
0.000,2021831.000
0.000,2021832.000
0.000,2021833.000
0.000,2021834.000
0.000,2021835.000
0.000,2021836.000
0.000,2021837.000
0.000,2021838.000
0.000,2021839.000
0.000,2021840.000
0.000,2021841.000
0.000,2021842.000
0.000,2021843.000
0.000,2021844.000
0.000,2021845.000
0.000,2021846.000
0.000,2021847.000
0.000,2021848.000
0.000,2021849.000
0.000,2021850.000
0.000,2021851.000
0.000,2021852.000
0.000,2021853.000
0.000,2021854.000
0.000,2021855.000
0.000,2021856.000
0.000,2021857.000
0.000,2021858.000
0.000,2021859.000
0.000,2021860.000
0.000,2021861.000
0.000,2021862.000
0.000,2021863.000
0.000,2021864.000
0.000,2021865.000
0.000,2021866.000
0.000,2021867.000
0.000,2021868.000
0.000,2021869.000
0.000,2021870.000
0.000,2021871.000
0.000,2021872.000
0.000,2021873.000
0.000,2021874.000
0.000,2021875.000
0.000,2021876.000
0.000,2021877.000
0.000,2021878.000
0.000,2021879.000
0.000,2021880.000
0.000,2021881.000
0.000,2021882.000
0.000,2021883.000
0.000,2021884.000
0.000,2021885.000
0.000,2021886.000
0.000,2021887.000
0.000,2021888.000
0.000,2021889.000
0.000,2021890.000
0.000,2021891.000
0.000,2021892.000
0.000,2021893.000
0.000,2021894.000
0.000,2021895.000
0.000,2021896.000
0.000,2021897.000
0.000,2021898.000
0.000,2021899.000
0.000,2021900.000
0.000,2021901.000
0.000,2021902.000
0.000,2021903.000
0.000,2021904.000
0.000,2021905.000
0.000,2021906.000
1.000,2021907.000
0.000,2021908.000
0.000,2021909.000
0.000,2021910.000
0.000,2021911.000
0.000,2021912.000
0.000,2021913.000
0.000,2021914.000
0.000,2021915.000
0.000,2021916.000
0.000,2021917.000
0.000,2021918.000
0.000,2021919.000
0.000,2021920.000
0.000,2021921.000
0.000,2021922.000
0.000,2021923.000
0.000,2021924.000
0.000,2021925.000
0.000,2021926.000
0.000,2021927.000
0.000,2021928.000
0.000,2021929.000
0.000,2021930.000
0.000,2021931.000
0.000,2021932.000
0.000,2021933.000
0.000,2021934.000
0.000,2021935.000
0.000,2021936.000
0.000,2021937.000
0.000,2021938.000
0.000,2021939.000
0.000,2021940.000
0.000,2021941.000
0.000,2021942.000
0.000,2021943.000
0.000,2021944.000
0.000,2021945.000
0.000,2021946.000
0.000,2021947.000
0.000,2021948.000
0.000,2021949.000
0.000,2021950.000
0.000,2021951.000
0.000,2021952.000
0.000,2021953.000
0.000,2021954.000
1.000,2021955.000
0.000,2021956.000
0.000,2021957.000
0.000,2021958.000
0.000,2021959.000
0.000,2021960.000
0.000,2021961.000
0.000,2021962.000
0.000,2021963.000
0.000,2021964.000
0.000,2021965.000
0.000,2021966.000
0.000,2021967.000
0.000,2021968.000
0.000,2021969.000
0.000,2021970.000
0.000,2021971.000
0.000,2021972.000
0.000,2021973.000
0.000,2021974.000
0.000,2021975.000
0.000,2021976.000
0.000,2021977.000
0.000,2021978.000
0.000,2021979.000
0.000,2021980.000
0.000,2021981.000
0.000,2021982.000
0.000,2021983.000
0.000,2021984.000
0.000,2021985.000
0.000,2021986.000
0.000,2021987.000
0.000,2021988.000
0.000,2021989.000
0.000,2021990.000
0.000,2021991.000
0.000,2021992.000
0.000,2021993.000
0.000,2021994.000
0.000,2021995.000
0.000,2021996.000
0.000,2021997.000
0.000,2021998.000
0.000,2021999.000
0.000,2022000.000
0.000,2022001.000
0.000,2022002.000
0.000,2022003.000
0.000,2022004.000
0.000,2022005.000
0.000,2022006.000
0.000,2022007.000
0.000,2022008.000
0.000,2022009.000
1.000,2022010.000
0.000,2022011.000
0.000,2022012.000
0.000,2022013.000
0.000,2022014.000
0.000,2022015.000
0.000,2022016.000
0.000,2022017.000
0.000,2022018.000
1.000,2022019.000
1.000,2022020.000
0.000,2022021.000
0.000,2022022.000
0.000,2022023.000
0.000,2022024.000
0.000,2022025.000
0.000,2022026.000
0.000,2022027.000
0.000,2022028.000
0.000,2022029.000
0.000,2022030.000
0.000,2022031.000
0.000,2022032.000
0.000,2022033.000
0.000,2022034.000
0.000,2022035.000
0.000,2022036.000
0.000,2022037.000
0.000,2022038.000
0.000,2022039.000
0.000,2022040.000
0.000,2022041.000
0.000,2022042.000
0.000,2022043.000
0.000,2022044.000
0.000,2022045.000
0.000,2022046.000
0.000,2022047.000
0.000,2022048.000
0.000,2022049.000
0.000,2022050.000
0.000,2022051.000
0.000,2022052.000
0.000,2022053.000
0.000,2022054.000
0.000,2022055.000
0.000,2022056.000
0.000,2022057.000
0.000,2022058.000
1.000,2022059.000
0.000,2022060.000
0.000,2022061.000
0.000,2022062.000
0.000,2022063.000
0.000,2022064.000
0.000,2022065.000
0.000,2022066.000
0.000,2022067.000
0.000,2022068.000
0.000,2022069.000
0.000,2022070.000
0.000,2022071.000
0.000,2022072.000
0.000,2022073.000
0.000,2022074.000
0.000,2022075.000
0.000,2022076.000
0.000,2022077.000
0.000,2022078.000
0.000,2022079.000
0.000,2022080.000
0.000,2022081.000
0.000,2022082.000
0.000,2022083.000
0.000,2022084.000
0.000,2022085.000
0.000,2022086.000
0.000,2022087.000
0.000,2022088.000
0.000,2022089.000
0.000,2022090.000
0.000,2022091.000
0.000,2022092.000
0.000,2022093.000
0.000,2022094.000
0.000,2022095.000
0.000,2022096.000
0.000,2022097.000
0.000,2022098.000
0.000,2022099.000
0.000,2022100.000
0.000,2022101.000
0.000,2022102.000
0.000,2022103.000
0.000,2022104.000
0.000,2022105.000
0.000,2022106.000
0.000,2022107.000
0.000,2022108.000
0.000,2022109.000
0.000,2022110.000
0.000,2022111.000
0.000,2022112.000
0.000,2022113.000
0.000,2022114.000
0.000,2022115.000
0.000,2022116.000
0.000,2022117.000
0.000,2022118.000
0.000,2022119.000
0.000,2022120.000
0.000,2022121.000
0.000,2022122.000
0.000,2022123.000
0.000,2022124.000
0.000,2022125.000
0.000,2022126.000
0.000,2022127.000
0.000,2022128.000
0.000,2022129.000
0.000,2022130.000
0.000,2022131.000
0.000,2022132.000
0.000,2022133.000
0.000,2022134.000
0.000,2022135.000
0.000,2022136.000
0.000,2022137.000
0.000,2022138.000
0.000,2022139.000
0.000,2022140.000
0.000,2022141.000
0.000,2022142.000
0.000,2022143.000
0.000,2022144.000
0.000,2022145.000
0.000,2022146.000
0.000,2022147.000
0.000,2022148.000
0.000,2022149.000
0.000,2022150.000
0.000,2022151.000
0.000,2022152.000
0.000,2022153.000
0.000,2022154.000
0.000,2022155.000
0.000,2022156.000
0.000,2022157.000
0.000,2022158.000
0.000,2022159.000
0.000,2022160.000
0.000,2022161.000
0.000,2022162.000
0.000,2022163.000
0.000,2022164.000
0.000,2022165.000
0.000,2022166.000
0.000,2022167.000
0.000,2022168.000
0.000,2022169.000
0.000,2022170.000
0.000,2022171.000
0.000,2022172.000
0.000,2022173.000
0.000,2022174.000
0.000,2022175.000
0.000,2022176.000
0.000,2022177.000
0.000,2022178.000
0.000,2022179.000
0.000,2022180.000
0.000,2022181.000
0.000,2022182.000
0.000,2022183.000
0.000,2022184.000
0.000,2022185.000
0.000,2022186.000
0.000,2022187.000
0.000,2022188.000
0.000,2022189.000
0.000,2022190.000
1.000,2022191.000
0.000,2022192.000
0.000,2022193.000
0.000,2022194.000
0.000,2022195.000
0.000,2022196.000
0.000,2022197.000
0.000,2022198.000
0.000,2022199.000
0.000,2022200.000
0.000,2022201.000
0.000,2022202.000
0.000,2022203.000
0.000,2022204.000
0.000,2022205.000
0.000,2022206.000
0.000,2022207.000
0.000,2022208.000
0.000,2022209.000
0.000,2022210.000
0.000,2022211.000
0.000,2022212.000
0.000,2022213.000
0.000,2022214.000
0.000,2022215.000
0.000,2022216.000
0.000,2022217.000
0.000,2022218.000
0.000,2022219.000
0.000,2022220.000
0.000,2022221.000
0.000,2022222.000
0.000,2022223.000
0.000,2022224.000
0.000,2022225.000
0.000,2022226.000
0.000,2022227.000
0.000,2022228.000
0.000,2022229.000
0.000,2022230.000
0.000,2022231.000
0.000,2022232.000
0.000,2022233.000
0.000,2022234.000
0.000,2022235.000
0.000,2022236.000
0.000,2022237.000
0.000,2022238.000
0.000,2022239.000
0.000,2022240.000
0.000,2022241.000
0.000,2022242.000
0.000,2022243.000
0.000,2022244.000
0.000,2022245.000
0.000,2022246.000
0.000,2022247.000
1.000,2022248.000
0.000,2022249.000
0.000,2022250.000
0.000,2022251.000
0.000,2022252.000
0.000,2022253.000
0.000,2022254.000
0.000,2022255.000
0.000,2022256.000
0.000,2022257.000
0.000,2022258.000
0.000,2022259.000
0.000,2022260.000
0.000,2022261.000
0.000,2022262.000
0.000,2022263.000
0.000,2022264.000
0.000,2022265.000
0.000,2022266.000
0.000,2022267.000
0.000,2022268.000
0.000,2022269.000
0.000,2022270.000
0.000,2022271.000
0.000,2022272.000
0.000,2022273.000
0.000,2022274.000
0.000,2022275.000
0.000,2022276.000
0.000,2022277.000
0.000,2022278.000
0.000,2022279.000
0.000,2022280.000
0.000,2022281.000
0.000,2022282.000
0.000,2022283.000
0.000,2022284.000
0.000,2022285.000
0.000,2022286.000
0.000,2022287.000
0.000,2022288.000
0.000,2022289.000
0.000,2022290.000
0.000,2022291.000
0.000,2022292.000
0.000,2022293.000
0.000,2022294.000
0.000,2022295.000
0.000,2022296.000
0.000,2022297.000
0.000,2022298.000
0.000,2022299.000
0.000,2022300.000
0.000,2022301.000
0.000,2022302.000
0.000,2022303.000
0.000,2022304.000
0.000,2022305.000
0.000,2022306.000
0.000,2022307.000
0.000,2022308.000
0.000,2022309.000
0.000,2022310.000
0.000,2022311.000
0.000,2022312.000
0.000,2022313.000
0.000,2022314.000
0.000,2022315.000
0.000,2022316.000
0.000,2022317.000
0.000,2022318.000
0.000,2022319.000
0.000,2022320.000
0.000,2022321.000
0.000,2022322.000
1.000,2022323.000
0.000,2022324.000
0.000,2022325.000
0.000,2022326.000
0.000,2022327.000
0.000,2022328.000
0.000,2022329.000
0.000,2022330.000
0.000,2022331.000
0.000,2022332.000
0.000,2022333.000
0.000,2022334.000
1.000,2022335.000
0.000,2022336.000
0.000,2022337.000
0.000,2022338.000
0.000,2022339.000
0.000,2022340.000
0.000,2022341.000
0.000,2022342.000
0.000,2022343.000
0.000,2022344.000
0.000,2022345.000
0.000,2022346.000
0.000,2022347.000
0.000,2022348.000
0.000,2022349.000
0.000,2022350.000
0.000,2022351.000
1.000,2022352.000
0.000,2022353.000
0.000,2022354.000
0.000,2022355.000
0.000,2022356.000
0.000,2022357.000
0.000,2022358.000
0.000,2022359.000
0.000,2022360.000
0.000,2022361.000
0.000,2022362.000
0.000,2022363.000
0.000,2022364.000
0.000,2022365.000
0.000,2022366.000
0.000,2022367.000
0.000,2022368.000
0.000,2022369.000
0.000,2022370.000
0.000,2022371.000
0.000,2022372.000
0.000,2022373.000
0.000,2022374.000
0.000,2022375.000
0.000,2022376.000
0.000,2022377.000
0.000,2022378.000
0.000,2022379.000
0.000,2022380.000
0.000,2022381.000
0.000,2022382.000
0.000,2022383.000
0.000,2022384.000
0.000,2022385.000
0.000,2022386.000
0.000,2022387.000
0.000,2022388.000
0.000,2022389.000
0.000,2022390.000
0.000,2022391.000
0.000,2022392.000
0.000,2022393.000
0.000,2022394.000
0.000,2022395.000
1.000,2022396.000
0.000,2022397.000
0.000,2022398.000
1.000,2022399.000
0.000,2022400.000
0.000,2022401.000
0.000,2022402.000
0.000,2022403.000
0.000,2022404.000
0.000,2022405.000
0.000,2022406.000
0.000,2022407.000
0.000,2022408.000
0.000,2022409.000
0.000,2022410.000
0.000,2022411.000
0.000,2022412.000
0.000,2022413.000
0.000,2022414.000
0.000,2022415.000
0.000,2022416.000
0.000,2022417.000
0.000,2022418.000
0.000,2022419.000
0.000,2022420.000
0.000,2022421.000
0.000,2022422.000
0.000,2022423.000
0.000,2022424.000
0.000,2022425.000
0.000,2022426.000
0.000,2022427.000
0.000,2022428.000
0.000,2022429.000
0.000,2022430.000
0.000,2022431.000
0.000,2022432.000
0.000,2022433.000
0.000,2022434.000
0.000,2022435.000
0.000,2022436.000
0.000,2022437.000
1.000,2022438.000
0.000,2022439.000
0.000,2022440.000
0.000,2022441.000
0.000,2022442.000
0.000,2022443.000
0.000,2022444.000
0.000,2022445.000
0.000,2022446.000
0.000,2022447.000
0.000,2022448.000
0.000,2022449.000
0.000,2022450.000
0.000,2022451.000
0.000,2022452.000
0.000,2022453.000
0.000,2022454.000
0.000,2022455.000
0.000,2022456.000
0.000,2022457.000
0.000,2022458.000
0.000,2022459.000
0.000,2022460.000
0.000,2022461.000
0.000,2022462.000
0.000,2022463.000
0.000,2022464.000
0.000,2022465.000
0.000,2022466.000
0.000,2022467.000
0.000,2022468.000
0.000,2022469.000
0.000,2022470.000
0.000,2022471.000
0.000,2022472.000
0.000,2022473.000
0.000,2022474.000
0.000,2022475.000
0.000,2022476.000
0.000,2022477.000
0.000,2022478.000
0.000,2022479.000
0.000,2022480.000
0.000,2022481.000
0.000,2022482.000
0.000,2022483.000
0.000,2022484.000
0.000,2022485.000
0.000,2022486.000
0.000,2022487.000
0.000,2022488.000
0.000,2022489.000
0.000,2022490.000
0.000,2022491.000
0.000,2022492.000
0.000,2022493.000
0.000,2022494.000
0.000,2022495.000
0.000,2022496.000
0.000,2022497.000
0.000,2022498.000
0.000,2022499.000
0.000,2022500.000
0.000,2022501.000
0.000,2022502.000
0.000,2022503.000
0.000,2022504.000
0.000,2022505.000
0.000,2022506.000
0.000,2022507.000
0.000,2022508.000
0.000,2022509.000
0.000,2022510.000
0.000,2022511.000
0.000,2022512.000
0.000,2022513.000
0.000,2022514.000
0.000,2022515.000
0.000,2022516.000
0.000,2022517.000
0.000,2022518.000
0.000,2022519.000
0.000,2022520.000
0.000,2022521.000
0.000,2022522.000
0.000,2022523.000
0.000,2022524.000
0.000,2022525.000
0.000,2022526.000
0.000,2022527.000
1.000,2022528.000
0.000,2022529.000
0.000,2022530.000
0.000,2022531.000
0.000,2022532.000
0.000,2022533.000
0.000,2022534.000
0.000,2022535.000
0.000,2022536.000
0.000,2022537.000
0.000,2022538.000
0.000,2022539.000
0.000,2022540.000
0.000,2022541.000
0.000,2022542.000
0.000,2022543.000
0.000,2022544.000
0.000,2022545.000
0.000,2022546.000
0.000,2022547.000
0.000,2022548.000
0.000,2022549.000
0.000,2022550.000
0.000,2022551.000
0.000,2022552.000
0.000,2022553.000
0.000,2022554.000
0.000,2022555.000
0.000,2022556.000
0.000,2022557.000
0.000,2022558.000
0.000,2022559.000
0.000,2022560.000
0.000,2022561.000
0.000,2022562.000
0.000,2022563.000
0.000,2022564.000
0.000,2022565.000
0.000,2022566.000
0.000,2022567.000
0.000,2022568.000
0.000,2022569.000
0.000,2022570.000
0.000,2022571.000
0.000,2022572.000
1.000,2022573.000
0.000,2022574.000
0.000,2022575.000
0.000,2022576.000
0.000,2022577.000
0.000,2022578.000
0.000,2022579.000
0.000,2022580.000
0.000,2022581.000
0.000,2022582.000
1.000,2022583.000
0.000,2022584.000
0.000,2022585.000
0.000,2022586.000
0.000,2022587.000
0.000,2022588.000
0.000,2022589.000
0.000,2022590.000
0.000,2022591.000
0.000,2022592.000
0.000,2022593.000
0.000,2022594.000
0.000,2022595.000
0.000,2022596.000
0.000,2022597.000
0.000,2022598.000
0.000,2022599.000
0.000,2022600.000
0.000,2022601.000
0.000,2022602.000
0.000,2022603.000
0.000,2022604.000
0.000,2022605.000
0.000,2022606.000
0.000,2022607.000
0.000,2022608.000
0.000,2022609.000
0.000,2022610.000
0.000,2022611.000
0.000,2022612.000
0.000,2022613.000
0.000,2022614.000
0.000,2022615.000
0.000,2022616.000
0.000,2022617.000
0.000,2022618.000
0.000,2022619.000
0.000,2022620.000
0.000,2022621.000
0.000,2022622.000
0.000,2022623.000
0.000,2022624.000
0.000,2022625.000
0.000,2022626.000
0.000,2022627.000
0.000,2022628.000
0.000,2022629.000
0.000,2022630.000
0.000,2022631.000
0.000,2022632.000
0.000,2022633.000
0.000,2022634.000
0.000,2022635.000
0.000,2022636.000
0.000,2022637.000
0.000,2022638.000
0.000,2022639.000
0.000,2022640.000
0.000,2022641.000
0.000,2022642.000
0.000,2022643.000
0.000,2022644.000
0.000,2022645.000
0.000,2022646.000
0.000,2022647.000
0.000,2022648.000
0.000,2022649.000
0.000,2022650.000
0.000,2022651.000
0.000,2022652.000
0.000,2022653.000
0.000,2022654.000
0.000,2022655.000
0.000,2022656.000
0.000,2022657.000
0.000,2022658.000
0.000,2022659.000
0.000,2022660.000
0.000,2022661.000
0.000,2022662.000
0.000,2022663.000
0.000,2022664.000
0.000,2022665.000
0.000,2022666.000
0.000,2022667.000
0.000,2022668.000
0.000,2022669.000
0.000,2022670.000
0.000,2022671.000
0.000,2022672.000
0.000,2022673.000
0.000,2022674.000
0.000,2022675.000
0.000,2022676.000
0.000,2022677.000
0.000,2022678.000
0.000,2022679.000
0.000,2022680.000
0.000,2022681.000
0.000,2022682.000
0.000,2022683.000
0.000,2022684.000
0.000,2022685.000
0.000,2022686.000
0.000,2022687.000
0.000,2022688.000
0.000,2022689.000
0.000,2022690.000
0.000,2022691.000
0.000,2022692.000
0.000,2022693.000
0.000,2022694.000
1.000,2022695.000
0.000,2022696.000
0.000,2022697.000
0.000,2022698.000
0.000,2022699.000
0.000,2022700.000
0.000,2022701.000
0.000,2022702.000
0.000,2022703.000
0.000,2022704.000
0.000,2022705.000
0.000,2022706.000
0.000,2022707.000
0.000,2022708.000
0.000,2022709.000
0.000,2022710.000
0.000,2022711.000
0.000,2022712.000
0.000,2022713.000
0.000,2022714.000
0.000,2022715.000
0.000,2022716.000
0.000,2022717.000
0.000,2022718.000
0.000,2022719.000
0.000,2022720.000
0.000,2022721.000
0.000,2022722.000
0.000,2022723.000
0.000,2022724.000
0.000,2022725.000
0.000,2022726.000
0.000,2022727.000
0.000,2022728.000
0.000,2022729.000
0.000,2022730.000
1.000,2022731.000
0.000,2022732.000
0.000,2022733.000
0.000,2022734.000
0.000,2022735.000
0.000,2022736.000
0.000,2022737.000
0.000,2022738.000
0.000,2022739.000
0.000,2022740.000
0.000,2022741.000
0.000,2022742.000
0.000,2022743.000
0.000,2022744.000
0.000,2022745.000
0.000,2022746.000
0.000,2022747.000
0.000,2022748.000
0.000,2022749.000
0.000,2022750.000
1.000,2022751.000
0.000,2022752.000
0.000,2022753.000
1.000,2022754.000
0.000,2022755.000
0.000,2022756.000
0.000,2022757.000
0.000,2022758.000
0.000,2022759.000
0.000,2022760.000
0.000,2022761.000
0.000,2022762.000
0.000,2022763.000
0.000,2022764.000
0.000,2022765.000
0.000,2022766.000
0.000,2022767.000
0.000,2022768.000
0.000,2022769.000
0.000,2022770.000
0.000,2022771.000
0.000,2022772.000
0.000,2022773.000
0.000,2022774.000
0.000,2022775.000
0.000,2022776.000
0.000,2022777.000
0.000,2022778.000
0.000,2022779.000
0.000,2022780.000
0.000,2022781.000
0.000,2022782.000
0.000,2022783.000
0.000,2022784.000
0.000,2022785.000
0.000,2022786.000
0.000,2022787.000
1.000,2022788.000
0.000,2022789.000
0.000,2022790.000
0.000,2022791.000
0.000,2022792.000
0.000,2022793.000
0.000,2022794.000
0.000,2022795.000
0.000,2022796.000
0.000,2022797.000
0.000,2022798.000
0.000,2022799.000
0.000,2022800.000
1.000,2022801.000
0.000,2022802.000
0.000,2022803.000
0.000,2022804.000
0.000,2022805.000
0.000,2022806.000
0.000,2022807.000
0.000,2022808.000
0.000,2022809.000
0.000,2022810.000
0.000,2022811.000
0.000,2022812.000
0.000,2022813.000
0.000,2022814.000
0.000,2022815.000
0.000,2022816.000
0.000,2022817.000
0.000,2022818.000
0.000,2022819.000
0.000,2022820.000
0.000,2022821.000
0.000,2022822.000
0.000,2022823.000
0.000,2022824.000
0.000,2022825.000
0.000,2022826.000
0.000,2022827.000
0.000,2022828.000
0.000,2022829.000
0.000,2022830.000
0.000,2022831.000
0.000,2022832.000
0.000,2022833.000
0.000,2022834.000
0.000,2022835.000
0.000,2022836.000
0.000,2022837.000
0.000,2022838.000
0.000,2022839.000
0.000,2022840.000
0.000,2022841.000
0.000,2022842.000
0.000,2022843.000
0.000,2022844.000
0.000,2022845.000
0.000,2022846.000
0.000,2022847.000
0.000,2022848.000
0.000,2022849.000
0.000,2022850.000
0.000,2022851.000
0.000,2022852.000
1.000,2022853.000
0.000,2022854.000
0.000,2022855.000
0.000,2022856.000
0.000,2022857.000
0.000,2022858.000
0.000,2022859.000
0.000,2022860.000
0.000,2022861.000
0.000,2022862.000
0.000,2022863.000
0.000,2022864.000
0.000,2022865.000
1.000,2022866.000
0.000,2022867.000
0.000,2022868.000
0.000,2022869.000
0.000,2022870.000
0.000,2022871.000
0.000,2022872.000
0.000,2022873.000
0.000,2022874.000
0.000,2022875.000
0.000,2022876.000
1.000,2022877.000
0.000,2022878.000
0.000,2022879.000
0.000,2022880.000
0.000,2022881.000
0.000,2022882.000
0.000,2022883.000
0.000,2022884.000
0.000,2022885.000
0.000,2022886.000
0.000,2022887.000
0.000,2022888.000
0.000,2022889.000
0.000,2022890.000
0.000,2022891.000
0.000,2022892.000
0.000,2022893.000
0.000,2022894.000
0.000,2022895.000
0.000,2022896.000
0.000,2022897.000
0.000,2022898.000
0.000,2022899.000
0.000,2022900.000
0.000,2022901.000
0.000,2022902.000
0.000,2022903.000
0.000,2022904.000
0.000,2022905.000
0.000,2022906.000
0.000,2022907.000
0.000,2022908.000
0.000,2022909.000
0.000,2022910.000
0.000,2022911.000
0.000,2022912.000
0.000,2022913.000
0.000,2022914.000
0.000,2022915.000
0.000,2022916.000
0.000,2022917.000
0.000,2022918.000
1.000,2022919.000
0.000,2022920.000
0.000,2022921.000
0.000,2022922.000
0.000,2022923.000
0.000,2022924.000
0.000,2022925.000
0.000,2022926.000
0.000,2022927.000
0.000,2022928.000
0.000,2022929.000
0.000,2022930.000
0.000,2022931.000
0.000,2022932.000
0.000,2022933.000
0.000,2022934.000
0.000,2022935.000
0.000,2022936.000
0.000,2022937.000
0.000,2022938.000
0.000,2022939.000
0.000,2022940.000
0.000,2022941.000
0.000,2022942.000
0.000,2022943.000
0.000,2022944.000
0.000,2022945.000
0.000,2022946.000
0.000,2022947.000
0.000,2022948.000
0.000,2022949.000
0.000,2022950.000
0.000,2022951.000
0.000,2022952.000
0.000,2022953.000
0.000,2022954.000
0.000,2022955.000
0.000,2022956.000
0.000,2022957.000
0.000,2022958.000
0.000,2022959.000
0.000,2022960.000
0.000,2022961.000
0.000,2022962.000
0.000,2022963.000
0.000,2022964.000
0.000,2022965.000
0.000,2022966.000
0.000,2022967.000
0.000,2022968.000
0.000,2022969.000
0.000,2022970.000
0.000,2022971.000
0.000,2022972.000
0.000,2022973.000
0.000,2022974.000
0.000,2022975.000
0.000,2022976.000
0.000,2022977.000
0.000,2022978.000
0.000,2022979.000
0.000,2022980.000
0.000,2022981.000
0.000,2022982.000
0.000,2022983.000
0.000,2022984.000
0.000,2022985.000
0.000,2022986.000
0.000,2022987.000
0.000,2022988.000
0.000,2022989.000
0.000,2022990.000
0.000,2022991.000
0.000,2022992.000
0.000,2022993.000
0.000,2022994.000
0.000,2022995.000
0.000,2022996.000
0.000,2022997.000
0.000,2022998.000
1.000,2022999.000
1.000,2023000.000
0.000,2023001.000
0.000,2023002.000
0.000,2023003.000
0.000,2023004.000
0.000,2023005.000
0.000,2023006.000
0.000,2023007.000
0.000,2023008.000
0.000,2023009.000
0.000,2023010.000
0.000,2023011.000
0.000,2023012.000
0.000,2023013.000
0.000,2023014.000
0.000,2023015.000
0.000,2023016.000
0.000,2023017.000
0.000,2023018.000
0.000,2023019.000
0.000,2023020.000
0.000,2023021.000
0.000,2023022.000
0.000,2023023.000
0.000,2023024.000
0.000,2023025.000
0.000,2023026.000
0.000,2023027.000
0.000,2023028.000
0.000,2023029.000
0.000,2023030.000
0.000,2023031.000
0.000,2023032.000
0.000,2023033.000
0.000,2023034.000
0.000,2023035.000
0.000,2023036.000
0.000,2023037.000
0.000,2023038.000
0.000,2023039.000
0.000,2023040.000
0.000,2023041.000
0.000,2023042.000
0.000,2023043.000
0.000,2023044.000
0.000,2023045.000
0.000,2023046.000
0.000,2023047.000
0.000,2023048.000
0.000,2023049.000
0.000,2023050.000
0.000,2023051.000
0.000,2023052.000
0.000,2023053.000
1.000,2023054.000
0.000,2023055.000
0.000,2023056.000
0.000,2023057.000
0.000,2023058.000
0.000,2023059.000
0.000,2023060.000
0.000,2023061.000
0.000,2023062.000
0.000,2023063.000
0.000,2023064.000
0.000,2023065.000
0.000,2023066.000
0.000,2023067.000
0.000,2023068.000
0.000,2023069.000
0.000,2023070.000
0.000,2023071.000
1.000,2023072.000
0.000,2023073.000
0.000,2023074.000
0.000,2023075.000
0.000,2023076.000
0.000,2023077.000
0.000,2023078.000
0.000,2023079.000
0.000,2023080.000
0.000,2023081.000
0.000,2023082.000
0.000,2023083.000
0.000,2023084.000
0.000,2023085.000
0.000,2023086.000
0.000,2023087.000
0.000,2023088.000
0.000,2023089.000
0.000,2023090.000
0.000,2023091.000
0.000,2023092.000
0.000,2023093.000
0.000,2023094.000
0.000,2023095.000
0.000,2023096.000
0.000,2023097.000
1.000,2023098.000
0.000,2023099.000
0.000,2023100.000
0.000,2023101.000
0.000,2023102.000
0.000,2023103.000
0.000,2023104.000
0.000,2023105.000
0.000,2023106.000
0.000,2023107.000
0.000,2023108.000
0.000,2023109.000
0.000,2023110.000
0.000,2023111.000
0.000,2023112.000
0.000,2023113.000
0.000,2023114.000
0.000,2023115.000
0.000,2023116.000
0.000,2023117.000
0.000,2023118.000
0.000,2023119.000
0.000,2023120.000
0.000,2023121.000
0.000,2023122.000
0.000,2023123.000
0.000,2023124.000
0.000,2023125.000
0.000,2023126.000
0.000,2023127.000
0.000,2023128.000
0.000,2023129.000
1.000,2023130.000
0.000,2023131.000
0.000,2023132.000
0.000,2023133.000
0.000,2023134.000
0.000,2023135.000
0.000,2023136.000
0.000,2023137.000
0.000,2023138.000
0.000,2023139.000
0.000,2023140.000
1.000,2023141.000
0.000,2023142.000
0.000,2023143.000
0.000,2023144.000
0.000,2023145.000
0.000,2023146.000
0.000,2023147.000
0.000,2023148.000
0.000,2023149.000
0.000,2023150.000
0.000,2023151.000
0.000,2023152.000
0.000,2023153.000
0.000,2023154.000
0.000,2023155.000
0.000,2023156.000
0.000,2023157.000
0.000,2023158.000
0.000,2023159.000
0.000,2023160.000
0.000,2023161.000
0.000,2023162.000
0.000,2023163.000
1.000,2023164.000
0.000,2023165.000
0.000,2023166.000
0.000,2023167.000
0.000,2023168.000
0.000,2023169.000
0.000,2023170.000
0.000,2023171.000
0.000,2023172.000
0.000,2023173.000
0.000,2023174.000
0.000,2023175.000
0.000,2023176.000
0.000,2023177.000
0.000,2023178.000
0.000,2023179.000
0.000,2023180.000
1.000,2023181.000
0.000,2023182.000
0.000,2023183.000
0.000,2023184.000
0.000,2023185.000
0.000,2023186.000
0.000,2023187.000
0.000,2023188.000
0.000,2023189.000
0.000,2023190.000
0.000,2023191.000
0.000,2023192.000
0.000,2023193.000
0.000,2023194.000
0.000,2023195.000
0.000,2023196.000
0.000,2023197.000
0.000,2023198.000
0.000,2023199.000
0.000,2023200.000
0.000,2023201.000
0.000,2023202.000
0.000,2023203.000
0.000,2023204.000
0.000,2023205.000
0.000,2023206.000
0.000,2023207.000
0.000,2023208.000
0.000,2023209.000
0.000,2023210.000
0.000,2023211.000
0.000,2023212.000
0.000,2023213.000
0.000,2023214.000
0.000,2023215.000
0.000,2023216.000
0.000,2023217.000
0.000,2023218.000
0.000,2023219.000
0.000,2023220.000
0.000,2023221.000
0.000,2023222.000
0.000,2023223.000
0.000,2023224.000
0.000,2023225.000
0.000,2023226.000
0.000,2023227.000
0.000,2023228.000
0.000,2023229.000
1.000,2023230.000
0.000,2023231.000
0.000,2023232.000
0.000,2023233.000
0.000,2023234.000
0.000,2023235.000
0.000,2023236.000
0.000,2023237.000
0.000,2023238.000
0.000,2023239.000
0.000,2023240.000
0.000,2023241.000
0.000,2023242.000
0.000,2023243.000
0.000,2023244.000
0.000,2023245.000
0.000,2023246.000
0.000,2023247.000
0.000,2023248.000
0.000,2023249.000
0.000,2023250.000
0.000,2023251.000
0.000,2023252.000
0.000,2023253.000
0.000,2023254.000
0.000,2023255.000
0.000,2023256.000
0.000,2023257.000
0.000,2023258.000
0.000,2023259.000
0.000,2023260.000
0.000,2023261.000
0.000,2023262.000
0.000,2023263.000
0.000,2023264.000
0.000,2023265.000
0.000,2023266.000
0.000,2023267.000
0.000,2023268.000
0.000,2023269.000
0.000,2023270.000
0.000,2023271.000
0.000,2023272.000
0.000,2023273.000
0.000,2023274.000
0.000,2023275.000
1.000,2023276.000
0.000,2023277.000
0.000,2023278.000
0.000,2023279.000
0.000,2023280.000
0.000,2023281.000
0.000,2023282.000
0.000,2023283.000
0.000,2023284.000
0.000,2023285.000
1.000,2023286.000
0.000,2023287.000
0.000,2023288.000
0.000,2023289.000
0.000,2023290.000
0.000,2023291.000
0.000,2023292.000
0.000,2023293.000
0.000,2023294.000
0.000,2023295.000
0.000,2023296.000
0.000,2023297.000
0.000,2023298.000
0.000,2023299.000
0.000,2023300.000
0.000,2023301.000
0.000,2023302.000
0.000,2023303.000
0.000,2023304.000
0.000,2023305.000
0.000,2023306.000
0.000,2023307.000
0.000,2023308.000
0.000,2023309.000
0.000,2023310.000
0.000,2023311.000
0.000,2023312.000
0.000,2023313.000
0.000,2023314.000
0.000,2023315.000
0.000,2023316.000
0.000,2023317.000
0.000,2023318.000
0.000,2023319.000
0.000,2023320.000
0.000,2023321.000
0.000,2023322.000
0.000,2023323.000
0.000,2023324.000
0.000,2023325.000
0.000,2023326.000
0.000,2023327.000
0.000,2023328.000
0.000,2023329.000
0.000,2023330.000
0.000,2023331.000
0.000,2023332.000
0.000,2023333.000
0.000,2023334.000
0.000,2023335.000
0.000,2023336.000
0.000,2023337.000
0.000,2023338.000
0.000,2023339.000
0.000,2023340.000
0.000,2023341.000
0.000,2023342.000
0.000,2023343.000
0.000,2023344.000
0.000,2023345.000
0.000,2023346.000
0.000,2023347.000
0.000,2023348.000
0.000,2023349.000
0.000,2023350.000
0.000,2023351.000
0.000,2023352.000
0.000,2023353.000
0.000,2023354.000
0.000,2023355.000
0.000,2023356.000
0.000,2023357.000
0.000,2023358.000
0.000,2023359.000
0.000,2023360.000
0.000,2023361.000
0.000,2023362.000
0.000,2023363.000
0.000,2023364.000
0.000,2023365.000
0.000,2023366.000
0.000,2023367.000
0.000,2023368.000
0.000,2023369.000
1.000,2023370.000
0.000,2023371.000
0.000,2023372.000
0.000,2023373.000
0.000,2023374.000
0.000,2023375.000
0.000,2023376.000
0.000,2023377.000
0.000,2023378.000
0.000,2023379.000
0.000,2023380.000
0.000,2023381.000
0.000,2023382.000
0.000,2023383.000
0.000,2023384.000
0.000,2023385.000
0.000,2023386.000
0.000,2023387.000
0.000,2023388.000
0.000,2023389.000
0.000,2023390.000
0.000,2023391.000
0.000,2023392.000
0.000,2023393.000
0.000,2023394.000
0.000,2023395.000
0.000,2023396.000
0.000,2023397.000
0.000,2023398.000
0.000,2023399.000
0.000,2023400.000
0.000,2023401.000
0.000,2023402.000
0.000,2023403.000
0.000,2023404.000
0.000,2023405.000
0.000,2023406.000
0.000,2023407.000
0.000,2023408.000
0.000,2023409.000
0.000,2023410.000
0.000,2023411.000
0.000,2023412.000
0.000,2023413.000
0.000,2023414.000
0.000,2023415.000
0.000,2023416.000
0.000,2023417.000
0.000,2023418.000
0.000,2023419.000
0.000,2023420.000
0.000,2023421.000
0.000,2023422.000
0.000,2023423.000
0.000,2023424.000
0.000,2023425.000
0.000,2023426.000
0.000,2023427.000
0.000,2023428.000
0.000,2023429.000
0.000,2023430.000
0.000,2023431.000
0.000,2023432.000
0.000,2023433.000
1.000,2023434.000
0.000,2023435.000
1.000,2023436.000
0.000,2023437.000
0.000,2023438.000
0.000,2023439.000
1.000,2023440.000
0.000,2023441.000
0.000,2023442.000
0.000,2023443.000
0.000,2023444.000
0.000,2023445.000
0.000,2023446.000
0.000,2023447.000
0.000,2023448.000
0.000,2023449.000
0.000,2023450.000
0.000,2023451.000
0.000,2023452.000
0.000,2023453.000
0.000,2023454.000
1.000,2023455.000
0.000,2023456.000
0.000,2023457.000
1.000,2023458.000
0.000,2023459.000
0.000,2023460.000
0.000,2023461.000
0.000,2023462.000
0.000,2023463.000
0.000,2023464.000
0.000,2023465.000
0.000,2023466.000
0.000,2023467.000
0.000,2023468.000
0.000,2023469.000
0.000,2023470.000
0.000,2023471.000
0.000,2023472.000
0.000,2023473.000
0.000,2023474.000
0.000,2023475.000
0.000,2023476.000
0.000,2023477.000
0.000,2023478.000
0.000,2023479.000
0.000,2023480.000
0.000,2023481.000
0.000,2023482.000
0.000,2023483.000
0.000,2023484.000
0.000,2023485.000
0.000,2023486.000
0.000,2023487.000
0.000,2023488.000
0.000,2023489.000
0.000,2023490.000
0.000,2023491.000
0.000,2023492.000
0.000,2023493.000
0.000,2023494.000
0.000,2023495.000
0.000,2023496.000
0.000,2023497.000
0.000,2023498.000
0.000,2023499.000
0.000,2023500.000
0.000,2023501.000
0.000,2023502.000
0.000,2023503.000
0.000,2023504.000
0.000,2023505.000
0.000,2023506.000
0.000,2023507.000
0.000,2023508.000
0.000,2023509.000
0.000,2023510.000
0.000,2023511.000
0.000,2023512.000
0.000,2023513.000
0.000,2023514.000
0.000,2023515.000
0.000,2023516.000
0.000,2023517.000
0.000,2023518.000
0.000,2023519.000
0.000,2023520.000
0.000,2023521.000
0.000,2023522.000
0.000,2023523.000
0.000,2023524.000
0.000,2023525.000
0.000,2023526.000
0.000,2023527.000
0.000,2023528.000
0.000,2023529.000
1.000,2023530.000
0.000,2023531.000
0.000,2023532.000
0.000,2023533.000
0.000,2023534.000
0.000,2023535.000
0.000,2023536.000
0.000,2023537.000
0.000,2023538.000
0.000,2023539.000
0.000,2023540.000
0.000,2023541.000
0.000,2023542.000
0.000,2023543.000
0.000,2023544.000
0.000,2023545.000
0.000,2023546.000
0.000,2023547.000
0.000,2023548.000
0.000,2023549.000
0.000,2023550.000
0.000,2023551.000
0.000,2023552.000
0.000,2023553.000
0.000,2023554.000
0.000,2023555.000
0.000,2023556.000
0.000,2023557.000
0.000,2023558.000
1.000,2023559.000
0.000,2023560.000
0.000,2023561.000
0.000,2023562.000
0.000,2023563.000
0.000,2023564.000
0.000,2023565.000
0.000,2023566.000
0.000,2023567.000
0.000,2023568.000
0.000,2023569.000
0.000,2023570.000
0.000,2023571.000
0.000,2023572.000
0.000,2023573.000
0.000,2023574.000
0.000,2023575.000
0.000,2023576.000
0.000,2023577.000
0.000,2023578.000
0.000,2023579.000
0.000,2023580.000
0.000,2023581.000
0.000,2023582.000
0.000,2023583.000
0.000,2023584.000
0.000,2023585.000
0.000,2023586.000
0.000,2023587.000
0.000,2023588.000
0.000,2023589.000
0.000,2023590.000
0.000,2023591.000
0.000,2023592.000
0.000,2023593.000
0.000,2023594.000
0.000,2023595.000
0.000,2023596.000
0.000,2023597.000
0.000,2023598.000
0.000,2023599.000
0.000,2023600.000
0.000,2023601.000
0.000,2023602.000
0.000,2023603.000
0.000,2023604.000
0.000,2023605.000
0.000,2023606.000
0.000,2023607.000
0.000,2023608.000
0.000,2023609.000
0.000,2023610.000
0.000,2023611.000
0.000,2023612.000
0.000,2023613.000
0.000,2023614.000
0.000,2023615.000
0.000,2023616.000
0.000,2023617.000
0.000,2023618.000
0.000,2023619.000
0.000,2023620.000
0.000,2023621.000
0.000,2023622.000
0.000,2023623.000
0.000,2023624.000
1.000,2023625.000
0.000,2023626.000
0.000,2023627.000
0.000,2023628.000
0.000,2023629.000
0.000,2023630.000
0.000,2023631.000
0.000,2023632.000
0.000,2023633.000
0.000,2023634.000
0.000,2023635.000
0.000,2023636.000
0.000,2023637.000
0.000,2023638.000
0.000,2023639.000
0.000,2023640.000
0.000,2023641.000
0.000,2023642.000
0.000,2023643.000
0.000,2023644.000
0.000,2023645.000
0.000,2023646.000
0.000,2023647.000
0.000,2023648.000
0.000,2023649.000
0.000,2023650.000
0.000,2023651.000
0.000,2023652.000
0.000,2023653.000
0.000,2023654.000
0.000,2023655.000
0.000,2023656.000
0.000,2023657.000
0.000,2023658.000
0.000,2023659.000
0.000,2023660.000
0.000,2023661.000
0.000,2023662.000
0.000,2023663.000
0.000,2023664.000
0.000,2023665.000
0.000,2023666.000
0.000,2023667.000
0.000,2023668.000
0.000,2023669.000
0.000,2023670.000
0.000,2023671.000
0.000,2023672.000
0.000,2023673.000
0.000,2023674.000
0.000,2023675.000
0.000,2023676.000
0.000,2023677.000
0.000,2023678.000
0.000,2023679.000
0.000,2023680.000
0.000,2023681.000
0.000,2023682.000
0.000,2023683.000
0.000,2023684.000
0.000,2023685.000
0.000,2023686.000
0.000,2023687.000
0.000,2023688.000
0.000,2023689.000
0.000,2023690.000
0.000,2023691.000
0.000,2023692.000
0.000,2023693.000
0.000,2023694.000
0.000,2023695.000
0.000,2023696.000
0.000,2023697.000
0.000,2023698.000
0.000,2023699.000
0.000,2023700.000
0.000,2023701.000
0.000,2023702.000
0.000,2023703.000
0.000,2023704.000
0.000,2023705.000
0.000,2023706.000
0.000,2023707.000
0.000,2023708.000
0.000,2023709.000
0.000,2023710.000
0.000,2023711.000
0.000,2023712.000
0.000,2023713.000
0.000,2023714.000
0.000,2023715.000
0.000,2023716.000
0.000,2023717.000
0.000,2023718.000
0.000,2023719.000
0.000,2023720.000
0.000,2023721.000
0.000,2023722.000
0.000,2023723.000
0.000,2023724.000
0.000,2023725.000
0.000,2023726.000
0.000,2023727.000
0.000,2023728.000
0.000,2023729.000
0.000,2023730.000
0.000,2023731.000
0.000,2023732.000
0.000,2023733.000
0.000,2023734.000
0.000,2023735.000
0.000,2023736.000
0.000,2023737.000
0.000,2023738.000
0.000,2023739.000
0.000,2023740.000
0.000,2023741.000
0.000,2023742.000
0.000,2023743.000
0.000,2023744.000
0.000,2023745.000
0.000,2023746.000
0.000,2023747.000
0.000,2023748.000
0.000,2023749.000
0.000,2023750.000
0.000,2023751.000
0.000,2023752.000
0.000,2023753.000
0.000,2023754.000
0.000,2023755.000
0.000,2023756.000
0.000,2023757.000
0.000,2023758.000
0.000,2023759.000
0.000,2023760.000
0.000,2023761.000
0.000,2023762.000
0.000,2023763.000
0.000,2023764.000
0.000,2023765.000
0.000,2023766.000
0.000,2023767.000
0.000,2023768.000
0.000,2023769.000
0.000,2023770.000
0.000,2023771.000
0.000,2023772.000
0.000,2023773.000
0.000,2023774.000
0.000,2023775.000
0.000,2023776.000
0.000,2023777.000
0.000,2023778.000
0.000,2023779.000
0.000,2023780.000
0.000,2023781.000
0.000,2023782.000
0.000,2023783.000
0.000,2023784.000
0.000,2023785.000
0.000,2023786.000
0.000,2023787.000
0.000,2023788.000
0.000,2023789.000
0.000,2023790.000
0.000,2023791.000
0.000,2023792.000
0.000,2023793.000
0.000,2023794.000
0.000,2023795.000
0.000,2023796.000
0.000,2023797.000
0.000,2023798.000
0.000,2023799.000
0.000,2023800.000
1.000,2023801.000
0.000,2023802.000
0.000,2023803.000
0.000,2023804.000
0.000,2023805.000
0.000,2023806.000
0.000,2023807.000
0.000,2023808.000
1.000,2023809.000
0.000,2023810.000
0.000,2023811.000
0.000,2023812.000
0.000,2023813.000
0.000,2023814.000
0.000,2023815.000
0.000,2023816.000
0.000,2023817.000
0.000,2023818.000
0.000,2023819.000
0.000,2023820.000
0.000,2023821.000
0.000,2023822.000
0.000,2023823.000
0.000,2023824.000
0.000,2023825.000
0.000,2023826.000
0.000,2023827.000
0.000,2023828.000
0.000,2023829.000
0.000,2023830.000
0.000,2023831.000
0.000,2023832.000
0.000,2023833.000
0.000,2023834.000
0.000,2023835.000
0.000,2023836.000
0.000,2023837.000
0.000,2023838.000
0.000,2023839.000
0.000,2023840.000
0.000,2023841.000
1.000,2023842.000
0.000,2023843.000
0.000,2023844.000
0.000,2023845.000
0.000,2023846.000
0.000,2023847.000
0.000,2023848.000
0.000,2023849.000
0.000,2023850.000
0.000,2023851.000
0.000,2023852.000
0.000,2023853.000
0.000,2023854.000
0.000,2023855.000
0.000,2023856.000
0.000,2023857.000
0.000,2023858.000
0.000,2023859.000
0.000,2023860.000
0.000,2023861.000
0.000,2023862.000
0.000,2023863.000
0.000,2023864.000
0.000,2023865.000
0.000,2023866.000
0.000,2023867.000
0.000,2023868.000
0.000,2023869.000
0.000,2023870.000
0.000,2023871.000
0.000,2023872.000
0.000,2023873.000
0.000,2023874.000
0.000,2023875.000
0.000,2023876.000
0.000,2023877.000
0.000,2023878.000
0.000,2023879.000
0.000,2023880.000
0.000,2023881.000
0.000,2023882.000
0.000,2023883.000
0.000,2023884.000
0.000,2023885.000
0.000,2023886.000
0.000,2023887.000
0.000,2023888.000
0.000,2023889.000
0.000,2023890.000
0.000,2023891.000
0.000,2023892.000
0.000,2023893.000
0.000,2023894.000
0.000,2023895.000
0.000,2023896.000
0.000,2023897.000
1.000,2023898.000
0.000,2023899.000
0.000,2023900.000
0.000,2023901.000
0.000,2023902.000
0.000,2023903.000
0.000,2023904.000
0.000,2023905.000
1.000,2023906.000
0.000,2023907.000
0.000,2023908.000
0.000,2023909.000
0.000,2023910.000
0.000,2023911.000
0.000,2023912.000
0.000,2023913.000
0.000,2023914.000
0.000,2023915.000
0.000,2023916.000
1.000,2023917.000
0.000,2023918.000
0.000,2023919.000
0.000,2023920.000
0.000,2023921.000
0.000,2023922.000
0.000,2023923.000
0.000,2023924.000
0.000,2023925.000
0.000,2023926.000
0.000,2023927.000
0.000,2023928.000
0.000,2023929.000
0.000,2023930.000
0.000,2023931.000
0.000,2023932.000
0.000,2023933.000
0.000,2023934.000
0.000,2023935.000
0.000,2023936.000
0.000,2023937.000
0.000,2023938.000
0.000,2023939.000
0.000,2023940.000
0.000,2023941.000
0.000,2023942.000
0.000,2023943.000
0.000,2023944.000
0.000,2023945.000
0.000,2023946.000
0.000,2023947.000
0.000,2023948.000
0.000,2023949.000
0.000,2023950.000
0.000,2023951.000
0.000,2023952.000
0.000,2023953.000
0.000,2023954.000
0.000,2023955.000
0.000,2023956.000
0.000,2023957.000
0.000,2023958.000
0.000,2023959.000
0.000,2023960.000
0.000,2023961.000
0.000,2023962.000
0.000,2023963.000
0.000,2023964.000
0.000,2023965.000
0.000,2023966.000
0.000,2023967.000
0.000,2023968.000
0.000,2023969.000
0.000,2023970.000
0.000,2023971.000
0.000,2023972.000
0.000,2023973.000
0.000,2023974.000
0.000,2023975.000
0.000,2023976.000
0.000,2023977.000
0.000,2023978.000
0.000,2023979.000
0.000,2023980.000
0.000,2023981.000
0.000,2023982.000
0.000,2023983.000
0.000,2023984.000
0.000,2023985.000
0.000,2023986.000
0.000,2023987.000
0.000,2023988.000
0.000,2023989.000
0.000,2023990.000
0.000,2023991.000
0.000,2023992.000
0.000,2023993.000
0.000,2023994.000
0.000,2023995.000
0.000,2023996.000
0.000,2023997.000
0.000,2023998.000
0.000,2023999.000
0.000,2024000.000
0.000,2024001.000
0.000,2024002.000
0.000,2024003.000
0.000,2024004.000
0.000,2024005.000
0.000,2024006.000
0.000,2024007.000
0.000,2024008.000
0.000,2024009.000
0.000,2024010.000
0.000,2024011.000
0.000,2024012.000
0.000,2024013.000
0.000,2024014.000
0.000,2024015.000
0.000,2024016.000
0.000,2024017.000
0.000,2024018.000
0.000,2024019.000
0.000,2024020.000
0.000,2024021.000
0.000,2024022.000
0.000,2024023.000
0.000,2024024.000
0.000,2024025.000
0.000,2024026.000
0.000,2024027.000
0.000,2024028.000
0.000,2024029.000
1.000,2024030.000
0.000,2024031.000
0.000,2024032.000
0.000,2024033.000
0.000,2024034.000
0.000,2024035.000
0.000,2024036.000
0.000,2024037.000
0.000,2024038.000
0.000,2024039.000
0.000,2024040.000
0.000,2024041.000
0.000,2024042.000
0.000,2024043.000
0.000,2024044.000
0.000,2024045.000
0.000,2024046.000
0.000,2024047.000
0.000,2024048.000
0.000,2024049.000
0.000,2024050.000
0.000,2024051.000
0.000,2024052.000
0.000,2024053.000
0.000,2024054.000
0.000,2024055.000
0.000,2024056.000
0.000,2024057.000
0.000,2024058.000
0.000,2024059.000
0.000,2024060.000
0.000,2024061.000
1.000,2024062.000
0.000,2024063.000
0.000,2024064.000
0.000,2024065.000
0.000,2024066.000
0.000,2024067.000
0.000,2024068.000
0.000,2024069.000
0.000,2024070.000
0.000,2024071.000
0.000,2024072.000
0.000,2024073.000
0.000,2024074.000
0.000,2024075.000
0.000,2024076.000
0.000,2024077.000
0.000,2024078.000
0.000,2024079.000
0.000,2024080.000
0.000,2024081.000
0.000,2024082.000
0.000,2024083.000
0.000,2024084.000
0.000,2024085.000
0.000,2024086.000
0.000,2024087.000
0.000,2024088.000
0.000,2024089.000
0.000,2024090.000
0.000,2024091.000
0.000,2024092.000
0.000,2024093.000
0.000,2024094.000
0.000,2024095.000
0.000,2024096.000
0.000,2024097.000
0.000,2024098.000
0.000,2024099.000
1.000,2024100.000
0.000,2024101.000
0.000,2024102.000
0.000,2024103.000
0.000,2024104.000
0.000,2024105.000
0.000,2024106.000
0.000,2024107.000
0.000,2024108.000
0.000,2024109.000
0.000,2024110.000
0.000,2024111.000
0.000,2024112.000
0.000,2024113.000
0.000,2024114.000
0.000,2024115.000
0.000,2024116.000
0.000,2024117.000
0.000,2024118.000
0.000,2024119.000
0.000,2024120.000
0.000,2024121.000
0.000,2024122.000
0.000,2024123.000
0.000,2024124.000
0.000,2024125.000
0.000,2024126.000
0.000,2024127.000
0.000,2024128.000
0.000,2024129.000
0.000,2024130.000
0.000,2024131.000
0.000,2024132.000
0.000,2024133.000
0.000,2024134.000
0.000,2024135.000
0.000,2024136.000
0.000,2024137.000
0.000,2024138.000
0.000,2024139.000
0.000,2024140.000
0.000,2024141.000
0.000,2024142.000
0.000,2024143.000
0.000,2024144.000
0.000,2024145.000
0.000,2024146.000
0.000,2024147.000
0.000,2024148.000
0.000,2024149.000
0.000,2024150.000
1.000,2024151.000
0.000,2024152.000
0.000,2024153.000
0.000,2024154.000
0.000,2024155.000
0.000,2024156.000
0.000,2024157.000
0.000,2024158.000
0.000,2024159.000
0.000,2024160.000
0.000,2024161.000
0.000,2024162.000
0.000,2024163.000
1.000,2024164.000
0.000,2024165.000
0.000,2024166.000
0.000,2024167.000
0.000,2024168.000
0.000,2024169.000
0.000,2024170.000
0.000,2024171.000
0.000,2024172.000
0.000,2024173.000
0.000,2024174.000
0.000,2024175.000
0.000,2024176.000
0.000,2024177.000
0.000,2024178.000
0.000,2024179.000
0.000,2024180.000
0.000,2024181.000
0.000,2024182.000
0.000,2024183.000
0.000,2024184.000
0.000,2024185.000
0.000,2024186.000
0.000,2024187.000
0.000,2024188.000
0.000,2024189.000
0.000,2024190.000
0.000,2024191.000
0.000,2024192.000
0.000,2024193.000
0.000,2024194.000
0.000,2024195.000
1.000,2024196.000
0.000,2024197.000
0.000,2024198.000
0.000,2024199.000
0.000,2024200.000
0.000,2024201.000
0.000,2024202.000
0.000,2024203.000
0.000,2024204.000
1.000,2024205.000
0.000,2024206.000
0.000,2024207.000
0.000,2024208.000
0.000,2024209.000
0.000,2024210.000
0.000,2024211.000
0.000,2024212.000
0.000,2024213.000
0.000,2024214.000
0.000,2024215.000
0.000,2024216.000
0.000,2024217.000
0.000,2024218.000
0.000,2024219.000
0.000,2024220.000
0.000,2024221.000
0.000,2024222.000
0.000,2024223.000
0.000,2024224.000
0.000,2024225.000
0.000,2024226.000
0.000,2024227.000
0.000,2024228.000
0.000,2024229.000
0.000,2024230.000
0.000,2024231.000
0.000,2024232.000
0.000,2024233.000
0.000,2024234.000
0.000,2024235.000
0.000,2024236.000
0.000,2024237.000
0.000,2024238.000
0.000,2024239.000
0.000,2024240.000
0.000,2024241.000
0.000,2024242.000
0.000,2024243.000
0.000,2024244.000
0.000,2024245.000
0.000,2024246.000
0.000,2024247.000
0.000,2024248.000
0.000,2024249.000
0.000,2024250.000
0.000,2024251.000
0.000,2024252.000
0.000,2024253.000
0.000,2024254.000
0.000,2024255.000
0.000,2024256.000
0.000,2024257.000
0.000,2024258.000
0.000,2024259.000
0.000,2024260.000
0.000,2024261.000
0.000,2024262.000
0.000,2024263.000
0.000,2024264.000
1.000,2024265.000
0.000,2024266.000
0.000,2024267.000
0.000,2024268.000
0.000,2024269.000
0.000,2024270.000
0.000,2024271.000
0.000,2024272.000
0.000,2024273.000
0.000,2024274.000
0.000,2024275.000
0.000,2024276.000
0.000,2024277.000
0.000,2024278.000
0.000,2024279.000
0.000,2024280.000
0.000,2024281.000
0.000,2024282.000
0.000,2024283.000
0.000,2024284.000
0.000,2024285.000
1.000,2024286.000
0.000,2024287.000
0.000,2024288.000
0.000,2024289.000
0.000,2024290.000
0.000,2024291.000
0.000,2024292.000
0.000,2024293.000
0.000,2024294.000
0.000,2024295.000
0.000,2024296.000
0.000,2024297.000
0.000,2024298.000
0.000,2024299.000
0.000,2024300.000
0.000,2024301.000
0.000,2024302.000
0.000,2024303.000
0.000,2024304.000
0.000,2024305.000
0.000,2024306.000
0.000,2024307.000
1.000,2024308.000
0.000,2024309.000
0.000,2024310.000
0.000,2024311.000
0.000,2024312.000
0.000,2024313.000
0.000,2024314.000
0.000,2024315.000
0.000,2024316.000
0.000,2024317.000
0.000,2024318.000
0.000,2024319.000
0.000,2024320.000
0.000,2024321.000
0.000,2024322.000
0.000,2024323.000
0.000,2024324.000
0.000,2024325.000
0.000,2024326.000
0.000,2024327.000
0.000,2024328.000
0.000,2024329.000
0.000,2024330.000
0.000,2024331.000
0.000,2024332.000
0.000,2024333.000
0.000,2024334.000
0.000,2024335.000
0.000,2024336.000
0.000,2024337.000
0.000,2024338.000
0.000,2024339.000
0.000,2024340.000
0.000,2024341.000
0.000,2024342.000
0.000,2024343.000
0.000,2024344.000
0.000,2024345.000
0.000,2024346.000
0.000,2024347.000
0.000,2024348.000
0.000,2024349.000
0.000,2024350.000
0.000,2024351.000
0.000,2024352.000
0.000,2024353.000
0.000,2024354.000
0.000,2024355.000
0.000,2024356.000
1.000,2024357.000
0.000,2024358.000
0.000,2024359.000
0.000,2024360.000
0.000,2024361.000
0.000,2024362.000
0.000,2024363.000
0.000,2024364.000
0.000,2024365.000
0.000,2024366.000
0.000,2024367.000
0.000,2024368.000
0.000,2024369.000
0.000,2024370.000
0.000,2024371.000
0.000,2024372.000
0.000,2024373.000
0.000,2024374.000
0.000,2024375.000
0.000,2024376.000
0.000,2024377.000
0.000,2024378.000
0.000,2024379.000
0.000,2024380.000
0.000,2024381.000
0.000,2024382.000
0.000,2024383.000
0.000,2024384.000
0.000,2024385.000
0.000,2024386.000
0.000,2024387.000
0.000,2024388.000
0.000,2024389.000
0.000,2024390.000
0.000,2024391.000
0.000,2024392.000
0.000,2024393.000
0.000,2024394.000
0.000,2024395.000
0.000,2024396.000
0.000,2024397.000
0.000,2024398.000
0.000,2024399.000
0.000,2024400.000
0.000,2024401.000
0.000,2024402.000
0.000,2024403.000
0.000,2024404.000
0.000,2024405.000
0.000,2024406.000
0.000,2024407.000
0.000,2024408.000
0.000,2024409.000
0.000,2024410.000
0.000,2024411.000
0.000,2024412.000
0.000,2024413.000
1.000,2024414.000
0.000,2024415.000
0.000,2024416.000
0.000,2024417.000
0.000,2024418.000
0.000,2024419.000
0.000,2024420.000
0.000,2024421.000
0.000,2024422.000
0.000,2024423.000
0.000,2024424.000
0.000,2024425.000
0.000,2024426.000
0.000,2024427.000
0.000,2024428.000
0.000,2024429.000
0.000,2024430.000
0.000,2024431.000
0.000,2024432.000
0.000,2024433.000
0.000,2024434.000
0.000,2024435.000
0.000,2024436.000
0.000,2024437.000
0.000,2024438.000
0.000,2024439.000
0.000,2024440.000
0.000,2024441.000
0.000,2024442.000
0.000,2024443.000
0.000,2024444.000
0.000,2024445.000
0.000,2024446.000
0.000,2024447.000
0.000,2024448.000
0.000,2024449.000
0.000,2024450.000
0.000,2024451.000
0.000,2024452.000
0.000,2024453.000
0.000,2024454.000
0.000,2024455.000
0.000,2024456.000
0.000,2024457.000
0.000,2024458.000
0.000,2024459.000
0.000,2024460.000
0.000,2024461.000
0.000,2024462.000
0.000,2024463.000
0.000,2024464.000
0.000,2024465.000
0.000,2024466.000
0.000,2024467.000
0.000,2024468.000
0.000,2024469.000
0.000,2024470.000
0.000,2024471.000
0.000,2024472.000
0.000,2024473.000
0.000,2024474.000
1.000,2024475.000
0.000,2024476.000
0.000,2024477.000
0.000,2024478.000
0.000,2024479.000
0.000,2024480.000
0.000,2024481.000
0.000,2024482.000
0.000,2024483.000
0.000,2024484.000
0.000,2024485.000
0.000,2024486.000
0.000,2024487.000
0.000,2024488.000
0.000,2024489.000
0.000,2024490.000
0.000,2024491.000
0.000,2024492.000
0.000,2024493.000
0.000,2024494.000
0.000,2024495.000
0.000,2024496.000
0.000,2024497.000
0.000,2024498.000
1.000,2024499.000
0.000,2024500.000
0.000,2024501.000
0.000,2024502.000
0.000,2024503.000
0.000,2024504.000
0.000,2024505.000
0.000,2024506.000
0.000,2024507.000
0.000,2024508.000
0.000,2024509.000
0.000,2024510.000
0.000,2024511.000
0.000,2024512.000
0.000,2024513.000
0.000,2024514.000
0.000,2024515.000
0.000,2024516.000
0.000,2024517.000
0.000,2024518.000
0.000,2024519.000
0.000,2024520.000
0.000,2024521.000
0.000,2024522.000
0.000,2024523.000
0.000,2024524.000
0.000,2024525.000
0.000,2024526.000
0.000,2024527.000
0.000,2024528.000
0.000,2024529.000
0.000,2024530.000
0.000,2024531.000
0.000,2024532.000
0.000,2024533.000
0.000,2024534.000
0.000,2024535.000
0.000,2024536.000
0.000,2024537.000
0.000,2024538.000
0.000,2024539.000
0.000,2024540.000
0.000,2024541.000
0.000,2024542.000
0.000,2024543.000
0.000,2024544.000
0.000,2024545.000
0.000,2024546.000
0.000,2024547.000
0.000,2024548.000
0.000,2024549.000
0.000,2024550.000
0.000,2024551.000
0.000,2024552.000
0.000,2024553.000
0.000,2024554.000
0.000,2024555.000
0.000,2024556.000
0.000,2024557.000
0.000,2024558.000
0.000,2024559.000
0.000,2024560.000
0.000,2024561.000
0.000,2024562.000
0.000,2024563.000
0.000,2024564.000
0.000,2024565.000
0.000,2024566.000
0.000,2024567.000
0.000,2024568.000
0.000,2024569.000
0.000,2024570.000
0.000,2024571.000
0.000,2024572.000
0.000,2024573.000
0.000,2024574.000
0.000,2024575.000
0.000,2024576.000
0.000,2024577.000
0.000,2024578.000
0.000,2024579.000
0.000,2024580.000
0.000,2024581.000
0.000,2024582.000
0.000,2024583.000
0.000,2024584.000
0.000,2024585.000
0.000,2024586.000
0.000,2024587.000
0.000,2024588.000
0.000,2024589.000
1.000,2024590.000
0.000,2024591.000
0.000,2024592.000
0.000,2024593.000
0.000,2024594.000
0.000,2024595.000
0.000,2024596.000
0.000,2024597.000
1.000,2024598.000
0.000,2024599.000
0.000,2024600.000
0.000,2024601.000
0.000,2024602.000
0.000,2024603.000
0.000,2024604.000
0.000,2024605.000
0.000,2024606.000
0.000,2024607.000
0.000,2024608.000
0.000,2024609.000
0.000,2024610.000
0.000,2024611.000
1.000,2024612.000
0.000,2024613.000
0.000,2024614.000
0.000,2024615.000
0.000,2024616.000
0.000,2024617.000
0.000,2024618.000
0.000,2024619.000
0.000,2024620.000
0.000,2024621.000
0.000,2024622.000
0.000,2024623.000
0.000,2024624.000
0.000,2024625.000
0.000,2024626.000
0.000,2024627.000
0.000,2024628.000
0.000,2024629.000
0.000,2024630.000
0.000,2024631.000
0.000,2024632.000
0.000,2024633.000
0.000,2024634.000
0.000,2024635.000
0.000,2024636.000
0.000,2024637.000
0.000,2024638.000
0.000,2024639.000
0.000,2024640.000
0.000,2024641.000
0.000,2024642.000
0.000,2024643.000
0.000,2024644.000
0.000,2024645.000
0.000,2024646.000
0.000,2024647.000
0.000,2024648.000
0.000,2024649.000
0.000,2024650.000
0.000,2024651.000
0.000,2024652.000
0.000,2024653.000
0.000,2024654.000
0.000,2024655.000
0.000,2024656.000
0.000,2024657.000
0.000,2024658.000
0.000,2024659.000
0.000,2024660.000
0.000,2024661.000
0.000,2024662.000
0.000,2024663.000
0.000,2024664.000
0.000,2024665.000
0.000,2024666.000
0.000,2024667.000
0.000,2024668.000
0.000,2024669.000
0.000,2024670.000
0.000,2024671.000
0.000,2024672.000
0.000,2024673.000
1.000,2024674.000
0.000,2024675.000
0.000,2024676.000
0.000,2024677.000
0.000,2024678.000
0.000,2024679.000
1.000,2024680.000
0.000,2024681.000
0.000,2024682.000
0.000,2024683.000
1.000,2024684.000
0.000,2024685.000
0.000,2024686.000
0.000,2024687.000
0.000,2024688.000
0.000,2024689.000
0.000,2024690.000
0.000,2024691.000
0.000,2024692.000
0.000,2024693.000
0.000,2024694.000
0.000,2024695.000
0.000,2024696.000
0.000,2024697.000
0.000,2024698.000
0.000,2024699.000
0.000,2024700.000
0.000,2024701.000
0.000,2024702.000
0.000,2024703.000
0.000,2024704.000
0.000,2024705.000
0.000,2024706.000
0.000,2024707.000
0.000,2024708.000
0.000,2024709.000
0.000,2024710.000
0.000,2024711.000
0.000,2024712.000
0.000,2024713.000
0.000,2024714.000
0.000,2024715.000
0.000,2024716.000
0.000,2024717.000
0.000,2024718.000
0.000,2024719.000
0.000,2024720.000
0.000,2024721.000
0.000,2024722.000
0.000,2024723.000
0.000,2024724.000
0.000,2024725.000
0.000,2024726.000
0.000,2024727.000
0.000,2024728.000
1.000,2024729.000
0.000,2024730.000
0.000,2024731.000
0.000,2024732.000
0.000,2024733.000
0.000,2024734.000
0.000,2024735.000
0.000,2024736.000
0.000,2024737.000
0.000,2024738.000
0.000,2024739.000
1.000,2024740.000
0.000,2024741.000
0.000,2024742.000
0.000,2024743.000
0.000,2024744.000
0.000,2024745.000
0.000,2024746.000
0.000,2024747.000
0.000,2024748.000
0.000,2024749.000
0.000,2024750.000
0.000,2024751.000
0.000,2024752.000
0.000,2024753.000
0.000,2024754.000
1.000,2024755.000
0.000,2024756.000
0.000,2024757.000
0.000,2024758.000
0.000,2024759.000
0.000,2024760.000
0.000,2024761.000
1.000,2024762.000
0.000,2024763.000
0.000,2024764.000
0.000,2024765.000
0.000,2024766.000
0.000,2024767.000
0.000,2024768.000
0.000,2024769.000
0.000,2024770.000
0.000,2024771.000
0.000,2024772.000
0.000,2024773.000
0.000,2024774.000
0.000,2024775.000
0.000,2024776.000
0.000,2024777.000
0.000,2024778.000
0.000,2024779.000
0.000,2024780.000
0.000,2024781.000
0.000,2024782.000
0.000,2024783.000
1.000,2024784.000
0.000,2024785.000
0.000,2024786.000
1.000,2024787.000
0.000,2024788.000
0.000,2024789.000
0.000,2024790.000
0.000,2024791.000
0.000,2024792.000
0.000,2024793.000
0.000,2024794.000
0.000,2024795.000
0.000,2024796.000
0.000,2024797.000
0.000,2024798.000
0.000,2024799.000
0.000,2024800.000
0.000,2024801.000
0.000,2024802.000
0.000,2024803.000
0.000,2024804.000
0.000,2024805.000
0.000,2024806.000
0.000,2024807.000
0.000,2024808.000
0.000,2024809.000
0.000,2024810.000
0.000,2024811.000
0.000,2024812.000
1.000,2024813.000
0.000,2024814.000
0.000,2024815.000
0.000,2024816.000
0.000,2024817.000
0.000,2024818.000
0.000,2024819.000
0.000,2024820.000
0.000,2024821.000
0.000,2024822.000
0.000,2024823.000
0.000,2024824.000
0.000,2024825.000
0.000,2024826.000
0.000,2024827.000
0.000,2024828.000
0.000,2024829.000
0.000,2024830.000
0.000,2024831.000
0.000,2024832.000
0.000,2024833.000
0.000,2024834.000
0.000,2024835.000
0.000,2024836.000
0.000,2024837.000
0.000,2024838.000
0.000,2024839.000
0.000,2024840.000
0.000,2024841.000
0.000,2024842.000
0.000,2024843.000
0.000,2024844.000
0.000,2024845.000
0.000,2024846.000
0.000,2024847.000
0.000,2024848.000
0.000,2024849.000
0.000,2024850.000
0.000,2024851.000
0.000,2024852.000
0.000,2024853.000
0.000,2024854.000
0.000,2024855.000
0.000,2024856.000
0.000,2024857.000
0.000,2024858.000
0.000,2024859.000
0.000,2024860.000
0.000,2024861.000
0.000,2024862.000
1.000,2024863.000
0.000,2024864.000
0.000,2024865.000
0.000,2024866.000
0.000,2024867.000
0.000,2024868.000
0.000,2024869.000
0.000,2024870.000
0.000,2024871.000
0.000,2024872.000
0.000,2024873.000
0.000,2024874.000
0.000,2024875.000
0.000,2024876.000
0.000,2024877.000
0.000,2024878.000
0.000,2024879.000
0.000,2024880.000
0.000,2024881.000
0.000,2024882.000
0.000,2024883.000
0.000,2024884.000
0.000,2024885.000
0.000,2024886.000
0.000,2024887.000
0.000,2024888.000
0.000,2024889.000
0.000,2024890.000
0.000,2024891.000
0.000,2024892.000
0.000,2024893.000
0.000,2024894.000
0.000,2024895.000
0.000,2024896.000
0.000,2024897.000
0.000,2024898.000
0.000,2024899.000
0.000,2024900.000
0.000,2024901.000
0.000,2024902.000
0.000,2024903.000
0.000,2024904.000
0.000,2024905.000
0.000,2024906.000
0.000,2024907.000
0.000,2024908.000
0.000,2024909.000
0.000,2024910.000
0.000,2024911.000
0.000,2024912.000
0.000,2024913.000
0.000,2024914.000
0.000,2024915.000
0.000,2024916.000
0.000,2024917.000
1.000,2024918.000
0.000,2024919.000
0.000,2024920.000
0.000,2024921.000
0.000,2024922.000
0.000,2024923.000
0.000,2024924.000
0.000,2024925.000
0.000,2024926.000
0.000,2024927.000
0.000,2024928.000
0.000,2024929.000
0.000,2024930.000
0.000,2024931.000
0.000,2024932.000
1.000,2024933.000
0.000,2024934.000
0.000,2024935.000
0.000,2024936.000
0.000,2024937.000
0.000,2024938.000
0.000,2024939.000
0.000,2024940.000
0.000,2024941.000
0.000,2024942.000
0.000,2024943.000
0.000,2024944.000
0.000,2024945.000
0.000,2024946.000
0.000,2024947.000
0.000,2024948.000
0.000,2024949.000
0.000,2024950.000
0.000,2024951.000
0.000,2024952.000
0.000,2024953.000
0.000,2024954.000
1.000,2024955.000
0.000,2024956.000
0.000,2024957.000
0.000,2024958.000
0.000,2024959.000
0.000,2024960.000
0.000,2024961.000
0.000,2024962.000
0.000,2024963.000
0.000,2024964.000
0.000,2024965.000
0.000,2024966.000
0.000,2024967.000
0.000,2024968.000
0.000,2024969.000
0.000,2024970.000
0.000,2024971.000
0.000,2024972.000
0.000,2024973.000
0.000,2024974.000
0.000,2024975.000
0.000,2024976.000
0.000,2024977.000
0.000,2024978.000
0.000,2024979.000
0.000,2024980.000
0.000,2024981.000
0.000,2024982.000
0.000,2024983.000
0.000,2024984.000
0.000,2024985.000
0.000,2024986.000
0.000,2024987.000
0.000,2024988.000
0.000,2024989.000
0.000,2024990.000
0.000,2024991.000
0.000,2024992.000
0.000,2024993.000
0.000,2024994.000
0.000,2024995.000
0.000,2024996.000
0.000,2024997.000
0.000,2024998.000
0.000,2024999.000
0.000,2025000.000
0.000,2025001.000
0.000,2025002.000
0.000,2025003.000
0.000,2025004.000
0.000,2025005.000
0.000,2025006.000
0.000,2025007.000
0.000,2025008.000
0.000,2025009.000
0.000,2025010.000
0.000,2025011.000
1.000,2025012.000
0.000,2025013.000
0.000,2025014.000
0.000,2025015.000
0.000,2025016.000
0.000,2025017.000
0.000,2025018.000
0.000,2025019.000
0.000,2025020.000
0.000,2025021.000
0.000,2025022.000
0.000,2025023.000
0.000,2025024.000
0.000,2025025.000
0.000,2025026.000
0.000,2025027.000
0.000,2025028.000
0.000,2025029.000
0.000,2025030.000
0.000,2025031.000
0.000,2025032.000
0.000,2025033.000
0.000,2025034.000
0.000,2025035.000
0.000,2025036.000
0.000,2025037.000
0.000,2025038.000
0.000,2025039.000
0.000,2025040.000
0.000,2025041.000
0.000,2025042.000
0.000,2025043.000
0.000,2025044.000
0.000,2025045.000
0.000,2025046.000
0.000,2025047.000
0.000,2025048.000
0.000,2025049.000
0.000,2025050.000
0.000,2025051.000
0.000,2025052.000
0.000,2025053.000
0.000,2025054.000
0.000,2025055.000
0.000,2025056.000
0.000,2025057.000
0.000,2025058.000
0.000,2025059.000
0.000,2025060.000
0.000,2025061.000
0.000,2025062.000
0.000,2025063.000
0.000,2025064.000
0.000,2025065.000
0.000,2025066.000
0.000,2025067.000
0.000,2025068.000
0.000,2025069.000
0.000,2025070.000
0.000,2025071.000
0.000,2025072.000
0.000,2025073.000
0.000,2025074.000
0.000,2025075.000
0.000,2025076.000
0.000,2025077.000
0.000,2025078.000
0.000,2025079.000
0.000,2025080.000
0.000,2025081.000
0.000,2025082.000
0.000,2025083.000
0.000,2025084.000
0.000,2025085.000
0.000,2025086.000
0.000,2025087.000
0.000,2025088.000
0.000,2025089.000
0.000,2025090.000
0.000,2025091.000
0.000,2025092.000
0.000,2025093.000
0.000,2025094.000
0.000,2025095.000
0.000,2025096.000
0.000,2025097.000
0.000,2025098.000
0.000,2025099.000
0.000,2025100.000
0.000,2025101.000
0.000,2025102.000
0.000,2025103.000
0.000,2025104.000
0.000,2025105.000
0.000,2025106.000
0.000,2025107.000
0.000,2025108.000
0.000,2025109.000
0.000,2025110.000
0.000,2025111.000
0.000,2025112.000
0.000,2025113.000
0.000,2025114.000
0.000,2025115.000
0.000,2025116.000
0.000,2025117.000
0.000,2025118.000
0.000,2025119.000
0.000,2025120.000
1.000,2025121.000
0.000,2025122.000
0.000,2025123.000
0.000,2025124.000
0.000,2025125.000
0.000,2025126.000
0.000,2025127.000
0.000,2025128.000
0.000,2025129.000
0.000,2025130.000
0.000,2025131.000
0.000,2025132.000
0.000,2025133.000
0.000,2025134.000
0.000,2025135.000
0.000,2025136.000
0.000,2025137.000
1.000,2025138.000
0.000,2025139.000
0.000,2025140.000
0.000,2025141.000
0.000,2025142.000
0.000,2025143.000
0.000,2025144.000
0.000,2025145.000
0.000,2025146.000
0.000,2025147.000
0.000,2025148.000
0.000,2025149.000
0.000,2025150.000
0.000,2025151.000
0.000,2025152.000
0.000,2025153.000
0.000,2025154.000
0.000,2025155.000
0.000,2025156.000
0.000,2025157.000
0.000,2025158.000
0.000,2025159.000
0.000,2025160.000
0.000,2025161.000
0.000,2025162.000
0.000,2025163.000
0.000,2025164.000
0.000,2025165.000
0.000,2025166.000
0.000,2025167.000
0.000,2025168.000
0.000,2025169.000
0.000,2025170.000
0.000,2025171.000
0.000,2025172.000
0.000,2025173.000
0.000,2025174.000
0.000,2025175.000
0.000,2025176.000
0.000,2025177.000
0.000,2025178.000
0.000,2025179.000
0.000,2025180.000
0.000,2025181.000
0.000,2025182.000
0.000,2025183.000
0.000,2025184.000
0.000,2025185.000
0.000,2025186.000
0.000,2025187.000
0.000,2025188.000
0.000,2025189.000
0.000,2025190.000
0.000,2025191.000
0.000,2025192.000
0.000,2025193.000
0.000,2025194.000
0.000,2025195.000
0.000,2025196.000
0.000,2025197.000
0.000,2025198.000
0.000,2025199.000
0.000,2025200.000
0.000,2025201.000
0.000,2025202.000
0.000,2025203.000
0.000,2025204.000
0.000,2025205.000
0.000,2025206.000
0.000,2025207.000
0.000,2025208.000
0.000,2025209.000
0.000,2025210.000
0.000,2025211.000
0.000,2025212.000
0.000,2025213.000
0.000,2025214.000
0.000,2025215.000
0.000,2025216.000
1.000,2025217.000
0.000,2025218.000
0.000,2025219.000
0.000,2025220.000
0.000,2025221.000
0.000,2025222.000
0.000,2025223.000
0.000,2025224.000
0.000,2025225.000
0.000,2025226.000
0.000,2025227.000
0.000,2025228.000
0.000,2025229.000
0.000,2025230.000
0.000,2025231.000
0.000,2025232.000
0.000,2025233.000
0.000,2025234.000
0.000,2025235.000
0.000,2025236.000
0.000,2025237.000
0.000,2025238.000
0.000,2025239.000
0.000,2025240.000
0.000,2025241.000
0.000,2025242.000
0.000,2025243.000
0.000,2025244.000
0.000,2025245.000
0.000,2025246.000
0.000,2025247.000
0.000,2025248.000
0.000,2025249.000
0.000,2025250.000
0.000,2025251.000
0.000,2025252.000
0.000,2025253.000
0.000,2025254.000
0.000,2025255.000
0.000,2025256.000
0.000,2025257.000
0.000,2025258.000
0.000,2025259.000
0.000,2025260.000
0.000,2025261.000
0.000,2025262.000
0.000,2025263.000
0.000,2025264.000
0.000,2025265.000
0.000,2025266.000
0.000,2025267.000
0.000,2025268.000
0.000,2025269.000
0.000,2025270.000
0.000,2025271.000
0.000,2025272.000
0.000,2025273.000
0.000,2025274.000
0.000,2025275.000
0.000,2025276.000
0.000,2025277.000
0.000,2025278.000
0.000,2025279.000
0.000,2025280.000
0.000,2025281.000
0.000,2025282.000
0.000,2025283.000
0.000,2025284.000
0.000,2025285.000
0.000,2025286.000
0.000,2025287.000
0.000,2025288.000
0.000,2025289.000
0.000,2025290.000
0.000,2025291.000
0.000,2025292.000
0.000,2025293.000
0.000,2025294.000
0.000,2025295.000
0.000,2025296.000
0.000,2025297.000
0.000,2025298.000
0.000,2025299.000
0.000,2025300.000
0.000,2025301.000
0.000,2025302.000
0.000,2025303.000
0.000,2025304.000
0.000,2025305.000
0.000,2025306.000
0.000,2025307.000
0.000,2025308.000
0.000,2025309.000
0.000,2025310.000
0.000,2025311.000
0.000,2025312.000
0.000,2025313.000
0.000,2025314.000
0.000,2025315.000
0.000,2025316.000
0.000,2025317.000
0.000,2025318.000
0.000,2025319.000
0.000,2025320.000
0.000,2025321.000
0.000,2025322.000
0.000,2025323.000
0.000,2025324.000
0.000,2025325.000
0.000,2025326.000
0.000,2025327.000
0.000,2025328.000
0.000,2025329.000
0.000,2025330.000
0.000,2025331.000
0.000,2025332.000
0.000,2025333.000
0.000,2025334.000
0.000,2025335.000
0.000,2025336.000
0.000,2025337.000
0.000,2025338.000
0.000,2025339.000
0.000,2025340.000
0.000,2025341.000
0.000,2025342.000
0.000,2025343.000
0.000,2025344.000
0.000,2025345.000
0.000,2025346.000
0.000,2025347.000
0.000,2025348.000
0.000,2025349.000
0.000,2025350.000
0.000,2025351.000
0.000,2025352.000
0.000,2025353.000
0.000,2025354.000
0.000,2025355.000
0.000,2025356.000
0.000,2025357.000
0.000,2025358.000
0.000,2025359.000
0.000,2025360.000
0.000,2025361.000
0.000,2025362.000
0.000,2025363.000
0.000,2025364.000
0.000,2025365.000
0.000,2025366.000
0.000,2025367.000
0.000,2025368.000
0.000,2025369.000
0.000,2025370.000
0.000,2025371.000
0.000,2025372.000
0.000,2025373.000
0.000,2025374.000
0.000,2025375.000
0.000,2025376.000
0.000,2025377.000
0.000,2025378.000
0.000,2025379.000
0.000,2025380.000
0.000,2025381.000
0.000,2025382.000
0.000,2025383.000
0.000,2025384.000
0.000,2025385.000
0.000,2025386.000
0.000,2025387.000
0.000,2025388.000
0.000,2025389.000
0.000,2025390.000
0.000,2025391.000
0.000,2025392.000
0.000,2025393.000
0.000,2025394.000
0.000,2025395.000
0.000,2025396.000
0.000,2025397.000
0.000,2025398.000
0.000,2025399.000
0.000,2025400.000
0.000,2025401.000
0.000,2025402.000
0.000,2025403.000
0.000,2025404.000
0.000,2025405.000
0.000,2025406.000
0.000,2025407.000
0.000,2025408.000
0.000,2025409.000
0.000,2025410.000
0.000,2025411.000
0.000,2025412.000
0.000,2025413.000
0.000,2025414.000
0.000,2025415.000
0.000,2025416.000
0.000,2025417.000
0.000,2025418.000
0.000,2025419.000
1.000,2025420.000
0.000,2025421.000
0.000,2025422.000
0.000,2025423.000
0.000,2025424.000
0.000,2025425.000
0.000,2025426.000
0.000,2025427.000
0.000,2025428.000
0.000,2025429.000
0.000,2025430.000
0.000,2025431.000
0.000,2025432.000
0.000,2025433.000
0.000,2025434.000
0.000,2025435.000
0.000,2025436.000
0.000,2025437.000
0.000,2025438.000
0.000,2025439.000
0.000,2025440.000
0.000,2025441.000
0.000,2025442.000
0.000,2025443.000
0.000,2025444.000
0.000,2025445.000
0.000,2025446.000
0.000,2025447.000
0.000,2025448.000
0.000,2025449.000
0.000,2025450.000
0.000,2025451.000
0.000,2025452.000
0.000,2025453.000
0.000,2025454.000
0.000,2025455.000
0.000,2025456.000
0.000,2025457.000
0.000,2025458.000
0.000,2025459.000
0.000,2025460.000
0.000,2025461.000
1.000,2025462.000
0.000,2025463.000
0.000,2025464.000
1.000,2025465.000
0.000,2025466.000
0.000,2025467.000
0.000,2025468.000
0.000,2025469.000
0.000,2025470.000
0.000,2025471.000
1.000,2025472.000
0.000,2025473.000
0.000,2025474.000
0.000,2025475.000
0.000,2025476.000
0.000,2025477.000
0.000,2025478.000
0.000,2025479.000
0.000,2025480.000
0.000,2025481.000
0.000,2025482.000
0.000,2025483.000
0.000,2025484.000
0.000,2025485.000
0.000,2025486.000
0.000,2025487.000
0.000,2025488.000
0.000,2025489.000
0.000,2025490.000
0.000,2025491.000
0.000,2025492.000
0.000,2025493.000
0.000,2025494.000
0.000,2025495.000
0.000,2025496.000
0.000,2025497.000
0.000,2025498.000
0.000,2025499.000
0.000,2025500.000
0.000,2025501.000
0.000,2025502.000
0.000,2025503.000
0.000,2025504.000
0.000,2025505.000
0.000,2025506.000
0.000,2025507.000
0.000,2025508.000
0.000,2025509.000
0.000,2025510.000
0.000,2025511.000
0.000,2025512.000
0.000,2025513.000
0.000,2025514.000
0.000,2025515.000
0.000,2025516.000
0.000,2025517.000
0.000,2025518.000
0.000,2025519.000
0.000,2025520.000
0.000,2025521.000
0.000,2025522.000
0.000,2025523.000
0.000,2025524.000
0.000,2025525.000
0.000,2025526.000
0.000,2025527.000
0.000,2025528.000
0.000,2025529.000
0.000,2025530.000
0.000,2025531.000
0.000,2025532.000
0.000,2025533.000
0.000,2025534.000
0.000,2025535.000
0.000,2025536.000
0.000,2025537.000
0.000,2025538.000
0.000,2025539.000
0.000,2025540.000
0.000,2025541.000
0.000,2025542.000
0.000,2025543.000
0.000,2025544.000
0.000,2025545.000
0.000,2025546.000
0.000,2025547.000
0.000,2025548.000
0.000,2025549.000
0.000,2025550.000
0.000,2025551.000
0.000,2025552.000
0.000,2025553.000
0.000,2025554.000
0.000,2025555.000
0.000,2025556.000
0.000,2025557.000
0.000,2025558.000
0.000,2025559.000
0.000,2025560.000
0.000,2025561.000
0.000,2025562.000
0.000,2025563.000
0.000,2025564.000
0.000,2025565.000
0.000,2025566.000
0.000,2025567.000
0.000,2025568.000
0.000,2025569.000
0.000,2025570.000
0.000,2025571.000
1.000,2025572.000
0.000,2025573.000
0.000,2025574.000
0.000,2025575.000
0.000,2025576.000
0.000,2025577.000
0.000,2025578.000
0.000,2025579.000
0.000,2025580.000
0.000,2025581.000
0.000,2025582.000
0.000,2025583.000
0.000,2025584.000
0.000,2025585.000
0.000,2025586.000
0.000,2025587.000
0.000,2025588.000
0.000,2025589.000
0.000,2025590.000
0.000,2025591.000
0.000,2025592.000
0.000,2025593.000
0.000,2025594.000
0.000,2025595.000
0.000,2025596.000
0.000,2025597.000
0.000,2025598.000
0.000,2025599.000
0.000,2025600.000
0.000,2025601.000
0.000,2025602.000
0.000,2025603.000
0.000,2025604.000
0.000,2025605.000
0.000,2025606.000
0.000,2025607.000
0.000,2025608.000
0.000,2025609.000
0.000,2025610.000
0.000,2025611.000
0.000,2025612.000
0.000,2025613.000
0.000,2025614.000
0.000,2025615.000
0.000,2025616.000
0.000,2025617.000
0.000,2025618.000
0.000,2025619.000
0.000,2025620.000
0.000,2025621.000
0.000,2025622.000
0.000,2025623.000
0.000,2025624.000
0.000,2025625.000
0.000,2025626.000
0.000,2025627.000
0.000,2025628.000
0.000,2025629.000
0.000,2025630.000
0.000,2025631.000
0.000,2025632.000
0.000,2025633.000
0.000,2025634.000
1.000,2025635.000
0.000,2025636.000
0.000,2025637.000
0.000,2025638.000
1.000,2025639.000
0.000,2025640.000
0.000,2025641.000
0.000,2025642.000
0.000,2025643.000
0.000,2025644.000
0.000,2025645.000
0.000,2025646.000
0.000,2025647.000
0.000,2025648.000
0.000,2025649.000
0.000,2025650.000
0.000,2025651.000
0.000,2025652.000
0.000,2025653.000
0.000,2025654.000
0.000,2025655.000
0.000,2025656.000
0.000,2025657.000
0.000,2025658.000
0.000,2025659.000
0.000,2025660.000
1.000,2025661.000
0.000,2025662.000
0.000,2025663.000
0.000,2025664.000
0.000,2025665.000
0.000,2025666.000
0.000,2025667.000
0.000,2025668.000
0.000,2025669.000
0.000,2025670.000
0.000,2025671.000
0.000,2025672.000
0.000,2025673.000
0.000,2025674.000
0.000,2025675.000
0.000,2025676.000
0.000,2025677.000
0.000,2025678.000
0.000,2025679.000
0.000,2025680.000
0.000,2025681.000
0.000,2025682.000
0.000,2025683.000
0.000,2025684.000
0.000,2025685.000
0.000,2025686.000
0.000,2025687.000
0.000,2025688.000
0.000,2025689.000
0.000,2025690.000
0.000,2025691.000
0.000,2025692.000
0.000,2025693.000
0.000,2025694.000
0.000,2025695.000
0.000,2025696.000
0.000,2025697.000
0.000,2025698.000
0.000,2025699.000
0.000,2025700.000
0.000,2025701.000
0.000,2025702.000
0.000,2025703.000
0.000,2025704.000
0.000,2025705.000
0.000,2025706.000
0.000,2025707.000
0.000,2025708.000
0.000,2025709.000
0.000,2025710.000
0.000,2025711.000
0.000,2025712.000
0.000,2025713.000
0.000,2025714.000
0.000,2025715.000
0.000,2025716.000
0.000,2025717.000
0.000,2025718.000
0.000,2025719.000
0.000,2025720.000
0.000,2025721.000
0.000,2025722.000
0.000,2025723.000
0.000,2025724.000
0.000,2025725.000
0.000,2025726.000
0.000,2025727.000
0.000,2025728.000
0.000,2025729.000
0.000,2025730.000
0.000,2025731.000
0.000,2025732.000
0.000,2025733.000
0.000,2025734.000
0.000,2025735.000
0.000,2025736.000
0.000,2025737.000
0.000,2025738.000
0.000,2025739.000
0.000,2025740.000
0.000,2025741.000
0.000,2025742.000
0.000,2025743.000
0.000,2025744.000
0.000,2025745.000
0.000,2025746.000
0.000,2025747.000
0.000,2025748.000
0.000,2025749.000
0.000,2025750.000
0.000,2025751.000
0.000,2025752.000
0.000,2025753.000
0.000,2025754.000
0.000,2025755.000
0.000,2025756.000
0.000,2025757.000
0.000,2025758.000
0.000,2025759.000
0.000,2025760.000
0.000,2025761.000
0.000,2025762.000
0.000,2025763.000
0.000,2025764.000
0.000,2025765.000
0.000,2025766.000
0.000,2025767.000
0.000,2025768.000
0.000,2025769.000
0.000,2025770.000
0.000,2025771.000
0.000,2025772.000
0.000,2025773.000
0.000,2025774.000
0.000,2025775.000
0.000,2025776.000
0.000,2025777.000
0.000,2025778.000
0.000,2025779.000
0.000,2025780.000
0.000,2025781.000
0.000,2025782.000
0.000,2025783.000
0.000,2025784.000
0.000,2025785.000
0.000,2025786.000
0.000,2025787.000
0.000,2025788.000
0.000,2025789.000
0.000,2025790.000
0.000,2025791.000
0.000,2025792.000
0.000,2025793.000
0.000,2025794.000
0.000,2025795.000
0.000,2025796.000
0.000,2025797.000
0.000,2025798.000
0.000,2025799.000
0.000,2025800.000
0.000,2025801.000
0.000,2025802.000
1.000,2025803.000
0.000,2025804.000
0.000,2025805.000
0.000,2025806.000
0.000,2025807.000
0.000,2025808.000
0.000,2025809.000
0.000,2025810.000
0.000,2025811.000
0.000,2025812.000
0.000,2025813.000
0.000,2025814.000
0.000,2025815.000
0.000,2025816.000
1.000,2025817.000
0.000,2025818.000
0.000,2025819.000
0.000,2025820.000
0.000,2025821.000
0.000,2025822.000
0.000,2025823.000
0.000,2025824.000
0.000,2025825.000
0.000,2025826.000
0.000,2025827.000
0.000,2025828.000
0.000,2025829.000
0.000,2025830.000
0.000,2025831.000
0.000,2025832.000
0.000,2025833.000
0.000,2025834.000
0.000,2025835.000
0.000,2025836.000
0.000,2025837.000
0.000,2025838.000
0.000,2025839.000
0.000,2025840.000
0.000,2025841.000
0.000,2025842.000
0.000,2025843.000
0.000,2025844.000
0.000,2025845.000
1.000,2025846.000
0.000,2025847.000
0.000,2025848.000
0.000,2025849.000
0.000,2025850.000
0.000,2025851.000
0.000,2025852.000
0.000,2025853.000
0.000,2025854.000
0.000,2025855.000
0.000,2025856.000
0.000,2025857.000
0.000,2025858.000
0.000,2025859.000
0.000,2025860.000
0.000,2025861.000
0.000,2025862.000
0.000,2025863.000
0.000,2025864.000
0.000,2025865.000
0.000,2025866.000
0.000,2025867.000
0.000,2025868.000
0.000,2025869.000
0.000,2025870.000
0.000,2025871.000
0.000,2025872.000
0.000,2025873.000
0.000,2025874.000
0.000,2025875.000
0.000,2025876.000
0.000,2025877.000
0.000,2025878.000
0.000,2025879.000
0.000,2025880.000
0.000,2025881.000
0.000,2025882.000
0.000,2025883.000
0.000,2025884.000
0.000,2025885.000
0.000,2025886.000
0.000,2025887.000
0.000,2025888.000
0.000,2025889.000
0.000,2025890.000
0.000,2025891.000
0.000,2025892.000
0.000,2025893.000
0.000,2025894.000
0.000,2025895.000
0.000,2025896.000
0.000,2025897.000
0.000,2025898.000
0.000,2025899.000
0.000,2025900.000
0.000,2025901.000
0.000,2025902.000
1.000,2025903.000
0.000,2025904.000
0.000,2025905.000
0.000,2025906.000
0.000,2025907.000
0.000,2025908.000
0.000,2025909.000
0.000,2025910.000
0.000,2025911.000
0.000,2025912.000
0.000,2025913.000
0.000,2025914.000
0.000,2025915.000
0.000,2025916.000
0.000,2025917.000
0.000,2025918.000
0.000,2025919.000
0.000,2025920.000
0.000,2025921.000
0.000,2025922.000
0.000,2025923.000
0.000,2025924.000
0.000,2025925.000
0.000,2025926.000
0.000,2025927.000
0.000,2025928.000
0.000,2025929.000
0.000,2025930.000
0.000,2025931.000
0.000,2025932.000
0.000,2025933.000
0.000,2025934.000
0.000,2025935.000
0.000,2025936.000
0.000,2025937.000
0.000,2025938.000
0.000,2025939.000
0.000,2025940.000
0.000,2025941.000
0.000,2025942.000
0.000,2025943.000
0.000,2025944.000
0.000,2025945.000
0.000,2025946.000
0.000,2025947.000
0.000,2025948.000
0.000,2025949.000
0.000,2025950.000
0.000,2025951.000
0.000,2025952.000
0.000,2025953.000
0.000,2025954.000
0.000,2025955.000
0.000,2025956.000
0.000,2025957.000
0.000,2025958.000
0.000,2025959.000
0.000,2025960.000
0.000,2025961.000
0.000,2025962.000
0.000,2025963.000
0.000,2025964.000
0.000,2025965.000
0.000,2025966.000
0.000,2025967.000
0.000,2025968.000
0.000,2025969.000
0.000,2025970.000
0.000,2025971.000
0.000,2025972.000
0.000,2025973.000
0.000,2025974.000
0.000,2025975.000
0.000,2025976.000
0.000,2025977.000
0.000,2025978.000
0.000,2025979.000
0.000,2025980.000
1.000,2025981.000
0.000,2025982.000
0.000,2025983.000
0.000,2025984.000
0.000,2025985.000
0.000,2025986.000
0.000,2025987.000
0.000,2025988.000
1.000,2025989.000
0.000,2025990.000
0.000,2025991.000
0.000,2025992.000
0.000,2025993.000
1.000,2025994.000
0.000,2025995.000
0.000,2025996.000
0.000,2025997.000
0.000,2025998.000
0.000,2025999.000
0.000,2026000.000
0.000,2026001.000
0.000,2026002.000
0.000,2026003.000
0.000,2026004.000
0.000,2026005.000
0.000,2026006.000
0.000,2026007.000
0.000,2026008.000
0.000,2026009.000
0.000,2026010.000
0.000,2026011.000
0.000,2026012.000
0.000,2026013.000
0.000,2026014.000
0.000,2026015.000
0.000,2026016.000
0.000,2026017.000
0.000,2026018.000
0.000,2026019.000
0.000,2026020.000
0.000,2026021.000
0.000,2026022.000
0.000,2026023.000
0.000,2026024.000
0.000,2026025.000
0.000,2026026.000
0.000,2026027.000
0.000,2026028.000
0.000,2026029.000
0.000,2026030.000
0.000,2026031.000
0.000,2026032.000
0.000,2026033.000
0.000,2026034.000
0.000,2026035.000
0.000,2026036.000
0.000,2026037.000
0.000,2026038.000
0.000,2026039.000
0.000,2026040.000
0.000,2026041.000
0.000,2026042.000
0.000,2026043.000
0.000,2026044.000
0.000,2026045.000
0.000,2026046.000
0.000,2026047.000
0.000,2026048.000
0.000,2026049.000
0.000,2026050.000
0.000,2026051.000
0.000,2026052.000
0.000,2026053.000
0.000,2026054.000
0.000,2026055.000
0.000,2026056.000
0.000,2026057.000
0.000,2026058.000
0.000,2026059.000
0.000,2026060.000
0.000,2026061.000
0.000,2026062.000
0.000,2026063.000
0.000,2026064.000
0.000,2026065.000
0.000,2026066.000
0.000,2026067.000
0.000,2026068.000
0.000,2026069.000
0.000,2026070.000
0.000,2026071.000
0.000,2026072.000
0.000,2026073.000
0.000,2026074.000
0.000,2026075.000
0.000,2026076.000
0.000,2026077.000
0.000,2026078.000
0.000,2026079.000
0.000,2026080.000
0.000,2026081.000
0.000,2026082.000
0.000,2026083.000
0.000,2026084.000
0.000,2026085.000
0.000,2026086.000
0.000,2026087.000
0.000,2026088.000
0.000,2026089.000
0.000,2026090.000
0.000,2026091.000
0.000,2026092.000
0.000,2026093.000
0.000,2026094.000
0.000,2026095.000
1.000,2026096.000
0.000,2026097.000
0.000,2026098.000
0.000,2026099.000
0.000,2026100.000
0.000,2026101.000
0.000,2026102.000
0.000,2026103.000
0.000,2026104.000
0.000,2026105.000
0.000,2026106.000
0.000,2026107.000
0.000,2026108.000
0.000,2026109.000
0.000,2026110.000
0.000,2026111.000
0.000,2026112.000
0.000,2026113.000
0.000,2026114.000
0.000,2026115.000
0.000,2026116.000
0.000,2026117.000
0.000,2026118.000
0.000,2026119.000
0.000,2026120.000
0.000,2026121.000
0.000,2026122.000
0.000,2026123.000
0.000,2026124.000
0.000,2026125.000
0.000,2026126.000
0.000,2026127.000
0.000,2026128.000
0.000,2026129.000
0.000,2026130.000
0.000,2026131.000
0.000,2026132.000
0.000,2026133.000
0.000,2026134.000
0.000,2026135.000
0.000,2026136.000
0.000,2026137.000
0.000,2026138.000
0.000,2026139.000
0.000,2026140.000
0.000,2026141.000
0.000,2026142.000
0.000,2026143.000
0.000,2026144.000
0.000,2026145.000
0.000,2026146.000
0.000,2026147.000
0.000,2026148.000
0.000,2026149.000
0.000,2026150.000
0.000,2026151.000
0.000,2026152.000
0.000,2026153.000
0.000,2026154.000
0.000,2026155.000
0.000,2026156.000
0.000,2026157.000
0.000,2026158.000
0.000,2026159.000
0.000,2026160.000
0.000,2026161.000
0.000,2026162.000
0.000,2026163.000
0.000,2026164.000
0.000,2026165.000
0.000,2026166.000
0.000,2026167.000
0.000,2026168.000
0.000,2026169.000
0.000,2026170.000
0.000,2026171.000
0.000,2026172.000
0.000,2026173.000
0.000,2026174.000
0.000,2026175.000
0.000,2026176.000
0.000,2026177.000
0.000,2026178.000
0.000,2026179.000
0.000,2026180.000
0.000,2026181.000
1.000,2026182.000
0.000,2026183.000
0.000,2026184.000
0.000,2026185.000
0.000,2026186.000
0.000,2026187.000
1.000,2026188.000
0.000,2026189.000
0.000,2026190.000
1.000,2026191.000
0.000,2026192.000
0.000,2026193.000
0.000,2026194.000
0.000,2026195.000
0.000,2026196.000
0.000,2026197.000
0.000,2026198.000
0.000,2026199.000
0.000,2026200.000
0.000,2026201.000
0.000,2026202.000
0.000,2026203.000
0.000,2026204.000
0.000,2026205.000
0.000,2026206.000
0.000,2026207.000
0.000,2026208.000
0.000,2026209.000
0.000,2026210.000
0.000,2026211.000
0.000,2026212.000
0.000,2026213.000
0.000,2026214.000
0.000,2026215.000
0.000,2026216.000
0.000,2026217.000
0.000,2026218.000
0.000,2026219.000
0.000,2026220.000
0.000,2026221.000
0.000,2026222.000
0.000,2026223.000
0.000,2026224.000
0.000,2026225.000
0.000,2026226.000
0.000,2026227.000
0.000,2026228.000
0.000,2026229.000
0.000,2026230.000
0.000,2026231.000
0.000,2026232.000
0.000,2026233.000
0.000,2026234.000
0.000,2026235.000
0.000,2026236.000
0.000,2026237.000
0.000,2026238.000
0.000,2026239.000
0.000,2026240.000
0.000,2026241.000
0.000,2026242.000
0.000,2026243.000
0.000,2026244.000
0.000,2026245.000
0.000,2026246.000
0.000,2026247.000
0.000,2026248.000
0.000,2026249.000
0.000,2026250.000
0.000,2026251.000
0.000,2026252.000
0.000,2026253.000
1.000,2026254.000
0.000,2026255.000
0.000,2026256.000
0.000,2026257.000
0.000,2026258.000
0.000,2026259.000
0.000,2026260.000
0.000,2026261.000
0.000,2026262.000
0.000,2026263.000
0.000,2026264.000
0.000,2026265.000
0.000,2026266.000
0.000,2026267.000
0.000,2026268.000
0.000,2026269.000
0.000,2026270.000
0.000,2026271.000
0.000,2026272.000
0.000,2026273.000
0.000,2026274.000
0.000,2026275.000
0.000,2026276.000
0.000,2026277.000
0.000,2026278.000
0.000,2026279.000
0.000,2026280.000
0.000,2026281.000
0.000,2026282.000
0.000,2026283.000
1.000,2026284.000
0.000,2026285.000
0.000,2026286.000
0.000,2026287.000
0.000,2026288.000
0.000,2026289.000
1.000,2026290.000
0.000,2026291.000
0.000,2026292.000
0.000,2026293.000
0.000,2026294.000
1.000,2026295.000
0.000,2026296.000
0.000,2026297.000
0.000,2026298.000
0.000,2026299.000
0.000,2026300.000
0.000,2026301.000
0.000,2026302.000
0.000,2026303.000
0.000,2026304.000
0.000,2026305.000
0.000,2026306.000
0.000,2026307.000
0.000,2026308.000
0.000,2026309.000
0.000,2026310.000
0.000,2026311.000
0.000,2026312.000
0.000,2026313.000
0.000,2026314.000
0.000,2026315.000
0.000,2026316.000
0.000,2026317.000
0.000,2026318.000
0.000,2026319.000
0.000,2026320.000
0.000,2026321.000
0.000,2026322.000
0.000,2026323.000
0.000,2026324.000
0.000,2026325.000
0.000,2026326.000
0.000,2026327.000
0.000,2026328.000
0.000,2026329.000
0.000,2026330.000
0.000,2026331.000
0.000,2026332.000
0.000,2026333.000
0.000,2026334.000
0.000,2026335.000
0.000,2026336.000
0.000,2026337.000
0.000,2026338.000
0.000,2026339.000
0.000,2026340.000
0.000,2026341.000
0.000,2026342.000
0.000,2026343.000
0.000,2026344.000
0.000,2026345.000
0.000,2026346.000
0.000,2026347.000
0.000,2026348.000
0.000,2026349.000
0.000,2026350.000
0.000,2026351.000
0.000,2026352.000
0.000,2026353.000
0.000,2026354.000
0.000,2026355.000
0.000,2026356.000
0.000,2026357.000
0.000,2026358.000
0.000,2026359.000
0.000,2026360.000
0.000,2026361.000
0.000,2026362.000
0.000,2026363.000
0.000,2026364.000
0.000,2026365.000
0.000,2026366.000
0.000,2026367.000
0.000,2026368.000
0.000,2026369.000
0.000,2026370.000
0.000,2026371.000
0.000,2026372.000
0.000,2026373.000
0.000,2026374.000
0.000,2026375.000
0.000,2026376.000
0.000,2026377.000
0.000,2026378.000
0.000,2026379.000
0.000,2026380.000
0.000,2026381.000
0.000,2026382.000
0.000,2026383.000
0.000,2026384.000
0.000,2026385.000
0.000,2026386.000
0.000,2026387.000
0.000,2026388.000
0.000,2026389.000
0.000,2026390.000
0.000,2026391.000
0.000,2026392.000
0.000,2026393.000
0.000,2026394.000
0.000,2026395.000
0.000,2026396.000
0.000,2026397.000
0.000,2026398.000
0.000,2026399.000
0.000,2026400.000
0.000,2026401.000
0.000,2026402.000
0.000,2026403.000
0.000,2026404.000
0.000,2026405.000
0.000,2026406.000
0.000,2026407.000
0.000,2026408.000
0.000,2026409.000
0.000,2026410.000
0.000,2026411.000
0.000,2026412.000
1.000,2026413.000
1.000,2026414.000
0.000,2026415.000
0.000,2026416.000
1.000,2026417.000
0.000,2026418.000
0.000,2026419.000
0.000,2026420.000
0.000,2026421.000
0.000,2026422.000
0.000,2026423.000
0.000,2026424.000
0.000,2026425.000
0.000,2026426.000
0.000,2026427.000
0.000,2026428.000
0.000,2026429.000
0.000,2026430.000
0.000,2026431.000
0.000,2026432.000
0.000,2026433.000
0.000,2026434.000
0.000,2026435.000
0.000,2026436.000
0.000,2026437.000
0.000,2026438.000
0.000,2026439.000
0.000,2026440.000
0.000,2026441.000
0.000,2026442.000
0.000,2026443.000
0.000,2026444.000
0.000,2026445.000
0.000,2026446.000
0.000,2026447.000
0.000,2026448.000
0.000,2026449.000
0.000,2026450.000
0.000,2026451.000
0.000,2026452.000
0.000,2026453.000
0.000,2026454.000
0.000,2026455.000
0.000,2026456.000
0.000,2026457.000
0.000,2026458.000
1.000,2026459.000
0.000,2026460.000
0.000,2026461.000
0.000,2026462.000
0.000,2026463.000
0.000,2026464.000
0.000,2026465.000
0.000,2026466.000
0.000,2026467.000
0.000,2026468.000
0.000,2026469.000
0.000,2026470.000
0.000,2026471.000
0.000,2026472.000
0.000,2026473.000
0.000,2026474.000
0.000,2026475.000
0.000,2026476.000
0.000,2026477.000
0.000,2026478.000
0.000,2026479.000
0.000,2026480.000
0.000,2026481.000
0.000,2026482.000
0.000,2026483.000
0.000,2026484.000
0.000,2026485.000
0.000,2026486.000
0.000,2026487.000
0.000,2026488.000
0.000,2026489.000
0.000,2026490.000
0.000,2026491.000
0.000,2026492.000
0.000,2026493.000
1.000,2026494.000
0.000,2026495.000
0.000,2026496.000
0.000,2026497.000
0.000,2026498.000
0.000,2026499.000
0.000,2026500.000
0.000,2026501.000
0.000,2026502.000
0.000,2026503.000
0.000,2026504.000
0.000,2026505.000
0.000,2026506.000
0.000,2026507.000
0.000,2026508.000
0.000,2026509.000
0.000,2026510.000
0.000,2026511.000
0.000,2026512.000
0.000,2026513.000
0.000,2026514.000
0.000,2026515.000
0.000,2026516.000
0.000,2026517.000
0.000,2026518.000
0.000,2026519.000
0.000,2026520.000
0.000,2026521.000
0.000,2026522.000
0.000,2026523.000
0.000,2026524.000
0.000,2026525.000
0.000,2026526.000
0.000,2026527.000
0.000,2026528.000
0.000,2026529.000
0.000,2026530.000
0.000,2026531.000
0.000,2026532.000
0.000,2026533.000
0.000,2026534.000
0.000,2026535.000
0.000,2026536.000
0.000,2026537.000
0.000,2026538.000
0.000,2026539.000
0.000,2026540.000
0.000,2026541.000
0.000,2026542.000
0.000,2026543.000
0.000,2026544.000
0.000,2026545.000
0.000,2026546.000
0.000,2026547.000
0.000,2026548.000
0.000,2026549.000
0.000,2026550.000
0.000,2026551.000
0.000,2026552.000
0.000,2026553.000
0.000,2026554.000
1.000,2026555.000
0.000,2026556.000
0.000,2026557.000
0.000,2026558.000
0.000,2026559.000
0.000,2026560.000
0.000,2026561.000
0.000,2026562.000
0.000,2026563.000
0.000,2026564.000
0.000,2026565.000
0.000,2026566.000
0.000,2026567.000
0.000,2026568.000
0.000,2026569.000
1.000,2026570.000
0.000,2026571.000
0.000,2026572.000
0.000,2026573.000
0.000,2026574.000
0.000,2026575.000
0.000,2026576.000
0.000,2026577.000
0.000,2026578.000
0.000,2026579.000
0.000,2026580.000
0.000,2026581.000
0.000,2026582.000
0.000,2026583.000
0.000,2026584.000
0.000,2026585.000
0.000,2026586.000
0.000,2026587.000
0.000,2026588.000
0.000,2026589.000
0.000,2026590.000
0.000,2026591.000
0.000,2026592.000
0.000,2026593.000
0.000,2026594.000
0.000,2026595.000
0.000,2026596.000
0.000,2026597.000
0.000,2026598.000
0.000,2026599.000
0.000,2026600.000
0.000,2026601.000
0.000,2026602.000
0.000,2026603.000
0.000,2026604.000
0.000,2026605.000
0.000,2026606.000
0.000,2026607.000
0.000,2026608.000
0.000,2026609.000
0.000,2026610.000
0.000,2026611.000
0.000,2026612.000
0.000,2026613.000
0.000,2026614.000
0.000,2026615.000
0.000,2026616.000
0.000,2026617.000
0.000,2026618.000
0.000,2026619.000
0.000,2026620.000
0.000,2026621.000
0.000,2026622.000
0.000,2026623.000
0.000,2026624.000
0.000,2026625.000
0.000,2026626.000
0.000,2026627.000
0.000,2026628.000
0.000,2026629.000
0.000,2026630.000
0.000,2026631.000
0.000,2026632.000
0.000,2026633.000
0.000,2026634.000
0.000,2026635.000
0.000,2026636.000
0.000,2026637.000
0.000,2026638.000
0.000,2026639.000
0.000,2026640.000
0.000,2026641.000
0.000,2026642.000
0.000,2026643.000
0.000,2026644.000
0.000,2026645.000
0.000,2026646.000
0.000,2026647.000
0.000,2026648.000
0.000,2026649.000
0.000,2026650.000
0.000,2026651.000
0.000,2026652.000
0.000,2026653.000
0.000,2026654.000
0.000,2026655.000
0.000,2026656.000
0.000,2026657.000
0.000,2026658.000
1.000,2026659.000
0.000,2026660.000
0.000,2026661.000
0.000,2026662.000
0.000,2026663.000
0.000,2026664.000
0.000,2026665.000
0.000,2026666.000
0.000,2026667.000
0.000,2026668.000
1.000,2026669.000
0.000,2026670.000
0.000,2026671.000
0.000,2026672.000
1.000,2026673.000
0.000,2026674.000
0.000,2026675.000
0.000,2026676.000
0.000,2026677.000
0.000,2026678.000
0.000,2026679.000
0.000,2026680.000
0.000,2026681.000
0.000,2026682.000
0.000,2026683.000
0.000,2026684.000
0.000,2026685.000
0.000,2026686.000
0.000,2026687.000
0.000,2026688.000
0.000,2026689.000
0.000,2026690.000
0.000,2026691.000
0.000,2026692.000
0.000,2026693.000
0.000,2026694.000
0.000,2026695.000
0.000,2026696.000
0.000,2026697.000
0.000,2026698.000
0.000,2026699.000
0.000,2026700.000
0.000,2026701.000
0.000,2026702.000
0.000,2026703.000
0.000,2026704.000
0.000,2026705.000
0.000,2026706.000
0.000,2026707.000
0.000,2026708.000
0.000,2026709.000
0.000,2026710.000
0.000,2026711.000
0.000,2026712.000
0.000,2026713.000
0.000,2026714.000
0.000,2026715.000
0.000,2026716.000
0.000,2026717.000
0.000,2026718.000
0.000,2026719.000
0.000,2026720.000
0.000,2026721.000
0.000,2026722.000
0.000,2026723.000
0.000,2026724.000
0.000,2026725.000
0.000,2026726.000
0.000,2026727.000
0.000,2026728.000
0.000,2026729.000
0.000,2026730.000
0.000,2026731.000
0.000,2026732.000
0.000,2026733.000
0.000,2026734.000
0.000,2026735.000
0.000,2026736.000
0.000,2026737.000
0.000,2026738.000
0.000,2026739.000
0.000,2026740.000
0.000,2026741.000
0.000,2026742.000
0.000,2026743.000
0.000,2026744.000
0.000,2026745.000
0.000,2026746.000
0.000,2026747.000
0.000,2026748.000
0.000,2026749.000
0.000,2026750.000
0.000,2026751.000
0.000,2026752.000
0.000,2026753.000
0.000,2026754.000
0.000,2026755.000
0.000,2026756.000
0.000,2026757.000
0.000,2026758.000
0.000,2026759.000
0.000,2026760.000
0.000,2026761.000
0.000,2026762.000
0.000,2026763.000
0.000,2026764.000
0.000,2026765.000
0.000,2026766.000
0.000,2026767.000
0.000,2026768.000
0.000,2026769.000
0.000,2026770.000
0.000,2026771.000
0.000,2026772.000
0.000,2026773.000
0.000,2026774.000
0.000,2026775.000
0.000,2026776.000
0.000,2026777.000
0.000,2026778.000
0.000,2026779.000
0.000,2026780.000
0.000,2026781.000
0.000,2026782.000
0.000,2026783.000
0.000,2026784.000
0.000,2026785.000
0.000,2026786.000
0.000,2026787.000
0.000,2026788.000
1.000,2026789.000
0.000,2026790.000
0.000,2026791.000
0.000,2026792.000
0.000,2026793.000
0.000,2026794.000
0.000,2026795.000
0.000,2026796.000
0.000,2026797.000
0.000,2026798.000
0.000,2026799.000
0.000,2026800.000
0.000,2026801.000
0.000,2026802.000
0.000,2026803.000
0.000,2026804.000
0.000,2026805.000
1.000,2026806.000
0.000,2026807.000
0.000,2026808.000
0.000,2026809.000
0.000,2026810.000
0.000,2026811.000
0.000,2026812.000
0.000,2026813.000
0.000,2026814.000
0.000,2026815.000
0.000,2026816.000
0.000,2026817.000
0.000,2026818.000
0.000,2026819.000
0.000,2026820.000
0.000,2026821.000
0.000,2026822.000
0.000,2026823.000
0.000,2026824.000
0.000,2026825.000
0.000,2026826.000
0.000,2026827.000
0.000,2026828.000
0.000,2026829.000
0.000,2026830.000
0.000,2026831.000
0.000,2026832.000
0.000,2026833.000
0.000,2026834.000
0.000,2026835.000
0.000,2026836.000
0.000,2026837.000
0.000,2026838.000
0.000,2026839.000
0.000,2026840.000
0.000,2026841.000
0.000,2026842.000
0.000,2026843.000
0.000,2026844.000
0.000,2026845.000
0.000,2026846.000
0.000,2026847.000
0.000,2026848.000
0.000,2026849.000
0.000,2026850.000
0.000,2026851.000
0.000,2026852.000
0.000,2026853.000
0.000,2026854.000
0.000,2026855.000
0.000,2026856.000
0.000,2026857.000
0.000,2026858.000
0.000,2026859.000
0.000,2026860.000
0.000,2026861.000
0.000,2026862.000
0.000,2026863.000
0.000,2026864.000
0.000,2026865.000
0.000,2026866.000
0.000,2026867.000
0.000,2026868.000
0.000,2026869.000
0.000,2026870.000
0.000,2026871.000
0.000,2026872.000
0.000,2026873.000
0.000,2026874.000
0.000,2026875.000
0.000,2026876.000
0.000,2026877.000
0.000,2026878.000
0.000,2026879.000
0.000,2026880.000
0.000,2026881.000
0.000,2026882.000
0.000,2026883.000
0.000,2026884.000
0.000,2026885.000
0.000,2026886.000
0.000,2026887.000
0.000,2026888.000
0.000,2026889.000
0.000,2026890.000
0.000,2026891.000
0.000,2026892.000
0.000,2026893.000
0.000,2026894.000
0.000,2026895.000
0.000,2026896.000
0.000,2026897.000
0.000,2026898.000
0.000,2026899.000
0.000,2026900.000
0.000,2026901.000
0.000,2026902.000
1.000,2026903.000
0.000,2026904.000
0.000,2026905.000
0.000,2026906.000
0.000,2026907.000
0.000,2026908.000
0.000,2026909.000
0.000,2026910.000
0.000,2026911.000
0.000,2026912.000
0.000,2026913.000
0.000,2026914.000
0.000,2026915.000
0.000,2026916.000
0.000,2026917.000
0.000,2026918.000
0.000,2026919.000
0.000,2026920.000
0.000,2026921.000
0.000,2026922.000
0.000,2026923.000
0.000,2026924.000
0.000,2026925.000
0.000,2026926.000
0.000,2026927.000
0.000,2026928.000
0.000,2026929.000
0.000,2026930.000
0.000,2026931.000
0.000,2026932.000
0.000,2026933.000
0.000,2026934.000
0.000,2026935.000
0.000,2026936.000
0.000,2026937.000
0.000,2026938.000
0.000,2026939.000
0.000,2026940.000
0.000,2026941.000
0.000,2026942.000
0.000,2026943.000
0.000,2026944.000
0.000,2026945.000
0.000,2026946.000
0.000,2026947.000
0.000,2026948.000
0.000,2026949.000
0.000,2026950.000
0.000,2026951.000
0.000,2026952.000
0.000,2026953.000
0.000,2026954.000
0.000,2026955.000
0.000,2026956.000
0.000,2026957.000
0.000,2026958.000
0.000,2026959.000
0.000,2026960.000
0.000,2026961.000
0.000,2026962.000
0.000,2026963.000
0.000,2026964.000
0.000,2026965.000
0.000,2026966.000
0.000,2026967.000
0.000,2026968.000
0.000,2026969.000
0.000,2026970.000
0.000,2026971.000
0.000,2026972.000
0.000,2026973.000
0.000,2026974.000
0.000,2026975.000
0.000,2026976.000
0.000,2026977.000
0.000,2026978.000
0.000,2026979.000
0.000,2026980.000
0.000,2026981.000
0.000,2026982.000
0.000,2026983.000
0.000,2026984.000
0.000,2026985.000
0.000,2026986.000
0.000,2026987.000
0.000,2026988.000
0.000,2026989.000
0.000,2026990.000
0.000,2026991.000
0.000,2026992.000
0.000,2026993.000
0.000,2026994.000
0.000,2026995.000
0.000,2026996.000
0.000,2026997.000
1.000,2026998.000
0.000,2026999.000
0.000,2027000.000
0.000,2027001.000
0.000,2027002.000
0.000,2027003.000
0.000,2027004.000
0.000,2027005.000
0.000,2027006.000
0.000,2027007.000
0.000,2027008.000
0.000,2027009.000
1.000,2027010.000
0.000,2027011.000
0.000,2027012.000
0.000,2027013.000
0.000,2027014.000
1.000,2027015.000
0.000,2027016.000
0.000,2027017.000
0.000,2027018.000
0.000,2027019.000
0.000,2027020.000
1.000,2027021.000
0.000,2027022.000
1.000,2027023.000
0.000,2027024.000
0.000,2027025.000
0.000,2027026.000
0.000,2027027.000
0.000,2027028.000
0.000,2027029.000
0.000,2027030.000
0.000,2027031.000
0.000,2027032.000
0.000,2027033.000
0.000,2027034.000
0.000,2027035.000
0.000,2027036.000
0.000,2027037.000
0.000,2027038.000
0.000,2027039.000
0.000,2027040.000
0.000,2027041.000
0.000,2027042.000
0.000,2027043.000
0.000,2027044.000
0.000,2027045.000
0.000,2027046.000
0.000,2027047.000
0.000,2027048.000
0.000,2027049.000
0.000,2027050.000
0.000,2027051.000
0.000,2027052.000
0.000,2027053.000
0.000,2027054.000
0.000,2027055.000
0.000,2027056.000
0.000,2027057.000
0.000,2027058.000
0.000,2027059.000
0.000,2027060.000
0.000,2027061.000
0.000,2027062.000
0.000,2027063.000
0.000,2027064.000
0.000,2027065.000
0.000,2027066.000
0.000,2027067.000
0.000,2027068.000
0.000,2027069.000
0.000,2027070.000
0.000,2027071.000
0.000,2027072.000
0.000,2027073.000
0.000,2027074.000
0.000,2027075.000
0.000,2027076.000
0.000,2027077.000
0.000,2027078.000
0.000,2027079.000
0.000,2027080.000
0.000,2027081.000
0.000,2027082.000
0.000,2027083.000
0.000,2027084.000
0.000,2027085.000
0.000,2027086.000
0.000,2027087.000
0.000,2027088.000
0.000,2027089.000
0.000,2027090.000
0.000,2027091.000
0.000,2027092.000
0.000,2027093.000
0.000,2027094.000
0.000,2027095.000
0.000,2027096.000
0.000,2027097.000
0.000,2027098.000
0.000,2027099.000
0.000,2027100.000
0.000,2027101.000
0.000,2027102.000
0.000,2027103.000
0.000,2027104.000
0.000,2027105.000
0.000,2027106.000
0.000,2027107.000
0.000,2027108.000
0.000,2027109.000
0.000,2027110.000
0.000,2027111.000
0.000,2027112.000
0.000,2027113.000
0.000,2027114.000
0.000,2027115.000
0.000,2027116.000
0.000,2027117.000
0.000,2027118.000
0.000,2027119.000
0.000,2027120.000
0.000,2027121.000
0.000,2027122.000
0.000,2027123.000
0.000,2027124.000
0.000,2027125.000
0.000,2027126.000
0.000,2027127.000
0.000,2027128.000
0.000,2027129.000
0.000,2027130.000
0.000,2027131.000
0.000,2027132.000
0.000,2027133.000
0.000,2027134.000
0.000,2027135.000
0.000,2027136.000
0.000,2027137.000
0.000,2027138.000
0.000,2027139.000
0.000,2027140.000
0.000,2027141.000
0.000,2027142.000
0.000,2027143.000
0.000,2027144.000
0.000,2027145.000
0.000,2027146.000
0.000,2027147.000
0.000,2027148.000
0.000,2027149.000
0.000,2027150.000
0.000,2027151.000
0.000,2027152.000
0.000,2027153.000
0.000,2027154.000
0.000,2027155.000
1.000,2027156.000
0.000,2027157.000
0.000,2027158.000
0.000,2027159.000
0.000,2027160.000
0.000,2027161.000
0.000,2027162.000
0.000,2027163.000
0.000,2027164.000
0.000,2027165.000
0.000,2027166.000
0.000,2027167.000
0.000,2027168.000
0.000,2027169.000
0.000,2027170.000
0.000,2027171.000
0.000,2027172.000
1.000,2027173.000
0.000,2027174.000
0.000,2027175.000
0.000,2027176.000
1.000,2027177.000
0.000,2027178.000
0.000,2027179.000
0.000,2027180.000
0.000,2027181.000
0.000,2027182.000
0.000,2027183.000
0.000,2027184.000
0.000,2027185.000
0.000,2027186.000
0.000,2027187.000
0.000,2027188.000
0.000,2027189.000
0.000,2027190.000
0.000,2027191.000
0.000,2027192.000
0.000,2027193.000
0.000,2027194.000
0.000,2027195.000
0.000,2027196.000
0.000,2027197.000
0.000,2027198.000
0.000,2027199.000
0.000,2027200.000
0.000,2027201.000
0.000,2027202.000
0.000,2027203.000
0.000,2027204.000
0.000,2027205.000
0.000,2027206.000
0.000,2027207.000
0.000,2027208.000
0.000,2027209.000
0.000,2027210.000
0.000,2027211.000
0.000,2027212.000
0.000,2027213.000
0.000,2027214.000
0.000,2027215.000
0.000,2027216.000
0.000,2027217.000
0.000,2027218.000
0.000,2027219.000
0.000,2027220.000
0.000,2027221.000
0.000,2027222.000
0.000,2027223.000
0.000,2027224.000
0.000,2027225.000
0.000,2027226.000
0.000,2027227.000
0.000,2027228.000
1.000,2027229.000
0.000,2027230.000
0.000,2027231.000
0.000,2027232.000
0.000,2027233.000
0.000,2027234.000
0.000,2027235.000
0.000,2027236.000
0.000,2027237.000
0.000,2027238.000
0.000,2027239.000
0.000,2027240.000
0.000,2027241.000
0.000,2027242.000
0.000,2027243.000
0.000,2027244.000
0.000,2027245.000
0.000,2027246.000
0.000,2027247.000
0.000,2027248.000
0.000,2027249.000
0.000,2027250.000
1.000,2027251.000
0.000,2027252.000
0.000,2027253.000
0.000,2027254.000
0.000,2027255.000
0.000,2027256.000
0.000,2027257.000
0.000,2027258.000
0.000,2027259.000
0.000,2027260.000
0.000,2027261.000
0.000,2027262.000
0.000,2027263.000
0.000,2027264.000
0.000,2027265.000
0.000,2027266.000
0.000,2027267.000
0.000,2027268.000
0.000,2027269.000
0.000,2027270.000
0.000,2027271.000
0.000,2027272.000
0.000,2027273.000
0.000,2027274.000
0.000,2027275.000
0.000,2027276.000
0.000,2027277.000
0.000,2027278.000
0.000,2027279.000
0.000,2027280.000
0.000,2027281.000
0.000,2027282.000
0.000,2027283.000
0.000,2027284.000
0.000,2027285.000
0.000,2027286.000
0.000,2027287.000
0.000,2027288.000
0.000,2027289.000
0.000,2027290.000
0.000,2027291.000
0.000,2027292.000
0.000,2027293.000
0.000,2027294.000
1.000,2027295.000
0.000,2027296.000
0.000,2027297.000
0.000,2027298.000
0.000,2027299.000
0.000,2027300.000
0.000,2027301.000
1.000,2027302.000
0.000,2027303.000
0.000,2027304.000
0.000,2027305.000
0.000,2027306.000
0.000,2027307.000
0.000,2027308.000
0.000,2027309.000
0.000,2027310.000
0.000,2027311.000
0.000,2027312.000
0.000,2027313.000
0.000,2027314.000
0.000,2027315.000
0.000,2027316.000
0.000,2027317.000
0.000,2027318.000
0.000,2027319.000
0.000,2027320.000
0.000,2027321.000
0.000,2027322.000
0.000,2027323.000
0.000,2027324.000
0.000,2027325.000
0.000,2027326.000
0.000,2027327.000
0.000,2027328.000
0.000,2027329.000
0.000,2027330.000
0.000,2027331.000
1.000,2027332.000
0.000,2027333.000
0.000,2027334.000
0.000,2027335.000
0.000,2027336.000
0.000,2027337.000
0.000,2027338.000
0.000,2027339.000
0.000,2027340.000
0.000,2027341.000
0.000,2027342.000
0.000,2027343.000
0.000,2027344.000
0.000,2027345.000
0.000,2027346.000
0.000,2027347.000
0.000,2027348.000
0.000,2027349.000
0.000,2027350.000
0.000,2027351.000
0.000,2027352.000
0.000,2027353.000
0.000,2027354.000
0.000,2027355.000
0.000,2027356.000
0.000,2027357.000
0.000,2027358.000
0.000,2027359.000
0.000,2027360.000
0.000,2027361.000
0.000,2027362.000
0.000,2027363.000
0.000,2027364.000
0.000,2027365.000
0.000,2027366.000
0.000,2027367.000
0.000,2027368.000
0.000,2027369.000
0.000,2027370.000
0.000,2027371.000
0.000,2027372.000
0.000,2027373.000
0.000,2027374.000
0.000,2027375.000
0.000,2027376.000
0.000,2027377.000
0.000,2027378.000
0.000,2027379.000
0.000,2027380.000
0.000,2027381.000
0.000,2027382.000
0.000,2027383.000
0.000,2027384.000
0.000,2027385.000
0.000,2027386.000
0.000,2027387.000
0.000,2027388.000
0.000,2027389.000
0.000,2027390.000
0.000,2027391.000
0.000,2027392.000
0.000,2027393.000
0.000,2027394.000
0.000,2027395.000
0.000,2027396.000
0.000,2027397.000
0.000,2027398.000
0.000,2027399.000
0.000,2027400.000
0.000,2027401.000
0.000,2027402.000
0.000,2027403.000
0.000,2027404.000
0.000,2027405.000
0.000,2027406.000
0.000,2027407.000
0.000,2027408.000
0.000,2027409.000
0.000,2027410.000
0.000,2027411.000
0.000,2027412.000
0.000,2027413.000
0.000,2027414.000
0.000,2027415.000
0.000,2027416.000
0.000,2027417.000
0.000,2027418.000
0.000,2027419.000
0.000,2027420.000
0.000,2027421.000
0.000,2027422.000
0.000,2027423.000
0.000,2027424.000
0.000,2027425.000
0.000,2027426.000
0.000,2027427.000
0.000,2027428.000
0.000,2027429.000
0.000,2027430.000
0.000,2027431.000
0.000,2027432.000
0.000,2027433.000
0.000,2027434.000
0.000,2027435.000
0.000,2027436.000
0.000,2027437.000
0.000,2027438.000
0.000,2027439.000
0.000,2027440.000
0.000,2027441.000
0.000,2027442.000
0.000,2027443.000
0.000,2027444.000
0.000,2027445.000
0.000,2027446.000
0.000,2027447.000
0.000,2027448.000
0.000,2027449.000
0.000,2027450.000
0.000,2027451.000
0.000,2027452.000
0.000,2027453.000
0.000,2027454.000
0.000,2027455.000
0.000,2027456.000
0.000,2027457.000
0.000,2027458.000
0.000,2027459.000
0.000,2027460.000
0.000,2027461.000
0.000,2027462.000
0.000,2027463.000
0.000,2027464.000
0.000,2027465.000
1.000,2027466.000
0.000,2027467.000
0.000,2027468.000
0.000,2027469.000
0.000,2027470.000
0.000,2027471.000
0.000,2027472.000
0.000,2027473.000
0.000,2027474.000
0.000,2027475.000
0.000,2027476.000
0.000,2027477.000
0.000,2027478.000
0.000,2027479.000
0.000,2027480.000
0.000,2027481.000
0.000,2027482.000
0.000,2027483.000
0.000,2027484.000
0.000,2027485.000
0.000,2027486.000
0.000,2027487.000
0.000,2027488.000
0.000,2027489.000
0.000,2027490.000
0.000,2027491.000
0.000,2027492.000
0.000,2027493.000
0.000,2027494.000
0.000,2027495.000
0.000,2027496.000
0.000,2027497.000
0.000,2027498.000
0.000,2027499.000
0.000,2027500.000
0.000,2027501.000
0.000,2027502.000
0.000,2027503.000
0.000,2027504.000
0.000,2027505.000
0.000,2027506.000
0.000,2027507.000
0.000,2027508.000
0.000,2027509.000
0.000,2027510.000
0.000,2027511.000
0.000,2027512.000
0.000,2027513.000
0.000,2027514.000
0.000,2027515.000
0.000,2027516.000
0.000,2027517.000
0.000,2027518.000
0.000,2027519.000
0.000,2027520.000
0.000,2027521.000
0.000,2027522.000
0.000,2027523.000
0.000,2027524.000
0.000,2027525.000
0.000,2027526.000
0.000,2027527.000
0.000,2027528.000
0.000,2027529.000
0.000,2027530.000
0.000,2027531.000
0.000,2027532.000
0.000,2027533.000
0.000,2027534.000
0.000,2027535.000
0.000,2027536.000
0.000,2027537.000
0.000,2027538.000
0.000,2027539.000
0.000,2027540.000
0.000,2027541.000
0.000,2027542.000
0.000,2027543.000
0.000,2027544.000
0.000,2027545.000
0.000,2027546.000
0.000,2027547.000
0.000,2027548.000
0.000,2027549.000
0.000,2027550.000
0.000,2027551.000
0.000,2027552.000
0.000,2027553.000
0.000,2027554.000
0.000,2027555.000
0.000,2027556.000
0.000,2027557.000
0.000,2027558.000
1.000,2027559.000
0.000,2027560.000
0.000,2027561.000
0.000,2027562.000
1.000,2027563.000
0.000,2027564.000
0.000,2027565.000
0.000,2027566.000
0.000,2027567.000
0.000,2027568.000
0.000,2027569.000
0.000,2027570.000
0.000,2027571.000
0.000,2027572.000
0.000,2027573.000
0.000,2027574.000
0.000,2027575.000
0.000,2027576.000
0.000,2027577.000
0.000,2027578.000
0.000,2027579.000
0.000,2027580.000
0.000,2027581.000
0.000,2027582.000
0.000,2027583.000
0.000,2027584.000
0.000,2027585.000
0.000,2027586.000
0.000,2027587.000
0.000,2027588.000
0.000,2027589.000
0.000,2027590.000
0.000,2027591.000
0.000,2027592.000
0.000,2027593.000
0.000,2027594.000
0.000,2027595.000
0.000,2027596.000
0.000,2027597.000
0.000,2027598.000
0.000,2027599.000
0.000,2027600.000
0.000,2027601.000
0.000,2027602.000
0.000,2027603.000
0.000,2027604.000
0.000,2027605.000
0.000,2027606.000
0.000,2027607.000
0.000,2027608.000
0.000,2027609.000
0.000,2027610.000
0.000,2027611.000
0.000,2027612.000
0.000,2027613.000
0.000,2027614.000
0.000,2027615.000
0.000,2027616.000
0.000,2027617.000
0.000,2027618.000
0.000,2027619.000
0.000,2027620.000
0.000,2027621.000
0.000,2027622.000
0.000,2027623.000
0.000,2027624.000
0.000,2027625.000
0.000,2027626.000
0.000,2027627.000
0.000,2027628.000
0.000,2027629.000
0.000,2027630.000
0.000,2027631.000
0.000,2027632.000
0.000,2027633.000
0.000,2027634.000
0.000,2027635.000
0.000,2027636.000
0.000,2027637.000
0.000,2027638.000
0.000,2027639.000
0.000,2027640.000
0.000,2027641.000
0.000,2027642.000
0.000,2027643.000
0.000,2027644.000
0.000,2027645.000
0.000,2027646.000
0.000,2027647.000
0.000,2027648.000
0.000,2027649.000
0.000,2027650.000
0.000,2027651.000
0.000,2027652.000
0.000,2027653.000
0.000,2027654.000
1.000,2027655.000
0.000,2027656.000
0.000,2027657.000
0.000,2027658.000
0.000,2027659.000
0.000,2027660.000
0.000,2027661.000
0.000,2027662.000
0.000,2027663.000
0.000,2027664.000
0.000,2027665.000
0.000,2027666.000
0.000,2027667.000
0.000,2027668.000
0.000,2027669.000
0.000,2027670.000
0.000,2027671.000
0.000,2027672.000
0.000,2027673.000
0.000,2027674.000
0.000,2027675.000
0.000,2027676.000
0.000,2027677.000
0.000,2027678.000
0.000,2027679.000
0.000,2027680.000
0.000,2027681.000
0.000,2027682.000
0.000,2027683.000
0.000,2027684.000
0.000,2027685.000
0.000,2027686.000
0.000,2027687.000
0.000,2027688.000
0.000,2027689.000
0.000,2027690.000
0.000,2027691.000
0.000,2027692.000
0.000,2027693.000
0.000,2027694.000
0.000,2027695.000
0.000,2027696.000
0.000,2027697.000
0.000,2027698.000
0.000,2027699.000
0.000,2027700.000
0.000,2027701.000
0.000,2027702.000
0.000,2027703.000
0.000,2027704.000
0.000,2027705.000
0.000,2027706.000
0.000,2027707.000
0.000,2027708.000
0.000,2027709.000
0.000,2027710.000
0.000,2027711.000
0.000,2027712.000
0.000,2027713.000
0.000,2027714.000
0.000,2027715.000
0.000,2027716.000
0.000,2027717.000
0.000,2027718.000
0.000,2027719.000
0.000,2027720.000
0.000,2027721.000
0.000,2027722.000
0.000,2027723.000
0.000,2027724.000
0.000,2027725.000
0.000,2027726.000
0.000,2027727.000
0.000,2027728.000
0.000,2027729.000
0.000,2027730.000
0.000,2027731.000
0.000,2027732.000
0.000,2027733.000
0.000,2027734.000
0.000,2027735.000
0.000,2027736.000
0.000,2027737.000
0.000,2027738.000
0.000,2027739.000
0.000,2027740.000
0.000,2027741.000
0.000,2027742.000
0.000,2027743.000
0.000,2027744.000
0.000,2027745.000
0.000,2027746.000
0.000,2027747.000
0.000,2027748.000
0.000,2027749.000
0.000,2027750.000
0.000,2027751.000
0.000,2027752.000
0.000,2027753.000
0.000,2027754.000
0.000,2027755.000
0.000,2027756.000
0.000,2027757.000
0.000,2027758.000
0.000,2027759.000
0.000,2027760.000
0.000,2027761.000
0.000,2027762.000
0.000,2027763.000
1.000,2027764.000
0.000,2027765.000
0.000,2027766.000
0.000,2027767.000
0.000,2027768.000
0.000,2027769.000
0.000,2027770.000
0.000,2027771.000
0.000,2027772.000
0.000,2027773.000
0.000,2027774.000
1.000,2027775.000
0.000,2027776.000
0.000,2027777.000
0.000,2027778.000
0.000,2027779.000
0.000,2027780.000
0.000,2027781.000
0.000,2027782.000
0.000,2027783.000
0.000,2027784.000
0.000,2027785.000
0.000,2027786.000
0.000,2027787.000
0.000,2027788.000
0.000,2027789.000
0.000,2027790.000
0.000,2027791.000
0.000,2027792.000
0.000,2027793.000
0.000,2027794.000
0.000,2027795.000
0.000,2027796.000
0.000,2027797.000
0.000,2027798.000
0.000,2027799.000
0.000,2027800.000
0.000,2027801.000
0.000,2027802.000
0.000,2027803.000
0.000,2027804.000
0.000,2027805.000
0.000,2027806.000
0.000,2027807.000
0.000,2027808.000
0.000,2027809.000
1.000,2027810.000
0.000,2027811.000
0.000,2027812.000
0.000,2027813.000
0.000,2027814.000
0.000,2027815.000
0.000,2027816.000
0.000,2027817.000
0.000,2027818.000
0.000,2027819.000
0.000,2027820.000
0.000,2027821.000
0.000,2027822.000
0.000,2027823.000
0.000,2027824.000
0.000,2027825.000
0.000,2027826.000
0.000,2027827.000
0.000,2027828.000
0.000,2027829.000
0.000,2027830.000
0.000,2027831.000
0.000,2027832.000
0.000,2027833.000
0.000,2027834.000
0.000,2027835.000
1.000,2027836.000
0.000,2027837.000
0.000,2027838.000
0.000,2027839.000
0.000,2027840.000
0.000,2027841.000
0.000,2027842.000
0.000,2027843.000
0.000,2027844.000
0.000,2027845.000
0.000,2027846.000
0.000,2027847.000
0.000,2027848.000
0.000,2027849.000
0.000,2027850.000
0.000,2027851.000
0.000,2027852.000
0.000,2027853.000
0.000,2027854.000
0.000,2027855.000
0.000,2027856.000
0.000,2027857.000
0.000,2027858.000
0.000,2027859.000
0.000,2027860.000
0.000,2027861.000
0.000,2027862.000
0.000,2027863.000
0.000,2027864.000
0.000,2027865.000
0.000,2027866.000
0.000,2027867.000
0.000,2027868.000
0.000,2027869.000
0.000,2027870.000
0.000,2027871.000
0.000,2027872.000
0.000,2027873.000
0.000,2027874.000
0.000,2027875.000
0.000,2027876.000
0.000,2027877.000
0.000,2027878.000
0.000,2027879.000
0.000,2027880.000
0.000,2027881.000
0.000,2027882.000
0.000,2027883.000
0.000,2027884.000
0.000,2027885.000
0.000,2027886.000
0.000,2027887.000
0.000,2027888.000
0.000,2027889.000
0.000,2027890.000
0.000,2027891.000
0.000,2027892.000
0.000,2027893.000
0.000,2027894.000
0.000,2027895.000
0.000,2027896.000
0.000,2027897.000
0.000,2027898.000
0.000,2027899.000
0.000,2027900.000
0.000,2027901.000
0.000,2027902.000
0.000,2027903.000
0.000,2027904.000
0.000,2027905.000
0.000,2027906.000
0.000,2027907.000
0.000,2027908.000
0.000,2027909.000
0.000,2027910.000
0.000,2027911.000
0.000,2027912.000
0.000,2027913.000
0.000,2027914.000
0.000,2027915.000
0.000,2027916.000
0.000,2027917.000
0.000,2027918.000
0.000,2027919.000
0.000,2027920.000
0.000,2027921.000
0.000,2027922.000
0.000,2027923.000
0.000,2027924.000
0.000,2027925.000
0.000,2027926.000
0.000,2027927.000
0.000,2027928.000
0.000,2027929.000
0.000,2027930.000
0.000,2027931.000
0.000,2027932.000
0.000,2027933.000
0.000,2027934.000
0.000,2027935.000
0.000,2027936.000
0.000,2027937.000
0.000,2027938.000
0.000,2027939.000
0.000,2027940.000
0.000,2027941.000
1.000,2027942.000
0.000,2027943.000
0.000,2027944.000
0.000,2027945.000
0.000,2027946.000
0.000,2027947.000
0.000,2027948.000
0.000,2027949.000
0.000,2027950.000
0.000,2027951.000
0.000,2027952.000
0.000,2027953.000
0.000,2027954.000
0.000,2027955.000
0.000,2027956.000
0.000,2027957.000
0.000,2027958.000
0.000,2027959.000
0.000,2027960.000
0.000,2027961.000
0.000,2027962.000
0.000,2027963.000
0.000,2027964.000
0.000,2027965.000
0.000,2027966.000
0.000,2027967.000
0.000,2027968.000
0.000,2027969.000
0.000,2027970.000
0.000,2027971.000
0.000,2027972.000
0.000,2027973.000
0.000,2027974.000
0.000,2027975.000
0.000,2027976.000
0.000,2027977.000
0.000,2027978.000
0.000,2027979.000
0.000,2027980.000
0.000,2027981.000
0.000,2027982.000
0.000,2027983.000
0.000,2027984.000
0.000,2027985.000
0.000,2027986.000
0.000,2027987.000
0.000,2027988.000
0.000,2027989.000
0.000,2027990.000
0.000,2027991.000
0.000,2027992.000
0.000,2027993.000
0.000,2027994.000
0.000,2027995.000
0.000,2027996.000
0.000,2027997.000
0.000,2027998.000
0.000,2027999.000
0.000,2028000.000
0.000,2028001.000
1.000,2028002.000
0.000,2028003.000
0.000,2028004.000
0.000,2028005.000
0.000,2028006.000
0.000,2028007.000
0.000,2028008.000
0.000,2028009.000
0.000,2028010.000
0.000,2028011.000
0.000,2028012.000
0.000,2028013.000
0.000,2028014.000
0.000,2028015.000
0.000,2028016.000
0.000,2028017.000
0.000,2028018.000
0.000,2028019.000
0.000,2028020.000
0.000,2028021.000
0.000,2028022.000
0.000,2028023.000
0.000,2028024.000
0.000,2028025.000
0.000,2028026.000
0.000,2028027.000
0.000,2028028.000
0.000,2028029.000
0.000,2028030.000
0.000,2028031.000
0.000,2028032.000
0.000,2028033.000
0.000,2028034.000
0.000,2028035.000
0.000,2028036.000
1.000,2028037.000
0.000,2028038.000
0.000,2028039.000
0.000,2028040.000
0.000,2028041.000
0.000,2028042.000
0.000,2028043.000
0.000,2028044.000
0.000,2028045.000
0.000,2028046.000
0.000,2028047.000
0.000,2028048.000
0.000,2028049.000
0.000,2028050.000
0.000,2028051.000
0.000,2028052.000
0.000,2028053.000
0.000,2028054.000
0.000,2028055.000
0.000,2028056.000
0.000,2028057.000
0.000,2028058.000
0.000,2028059.000
0.000,2028060.000
0.000,2028061.000
0.000,2028062.000
0.000,2028063.000
0.000,2028064.000
0.000,2028065.000
0.000,2028066.000
0.000,2028067.000
0.000,2028068.000
0.000,2028069.000
0.000,2028070.000
0.000,2028071.000
0.000,2028072.000
0.000,2028073.000
0.000,2028074.000
0.000,2028075.000
0.000,2028076.000
0.000,2028077.000
0.000,2028078.000
0.000,2028079.000
0.000,2028080.000
0.000,2028081.000
0.000,2028082.000
0.000,2028083.000
0.000,2028084.000
0.000,2028085.000
0.000,2028086.000
0.000,2028087.000
0.000,2028088.000
0.000,2028089.000
0.000,2028090.000
0.000,2028091.000
0.000,2028092.000
0.000,2028093.000
0.000,2028094.000
0.000,2028095.000
0.000,2028096.000
0.000,2028097.000
0.000,2028098.000
0.000,2028099.000
0.000,2028100.000
0.000,2028101.000
0.000,2028102.000
0.000,2028103.000
0.000,2028104.000
0.000,2028105.000
0.000,2028106.000
0.000,2028107.000
0.000,2028108.000
0.000,2028109.000
0.000,2028110.000
0.000,2028111.000
0.000,2028112.000
0.000,2028113.000
0.000,2028114.000
0.000,2028115.000
0.000,2028116.000
0.000,2028117.000
0.000,2028118.000
0.000,2028119.000
0.000,2028120.000
0.000,2028121.000
0.000,2028122.000
0.000,2028123.000
0.000,2028124.000
0.000,2028125.000
0.000,2028126.000
0.000,2028127.000
0.000,2028128.000
0.000,2028129.000
0.000,2028130.000
0.000,2028131.000
0.000,2028132.000
0.000,2028133.000
0.000,2028134.000
0.000,2028135.000
0.000,2028136.000
0.000,2028137.000
0.000,2028138.000
0.000,2028139.000
0.000,2028140.000
0.000,2028141.000
0.000,2028142.000
0.000,2028143.000
0.000,2028144.000
0.000,2028145.000
0.000,2028146.000
0.000,2028147.000
0.000,2028148.000
0.000,2028149.000
0.000,2028150.000
1.000,2028151.000
0.000,2028152.000
0.000,2028153.000
0.000,2028154.000
0.000,2028155.000
0.000,2028156.000
0.000,2028157.000
0.000,2028158.000
0.000,2028159.000
0.000,2028160.000
0.000,2028161.000
0.000,2028162.000
0.000,2028163.000
0.000,2028164.000
0.000,2028165.000
0.000,2028166.000
0.000,2028167.000
0.000,2028168.000
0.000,2028169.000
0.000,2028170.000
0.000,2028171.000
0.000,2028172.000
0.000,2028173.000
0.000,2028174.000
0.000,2028175.000
0.000,2028176.000
0.000,2028177.000
0.000,2028178.000
0.000,2028179.000
0.000,2028180.000
0.000,2028181.000
0.000,2028182.000
0.000,2028183.000
0.000,2028184.000
0.000,2028185.000
0.000,2028186.000
0.000,2028187.000
0.000,2028188.000
0.000,2028189.000
0.000,2028190.000
1.000,2028191.000
0.000,2028192.000
0.000,2028193.000
0.000,2028194.000
0.000,2028195.000
0.000,2028196.000
0.000,2028197.000
0.000,2028198.000
0.000,2028199.000
0.000,2028200.000
0.000,2028201.000
0.000,2028202.000
0.000,2028203.000
0.000,2028204.000
0.000,2028205.000
0.000,2028206.000
0.000,2028207.000
0.000,2028208.000
0.000,2028209.000
0.000,2028210.000
0.000,2028211.000
0.000,2028212.000
0.000,2028213.000
0.000,2028214.000
0.000,2028215.000
0.000,2028216.000
0.000,2028217.000
0.000,2028218.000
0.000,2028219.000
0.000,2028220.000
0.000,2028221.000
0.000,2028222.000
0.000,2028223.000
0.000,2028224.000
0.000,2028225.000
0.000,2028226.000
0.000,2028227.000
0.000,2028228.000
0.000,2028229.000
0.000,2028230.000
0.000,2028231.000
0.000,2028232.000
0.000,2028233.000
0.000,2028234.000
0.000,2028235.000
0.000,2028236.000
0.000,2028237.000
0.000,2028238.000
0.000,2028239.000
0.000,2028240.000
0.000,2028241.000
0.000,2028242.000
0.000,2028243.000
0.000,2028244.000
0.000,2028245.000
0.000,2028246.000
0.000,2028247.000
0.000,2028248.000
0.000,2028249.000
0.000,2028250.000
0.000,2028251.000
0.000,2028252.000
0.000,2028253.000
0.000,2028254.000
0.000,2028255.000
0.000,2028256.000
0.000,2028257.000
0.000,2028258.000
0.000,2028259.000
0.000,2028260.000
0.000,2028261.000
0.000,2028262.000
0.000,2028263.000
0.000,2028264.000
0.000,2028265.000
0.000,2028266.000
0.000,2028267.000
0.000,2028268.000
0.000,2028269.000
0.000,2028270.000
0.000,2028271.000
0.000,2028272.000
0.000,2028273.000
0.000,2028274.000
0.000,2028275.000
0.000,2028276.000
0.000,2028277.000
0.000,2028278.000
0.000,2028279.000
0.000,2028280.000
0.000,2028281.000
0.000,2028282.000
0.000,2028283.000
0.000,2028284.000
0.000,2028285.000
0.000,2028286.000
0.000,2028287.000
0.000,2028288.000
0.000,2028289.000
0.000,2028290.000
0.000,2028291.000
0.000,2028292.000
0.000,2028293.000
0.000,2028294.000
0.000,2028295.000
0.000,2028296.000
0.000,2028297.000
0.000,2028298.000
0.000,2028299.000
0.000,2028300.000
0.000,2028301.000
0.000,2028302.000
0.000,2028303.000
0.000,2028304.000
0.000,2028305.000
0.000,2028306.000
0.000,2028307.000
0.000,2028308.000
0.000,2028309.000
0.000,2028310.000
0.000,2028311.000
0.000,2028312.000
0.000,2028313.000
0.000,2028314.000
0.000,2028315.000
0.000,2028316.000
0.000,2028317.000
0.000,2028318.000
1.000,2028319.000
0.000,2028320.000
0.000,2028321.000
0.000,2028322.000
0.000,2028323.000
0.000,2028324.000
0.000,2028325.000
0.000,2028326.000
0.000,2028327.000
0.000,2028328.000
0.000,2028329.000
0.000,2028330.000
0.000,2028331.000
0.000,2028332.000
0.000,2028333.000
0.000,2028334.000
0.000,2028335.000
0.000,2028336.000
0.000,2028337.000
0.000,2028338.000
0.000,2028339.000
0.000,2028340.000
0.000,2028341.000
0.000,2028342.000
0.000,2028343.000
0.000,2028344.000
1.000,2028345.000
0.000,2028346.000
0.000,2028347.000
0.000,2028348.000
0.000,2028349.000
0.000,2028350.000
0.000,2028351.000
0.000,2028352.000
0.000,2028353.000
0.000,2028354.000
0.000,2028355.000
0.000,2028356.000
0.000,2028357.000
0.000,2028358.000
0.000,2028359.000
0.000,2028360.000
0.000,2028361.000
0.000,2028362.000
0.000,2028363.000
0.000,2028364.000
0.000,2028365.000
0.000,2028366.000
0.000,2028367.000
0.000,2028368.000
0.000,2028369.000
0.000,2028370.000
0.000,2028371.000
0.000,2028372.000
0.000,2028373.000
0.000,2028374.000
0.000,2028375.000
0.000,2028376.000
0.000,2028377.000
0.000,2028378.000
0.000,2028379.000
0.000,2028380.000
0.000,2028381.000
0.000,2028382.000
1.000,2028383.000
0.000,2028384.000
0.000,2028385.000
0.000,2028386.000
0.000,2028387.000
0.000,2028388.000
0.000,2028389.000
0.000,2028390.000
0.000,2028391.000
0.000,2028392.000
0.000,2028393.000
0.000,2028394.000
0.000,2028395.000
0.000,2028396.000
0.000,2028397.000
0.000,2028398.000
0.000,2028399.000
0.000,2028400.000
0.000,2028401.000
0.000,2028402.000
0.000,2028403.000
0.000,2028404.000
0.000,2028405.000
0.000,2028406.000
0.000,2028407.000
0.000,2028408.000
0.000,2028409.000
0.000,2028410.000
0.000,2028411.000
0.000,2028412.000
0.000,2028413.000
0.000,2028414.000
0.000,2028415.000
0.000,2028416.000
0.000,2028417.000
1.000,2028418.000
0.000,2028419.000
0.000,2028420.000
0.000,2028421.000
0.000,2028422.000
0.000,2028423.000
0.000,2028424.000
0.000,2028425.000
0.000,2028426.000
0.000,2028427.000
0.000,2028428.000
0.000,2028429.000
0.000,2028430.000
0.000,2028431.000
0.000,2028432.000
0.000,2028433.000
0.000,2028434.000
0.000,2028435.000
0.000,2028436.000
0.000,2028437.000
0.000,2028438.000
0.000,2028439.000
0.000,2028440.000
0.000,2028441.000
0.000,2028442.000
0.000,2028443.000
0.000,2028444.000
0.000,2028445.000
0.000,2028446.000
0.000,2028447.000
0.000,2028448.000
0.000,2028449.000
0.000,2028450.000
0.000,2028451.000
0.000,2028452.000
0.000,2028453.000
0.000,2028454.000
0.000,2028455.000
0.000,2028456.000
0.000,2028457.000
0.000,2028458.000
0.000,2028459.000
0.000,2028460.000
0.000,2028461.000
0.000,2028462.000
0.000,2028463.000
0.000,2028464.000
0.000,2028465.000
0.000,2028466.000
0.000,2028467.000
0.000,2028468.000
0.000,2028469.000
0.000,2028470.000
0.000,2028471.000
0.000,2028472.000
0.000,2028473.000
0.000,2028474.000
1.000,2028475.000
0.000,2028476.000
0.000,2028477.000
0.000,2028478.000
0.000,2028479.000
0.000,2028480.000
0.000,2028481.000
0.000,2028482.000
0.000,2028483.000
0.000,2028484.000
0.000,2028485.000
1.000,2028486.000
0.000,2028487.000
0.000,2028488.000
0.000,2028489.000
0.000,2028490.000
0.000,2028491.000
0.000,2028492.000
0.000,2028493.000
0.000,2028494.000
0.000,2028495.000
0.000,2028496.000
1.000,2028497.000
0.000,2028498.000
0.000,2028499.000
0.000,2028500.000
1.000,2028501.000
0.000,2028502.000
0.000,2028503.000
0.000,2028504.000
0.000,2028505.000
0.000,2028506.000
0.000,2028507.000
0.000,2028508.000
0.000,2028509.000
0.000,2028510.000
0.000,2028511.000
0.000,2028512.000
0.000,2028513.000
0.000,2028514.000
0.000,2028515.000
0.000,2028516.000
0.000,2028517.000
0.000,2028518.000
0.000,2028519.000
0.000,2028520.000
0.000,2028521.000
0.000,2028522.000
0.000,2028523.000
0.000,2028524.000
0.000,2028525.000
0.000,2028526.000
0.000,2028527.000
0.000,2028528.000
0.000,2028529.000
0.000,2028530.000
0.000,2028531.000
0.000,2028532.000
0.000,2028533.000
0.000,2028534.000
0.000,2028535.000
0.000,2028536.000
0.000,2028537.000
0.000,2028538.000
0.000,2028539.000
0.000,2028540.000
0.000,2028541.000
0.000,2028542.000
0.000,2028543.000
1.000,2028544.000
0.000,2028545.000
0.000,2028546.000
0.000,2028547.000
0.000,2028548.000
0.000,2028549.000
0.000,2028550.000
0.000,2028551.000
0.000,2028552.000
0.000,2028553.000
0.000,2028554.000
0.000,2028555.000
0.000,2028556.000
0.000,2028557.000
0.000,2028558.000
0.000,2028559.000
0.000,2028560.000
0.000,2028561.000
0.000,2028562.000
0.000,2028563.000
0.000,2028564.000
0.000,2028565.000
0.000,2028566.000
0.000,2028567.000
0.000,2028568.000
0.000,2028569.000
0.000,2028570.000
0.000,2028571.000
0.000,2028572.000
0.000,2028573.000
0.000,2028574.000
0.000,2028575.000
0.000,2028576.000
0.000,2028577.000
0.000,2028578.000
0.000,2028579.000
0.000,2028580.000
0.000,2028581.000
0.000,2028582.000
0.000,2028583.000
0.000,2028584.000
0.000,2028585.000
0.000,2028586.000
0.000,2028587.000
0.000,2028588.000
0.000,2028589.000
0.000,2028590.000
0.000,2028591.000
0.000,2028592.000
0.000,2028593.000
0.000,2028594.000
0.000,2028595.000
0.000,2028596.000
0.000,2028597.000
0.000,2028598.000
0.000,2028599.000
0.000,2028600.000
0.000,2028601.000
0.000,2028602.000
0.000,2028603.000
0.000,2028604.000
0.000,2028605.000
0.000,2028606.000
0.000,2028607.000
0.000,2028608.000
0.000,2028609.000
0.000,2028610.000
0.000,2028611.000
0.000,2028612.000
0.000,2028613.000
0.000,2028614.000
0.000,2028615.000
0.000,2028616.000
0.000,2028617.000
0.000,2028618.000
0.000,2028619.000
0.000,2028620.000
0.000,2028621.000
0.000,2028622.000
0.000,2028623.000
0.000,2028624.000
0.000,2028625.000
0.000,2028626.000
0.000,2028627.000
0.000,2028628.000
0.000,2028629.000
1.000,2028630.000
0.000,2028631.000
0.000,2028632.000
0.000,2028633.000
0.000,2028634.000
0.000,2028635.000
0.000,2028636.000
0.000,2028637.000
0.000,2028638.000
0.000,2028639.000
0.000,2028640.000
0.000,2028641.000
0.000,2028642.000
0.000,2028643.000
0.000,2028644.000
0.000,2028645.000
0.000,2028646.000
0.000,2028647.000
0.000,2028648.000
0.000,2028649.000
0.000,2028650.000
0.000,2028651.000
0.000,2028652.000
0.000,2028653.000
0.000,2028654.000
0.000,2028655.000
0.000,2028656.000
0.000,2028657.000
0.000,2028658.000
0.000,2028659.000
0.000,2028660.000
0.000,2028661.000
0.000,2028662.000
0.000,2028663.000
0.000,2028664.000
0.000,2028665.000
0.000,2028666.000
0.000,2028667.000
0.000,2028668.000
0.000,2028669.000
0.000,2028670.000
0.000,2028671.000
0.000,2028672.000
0.000,2028673.000
0.000,2028674.000
0.000,2028675.000
0.000,2028676.000
0.000,2028677.000
0.000,2028678.000
0.000,2028679.000
0.000,2028680.000
0.000,2028681.000
0.000,2028682.000
0.000,2028683.000
1.000,2028684.000
0.000,2028685.000
0.000,2028686.000
0.000,2028687.000
0.000,2028688.000
0.000,2028689.000
0.000,2028690.000
0.000,2028691.000
0.000,2028692.000
0.000,2028693.000
0.000,2028694.000
0.000,2028695.000
0.000,2028696.000
0.000,2028697.000
0.000,2028698.000
0.000,2028699.000
0.000,2028700.000
0.000,2028701.000
0.000,2028702.000
0.000,2028703.000
0.000,2028704.000
0.000,2028705.000
0.000,2028706.000
0.000,2028707.000
0.000,2028708.000
0.000,2028709.000
0.000,2028710.000
0.000,2028711.000
0.000,2028712.000
0.000,2028713.000
0.000,2028714.000
0.000,2028715.000
0.000,2028716.000
0.000,2028717.000
0.000,2028718.000
0.000,2028719.000
0.000,2028720.000
0.000,2028721.000
0.000,2028722.000
0.000,2028723.000
0.000,2028724.000
0.000,2028725.000
0.000,2028726.000
0.000,2028727.000
0.000,2028728.000
0.000,2028729.000
0.000,2028730.000
0.000,2028731.000
1.000,2028732.000
0.000,2028733.000
0.000,2028734.000
0.000,2028735.000
0.000,2028736.000
0.000,2028737.000
0.000,2028738.000
0.000,2028739.000
0.000,2028740.000
0.000,2028741.000
0.000,2028742.000
0.000,2028743.000
0.000,2028744.000
0.000,2028745.000
0.000,2028746.000
0.000,2028747.000
0.000,2028748.000
0.000,2028749.000
0.000,2028750.000
0.000,2028751.000
0.000,2028752.000
0.000,2028753.000
0.000,2028754.000
0.000,2028755.000
0.000,2028756.000
0.000,2028757.000
0.000,2028758.000
0.000,2028759.000
0.000,2028760.000
0.000,2028761.000
1.000,2028762.000
0.000,2028763.000
0.000,2028764.000
0.000,2028765.000
0.000,2028766.000
0.000,2028767.000
1.000,2028768.000
0.000,2028769.000
0.000,2028770.000
0.000,2028771.000
0.000,2028772.000
0.000,2028773.000
0.000,2028774.000
1.000,2028775.000
0.000,2028776.000
0.000,2028777.000
0.000,2028778.000
0.000,2028779.000
0.000,2028780.000
0.000,2028781.000
0.000,2028782.000
0.000,2028783.000
0.000,2028784.000
0.000,2028785.000
0.000,2028786.000
0.000,2028787.000
0.000,2028788.000
0.000,2028789.000
0.000,2028790.000
0.000,2028791.000
0.000,2028792.000
0.000,2028793.000
0.000,2028794.000
0.000,2028795.000
0.000,2028796.000
0.000,2028797.000
0.000,2028798.000
0.000,2028799.000
0.000,2028800.000
0.000,2028801.000
0.000,2028802.000
0.000,2028803.000
0.000,2028804.000
0.000,2028805.000
0.000,2028806.000
0.000,2028807.000
1.000,2028808.000
0.000,2028809.000
0.000,2028810.000
0.000,2028811.000
0.000,2028812.000
0.000,2028813.000
0.000,2028814.000
0.000,2028815.000
0.000,2028816.000
0.000,2028817.000
0.000,2028818.000
0.000,2028819.000
0.000,2028820.000
0.000,2028821.000
0.000,2028822.000
0.000,2028823.000
0.000,2028824.000
0.000,2028825.000
0.000,2028826.000
0.000,2028827.000
0.000,2028828.000
0.000,2028829.000
0.000,2028830.000
0.000,2028831.000
1.000,2028832.000
0.000,2028833.000
0.000,2028834.000
0.000,2028835.000
0.000,2028836.000
0.000,2028837.000
0.000,2028838.000
0.000,2028839.000
0.000,2028840.000
0.000,2028841.000
0.000,2028842.000
1.000,2028843.000
0.000,2028844.000
0.000,2028845.000
0.000,2028846.000
0.000,2028847.000
0.000,2028848.000
0.000,2028849.000
0.000,2028850.000
0.000,2028851.000
1.000,2028852.000
0.000,2028853.000
0.000,2028854.000
0.000,2028855.000
0.000,2028856.000
0.000,2028857.000
0.000,2028858.000
0.000,2028859.000
0.000,2028860.000
0.000,2028861.000
0.000,2028862.000
0.000,2028863.000
0.000,2028864.000
0.000,2028865.000
0.000,2028866.000
0.000,2028867.000
0.000,2028868.000
0.000,2028869.000
0.000,2028870.000
0.000,2028871.000
0.000,2028872.000
0.000,2028873.000
0.000,2028874.000
0.000,2028875.000
1.000,2028876.000
0.000,2028877.000
0.000,2028878.000
0.000,2028879.000
0.000,2028880.000
0.000,2028881.000
0.000,2028882.000
0.000,2028883.000
0.000,2028884.000
1.000,2028885.000
0.000,2028886.000
0.000,2028887.000
0.000,2028888.000
0.000,2028889.000
0.000,2028890.000
0.000,2028891.000
0.000,2028892.000
0.000,2028893.000
0.000,2028894.000
0.000,2028895.000
0.000,2028896.000
0.000,2028897.000
0.000,2028898.000
0.000,2028899.000
0.000,2028900.000
0.000,2028901.000
0.000,2028902.000
0.000,2028903.000
0.000,2028904.000
0.000,2028905.000
0.000,2028906.000
0.000,2028907.000
0.000,2028908.000
0.000,2028909.000
0.000,2028910.000
0.000,2028911.000
0.000,2028912.000
0.000,2028913.000
0.000,2028914.000
0.000,2028915.000
0.000,2028916.000
0.000,2028917.000
0.000,2028918.000
0.000,2028919.000
0.000,2028920.000
0.000,2028921.000
0.000,2028922.000
0.000,2028923.000
0.000,2028924.000
0.000,2028925.000
0.000,2028926.000
0.000,2028927.000
0.000,2028928.000
0.000,2028929.000
0.000,2028930.000
0.000,2028931.000
0.000,2028932.000
0.000,2028933.000
0.000,2028934.000
0.000,2028935.000
0.000,2028936.000
0.000,2028937.000
0.000,2028938.000
0.000,2028939.000
0.000,2028940.000
0.000,2028941.000
0.000,2028942.000
0.000,2028943.000
1.000,2028944.000
0.000,2028945.000
0.000,2028946.000
0.000,2028947.000
0.000,2028948.000
0.000,2028949.000
0.000,2028950.000
0.000,2028951.000
0.000,2028952.000
0.000,2028953.000
0.000,2028954.000
0.000,2028955.000
0.000,2028956.000
0.000,2028957.000
0.000,2028958.000
0.000,2028959.000
0.000,2028960.000
0.000,2028961.000
0.000,2028962.000
0.000,2028963.000
0.000,2028964.000
0.000,2028965.000
0.000,2028966.000
0.000,2028967.000
0.000,2028968.000
0.000,2028969.000
0.000,2028970.000
0.000,2028971.000
0.000,2028972.000
0.000,2028973.000
0.000,2028974.000
0.000,2028975.000
0.000,2028976.000
0.000,2028977.000
0.000,2028978.000
0.000,2028979.000
0.000,2028980.000
0.000,2028981.000
0.000,2028982.000
0.000,2028983.000
0.000,2028984.000
0.000,2028985.000
0.000,2028986.000
0.000,2028987.000
0.000,2028988.000
0.000,2028989.000
0.000,2028990.000
0.000,2028991.000
0.000,2028992.000
0.000,2028993.000
0.000,2028994.000
0.000,2028995.000
0.000,2028996.000
0.000,2028997.000
0.000,2028998.000
0.000,2028999.000
0.000,2029000.000
0.000,2029001.000
0.000,2029002.000
0.000,2029003.000
0.000,2029004.000
0.000,2029005.000
0.000,2029006.000
0.000,2029007.000
0.000,2029008.000
0.000,2029009.000
0.000,2029010.000
0.000,2029011.000
1.000,2029012.000
0.000,2029013.000
1.000,2029014.000
0.000,2029015.000
0.000,2029016.000
0.000,2029017.000
0.000,2029018.000
0.000,2029019.000
0.000,2029020.000
0.000,2029021.000
0.000,2029022.000
0.000,2029023.000
0.000,2029024.000
0.000,2029025.000
0.000,2029026.000
0.000,2029027.000
0.000,2029028.000
0.000,2029029.000
0.000,2029030.000
0.000,2029031.000
0.000,2029032.000
0.000,2029033.000
0.000,2029034.000
0.000,2029035.000
0.000,2029036.000
0.000,2029037.000
0.000,2029038.000
0.000,2029039.000
0.000,2029040.000
0.000,2029041.000
0.000,2029042.000
0.000,2029043.000
1.000,2029044.000
0.000,2029045.000
0.000,2029046.000
0.000,2029047.000
0.000,2029048.000
0.000,2029049.000
0.000,2029050.000
0.000,2029051.000
0.000,2029052.000
0.000,2029053.000
0.000,2029054.000
0.000,2029055.000
1.000,2029056.000
0.000,2029057.000
0.000,2029058.000
0.000,2029059.000
0.000,2029060.000
0.000,2029061.000
0.000,2029062.000
0.000,2029063.000
0.000,2029064.000
0.000,2029065.000
0.000,2029066.000
0.000,2029067.000
0.000,2029068.000
0.000,2029069.000
0.000,2029070.000
0.000,2029071.000
0.000,2029072.000
0.000,2029073.000
0.000,2029074.000
0.000,2029075.000
0.000,2029076.000
0.000,2029077.000
0.000,2029078.000
0.000,2029079.000
0.000,2029080.000
0.000,2029081.000
0.000,2029082.000
0.000,2029083.000
0.000,2029084.000
0.000,2029085.000
0.000,2029086.000
0.000,2029087.000
0.000,2029088.000
0.000,2029089.000
0.000,2029090.000
0.000,2029091.000
0.000,2029092.000
0.000,2029093.000
0.000,2029094.000
0.000,2029095.000
0.000,2029096.000
0.000,2029097.000
0.000,2029098.000
0.000,2029099.000
0.000,2029100.000
0.000,2029101.000
0.000,2029102.000
0.000,2029103.000
0.000,2029104.000
0.000,2029105.000
0.000,2029106.000
1.000,2029107.000
0.000,2029108.000
0.000,2029109.000
0.000,2029110.000
0.000,2029111.000
0.000,2029112.000
0.000,2029113.000
0.000,2029114.000
0.000,2029115.000
0.000,2029116.000
0.000,2029117.000
0.000,2029118.000
0.000,2029119.000
0.000,2029120.000
0.000,2029121.000
0.000,2029122.000
0.000,2029123.000
0.000,2029124.000
0.000,2029125.000
0.000,2029126.000
0.000,2029127.000
0.000,2029128.000
0.000,2029129.000
0.000,2029130.000
0.000,2029131.000
0.000,2029132.000
0.000,2029133.000
0.000,2029134.000
1.000,2029135.000
0.000,2029136.000
0.000,2029137.000
0.000,2029138.000
0.000,2029139.000
0.000,2029140.000
0.000,2029141.000
0.000,2029142.000
0.000,2029143.000
0.000,2029144.000
0.000,2029145.000
0.000,2029146.000
0.000,2029147.000
0.000,2029148.000
0.000,2029149.000
0.000,2029150.000
0.000,2029151.000
0.000,2029152.000
0.000,2029153.000
0.000,2029154.000
0.000,2029155.000
0.000,2029156.000
0.000,2029157.000
0.000,2029158.000
0.000,2029159.000
0.000,2029160.000
0.000,2029161.000
0.000,2029162.000
0.000,2029163.000
0.000,2029164.000
0.000,2029165.000
0.000,2029166.000
0.000,2029167.000
0.000,2029168.000
0.000,2029169.000
0.000,2029170.000
0.000,2029171.000
0.000,2029172.000
0.000,2029173.000
0.000,2029174.000
0.000,2029175.000
0.000,2029176.000
0.000,2029177.000
0.000,2029178.000
0.000,2029179.000
0.000,2029180.000
0.000,2029181.000
0.000,2029182.000
0.000,2029183.000
0.000,2029184.000
0.000,2029185.000
0.000,2029186.000
0.000,2029187.000
0.000,2029188.000
0.000,2029189.000
0.000,2029190.000
0.000,2029191.000
0.000,2029192.000
0.000,2029193.000
0.000,2029194.000
0.000,2029195.000
0.000,2029196.000
0.000,2029197.000
1.000,2029198.000
0.000,2029199.000
0.000,2029200.000
0.000,2029201.000
0.000,2029202.000
0.000,2029203.000
0.000,2029204.000
0.000,2029205.000
0.000,2029206.000
0.000,2029207.000
0.000,2029208.000
0.000,2029209.000
0.000,2029210.000
0.000,2029211.000
0.000,2029212.000
0.000,2029213.000
0.000,2029214.000
0.000,2029215.000
0.000,2029216.000
0.000,2029217.000
0.000,2029218.000
0.000,2029219.000
0.000,2029220.000
0.000,2029221.000
0.000,2029222.000
0.000,2029223.000
0.000,2029224.000
0.000,2029225.000
0.000,2029226.000
0.000,2029227.000
0.000,2029228.000
0.000,2029229.000
0.000,2029230.000
0.000,2029231.000
0.000,2029232.000
0.000,2029233.000
0.000,2029234.000
0.000,2029235.000
0.000,2029236.000
0.000,2029237.000
0.000,2029238.000
0.000,2029239.000
0.000,2029240.000
0.000,2029241.000
0.000,2029242.000
0.000,2029243.000
0.000,2029244.000
0.000,2029245.000
0.000,2029246.000
0.000,2029247.000
0.000,2029248.000
1.000,2029249.000
0.000,2029250.000
0.000,2029251.000
0.000,2029252.000
0.000,2029253.000
0.000,2029254.000
0.000,2029255.000
0.000,2029256.000
0.000,2029257.000
0.000,2029258.000
0.000,2029259.000
0.000,2029260.000
0.000,2029261.000
1.000,2029262.000
0.000,2029263.000
0.000,2029264.000
0.000,2029265.000
0.000,2029266.000
0.000,2029267.000
0.000,2029268.000
0.000,2029269.000
0.000,2029270.000
0.000,2029271.000
0.000,2029272.000
0.000,2029273.000
0.000,2029274.000
0.000,2029275.000
0.000,2029276.000
0.000,2029277.000
0.000,2029278.000
0.000,2029279.000
0.000,2029280.000
0.000,2029281.000
0.000,2029282.000
0.000,2029283.000
0.000,2029284.000
0.000,2029285.000
0.000,2029286.000
0.000,2029287.000
0.000,2029288.000
0.000,2029289.000
0.000,2029290.000
0.000,2029291.000
0.000,2029292.000
0.000,2029293.000
0.000,2029294.000
0.000,2029295.000
0.000,2029296.000
0.000,2029297.000
0.000,2029298.000
0.000,2029299.000
0.000,2029300.000
0.000,2029301.000
0.000,2029302.000
0.000,2029303.000
0.000,2029304.000
0.000,2029305.000
0.000,2029306.000
0.000,2029307.000
0.000,2029308.000
0.000,2029309.000
0.000,2029310.000
0.000,2029311.000
0.000,2029312.000
0.000,2029313.000
0.000,2029314.000
0.000,2029315.000
0.000,2029316.000
0.000,2029317.000
0.000,2029318.000
0.000,2029319.000
0.000,2029320.000
0.000,2029321.000
0.000,2029322.000
0.000,2029323.000
0.000,2029324.000
0.000,2029325.000
0.000,2029326.000
0.000,2029327.000
0.000,2029328.000
0.000,2029329.000
0.000,2029330.000
0.000,2029331.000
0.000,2029332.000
0.000,2029333.000
0.000,2029334.000
0.000,2029335.000
0.000,2029336.000
0.000,2029337.000
0.000,2029338.000
0.000,2029339.000
0.000,2029340.000
0.000,2029341.000
0.000,2029342.000
0.000,2029343.000
0.000,2029344.000
0.000,2029345.000
0.000,2029346.000
0.000,2029347.000
0.000,2029348.000
0.000,2029349.000
0.000,2029350.000
0.000,2029351.000
0.000,2029352.000
0.000,2029353.000
0.000,2029354.000
0.000,2029355.000
0.000,2029356.000
0.000,2029357.000
0.000,2029358.000
0.000,2029359.000
0.000,2029360.000
0.000,2029361.000
0.000,2029362.000
0.000,2029363.000
0.000,2029364.000
0.000,2029365.000
1.000,2029366.000
0.000,2029367.000
0.000,2029368.000
0.000,2029369.000
0.000,2029370.000
0.000,2029371.000
0.000,2029372.000
0.000,2029373.000
0.000,2029374.000
0.000,2029375.000
0.000,2029376.000
0.000,2029377.000
0.000,2029378.000
0.000,2029379.000
0.000,2029380.000
0.000,2029381.000
0.000,2029382.000
0.000,2029383.000
0.000,2029384.000
0.000,2029385.000
0.000,2029386.000
0.000,2029387.000
0.000,2029388.000
0.000,2029389.000
0.000,2029390.000
0.000,2029391.000
0.000,2029392.000
0.000,2029393.000
0.000,2029394.000
0.000,2029395.000
0.000,2029396.000
0.000,2029397.000
0.000,2029398.000
0.000,2029399.000
0.000,2029400.000
0.000,2029401.000
0.000,2029402.000
0.000,2029403.000
0.000,2029404.000
0.000,2029405.000
0.000,2029406.000
0.000,2029407.000
0.000,2029408.000
0.000,2029409.000
0.000,2029410.000
0.000,2029411.000
0.000,2029412.000
0.000,2029413.000
0.000,2029414.000
0.000,2029415.000
0.000,2029416.000
0.000,2029417.000
0.000,2029418.000
0.000,2029419.000
0.000,2029420.000
0.000,2029421.000
0.000,2029422.000
1.000,2029423.000
0.000,2029424.000
0.000,2029425.000
0.000,2029426.000
0.000,2029427.000
0.000,2029428.000
0.000,2029429.000
0.000,2029430.000
0.000,2029431.000
0.000,2029432.000
0.000,2029433.000
0.000,2029434.000
0.000,2029435.000
0.000,2029436.000
0.000,2029437.000
0.000,2029438.000
0.000,2029439.000
0.000,2029440.000
0.000,2029441.000
0.000,2029442.000
0.000,2029443.000
0.000,2029444.000
0.000,2029445.000
0.000,2029446.000
0.000,2029447.000
0.000,2029448.000
0.000,2029449.000
0.000,2029450.000
0.000,2029451.000
0.000,2029452.000
0.000,2029453.000
0.000,2029454.000
0.000,2029455.000
0.000,2029456.000
0.000,2029457.000
0.000,2029458.000
0.000,2029459.000
0.000,2029460.000
0.000,2029461.000
0.000,2029462.000
0.000,2029463.000
0.000,2029464.000
1.000,2029465.000
0.000,2029466.000
0.000,2029467.000
0.000,2029468.000
0.000,2029469.000
0.000,2029470.000
0.000,2029471.000
0.000,2029472.000
0.000,2029473.000
0.000,2029474.000
0.000,2029475.000
0.000,2029476.000
0.000,2029477.000
0.000,2029478.000
0.000,2029479.000
0.000,2029480.000
0.000,2029481.000
0.000,2029482.000
0.000,2029483.000
0.000,2029484.000
0.000,2029485.000
0.000,2029486.000
0.000,2029487.000
0.000,2029488.000
0.000,2029489.000
0.000,2029490.000
0.000,2029491.000
0.000,2029492.000
0.000,2029493.000
0.000,2029494.000
0.000,2029495.000
0.000,2029496.000
0.000,2029497.000
0.000,2029498.000
0.000,2029499.000
0.000,2029500.000
0.000,2029501.000
0.000,2029502.000
0.000,2029503.000
0.000,2029504.000
0.000,2029505.000
0.000,2029506.000
0.000,2029507.000
0.000,2029508.000
0.000,2029509.000
0.000,2029510.000
0.000,2029511.000
1.000,2029512.000
0.000,2029513.000
0.000,2029514.000
0.000,2029515.000
0.000,2029516.000
0.000,2029517.000
0.000,2029518.000
0.000,2029519.000
0.000,2029520.000
0.000,2029521.000
0.000,2029522.000
0.000,2029523.000
0.000,2029524.000
0.000,2029525.000
0.000,2029526.000
0.000,2029527.000
0.000,2029528.000
0.000,2029529.000
0.000,2029530.000
0.000,2029531.000
0.000,2029532.000
0.000,2029533.000
0.000,2029534.000
0.000,2029535.000
1.000,2029536.000
0.000,2029537.000
0.000,2029538.000
0.000,2029539.000
0.000,2029540.000
0.000,2029541.000
0.000,2029542.000
0.000,2029543.000
0.000,2029544.000
0.000,2029545.000
0.000,2029546.000
0.000,2029547.000
0.000,2029548.000
0.000,2029549.000
0.000,2029550.000
0.000,2029551.000
0.000,2029552.000
0.000,2029553.000
0.000,2029554.000
0.000,2029555.000
0.000,2029556.000
0.000,2029557.000
0.000,2029558.000
0.000,2029559.000
0.000,2029560.000
0.000,2029561.000
0.000,2029562.000
0.000,2029563.000
0.000,2029564.000
0.000,2029565.000
0.000,2029566.000
0.000,2029567.000
0.000,2029568.000
0.000,2029569.000
0.000,2029570.000
0.000,2029571.000
0.000,2029572.000
0.000,2029573.000
0.000,2029574.000
0.000,2029575.000
0.000,2029576.000
0.000,2029577.000
0.000,2029578.000
0.000,2029579.000
0.000,2029580.000
0.000,2029581.000
0.000,2029582.000
0.000,2029583.000
0.000,2029584.000
0.000,2029585.000
0.000,2029586.000
0.000,2029587.000
0.000,2029588.000
0.000,2029589.000
0.000,2029590.000
0.000,2029591.000
0.000,2029592.000
0.000,2029593.000
0.000,2029594.000
0.000,2029595.000
0.000,2029596.000
0.000,2029597.000
0.000,2029598.000
0.000,2029599.000
0.000,2029600.000
0.000,2029601.000
1.000,2029602.000
0.000,2029603.000
0.000,2029604.000
0.000,2029605.000
0.000,2029606.000
0.000,2029607.000
0.000,2029608.000
0.000,2029609.000
0.000,2029610.000
0.000,2029611.000
0.000,2029612.000
0.000,2029613.000
0.000,2029614.000
0.000,2029615.000
0.000,2029616.000
0.000,2029617.000
0.000,2029618.000
0.000,2029619.000
0.000,2029620.000
0.000,2029621.000
0.000,2029622.000
0.000,2029623.000
0.000,2029624.000
0.000,2029625.000
0.000,2029626.000
0.000,2029627.000
0.000,2029628.000
0.000,2029629.000
0.000,2029630.000
0.000,2029631.000
0.000,2029632.000
0.000,2029633.000
0.000,2029634.000
0.000,2029635.000
0.000,2029636.000
1.000,2029637.000
0.000,2029638.000
0.000,2029639.000
0.000,2029640.000
0.000,2029641.000
0.000,2029642.000
0.000,2029643.000
0.000,2029644.000
0.000,2029645.000
0.000,2029646.000
0.000,2029647.000
0.000,2029648.000
0.000,2029649.000
1.000,2029650.000
0.000,2029651.000
0.000,2029652.000
0.000,2029653.000
0.000,2029654.000
0.000,2029655.000
0.000,2029656.000
0.000,2029657.000
0.000,2029658.000
0.000,2029659.000
0.000,2029660.000
0.000,2029661.000
0.000,2029662.000
0.000,2029663.000
0.000,2029664.000
0.000,2029665.000
0.000,2029666.000
0.000,2029667.000
0.000,2029668.000
0.000,2029669.000
0.000,2029670.000
0.000,2029671.000
0.000,2029672.000
0.000,2029673.000
0.000,2029674.000
0.000,2029675.000
0.000,2029676.000
0.000,2029677.000
1.000,2029678.000
0.000,2029679.000
0.000,2029680.000
0.000,2029681.000
0.000,2029682.000
0.000,2029683.000
0.000,2029684.000
0.000,2029685.000
0.000,2029686.000
0.000,2029687.000
0.000,2029688.000
0.000,2029689.000
0.000,2029690.000
0.000,2029691.000
0.000,2029692.000
0.000,2029693.000
0.000,2029694.000
0.000,2029695.000
0.000,2029696.000
0.000,2029697.000
0.000,2029698.000
0.000,2029699.000
0.000,2029700.000
1.000,2029701.000
0.000,2029702.000
0.000,2029703.000
0.000,2029704.000
0.000,2029705.000
0.000,2029706.000
0.000,2029707.000
0.000,2029708.000
0.000,2029709.000
0.000,2029710.000
0.000,2029711.000
0.000,2029712.000
0.000,2029713.000
0.000,2029714.000
0.000,2029715.000
0.000,2029716.000
0.000,2029717.000
0.000,2029718.000
0.000,2029719.000
0.000,2029720.000
0.000,2029721.000
0.000,2029722.000
0.000,2029723.000
0.000,2029724.000
0.000,2029725.000
0.000,2029726.000
0.000,2029727.000
0.000,2029728.000
0.000,2029729.000
0.000,2029730.000
0.000,2029731.000
0.000,2029732.000
0.000,2029733.000
0.000,2029734.000
1.000,2029735.000
0.000,2029736.000
0.000,2029737.000
0.000,2029738.000
0.000,2029739.000
0.000,2029740.000
0.000,2029741.000
0.000,2029742.000
0.000,2029743.000
0.000,2029744.000
0.000,2029745.000
0.000,2029746.000
0.000,2029747.000
1.000,2029748.000
0.000,2029749.000
0.000,2029750.000
0.000,2029751.000
0.000,2029752.000
0.000,2029753.000
0.000,2029754.000
0.000,2029755.000
0.000,2029756.000
0.000,2029757.000
0.000,2029758.000
0.000,2029759.000
0.000,2029760.000
0.000,2029761.000
0.000,2029762.000
0.000,2029763.000
0.000,2029764.000
0.000,2029765.000
0.000,2029766.000
0.000,2029767.000
0.000,2029768.000
0.000,2029769.000
0.000,2029770.000
0.000,2029771.000
0.000,2029772.000
0.000,2029773.000
0.000,2029774.000
0.000,2029775.000
0.000,2029776.000
0.000,2029777.000
0.000,2029778.000
0.000,2029779.000
0.000,2029780.000
0.000,2029781.000
0.000,2029782.000
0.000,2029783.000
0.000,2029784.000
1.000,2029785.000
0.000,2029786.000
0.000,2029787.000
0.000,2029788.000
0.000,2029789.000
0.000,2029790.000
0.000,2029791.000
0.000,2029792.000
0.000,2029793.000
0.000,2029794.000
0.000,2029795.000
0.000,2029796.000
0.000,2029797.000
0.000,2029798.000
0.000,2029799.000
0.000,2029800.000
0.000,2029801.000
0.000,2029802.000
0.000,2029803.000
0.000,2029804.000
0.000,2029805.000
0.000,2029806.000
0.000,2029807.000
0.000,2029808.000
0.000,2029809.000
0.000,2029810.000
0.000,2029811.000
0.000,2029812.000
0.000,2029813.000
0.000,2029814.000
0.000,2029815.000
0.000,2029816.000
0.000,2029817.000
0.000,2029818.000
0.000,2029819.000
0.000,2029820.000
0.000,2029821.000
0.000,2029822.000
0.000,2029823.000
0.000,2029824.000
0.000,2029825.000
0.000,2029826.000
0.000,2029827.000
0.000,2029828.000
0.000,2029829.000
0.000,2029830.000
0.000,2029831.000
0.000,2029832.000
0.000,2029833.000
0.000,2029834.000
0.000,2029835.000
0.000,2029836.000
0.000,2029837.000
0.000,2029838.000
0.000,2029839.000
0.000,2029840.000
0.000,2029841.000
0.000,2029842.000
0.000,2029843.000
0.000,2029844.000
0.000,2029845.000
0.000,2029846.000
0.000,2029847.000
0.000,2029848.000
0.000,2029849.000
0.000,2029850.000
0.000,2029851.000
0.000,2029852.000
0.000,2029853.000
0.000,2029854.000
0.000,2029855.000
0.000,2029856.000
0.000,2029857.000
0.000,2029858.000
0.000,2029859.000
0.000,2029860.000
0.000,2029861.000
0.000,2029862.000
0.000,2029863.000
0.000,2029864.000
0.000,2029865.000
0.000,2029866.000
0.000,2029867.000
0.000,2029868.000
0.000,2029869.000
0.000,2029870.000
0.000,2029871.000
0.000,2029872.000
0.000,2029873.000
0.000,2029874.000
0.000,2029875.000
0.000,2029876.000
0.000,2029877.000
0.000,2029878.000
0.000,2029879.000
0.000,2029880.000
0.000,2029881.000
0.000,2029882.000
0.000,2029883.000
0.000,2029884.000
0.000,2029885.000
0.000,2029886.000
0.000,2029887.000
0.000,2029888.000
0.000,2029889.000
0.000,2029890.000
0.000,2029891.000
0.000,2029892.000
0.000,2029893.000
0.000,2029894.000
0.000,2029895.000
0.000,2029896.000
0.000,2029897.000
0.000,2029898.000
0.000,2029899.000
0.000,2029900.000
0.000,2029901.000
0.000,2029902.000
0.000,2029903.000
0.000,2029904.000
0.000,2029905.000
0.000,2029906.000
0.000,2029907.000
0.000,2029908.000
0.000,2029909.000
0.000,2029910.000
0.000,2029911.000
0.000,2029912.000
0.000,2029913.000
0.000,2029914.000
0.000,2029915.000
0.000,2029916.000
0.000,2029917.000
0.000,2029918.000
0.000,2029919.000
0.000,2029920.000
0.000,2029921.000
0.000,2029922.000
0.000,2029923.000
0.000,2029924.000
0.000,2029925.000
0.000,2029926.000
0.000,2029927.000
0.000,2029928.000
0.000,2029929.000
0.000,2029930.000
0.000,2029931.000
0.000,2029932.000
0.000,2029933.000
0.000,2029934.000
0.000,2029935.000
0.000,2029936.000
0.000,2029937.000
0.000,2029938.000
0.000,2029939.000
0.000,2029940.000
0.000,2029941.000
0.000,2029942.000
0.000,2029943.000
0.000,2029944.000
0.000,2029945.000
0.000,2029946.000
0.000,2029947.000
0.000,2029948.000
1.000,2029949.000
0.000,2029950.000
0.000,2029951.000
0.000,2029952.000
0.000,2029953.000
0.000,2029954.000
0.000,2029955.000
0.000,2029956.000
0.000,2029957.000
0.000,2029958.000
0.000,2029959.000
0.000,2029960.000
0.000,2029961.000
0.000,2029962.000
0.000,2029963.000
0.000,2029964.000
0.000,2029965.000
0.000,2029966.000
0.000,2029967.000
0.000,2029968.000
0.000,2029969.000
0.000,2029970.000
0.000,2029971.000
0.000,2029972.000
0.000,2029973.000
0.000,2029974.000
0.000,2029975.000
0.000,2029976.000
0.000,2029977.000
0.000,2029978.000
0.000,2029979.000
0.000,2029980.000
0.000,2029981.000
0.000,2029982.000
0.000,2029983.000
0.000,2029984.000
0.000,2029985.000
0.000,2029986.000
0.000,2029987.000
0.000,2029988.000
0.000,2029989.000
0.000,2029990.000
0.000,2029991.000
0.000,2029992.000
0.000,2029993.000
0.000,2029994.000
0.000,2029995.000
0.000,2029996.000
0.000,2029997.000
0.000,2029998.000
0.000,2029999.000
0.000,2030000.000
0.000,2030001.000
0.000,2030002.000
0.000,2030003.000
0.000,2030004.000
0.000,2030005.000
0.000,2030006.000
0.000,2030007.000
0.000,2030008.000
0.000,2030009.000
0.000,2030010.000
0.000,2030011.000
0.000,2030012.000
0.000,2030013.000
0.000,2030014.000
0.000,2030015.000
0.000,2030016.000
0.000,2030017.000
0.000,2030018.000
0.000,2030019.000
0.000,2030020.000
0.000,2030021.000
0.000,2030022.000
0.000,2030023.000
0.000,2030024.000
0.000,2030025.000
0.000,2030026.000
0.000,2030027.000
0.000,2030028.000
0.000,2030029.000
0.000,2030030.000
0.000,2030031.000
0.000,2030032.000
0.000,2030033.000
0.000,2030034.000
0.000,2030035.000
0.000,2030036.000
0.000,2030037.000
0.000,2030038.000
0.000,2030039.000
0.000,2030040.000
0.000,2030041.000
0.000,2030042.000
0.000,2030043.000
0.000,2030044.000
0.000,2030045.000
0.000,2030046.000
0.000,2030047.000
0.000,2030048.000
0.000,2030049.000
0.000,2030050.000
1.000,2030051.000
0.000,2030052.000
0.000,2030053.000
0.000,2030054.000
0.000,2030055.000
0.000,2030056.000
0.000,2030057.000
0.000,2030058.000
0.000,2030059.000
0.000,2030060.000
0.000,2030061.000
0.000,2030062.000
0.000,2030063.000
0.000,2030064.000
0.000,2030065.000
0.000,2030066.000
0.000,2030067.000
0.000,2030068.000
0.000,2030069.000
0.000,2030070.000
0.000,2030071.000
0.000,2030072.000
0.000,2030073.000
0.000,2030074.000
0.000,2030075.000
0.000,2030076.000
0.000,2030077.000
0.000,2030078.000
0.000,2030079.000
0.000,2030080.000
1.000,2030081.000
0.000,2030082.000
0.000,2030083.000
0.000,2030084.000
0.000,2030085.000
0.000,2030086.000
0.000,2030087.000
0.000,2030088.000
1.000,2030089.000
0.000,2030090.000
0.000,2030091.000
0.000,2030092.000
0.000,2030093.000
0.000,2030094.000
0.000,2030095.000
0.000,2030096.000
0.000,2030097.000
0.000,2030098.000
0.000,2030099.000
0.000,2030100.000
0.000,2030101.000
0.000,2030102.000
0.000,2030103.000
0.000,2030104.000
0.000,2030105.000
0.000,2030106.000
0.000,2030107.000
1.000,2030108.000
0.000,2030109.000
0.000,2030110.000
0.000,2030111.000
0.000,2030112.000
0.000,2030113.000
0.000,2030114.000
0.000,2030115.000
0.000,2030116.000
0.000,2030117.000
0.000,2030118.000
0.000,2030119.000
0.000,2030120.000
0.000,2030121.000
0.000,2030122.000
1.000,2030123.000
1.000,2030124.000
0.000,2030125.000
0.000,2030126.000
0.000,2030127.000
0.000,2030128.000
0.000,2030129.000
0.000,2030130.000
0.000,2030131.000
0.000,2030132.000
0.000,2030133.000
0.000,2030134.000
0.000,2030135.000
0.000,2030136.000
0.000,2030137.000
0.000,2030138.000
0.000,2030139.000
0.000,2030140.000
0.000,2030141.000
0.000,2030142.000
0.000,2030143.000
0.000,2030144.000
0.000,2030145.000
0.000,2030146.000
0.000,2030147.000
0.000,2030148.000
0.000,2030149.000
0.000,2030150.000
0.000,2030151.000
0.000,2030152.000
0.000,2030153.000
0.000,2030154.000
0.000,2030155.000
0.000,2030156.000
0.000,2030157.000
0.000,2030158.000
0.000,2030159.000
0.000,2030160.000
0.000,2030161.000
0.000,2030162.000
0.000,2030163.000
0.000,2030164.000
0.000,2030165.000
0.000,2030166.000
0.000,2030167.000
0.000,2030168.000
0.000,2030169.000
0.000,2030170.000
0.000,2030171.000
0.000,2030172.000
0.000,2030173.000
0.000,2030174.000
0.000,2030175.000
1.000,2030176.000
0.000,2030177.000
0.000,2030178.000
0.000,2030179.000
0.000,2030180.000
0.000,2030181.000
0.000,2030182.000
0.000,2030183.000
0.000,2030184.000
0.000,2030185.000
0.000,2030186.000
0.000,2030187.000
0.000,2030188.000
0.000,2030189.000
0.000,2030190.000
0.000,2030191.000
0.000,2030192.000
0.000,2030193.000
0.000,2030194.000
0.000,2030195.000
0.000,2030196.000
0.000,2030197.000
0.000,2030198.000
0.000,2030199.000
0.000,2030200.000
0.000,2030201.000
0.000,2030202.000
0.000,2030203.000
0.000,2030204.000
0.000,2030205.000
0.000,2030206.000
0.000,2030207.000
0.000,2030208.000
0.000,2030209.000
0.000,2030210.000
0.000,2030211.000
0.000,2030212.000
0.000,2030213.000
0.000,2030214.000
0.000,2030215.000
0.000,2030216.000
0.000,2030217.000
0.000,2030218.000
0.000,2030219.000
0.000,2030220.000
0.000,2030221.000
0.000,2030222.000
0.000,2030223.000
0.000,2030224.000
0.000,2030225.000
0.000,2030226.000
0.000,2030227.000
0.000,2030228.000
0.000,2030229.000
0.000,2030230.000
0.000,2030231.000
0.000,2030232.000
0.000,2030233.000
0.000,2030234.000
0.000,2030235.000
0.000,2030236.000
0.000,2030237.000
0.000,2030238.000
0.000,2030239.000
0.000,2030240.000
0.000,2030241.000
0.000,2030242.000
0.000,2030243.000
0.000,2030244.000
0.000,2030245.000
0.000,2030246.000
0.000,2030247.000
0.000,2030248.000
0.000,2030249.000
0.000,2030250.000
0.000,2030251.000
0.000,2030252.000
0.000,2030253.000
0.000,2030254.000
0.000,2030255.000
0.000,2030256.000
0.000,2030257.000
0.000,2030258.000
0.000,2030259.000
0.000,2030260.000
0.000,2030261.000
0.000,2030262.000
0.000,2030263.000
0.000,2030264.000
0.000,2030265.000
0.000,2030266.000
0.000,2030267.000
0.000,2030268.000
0.000,2030269.000
1.000,2030270.000
0.000,2030271.000
0.000,2030272.000
0.000,2030273.000
0.000,2030274.000
0.000,2030275.000
0.000,2030276.000
0.000,2030277.000
0.000,2030278.000
0.000,2030279.000
0.000,2030280.000
0.000,2030281.000
0.000,2030282.000
0.000,2030283.000
0.000,2030284.000
0.000,2030285.000
0.000,2030286.000
0.000,2030287.000
0.000,2030288.000
0.000,2030289.000
0.000,2030290.000
0.000,2030291.000
0.000,2030292.000
0.000,2030293.000
0.000,2030294.000
0.000,2030295.000
0.000,2030296.000
0.000,2030297.000
0.000,2030298.000
1.000,2030299.000
0.000,2030300.000
0.000,2030301.000
0.000,2030302.000
0.000,2030303.000
0.000,2030304.000
0.000,2030305.000
0.000,2030306.000
0.000,2030307.000
0.000,2030308.000
0.000,2030309.000
0.000,2030310.000
0.000,2030311.000
0.000,2030312.000
0.000,2030313.000
0.000,2030314.000
0.000,2030315.000
0.000,2030316.000
0.000,2030317.000
0.000,2030318.000
0.000,2030319.000
0.000,2030320.000
0.000,2030321.000
0.000,2030322.000
0.000,2030323.000
0.000,2030324.000
0.000,2030325.000
0.000,2030326.000
0.000,2030327.000
0.000,2030328.000
0.000,2030329.000
0.000,2030330.000
0.000,2030331.000
0.000,2030332.000
0.000,2030333.000
0.000,2030334.000
0.000,2030335.000
0.000,2030336.000
0.000,2030337.000
0.000,2030338.000
0.000,2030339.000
0.000,2030340.000
0.000,2030341.000
0.000,2030342.000
0.000,2030343.000
0.000,2030344.000
0.000,2030345.000
0.000,2030346.000
0.000,2030347.000
0.000,2030348.000
0.000,2030349.000
0.000,2030350.000
0.000,2030351.000
0.000,2030352.000
0.000,2030353.000
1.000,2030354.000
0.000,2030355.000
0.000,2030356.000
0.000,2030357.000
0.000,2030358.000
0.000,2030359.000
0.000,2030360.000
0.000,2030361.000
0.000,2030362.000
0.000,2030363.000
0.000,2030364.000
0.000,2030365.000
0.000,2030366.000
0.000,2030367.000
0.000,2030368.000
0.000,2030369.000
0.000,2030370.000
0.000,2030371.000
0.000,2030372.000
0.000,2030373.000
0.000,2030374.000
0.000,2030375.000
0.000,2030376.000
0.000,2030377.000
0.000,2030378.000
0.000,2030379.000
0.000,2030380.000
0.000,2030381.000
0.000,2030382.000
0.000,2030383.000
1.000,2030384.000
0.000,2030385.000
0.000,2030386.000
0.000,2030387.000
0.000,2030388.000
0.000,2030389.000
0.000,2030390.000
0.000,2030391.000
0.000,2030392.000
0.000,2030393.000
0.000,2030394.000
0.000,2030395.000
0.000,2030396.000
0.000,2030397.000
0.000,2030398.000
0.000,2030399.000
0.000,2030400.000
0.000,2030401.000
0.000,2030402.000
1.000,2030403.000
0.000,2030404.000
0.000,2030405.000
0.000,2030406.000
0.000,2030407.000
0.000,2030408.000
0.000,2030409.000
1.000,2030410.000
0.000,2030411.000
0.000,2030412.000
0.000,2030413.000
0.000,2030414.000
0.000,2030415.000
0.000,2030416.000
0.000,2030417.000
0.000,2030418.000
0.000,2030419.000
0.000,2030420.000
0.000,2030421.000
0.000,2030422.000
0.000,2030423.000
0.000,2030424.000
0.000,2030425.000
0.000,2030426.000
0.000,2030427.000
0.000,2030428.000
0.000,2030429.000
0.000,2030430.000
0.000,2030431.000
0.000,2030432.000
0.000,2030433.000
0.000,2030434.000
0.000,2030435.000
0.000,2030436.000
0.000,2030437.000
0.000,2030438.000
0.000,2030439.000
0.000,2030440.000
0.000,2030441.000
0.000,2030442.000
0.000,2030443.000
0.000,2030444.000
0.000,2030445.000
0.000,2030446.000
0.000,2030447.000
0.000,2030448.000
0.000,2030449.000
0.000,2030450.000
0.000,2030451.000
0.000,2030452.000
0.000,2030453.000
0.000,2030454.000
0.000,2030455.000
0.000,2030456.000
0.000,2030457.000
0.000,2030458.000
0.000,2030459.000
0.000,2030460.000
0.000,2030461.000
0.000,2030462.000
0.000,2030463.000
0.000,2030464.000
0.000,2030465.000
0.000,2030466.000
0.000,2030467.000
0.000,2030468.000
1.000,2030469.000
0.000,2030470.000
0.000,2030471.000
0.000,2030472.000
0.000,2030473.000
0.000,2030474.000
0.000,2030475.000
0.000,2030476.000
0.000,2030477.000
0.000,2030478.000
0.000,2030479.000
0.000,2030480.000
0.000,2030481.000
0.000,2030482.000
0.000,2030483.000
0.000,2030484.000
0.000,2030485.000
0.000,2030486.000
0.000,2030487.000
0.000,2030488.000
0.000,2030489.000
0.000,2030490.000
0.000,2030491.000
0.000,2030492.000
0.000,2030493.000
0.000,2030494.000
0.000,2030495.000
0.000,2030496.000
0.000,2030497.000
0.000,2030498.000
0.000,2030499.000
0.000,2030500.000
1.000,2030501.000
0.000,2030502.000
0.000,2030503.000
0.000,2030504.000
0.000,2030505.000
0.000,2030506.000
0.000,2030507.000
0.000,2030508.000
0.000,2030509.000
0.000,2030510.000
0.000,2030511.000
0.000,2030512.000
0.000,2030513.000
0.000,2030514.000
0.000,2030515.000
0.000,2030516.000
0.000,2030517.000
0.000,2030518.000
0.000,2030519.000
0.000,2030520.000
0.000,2030521.000
0.000,2030522.000
0.000,2030523.000
0.000,2030524.000
0.000,2030525.000
0.000,2030526.000
0.000,2030527.000
0.000,2030528.000
0.000,2030529.000
0.000,2030530.000
0.000,2030531.000
0.000,2030532.000
0.000,2030533.000
0.000,2030534.000
0.000,2030535.000
0.000,2030536.000
0.000,2030537.000
0.000,2030538.000
0.000,2030539.000
0.000,2030540.000
0.000,2030541.000
0.000,2030542.000
0.000,2030543.000
0.000,2030544.000
0.000,2030545.000
0.000,2030546.000
0.000,2030547.000
0.000,2030548.000
0.000,2030549.000
0.000,2030550.000
0.000,2030551.000
0.000,2030552.000
0.000,2030553.000
0.000,2030554.000
0.000,2030555.000
0.000,2030556.000
0.000,2030557.000
0.000,2030558.000
0.000,2030559.000
0.000,2030560.000
1.000,2030561.000
0.000,2030562.000
0.000,2030563.000
0.000,2030564.000
0.000,2030565.000
0.000,2030566.000
0.000,2030567.000
0.000,2030568.000
0.000,2030569.000
0.000,2030570.000
0.000,2030571.000
0.000,2030572.000
0.000,2030573.000
0.000,2030574.000
0.000,2030575.000
0.000,2030576.000
0.000,2030577.000
0.000,2030578.000
0.000,2030579.000
0.000,2030580.000
0.000,2030581.000
0.000,2030582.000
0.000,2030583.000
0.000,2030584.000
0.000,2030585.000
0.000,2030586.000
0.000,2030587.000
0.000,2030588.000
0.000,2030589.000
0.000,2030590.000
0.000,2030591.000
0.000,2030592.000
0.000,2030593.000
0.000,2030594.000
0.000,2030595.000
0.000,2030596.000
0.000,2030597.000
0.000,2030598.000
0.000,2030599.000
1.000,2030600.000
0.000,2030601.000
0.000,2030602.000
0.000,2030603.000
0.000,2030604.000
0.000,2030605.000
0.000,2030606.000
0.000,2030607.000
0.000,2030608.000
0.000,2030609.000
0.000,2030610.000
0.000,2030611.000
0.000,2030612.000
0.000,2030613.000
0.000,2030614.000
0.000,2030615.000
0.000,2030616.000
0.000,2030617.000
0.000,2030618.000
0.000,2030619.000
0.000,2030620.000
0.000,2030621.000
0.000,2030622.000
0.000,2030623.000
0.000,2030624.000
0.000,2030625.000
0.000,2030626.000
0.000,2030627.000
0.000,2030628.000
0.000,2030629.000
0.000,2030630.000
0.000,2030631.000
0.000,2030632.000
1.000,2030633.000
0.000,2030634.000
0.000,2030635.000
0.000,2030636.000
0.000,2030637.000
0.000,2030638.000
0.000,2030639.000
0.000,2030640.000
0.000,2030641.000
0.000,2030642.000
0.000,2030643.000
0.000,2030644.000
0.000,2030645.000
0.000,2030646.000
0.000,2030647.000
0.000,2030648.000
0.000,2030649.000
0.000,2030650.000
0.000,2030651.000
0.000,2030652.000
0.000,2030653.000
0.000,2030654.000
0.000,2030655.000
0.000,2030656.000
0.000,2030657.000
0.000,2030658.000
0.000,2030659.000
0.000,2030660.000
0.000,2030661.000
0.000,2030662.000
0.000,2030663.000
0.000,2030664.000
0.000,2030665.000
0.000,2030666.000
0.000,2030667.000
0.000,2030668.000
0.000,2030669.000
0.000,2030670.000
0.000,2030671.000
0.000,2030672.000
0.000,2030673.000
0.000,2030674.000
0.000,2030675.000
0.000,2030676.000
0.000,2030677.000
0.000,2030678.000
0.000,2030679.000
0.000,2030680.000
0.000,2030681.000
0.000,2030682.000
0.000,2030683.000
0.000,2030684.000
0.000,2030685.000
0.000,2030686.000
0.000,2030687.000
0.000,2030688.000
0.000,2030689.000
0.000,2030690.000
0.000,2030691.000
0.000,2030692.000
0.000,2030693.000
0.000,2030694.000
0.000,2030695.000
0.000,2030696.000
0.000,2030697.000
0.000,2030698.000
0.000,2030699.000
0.000,2030700.000
0.000,2030701.000
0.000,2030702.000
1.000,2030703.000
0.000,2030704.000
0.000,2030705.000
0.000,2030706.000
0.000,2030707.000
0.000,2030708.000
0.000,2030709.000
0.000,2030710.000
0.000,2030711.000
0.000,2030712.000
0.000,2030713.000
0.000,2030714.000
0.000,2030715.000
0.000,2030716.000
0.000,2030717.000
0.000,2030718.000
0.000,2030719.000
0.000,2030720.000
0.000,2030721.000
0.000,2030722.000
0.000,2030723.000
0.000,2030724.000
0.000,2030725.000
0.000,2030726.000
0.000,2030727.000
0.000,2030728.000
0.000,2030729.000
0.000,2030730.000
0.000,2030731.000
0.000,2030732.000
0.000,2030733.000
0.000,2030734.000
0.000,2030735.000
0.000,2030736.000
0.000,2030737.000
0.000,2030738.000
0.000,2030739.000
0.000,2030740.000
0.000,2030741.000
0.000,2030742.000
0.000,2030743.000
0.000,2030744.000
0.000,2030745.000
1.000,2030746.000
0.000,2030747.000
0.000,2030748.000
0.000,2030749.000
0.000,2030750.000
0.000,2030751.000
0.000,2030752.000
0.000,2030753.000
0.000,2030754.000
0.000,2030755.000
0.000,2030756.000
0.000,2030757.000
0.000,2030758.000
0.000,2030759.000
0.000,2030760.000
0.000,2030761.000
0.000,2030762.000
0.000,2030763.000
0.000,2030764.000
0.000,2030765.000
0.000,2030766.000
0.000,2030767.000
0.000,2030768.000
0.000,2030769.000
0.000,2030770.000
0.000,2030771.000
0.000,2030772.000
0.000,2030773.000
0.000,2030774.000
0.000,2030775.000
0.000,2030776.000
0.000,2030777.000
0.000,2030778.000
0.000,2030779.000
0.000,2030780.000
0.000,2030781.000
0.000,2030782.000
0.000,2030783.000
0.000,2030784.000
0.000,2030785.000
0.000,2030786.000
0.000,2030787.000
0.000,2030788.000
0.000,2030789.000
0.000,2030790.000
0.000,2030791.000
0.000,2030792.000
0.000,2030793.000
0.000,2030794.000
0.000,2030795.000
0.000,2030796.000
0.000,2030797.000
0.000,2030798.000
0.000,2030799.000
0.000,2030800.000
0.000,2030801.000
0.000,2030802.000
0.000,2030803.000
0.000,2030804.000
0.000,2030805.000
0.000,2030806.000
0.000,2030807.000
0.000,2030808.000
0.000,2030809.000
0.000,2030810.000
0.000,2030811.000
0.000,2030812.000
0.000,2030813.000
0.000,2030814.000
0.000,2030815.000
0.000,2030816.000
0.000,2030817.000
0.000,2030818.000
0.000,2030819.000
0.000,2030820.000
0.000,2030821.000
0.000,2030822.000
0.000,2030823.000
0.000,2030824.000
0.000,2030825.000
0.000,2030826.000
1.000,2030827.000
1.000,2030828.000
0.000,2030829.000
0.000,2030830.000
0.000,2030831.000
0.000,2030832.000
0.000,2030833.000
0.000,2030834.000
0.000,2030835.000
0.000,2030836.000
0.000,2030837.000
0.000,2030838.000
0.000,2030839.000
0.000,2030840.000
0.000,2030841.000
0.000,2030842.000
0.000,2030843.000
0.000,2030844.000
0.000,2030845.000
0.000,2030846.000
0.000,2030847.000
0.000,2030848.000
0.000,2030849.000
0.000,2030850.000
0.000,2030851.000
0.000,2030852.000
0.000,2030853.000
0.000,2030854.000
0.000,2030855.000
0.000,2030856.000
1.000,2030857.000
0.000,2030858.000
0.000,2030859.000
0.000,2030860.000
0.000,2030861.000
0.000,2030862.000
0.000,2030863.000
0.000,2030864.000
0.000,2030865.000
0.000,2030866.000
0.000,2030867.000
0.000,2030868.000
0.000,2030869.000
0.000,2030870.000
0.000,2030871.000
0.000,2030872.000
0.000,2030873.000
0.000,2030874.000
0.000,2030875.000
0.000,2030876.000
0.000,2030877.000
0.000,2030878.000
0.000,2030879.000
0.000,2030880.000
0.000,2030881.000
0.000,2030882.000
0.000,2030883.000
0.000,2030884.000
0.000,2030885.000
0.000,2030886.000
0.000,2030887.000
0.000,2030888.000
0.000,2030889.000
0.000,2030890.000
0.000,2030891.000
0.000,2030892.000
0.000,2030893.000
0.000,2030894.000
0.000,2030895.000
0.000,2030896.000
0.000,2030897.000
1.000,2030898.000
0.000,2030899.000
0.000,2030900.000
0.000,2030901.000
0.000,2030902.000
0.000,2030903.000
0.000,2030904.000
0.000,2030905.000
0.000,2030906.000
0.000,2030907.000
0.000,2030908.000
0.000,2030909.000
0.000,2030910.000
0.000,2030911.000
0.000,2030912.000
0.000,2030913.000
1.000,2030914.000
0.000,2030915.000
0.000,2030916.000
0.000,2030917.000
0.000,2030918.000
0.000,2030919.000
0.000,2030920.000
0.000,2030921.000
0.000,2030922.000
0.000,2030923.000
0.000,2030924.000
0.000,2030925.000
0.000,2030926.000
0.000,2030927.000
0.000,2030928.000
0.000,2030929.000
0.000,2030930.000
0.000,2030931.000
0.000,2030932.000
0.000,2030933.000
0.000,2030934.000
0.000,2030935.000
0.000,2030936.000
0.000,2030937.000
0.000,2030938.000
0.000,2030939.000
0.000,2030940.000
0.000,2030941.000
0.000,2030942.000
0.000,2030943.000
0.000,2030944.000
0.000,2030945.000
0.000,2030946.000
0.000,2030947.000
0.000,2030948.000
0.000,2030949.000
0.000,2030950.000
0.000,2030951.000
0.000,2030952.000
0.000,2030953.000
0.000,2030954.000
0.000,2030955.000
0.000,2030956.000
0.000,2030957.000
0.000,2030958.000
0.000,2030959.000
0.000,2030960.000
0.000,2030961.000
0.000,2030962.000
0.000,2030963.000
0.000,2030964.000
0.000,2030965.000
0.000,2030966.000
0.000,2030967.000
0.000,2030968.000
0.000,2030969.000
0.000,2030970.000
0.000,2030971.000
0.000,2030972.000
0.000,2030973.000
0.000,2030974.000
0.000,2030975.000
0.000,2030976.000
0.000,2030977.000
1.000,2030978.000
0.000,2030979.000
0.000,2030980.000
0.000,2030981.000
0.000,2030982.000
0.000,2030983.000
0.000,2030984.000
0.000,2030985.000
0.000,2030986.000
0.000,2030987.000
0.000,2030988.000
0.000,2030989.000
0.000,2030990.000
0.000,2030991.000
0.000,2030992.000
0.000,2030993.000
0.000,2030994.000
0.000,2030995.000
0.000,2030996.000
0.000,2030997.000
0.000,2030998.000
0.000,2030999.000
0.000,2031000.000
0.000,2031001.000
0.000,2031002.000
0.000,2031003.000
0.000,2031004.000
0.000,2031005.000
0.000,2031006.000
0.000,2031007.000
0.000,2031008.000
0.000,2031009.000
0.000,2031010.000
0.000,2031011.000
0.000,2031012.000
0.000,2031013.000
0.000,2031014.000
0.000,2031015.000
0.000,2031016.000
0.000,2031017.000
0.000,2031018.000
0.000,2031019.000
0.000,2031020.000
0.000,2031021.000
0.000,2031022.000
0.000,2031023.000
0.000,2031024.000
0.000,2031025.000
0.000,2031026.000
0.000,2031027.000
0.000,2031028.000
0.000,2031029.000
0.000,2031030.000
0.000,2031031.000
0.000,2031032.000
0.000,2031033.000
0.000,2031034.000
0.000,2031035.000
0.000,2031036.000
0.000,2031037.000
1.000,2031038.000
0.000,2031039.000
0.000,2031040.000
0.000,2031041.000
1.000,2031042.000
0.000,2031043.000
0.000,2031044.000
0.000,2031045.000
0.000,2031046.000
0.000,2031047.000
0.000,2031048.000
0.000,2031049.000
0.000,2031050.000
0.000,2031051.000
0.000,2031052.000
0.000,2031053.000
0.000,2031054.000
0.000,2031055.000
0.000,2031056.000
0.000,2031057.000
0.000,2031058.000
0.000,2031059.000
0.000,2031060.000
0.000,2031061.000
0.000,2031062.000
0.000,2031063.000
0.000,2031064.000
0.000,2031065.000
0.000,2031066.000
1.000,2031067.000
0.000,2031068.000
0.000,2031069.000
0.000,2031070.000
0.000,2031071.000
0.000,2031072.000
0.000,2031073.000
0.000,2031074.000
0.000,2031075.000
0.000,2031076.000
0.000,2031077.000
0.000,2031078.000
0.000,2031079.000
0.000,2031080.000
0.000,2031081.000
0.000,2031082.000
0.000,2031083.000
0.000,2031084.000
0.000,2031085.000
0.000,2031086.000
0.000,2031087.000
0.000,2031088.000
0.000,2031089.000
0.000,2031090.000
0.000,2031091.000
0.000,2031092.000
0.000,2031093.000
0.000,2031094.000
0.000,2031095.000
0.000,2031096.000
0.000,2031097.000
0.000,2031098.000
0.000,2031099.000
0.000,2031100.000
0.000,2031101.000
0.000,2031102.000
0.000,2031103.000
0.000,2031104.000
0.000,2031105.000
0.000,2031106.000
0.000,2031107.000
0.000,2031108.000
0.000,2031109.000
0.000,2031110.000
0.000,2031111.000
0.000,2031112.000
0.000,2031113.000
0.000,2031114.000
0.000,2031115.000
0.000,2031116.000
0.000,2031117.000
0.000,2031118.000
0.000,2031119.000
0.000,2031120.000
0.000,2031121.000
0.000,2031122.000
0.000,2031123.000
0.000,2031124.000
1.000,2031125.000
0.000,2031126.000
0.000,2031127.000
0.000,2031128.000
0.000,2031129.000
0.000,2031130.000
0.000,2031131.000
0.000,2031132.000
1.000,2031133.000
0.000,2031134.000
0.000,2031135.000
0.000,2031136.000
0.000,2031137.000
0.000,2031138.000
0.000,2031139.000
0.000,2031140.000
0.000,2031141.000
0.000,2031142.000
0.000,2031143.000
0.000,2031144.000
0.000,2031145.000
0.000,2031146.000
0.000,2031147.000
0.000,2031148.000
0.000,2031149.000
0.000,2031150.000
0.000,2031151.000
0.000,2031152.000
0.000,2031153.000
0.000,2031154.000
0.000,2031155.000
0.000,2031156.000
0.000,2031157.000
0.000,2031158.000
0.000,2031159.000
0.000,2031160.000
0.000,2031161.000
0.000,2031162.000
0.000,2031163.000
0.000,2031164.000
1.000,2031165.000
0.000,2031166.000
0.000,2031167.000
0.000,2031168.000
0.000,2031169.000
0.000,2031170.000
0.000,2031171.000
0.000,2031172.000
0.000,2031173.000
0.000,2031174.000
0.000,2031175.000
0.000,2031176.000
0.000,2031177.000
0.000,2031178.000
0.000,2031179.000
0.000,2031180.000
0.000,2031181.000
0.000,2031182.000
0.000,2031183.000
0.000,2031184.000
0.000,2031185.000
0.000,2031186.000
0.000,2031187.000
0.000,2031188.000
0.000,2031189.000
0.000,2031190.000
0.000,2031191.000
0.000,2031192.000
0.000,2031193.000
0.000,2031194.000
0.000,2031195.000
0.000,2031196.000
0.000,2031197.000
0.000,2031198.000
0.000,2031199.000
0.000,2031200.000
0.000,2031201.000
0.000,2031202.000
0.000,2031203.000
0.000,2031204.000
0.000,2031205.000
0.000,2031206.000
0.000,2031207.000
0.000,2031208.000
0.000,2031209.000
0.000,2031210.000
0.000,2031211.000
0.000,2031212.000
0.000,2031213.000
0.000,2031214.000
0.000,2031215.000
1.000,2031216.000
0.000,2031217.000
0.000,2031218.000
0.000,2031219.000
0.000,2031220.000
0.000,2031221.000
1.000,2031222.000
0.000,2031223.000
0.000,2031224.000
0.000,2031225.000
0.000,2031226.000
0.000,2031227.000
0.000,2031228.000
0.000,2031229.000
0.000,2031230.000
1.000,2031231.000
0.000,2031232.000
0.000,2031233.000
0.000,2031234.000
0.000,2031235.000
0.000,2031236.000
0.000,2031237.000
0.000,2031238.000
0.000,2031239.000
0.000,2031240.000
1.000,2031241.000
0.000,2031242.000
0.000,2031243.000
0.000,2031244.000
0.000,2031245.000
0.000,2031246.000
0.000,2031247.000
0.000,2031248.000
0.000,2031249.000
0.000,2031250.000
0.000,2031251.000
0.000,2031252.000
0.000,2031253.000
0.000,2031254.000
0.000,2031255.000
0.000,2031256.000
0.000,2031257.000
0.000,2031258.000
0.000,2031259.000
0.000,2031260.000
0.000,2031261.000
1.000,2031262.000
0.000,2031263.000
0.000,2031264.000
0.000,2031265.000
0.000,2031266.000
0.000,2031267.000
0.000,2031268.000
0.000,2031269.000
0.000,2031270.000
0.000,2031271.000
0.000,2031272.000
0.000,2031273.000
0.000,2031274.000
0.000,2031275.000
0.000,2031276.000
0.000,2031277.000
0.000,2031278.000
0.000,2031279.000
0.000,2031280.000
0.000,2031281.000
0.000,2031282.000
0.000,2031283.000
0.000,2031284.000
0.000,2031285.000
0.000,2031286.000
0.000,2031287.000
0.000,2031288.000
0.000,2031289.000
0.000,2031290.000
0.000,2031291.000
0.000,2031292.000
0.000,2031293.000
0.000,2031294.000
0.000,2031295.000
0.000,2031296.000
0.000,2031297.000
0.000,2031298.000
0.000,2031299.000
0.000,2031300.000
0.000,2031301.000
0.000,2031302.000
0.000,2031303.000
0.000,2031304.000
0.000,2031305.000
0.000,2031306.000
0.000,2031307.000
0.000,2031308.000
0.000,2031309.000
0.000,2031310.000
1.000,2031311.000
0.000,2031312.000
0.000,2031313.000
0.000,2031314.000
0.000,2031315.000
0.000,2031316.000
0.000,2031317.000
0.000,2031318.000
0.000,2031319.000
0.000,2031320.000
0.000,2031321.000
0.000,2031322.000
0.000,2031323.000
0.000,2031324.000
0.000,2031325.000
0.000,2031326.000
0.000,2031327.000
0.000,2031328.000
0.000,2031329.000
0.000,2031330.000
0.000,2031331.000
0.000,2031332.000
0.000,2031333.000
0.000,2031334.000
0.000,2031335.000
0.000,2031336.000
0.000,2031337.000
0.000,2031338.000
0.000,2031339.000
0.000,2031340.000
0.000,2031341.000
0.000,2031342.000
0.000,2031343.000
1.000,2031344.000
0.000,2031345.000
0.000,2031346.000
0.000,2031347.000
0.000,2031348.000
0.000,2031349.000
0.000,2031350.000
0.000,2031351.000
0.000,2031352.000
0.000,2031353.000
0.000,2031354.000
0.000,2031355.000
0.000,2031356.000
0.000,2031357.000
0.000,2031358.000
0.000,2031359.000
0.000,2031360.000
0.000,2031361.000
0.000,2031362.000
0.000,2031363.000
0.000,2031364.000
0.000,2031365.000
0.000,2031366.000
0.000,2031367.000
0.000,2031368.000
0.000,2031369.000
0.000,2031370.000
0.000,2031371.000
0.000,2031372.000
0.000,2031373.000
0.000,2031374.000
0.000,2031375.000
0.000,2031376.000
0.000,2031377.000
0.000,2031378.000
0.000,2031379.000
0.000,2031380.000
0.000,2031381.000
0.000,2031382.000
0.000,2031383.000
0.000,2031384.000
0.000,2031385.000
0.000,2031386.000
0.000,2031387.000
0.000,2031388.000
0.000,2031389.000
0.000,2031390.000
0.000,2031391.000
0.000,2031392.000
0.000,2031393.000
0.000,2031394.000
0.000,2031395.000
0.000,2031396.000
0.000,2031397.000
0.000,2031398.000
0.000,2031399.000
0.000,2031400.000
0.000,2031401.000
0.000,2031402.000
0.000,2031403.000
0.000,2031404.000
0.000,2031405.000
0.000,2031406.000
0.000,2031407.000
0.000,2031408.000
0.000,2031409.000
0.000,2031410.000
0.000,2031411.000
0.000,2031412.000
0.000,2031413.000
0.000,2031414.000
0.000,2031415.000
0.000,2031416.000
0.000,2031417.000
0.000,2031418.000
0.000,2031419.000
0.000,2031420.000
0.000,2031421.000
0.000,2031422.000
0.000,2031423.000
0.000,2031424.000
0.000,2031425.000
0.000,2031426.000
0.000,2031427.000
0.000,2031428.000
0.000,2031429.000
0.000,2031430.000
0.000,2031431.000
0.000,2031432.000
0.000,2031433.000
0.000,2031434.000
0.000,2031435.000
0.000,2031436.000
0.000,2031437.000
1.000,2031438.000
0.000,2031439.000
0.000,2031440.000
0.000,2031441.000
0.000,2031442.000
0.000,2031443.000
0.000,2031444.000
0.000,2031445.000
0.000,2031446.000
0.000,2031447.000
0.000,2031448.000
0.000,2031449.000
0.000,2031450.000
0.000,2031451.000
0.000,2031452.000
0.000,2031453.000
0.000,2031454.000
0.000,2031455.000
0.000,2031456.000
0.000,2031457.000
0.000,2031458.000
0.000,2031459.000
0.000,2031460.000
0.000,2031461.000
0.000,2031462.000
0.000,2031463.000
0.000,2031464.000
0.000,2031465.000
0.000,2031466.000
0.000,2031467.000
0.000,2031468.000
0.000,2031469.000
0.000,2031470.000
0.000,2031471.000
0.000,2031472.000
0.000,2031473.000
0.000,2031474.000
0.000,2031475.000
0.000,2031476.000
0.000,2031477.000
0.000,2031478.000
0.000,2031479.000
1.000,2031480.000
0.000,2031481.000
0.000,2031482.000
0.000,2031483.000
0.000,2031484.000
0.000,2031485.000
0.000,2031486.000
0.000,2031487.000
0.000,2031488.000
0.000,2031489.000
0.000,2031490.000
0.000,2031491.000
0.000,2031492.000
0.000,2031493.000
0.000,2031494.000
0.000,2031495.000
0.000,2031496.000
0.000,2031497.000
0.000,2031498.000
0.000,2031499.000
0.000,2031500.000
0.000,2031501.000
0.000,2031502.000
0.000,2031503.000
0.000,2031504.000
0.000,2031505.000
0.000,2031506.000
0.000,2031507.000
0.000,2031508.000
0.000,2031509.000
0.000,2031510.000
0.000,2031511.000
0.000,2031512.000
0.000,2031513.000
0.000,2031514.000
0.000,2031515.000
0.000,2031516.000
0.000,2031517.000
0.000,2031518.000
0.000,2031519.000
0.000,2031520.000
0.000,2031521.000
0.000,2031522.000
0.000,2031523.000
0.000,2031524.000
0.000,2031525.000
0.000,2031526.000
0.000,2031527.000
0.000,2031528.000
0.000,2031529.000
0.000,2031530.000
0.000,2031531.000
0.000,2031532.000
0.000,2031533.000
0.000,2031534.000
0.000,2031535.000
0.000,2031536.000
0.000,2031537.000
0.000,2031538.000
0.000,2031539.000
0.000,2031540.000
0.000,2031541.000
0.000,2031542.000
0.000,2031543.000
0.000,2031544.000
0.000,2031545.000
0.000,2031546.000
0.000,2031547.000
0.000,2031548.000
0.000,2031549.000
0.000,2031550.000
0.000,2031551.000
0.000,2031552.000
0.000,2031553.000
0.000,2031554.000
0.000,2031555.000
0.000,2031556.000
0.000,2031557.000
0.000,2031558.000
0.000,2031559.000
0.000,2031560.000
0.000,2031561.000
0.000,2031562.000
0.000,2031563.000
0.000,2031564.000
0.000,2031565.000
0.000,2031566.000
0.000,2031567.000
0.000,2031568.000
0.000,2031569.000
0.000,2031570.000
0.000,2031571.000
0.000,2031572.000
0.000,2031573.000
0.000,2031574.000
0.000,2031575.000
0.000,2031576.000
0.000,2031577.000
0.000,2031578.000
0.000,2031579.000
0.000,2031580.000
0.000,2031581.000
0.000,2031582.000
0.000,2031583.000
0.000,2031584.000
0.000,2031585.000
0.000,2031586.000
0.000,2031587.000
0.000,2031588.000
0.000,2031589.000
0.000,2031590.000
0.000,2031591.000
0.000,2031592.000
0.000,2031593.000
1.000,2031594.000
0.000,2031595.000
0.000,2031596.000
0.000,2031597.000
0.000,2031598.000
0.000,2031599.000
0.000,2031600.000
0.000,2031601.000
0.000,2031602.000
0.000,2031603.000
0.000,2031604.000
0.000,2031605.000
0.000,2031606.000
0.000,2031607.000
0.000,2031608.000
1.000,2031609.000
0.000,2031610.000
0.000,2031611.000
0.000,2031612.000
0.000,2031613.000
0.000,2031614.000
0.000,2031615.000
0.000,2031616.000
0.000,2031617.000
0.000,2031618.000
0.000,2031619.000
0.000,2031620.000
0.000,2031621.000
0.000,2031622.000
0.000,2031623.000
0.000,2031624.000
0.000,2031625.000
0.000,2031626.000
0.000,2031627.000
0.000,2031628.000
0.000,2031629.000
0.000,2031630.000
0.000,2031631.000
0.000,2031632.000
0.000,2031633.000
0.000,2031634.000
0.000,2031635.000
0.000,2031636.000
0.000,2031637.000
0.000,2031638.000
0.000,2031639.000
0.000,2031640.000
0.000,2031641.000
0.000,2031642.000
0.000,2031643.000
0.000,2031644.000
0.000,2031645.000
0.000,2031646.000
0.000,2031647.000
0.000,2031648.000
0.000,2031649.000
0.000,2031650.000
0.000,2031651.000
0.000,2031652.000
0.000,2031653.000
0.000,2031654.000
0.000,2031655.000
0.000,2031656.000
0.000,2031657.000
0.000,2031658.000
0.000,2031659.000
0.000,2031660.000
0.000,2031661.000
0.000,2031662.000
0.000,2031663.000
0.000,2031664.000
0.000,2031665.000
0.000,2031666.000
0.000,2031667.000
0.000,2031668.000
0.000,2031669.000
0.000,2031670.000
0.000,2031671.000
0.000,2031672.000
0.000,2031673.000
0.000,2031674.000
0.000,2031675.000
0.000,2031676.000
0.000,2031677.000
0.000,2031678.000
0.000,2031679.000
0.000,2031680.000
0.000,2031681.000
0.000,2031682.000
0.000,2031683.000
0.000,2031684.000
0.000,2031685.000
0.000,2031686.000
0.000,2031687.000
0.000,2031688.000
0.000,2031689.000
0.000,2031690.000
0.000,2031691.000
0.000,2031692.000
0.000,2031693.000
0.000,2031694.000
0.000,2031695.000
0.000,2031696.000
0.000,2031697.000
0.000,2031698.000
0.000,2031699.000
0.000,2031700.000
0.000,2031701.000
0.000,2031702.000
0.000,2031703.000
0.000,2031704.000
0.000,2031705.000
0.000,2031706.000
0.000,2031707.000
0.000,2031708.000
0.000,2031709.000
0.000,2031710.000
0.000,2031711.000
0.000,2031712.000
0.000,2031713.000
0.000,2031714.000
0.000,2031715.000
0.000,2031716.000
0.000,2031717.000
0.000,2031718.000
0.000,2031719.000
0.000,2031720.000
0.000,2031721.000
0.000,2031722.000
0.000,2031723.000
0.000,2031724.000
0.000,2031725.000
0.000,2031726.000
1.000,2031727.000
0.000,2031728.000
0.000,2031729.000
0.000,2031730.000
0.000,2031731.000
0.000,2031732.000
1.000,2031733.000
0.000,2031734.000
0.000,2031735.000
0.000,2031736.000
0.000,2031737.000
0.000,2031738.000
0.000,2031739.000
0.000,2031740.000
0.000,2031741.000
0.000,2031742.000
0.000,2031743.000
0.000,2031744.000
0.000,2031745.000
0.000,2031746.000
0.000,2031747.000
0.000,2031748.000
0.000,2031749.000
0.000,2031750.000
0.000,2031751.000
0.000,2031752.000
0.000,2031753.000
0.000,2031754.000
0.000,2031755.000
0.000,2031756.000
0.000,2031757.000
0.000,2031758.000
0.000,2031759.000
0.000,2031760.000
0.000,2031761.000
0.000,2031762.000
0.000,2031763.000
0.000,2031764.000
0.000,2031765.000
0.000,2031766.000
0.000,2031767.000
0.000,2031768.000
0.000,2031769.000
0.000,2031770.000
0.000,2031771.000
0.000,2031772.000
0.000,2031773.000
0.000,2031774.000
0.000,2031775.000
0.000,2031776.000
0.000,2031777.000
0.000,2031778.000
0.000,2031779.000
0.000,2031780.000
0.000,2031781.000
0.000,2031782.000
0.000,2031783.000
0.000,2031784.000
0.000,2031785.000
0.000,2031786.000
0.000,2031787.000
0.000,2031788.000
0.000,2031789.000
0.000,2031790.000
0.000,2031791.000
0.000,2031792.000
0.000,2031793.000
0.000,2031794.000
0.000,2031795.000
0.000,2031796.000
0.000,2031797.000
0.000,2031798.000
0.000,2031799.000
0.000,2031800.000
0.000,2031801.000
0.000,2031802.000
0.000,2031803.000
0.000,2031804.000
0.000,2031805.000
0.000,2031806.000
0.000,2031807.000
0.000,2031808.000
0.000,2031809.000
0.000,2031810.000
0.000,2031811.000
0.000,2031812.000
0.000,2031813.000
0.000,2031814.000
0.000,2031815.000
0.000,2031816.000
0.000,2031817.000
0.000,2031818.000
0.000,2031819.000
0.000,2031820.000
0.000,2031821.000
0.000,2031822.000
0.000,2031823.000
0.000,2031824.000
0.000,2031825.000
0.000,2031826.000
0.000,2031827.000
0.000,2031828.000
0.000,2031829.000
0.000,2031830.000
0.000,2031831.000
0.000,2031832.000
0.000,2031833.000
0.000,2031834.000
0.000,2031835.000
0.000,2031836.000
0.000,2031837.000
0.000,2031838.000
0.000,2031839.000
0.000,2031840.000
0.000,2031841.000
0.000,2031842.000
0.000,2031843.000
0.000,2031844.000
0.000,2031845.000
0.000,2031846.000
0.000,2031847.000
0.000,2031848.000
0.000,2031849.000
0.000,2031850.000
0.000,2031851.000
0.000,2031852.000
0.000,2031853.000
0.000,2031854.000
0.000,2031855.000
0.000,2031856.000
0.000,2031857.000
0.000,2031858.000
0.000,2031859.000
0.000,2031860.000
0.000,2031861.000
0.000,2031862.000
0.000,2031863.000
0.000,2031864.000
1.000,2031865.000
0.000,2031866.000
0.000,2031867.000
1.000,2031868.000
0.000,2031869.000
0.000,2031870.000
0.000,2031871.000
0.000,2031872.000
0.000,2031873.000
0.000,2031874.000
0.000,2031875.000
0.000,2031876.000
1.000,2031877.000
0.000,2031878.000
0.000,2031879.000
0.000,2031880.000
0.000,2031881.000
0.000,2031882.000
0.000,2031883.000
0.000,2031884.000
0.000,2031885.000
0.000,2031886.000
0.000,2031887.000
0.000,2031888.000
0.000,2031889.000
0.000,2031890.000
0.000,2031891.000
0.000,2031892.000
0.000,2031893.000
1.000,2031894.000
0.000,2031895.000
0.000,2031896.000
0.000,2031897.000
0.000,2031898.000
0.000,2031899.000
0.000,2031900.000
0.000,2031901.000
0.000,2031902.000
0.000,2031903.000
0.000,2031904.000
0.000,2031905.000
0.000,2031906.000
0.000,2031907.000
0.000,2031908.000
0.000,2031909.000
0.000,2031910.000
0.000,2031911.000
0.000,2031912.000
0.000,2031913.000
0.000,2031914.000
0.000,2031915.000
0.000,2031916.000
0.000,2031917.000
0.000,2031918.000
0.000,2031919.000
0.000,2031920.000
0.000,2031921.000
0.000,2031922.000
0.000,2031923.000
0.000,2031924.000
0.000,2031925.000
0.000,2031926.000
0.000,2031927.000
0.000,2031928.000
0.000,2031929.000
0.000,2031930.000
0.000,2031931.000
0.000,2031932.000
0.000,2031933.000
0.000,2031934.000
0.000,2031935.000
0.000,2031936.000
0.000,2031937.000
0.000,2031938.000
0.000,2031939.000
0.000,2031940.000
0.000,2031941.000
0.000,2031942.000
0.000,2031943.000
0.000,2031944.000
0.000,2031945.000
0.000,2031946.000
0.000,2031947.000
0.000,2031948.000
0.000,2031949.000
0.000,2031950.000
0.000,2031951.000
0.000,2031952.000
0.000,2031953.000
0.000,2031954.000
0.000,2031955.000
0.000,2031956.000
0.000,2031957.000
0.000,2031958.000
0.000,2031959.000
0.000,2031960.000
0.000,2031961.000
0.000,2031962.000
0.000,2031963.000
0.000,2031964.000
0.000,2031965.000
0.000,2031966.000
0.000,2031967.000
0.000,2031968.000
0.000,2031969.000
0.000,2031970.000
0.000,2031971.000
0.000,2031972.000
0.000,2031973.000
0.000,2031974.000
0.000,2031975.000
0.000,2031976.000
0.000,2031977.000
0.000,2031978.000
0.000,2031979.000
0.000,2031980.000
0.000,2031981.000
0.000,2031982.000
0.000,2031983.000
0.000,2031984.000
0.000,2031985.000
0.000,2031986.000
0.000,2031987.000
0.000,2031988.000
0.000,2031989.000
0.000,2031990.000
0.000,2031991.000
0.000,2031992.000
0.000,2031993.000
0.000,2031994.000
0.000,2031995.000
0.000,2031996.000
0.000,2031997.000
0.000,2031998.000
0.000,2031999.000
0.000,2032000.000
0.000,2032001.000
0.000,2032002.000
0.000,2032003.000
0.000,2032004.000
0.000,2032005.000
0.000,2032006.000
0.000,2032007.000
0.000,2032008.000
0.000,2032009.000
0.000,2032010.000
0.000,2032011.000
0.000,2032012.000
0.000,2032013.000
0.000,2032014.000
0.000,2032015.000
0.000,2032016.000
0.000,2032017.000
0.000,2032018.000
0.000,2032019.000
0.000,2032020.000
0.000,2032021.000
0.000,2032022.000
0.000,2032023.000
0.000,2032024.000
0.000,2032025.000
0.000,2032026.000
0.000,2032027.000
0.000,2032028.000
0.000,2032029.000
0.000,2032030.000
0.000,2032031.000
0.000,2032032.000
0.000,2032033.000
0.000,2032034.000
0.000,2032035.000
0.000,2032036.000
0.000,2032037.000
0.000,2032038.000
0.000,2032039.000
0.000,2032040.000
0.000,2032041.000
0.000,2032042.000
0.000,2032043.000
0.000,2032044.000
0.000,2032045.000
0.000,2032046.000
0.000,2032047.000
0.000,2032048.000
0.000,2032049.000
0.000,2032050.000
0.000,2032051.000
0.000,2032052.000
0.000,2032053.000
0.000,2032054.000
0.000,2032055.000
0.000,2032056.000
0.000,2032057.000
0.000,2032058.000
0.000,2032059.000
0.000,2032060.000
0.000,2032061.000
0.000,2032062.000
0.000,2032063.000
0.000,2032064.000
0.000,2032065.000
0.000,2032066.000
0.000,2032067.000
0.000,2032068.000
0.000,2032069.000
0.000,2032070.000
0.000,2032071.000
0.000,2032072.000
0.000,2032073.000
0.000,2032074.000
0.000,2032075.000
0.000,2032076.000
0.000,2032077.000
0.000,2032078.000
0.000,2032079.000
0.000,2032080.000
0.000,2032081.000
0.000,2032082.000
0.000,2032083.000
0.000,2032084.000
0.000,2032085.000
0.000,2032086.000
0.000,2032087.000
0.000,2032088.000
0.000,2032089.000
0.000,2032090.000
0.000,2032091.000
0.000,2032092.000
0.000,2032093.000
0.000,2032094.000
0.000,2032095.000
0.000,2032096.000
0.000,2032097.000
0.000,2032098.000
0.000,2032099.000
0.000,2032100.000
0.000,2032101.000
0.000,2032102.000
0.000,2032103.000
0.000,2032104.000
0.000,2032105.000
0.000,2032106.000
0.000,2032107.000
0.000,2032108.000
0.000,2032109.000
0.000,2032110.000
0.000,2032111.000
0.000,2032112.000
0.000,2032113.000
0.000,2032114.000
0.000,2032115.000
0.000,2032116.000
0.000,2032117.000
0.000,2032118.000
0.000,2032119.000
0.000,2032120.000
0.000,2032121.000
0.000,2032122.000
0.000,2032123.000
0.000,2032124.000
0.000,2032125.000
0.000,2032126.000
0.000,2032127.000
1.000,2032128.000
0.000,2032129.000
0.000,2032130.000
0.000,2032131.000
0.000,2032132.000
0.000,2032133.000
0.000,2032134.000
0.000,2032135.000
0.000,2032136.000
0.000,2032137.000
0.000,2032138.000
0.000,2032139.000
0.000,2032140.000
0.000,2032141.000
0.000,2032142.000
0.000,2032143.000
0.000,2032144.000
0.000,2032145.000
0.000,2032146.000
0.000,2032147.000
0.000,2032148.000
0.000,2032149.000
0.000,2032150.000
0.000,2032151.000
0.000,2032152.000
0.000,2032153.000
0.000,2032154.000
0.000,2032155.000
1.000,2032156.000
0.000,2032157.000
0.000,2032158.000
0.000,2032159.000
0.000,2032160.000
0.000,2032161.000
0.000,2032162.000
0.000,2032163.000
0.000,2032164.000
0.000,2032165.000
0.000,2032166.000
0.000,2032167.000
0.000,2032168.000
0.000,2032169.000
0.000,2032170.000
0.000,2032171.000
0.000,2032172.000
0.000,2032173.000
0.000,2032174.000
0.000,2032175.000
0.000,2032176.000
0.000,2032177.000
0.000,2032178.000
0.000,2032179.000
0.000,2032180.000
0.000,2032181.000
0.000,2032182.000
0.000,2032183.000
0.000,2032184.000
0.000,2032185.000
0.000,2032186.000
0.000,2032187.000
0.000,2032188.000
0.000,2032189.000
0.000,2032190.000
0.000,2032191.000
0.000,2032192.000
0.000,2032193.000
0.000,2032194.000
0.000,2032195.000
0.000,2032196.000
0.000,2032197.000
0.000,2032198.000
0.000,2032199.000
1.000,2032200.000
0.000,2032201.000
0.000,2032202.000
0.000,2032203.000
0.000,2032204.000
0.000,2032205.000
0.000,2032206.000
0.000,2032207.000
0.000,2032208.000
0.000,2032209.000
0.000,2032210.000
0.000,2032211.000
0.000,2032212.000
0.000,2032213.000
0.000,2032214.000
0.000,2032215.000
0.000,2032216.000
0.000,2032217.000
0.000,2032218.000
0.000,2032219.000
0.000,2032220.000
0.000,2032221.000
0.000,2032222.000
0.000,2032223.000
0.000,2032224.000
0.000,2032225.000
0.000,2032226.000
0.000,2032227.000
0.000,2032228.000
0.000,2032229.000
0.000,2032230.000
0.000,2032231.000
0.000,2032232.000
0.000,2032233.000
0.000,2032234.000
0.000,2032235.000
0.000,2032236.000
0.000,2032237.000
0.000,2032238.000
0.000,2032239.000
1.000,2032240.000
0.000,2032241.000
0.000,2032242.000
0.000,2032243.000
0.000,2032244.000
0.000,2032245.000
0.000,2032246.000
0.000,2032247.000
0.000,2032248.000
0.000,2032249.000
0.000,2032250.000
0.000,2032251.000
0.000,2032252.000
0.000,2032253.000
0.000,2032254.000
0.000,2032255.000
0.000,2032256.000
0.000,2032257.000
0.000,2032258.000
0.000,2032259.000
0.000,2032260.000
0.000,2032261.000
0.000,2032262.000
0.000,2032263.000
0.000,2032264.000
0.000,2032265.000
0.000,2032266.000
0.000,2032267.000
0.000,2032268.000
0.000,2032269.000
0.000,2032270.000
0.000,2032271.000
0.000,2032272.000
0.000,2032273.000
0.000,2032274.000
0.000,2032275.000
0.000,2032276.000
0.000,2032277.000
0.000,2032278.000
0.000,2032279.000
0.000,2032280.000
0.000,2032281.000
0.000,2032282.000
0.000,2032283.000
0.000,2032284.000
0.000,2032285.000
0.000,2032286.000
0.000,2032287.000
0.000,2032288.000
0.000,2032289.000
0.000,2032290.000
0.000,2032291.000
0.000,2032292.000
0.000,2032293.000
0.000,2032294.000
0.000,2032295.000
0.000,2032296.000
0.000,2032297.000
0.000,2032298.000
0.000,2032299.000
0.000,2032300.000
0.000,2032301.000
0.000,2032302.000
0.000,2032303.000
0.000,2032304.000
0.000,2032305.000
0.000,2032306.000
0.000,2032307.000
0.000,2032308.000
0.000,2032309.000
0.000,2032310.000
0.000,2032311.000
0.000,2032312.000
0.000,2032313.000
0.000,2032314.000
0.000,2032315.000
0.000,2032316.000
0.000,2032317.000
0.000,2032318.000
1.000,2032319.000
0.000,2032320.000
0.000,2032321.000
0.000,2032322.000
0.000,2032323.000
0.000,2032324.000
0.000,2032325.000
0.000,2032326.000
0.000,2032327.000
0.000,2032328.000
0.000,2032329.000
0.000,2032330.000
0.000,2032331.000
0.000,2032332.000
0.000,2032333.000
0.000,2032334.000
0.000,2032335.000
0.000,2032336.000
0.000,2032337.000
0.000,2032338.000
0.000,2032339.000
0.000,2032340.000
0.000,2032341.000
0.000,2032342.000
0.000,2032343.000
0.000,2032344.000
0.000,2032345.000
0.000,2032346.000
0.000,2032347.000
0.000,2032348.000
0.000,2032349.000
0.000,2032350.000
0.000,2032351.000
0.000,2032352.000
0.000,2032353.000
0.000,2032354.000
0.000,2032355.000
0.000,2032356.000
0.000,2032357.000
0.000,2032358.000
0.000,2032359.000
1.000,2032360.000
0.000,2032361.000
0.000,2032362.000
0.000,2032363.000
0.000,2032364.000
0.000,2032365.000
0.000,2032366.000
0.000,2032367.000
0.000,2032368.000
0.000,2032369.000
0.000,2032370.000
0.000,2032371.000
0.000,2032372.000
0.000,2032373.000
0.000,2032374.000
0.000,2032375.000
0.000,2032376.000
0.000,2032377.000
0.000,2032378.000
0.000,2032379.000
0.000,2032380.000
0.000,2032381.000
0.000,2032382.000
0.000,2032383.000
0.000,2032384.000
0.000,2032385.000
0.000,2032386.000
0.000,2032387.000
0.000,2032388.000
0.000,2032389.000
0.000,2032390.000
0.000,2032391.000
0.000,2032392.000
0.000,2032393.000
0.000,2032394.000
0.000,2032395.000
0.000,2032396.000
0.000,2032397.000
0.000,2032398.000
0.000,2032399.000
0.000,2032400.000
0.000,2032401.000
0.000,2032402.000
0.000,2032403.000
0.000,2032404.000
0.000,2032405.000
0.000,2032406.000
0.000,2032407.000
0.000,2032408.000
0.000,2032409.000
0.000,2032410.000
0.000,2032411.000
0.000,2032412.000
0.000,2032413.000
0.000,2032414.000
0.000,2032415.000
0.000,2032416.000
0.000,2032417.000
0.000,2032418.000
0.000,2032419.000
0.000,2032420.000
0.000,2032421.000
0.000,2032422.000
0.000,2032423.000
0.000,2032424.000
0.000,2032425.000
0.000,2032426.000
0.000,2032427.000
0.000,2032428.000
0.000,2032429.000
0.000,2032430.000
0.000,2032431.000
0.000,2032432.000
0.000,2032433.000
0.000,2032434.000
0.000,2032435.000
0.000,2032436.000
0.000,2032437.000
0.000,2032438.000
0.000,2032439.000
0.000,2032440.000
0.000,2032441.000
0.000,2032442.000
0.000,2032443.000
0.000,2032444.000
0.000,2032445.000
0.000,2032446.000
0.000,2032447.000
0.000,2032448.000
0.000,2032449.000
0.000,2032450.000
0.000,2032451.000
0.000,2032452.000
0.000,2032453.000
0.000,2032454.000
0.000,2032455.000
0.000,2032456.000
0.000,2032457.000
0.000,2032458.000
0.000,2032459.000
0.000,2032460.000
0.000,2032461.000
0.000,2032462.000
0.000,2032463.000
0.000,2032464.000
0.000,2032465.000
0.000,2032466.000
0.000,2032467.000
0.000,2032468.000
0.000,2032469.000
0.000,2032470.000
0.000,2032471.000
0.000,2032472.000
0.000,2032473.000
0.000,2032474.000
0.000,2032475.000
0.000,2032476.000
0.000,2032477.000
0.000,2032478.000
0.000,2032479.000
0.000,2032480.000
0.000,2032481.000
0.000,2032482.000
0.000,2032483.000
0.000,2032484.000
0.000,2032485.000
0.000,2032486.000
0.000,2032487.000
0.000,2032488.000
0.000,2032489.000
0.000,2032490.000
0.000,2032491.000
0.000,2032492.000
0.000,2032493.000
0.000,2032494.000
0.000,2032495.000
0.000,2032496.000
0.000,2032497.000
0.000,2032498.000
0.000,2032499.000
0.000,2032500.000
0.000,2032501.000
0.000,2032502.000
0.000,2032503.000
0.000,2032504.000
0.000,2032505.000
0.000,2032506.000
0.000,2032507.000
0.000,2032508.000
0.000,2032509.000
0.000,2032510.000
0.000,2032511.000
0.000,2032512.000
0.000,2032513.000
0.000,2032514.000
0.000,2032515.000
0.000,2032516.000
0.000,2032517.000
0.000,2032518.000
0.000,2032519.000
0.000,2032520.000
0.000,2032521.000
0.000,2032522.000
0.000,2032523.000
0.000,2032524.000
0.000,2032525.000
0.000,2032526.000
0.000,2032527.000
0.000,2032528.000
0.000,2032529.000
0.000,2032530.000
0.000,2032531.000
0.000,2032532.000
0.000,2032533.000
0.000,2032534.000
0.000,2032535.000
0.000,2032536.000
0.000,2032537.000
0.000,2032538.000
0.000,2032539.000
0.000,2032540.000
0.000,2032541.000
0.000,2032542.000
0.000,2032543.000
0.000,2032544.000
1.000,2032545.000
0.000,2032546.000
1.000,2032547.000
0.000,2032548.000
0.000,2032549.000
0.000,2032550.000
0.000,2032551.000
0.000,2032552.000
0.000,2032553.000
0.000,2032554.000
0.000,2032555.000
0.000,2032556.000
0.000,2032557.000
0.000,2032558.000
0.000,2032559.000
0.000,2032560.000
0.000,2032561.000
0.000,2032562.000
0.000,2032563.000
0.000,2032564.000
0.000,2032565.000
0.000,2032566.000
0.000,2032567.000
0.000,2032568.000
0.000,2032569.000
0.000,2032570.000
0.000,2032571.000
0.000,2032572.000
0.000,2032573.000
0.000,2032574.000
0.000,2032575.000
0.000,2032576.000
0.000,2032577.000
0.000,2032578.000
0.000,2032579.000
0.000,2032580.000
0.000,2032581.000
0.000,2032582.000
0.000,2032583.000
0.000,2032584.000
0.000,2032585.000
0.000,2032586.000
0.000,2032587.000
0.000,2032588.000
0.000,2032589.000
0.000,2032590.000
0.000,2032591.000
0.000,2032592.000
0.000,2032593.000
0.000,2032594.000
0.000,2032595.000
0.000,2032596.000
0.000,2032597.000
0.000,2032598.000
0.000,2032599.000
0.000,2032600.000
1.000,2032601.000
0.000,2032602.000
0.000,2032603.000
0.000,2032604.000
0.000,2032605.000
0.000,2032606.000
0.000,2032607.000
0.000,2032608.000
0.000,2032609.000
0.000,2032610.000
0.000,2032611.000
0.000,2032612.000
0.000,2032613.000
0.000,2032614.000
0.000,2032615.000
0.000,2032616.000
0.000,2032617.000
0.000,2032618.000
0.000,2032619.000
0.000,2032620.000
0.000,2032621.000
0.000,2032622.000
0.000,2032623.000
1.000,2032624.000
0.000,2032625.000
0.000,2032626.000
0.000,2032627.000
0.000,2032628.000
0.000,2032629.000
0.000,2032630.000
0.000,2032631.000
0.000,2032632.000
1.000,2032633.000
0.000,2032634.000
0.000,2032635.000
0.000,2032636.000
0.000,2032637.000
0.000,2032638.000
0.000,2032639.000
0.000,2032640.000
0.000,2032641.000
0.000,2032642.000
0.000,2032643.000
0.000,2032644.000
0.000,2032645.000
0.000,2032646.000
0.000,2032647.000
0.000,2032648.000
0.000,2032649.000
0.000,2032650.000
0.000,2032651.000
0.000,2032652.000
0.000,2032653.000
0.000,2032654.000
0.000,2032655.000
0.000,2032656.000
0.000,2032657.000
0.000,2032658.000
0.000,2032659.000
0.000,2032660.000
0.000,2032661.000
0.000,2032662.000
0.000,2032663.000
0.000,2032664.000
0.000,2032665.000
0.000,2032666.000
0.000,2032667.000
0.000,2032668.000
0.000,2032669.000
0.000,2032670.000
0.000,2032671.000
0.000,2032672.000
0.000,2032673.000
0.000,2032674.000
0.000,2032675.000
0.000,2032676.000
0.000,2032677.000
0.000,2032678.000
0.000,2032679.000
0.000,2032680.000
0.000,2032681.000
0.000,2032682.000
0.000,2032683.000
0.000,2032684.000
0.000,2032685.000
0.000,2032686.000
0.000,2032687.000
0.000,2032688.000
0.000,2032689.000
0.000,2032690.000
0.000,2032691.000
0.000,2032692.000
0.000,2032693.000
0.000,2032694.000
0.000,2032695.000
0.000,2032696.000
0.000,2032697.000
0.000,2032698.000
0.000,2032699.000
0.000,2032700.000
0.000,2032701.000
0.000,2032702.000
0.000,2032703.000
0.000,2032704.000
0.000,2032705.000
0.000,2032706.000
0.000,2032707.000
0.000,2032708.000
0.000,2032709.000
0.000,2032710.000
0.000,2032711.000
0.000,2032712.000
0.000,2032713.000
0.000,2032714.000
0.000,2032715.000
0.000,2032716.000
0.000,2032717.000
1.000,2032718.000
0.000,2032719.000
0.000,2032720.000
0.000,2032721.000
0.000,2032722.000
0.000,2032723.000
0.000,2032724.000
0.000,2032725.000
0.000,2032726.000
0.000,2032727.000
0.000,2032728.000
0.000,2032729.000
1.000,2032730.000
0.000,2032731.000
0.000,2032732.000
0.000,2032733.000
0.000,2032734.000
0.000,2032735.000
0.000,2032736.000
0.000,2032737.000
0.000,2032738.000
0.000,2032739.000
0.000,2032740.000
0.000,2032741.000
0.000,2032742.000
0.000,2032743.000
0.000,2032744.000
0.000,2032745.000
0.000,2032746.000
0.000,2032747.000
0.000,2032748.000
0.000,2032749.000
0.000,2032750.000
0.000,2032751.000
0.000,2032752.000
0.000,2032753.000
0.000,2032754.000
0.000,2032755.000
0.000,2032756.000
0.000,2032757.000
1.000,2032758.000
0.000,2032759.000
0.000,2032760.000
0.000,2032761.000
0.000,2032762.000
0.000,2032763.000
0.000,2032764.000
0.000,2032765.000
0.000,2032766.000
0.000,2032767.000
0.000,2032768.000
0.000,2032769.000
0.000,2032770.000
0.000,2032771.000
0.000,2032772.000
0.000,2032773.000
0.000,2032774.000
1.000,2032775.000
0.000,2032776.000
1.000,2032777.000
0.000,2032778.000
0.000,2032779.000
0.000,2032780.000
0.000,2032781.000
0.000,2032782.000
0.000,2032783.000
0.000,2032784.000
0.000,2032785.000
0.000,2032786.000
0.000,2032787.000
1.000,2032788.000
0.000,2032789.000
0.000,2032790.000
0.000,2032791.000
0.000,2032792.000
0.000,2032793.000
0.000,2032794.000
0.000,2032795.000
0.000,2032796.000
0.000,2032797.000
0.000,2032798.000
0.000,2032799.000
0.000,2032800.000
0.000,2032801.000
0.000,2032802.000
0.000,2032803.000
0.000,2032804.000
0.000,2032805.000
0.000,2032806.000
0.000,2032807.000
0.000,2032808.000
0.000,2032809.000
0.000,2032810.000
0.000,2032811.000
0.000,2032812.000
0.000,2032813.000
0.000,2032814.000
0.000,2032815.000
0.000,2032816.000
0.000,2032817.000
0.000,2032818.000
0.000,2032819.000
0.000,2032820.000
0.000,2032821.000
0.000,2032822.000
0.000,2032823.000
0.000,2032824.000
0.000,2032825.000
0.000,2032826.000
0.000,2032827.000
0.000,2032828.000
0.000,2032829.000
0.000,2032830.000
0.000,2032831.000
0.000,2032832.000
1.000,2032833.000
0.000,2032834.000
0.000,2032835.000
1.000,2032836.000
0.000,2032837.000
0.000,2032838.000
0.000,2032839.000
0.000,2032840.000
0.000,2032841.000
0.000,2032842.000
0.000,2032843.000
0.000,2032844.000
0.000,2032845.000
0.000,2032846.000
0.000,2032847.000
0.000,2032848.000
0.000,2032849.000
0.000,2032850.000
0.000,2032851.000
0.000,2032852.000
0.000,2032853.000
0.000,2032854.000
0.000,2032855.000
0.000,2032856.000
0.000,2032857.000
0.000,2032858.000
0.000,2032859.000
0.000,2032860.000
0.000,2032861.000
0.000,2032862.000
0.000,2032863.000
0.000,2032864.000
0.000,2032865.000
0.000,2032866.000
0.000,2032867.000
0.000,2032868.000
0.000,2032869.000
0.000,2032870.000
0.000,2032871.000
0.000,2032872.000
0.000,2032873.000
0.000,2032874.000
1.000,2032875.000
0.000,2032876.000
0.000,2032877.000
0.000,2032878.000
0.000,2032879.000
1.000,2032880.000
0.000,2032881.000
0.000,2032882.000
0.000,2032883.000
0.000,2032884.000
1.000,2032885.000
0.000,2032886.000
0.000,2032887.000
0.000,2032888.000
0.000,2032889.000
0.000,2032890.000
0.000,2032891.000
0.000,2032892.000
0.000,2032893.000
0.000,2032894.000
0.000,2032895.000
0.000,2032896.000
0.000,2032897.000
0.000,2032898.000
0.000,2032899.000
0.000,2032900.000
0.000,2032901.000
0.000,2032902.000
0.000,2032903.000
0.000,2032904.000
0.000,2032905.000
0.000,2032906.000
0.000,2032907.000
0.000,2032908.000
0.000,2032909.000
0.000,2032910.000
0.000,2032911.000
0.000,2032912.000
0.000,2032913.000
0.000,2032914.000
0.000,2032915.000
0.000,2032916.000
0.000,2032917.000
0.000,2032918.000
0.000,2032919.000
0.000,2032920.000
0.000,2032921.000
0.000,2032922.000
0.000,2032923.000
0.000,2032924.000
0.000,2032925.000
0.000,2032926.000
0.000,2032927.000
0.000,2032928.000
0.000,2032929.000
0.000,2032930.000
0.000,2032931.000
0.000,2032932.000
0.000,2032933.000
0.000,2032934.000
0.000,2032935.000
0.000,2032936.000
0.000,2032937.000
0.000,2032938.000
0.000,2032939.000
0.000,2032940.000
0.000,2032941.000
0.000,2032942.000
0.000,2032943.000
0.000,2032944.000
0.000,2032945.000
0.000,2032946.000
0.000,2032947.000
0.000,2032948.000
0.000,2032949.000
0.000,2032950.000
0.000,2032951.000
0.000,2032952.000
1.000,2032953.000
0.000,2032954.000
0.000,2032955.000
0.000,2032956.000
0.000,2032957.000
0.000,2032958.000
0.000,2032959.000
0.000,2032960.000
0.000,2032961.000
0.000,2032962.000
0.000,2032963.000
1.000,2032964.000
0.000,2032965.000
0.000,2032966.000
0.000,2032967.000
0.000,2032968.000
0.000,2032969.000
0.000,2032970.000
0.000,2032971.000
0.000,2032972.000
0.000,2032973.000
0.000,2032974.000
0.000,2032975.000
0.000,2032976.000
0.000,2032977.000
0.000,2032978.000
0.000,2032979.000
0.000,2032980.000
0.000,2032981.000
0.000,2032982.000
0.000,2032983.000
0.000,2032984.000
0.000,2032985.000
0.000,2032986.000
0.000,2032987.000
0.000,2032988.000
0.000,2032989.000
0.000,2032990.000
0.000,2032991.000
0.000,2032992.000
0.000,2032993.000
0.000,2032994.000
0.000,2032995.000
0.000,2032996.000
0.000,2032997.000
0.000,2032998.000
0.000,2032999.000
0.000,2033000.000
0.000,2033001.000
0.000,2033002.000
0.000,2033003.000
0.000,2033004.000
0.000,2033005.000
0.000,2033006.000
0.000,2033007.000
0.000,2033008.000
0.000,2033009.000
0.000,2033010.000
0.000,2033011.000
0.000,2033012.000
0.000,2033013.000
0.000,2033014.000
0.000,2033015.000
0.000,2033016.000
0.000,2033017.000
0.000,2033018.000
0.000,2033019.000
0.000,2033020.000
0.000,2033021.000
0.000,2033022.000
0.000,2033023.000
0.000,2033024.000
0.000,2033025.000
0.000,2033026.000
0.000,2033027.000
0.000,2033028.000
0.000,2033029.000
0.000,2033030.000
0.000,2033031.000
0.000,2033032.000
0.000,2033033.000
0.000,2033034.000
0.000,2033035.000
0.000,2033036.000
0.000,2033037.000
0.000,2033038.000
0.000,2033039.000
0.000,2033040.000
0.000,2033041.000
0.000,2033042.000
0.000,2033043.000
0.000,2033044.000
0.000,2033045.000
0.000,2033046.000
0.000,2033047.000
0.000,2033048.000
0.000,2033049.000
0.000,2033050.000
0.000,2033051.000
0.000,2033052.000
0.000,2033053.000
0.000,2033054.000
0.000,2033055.000
0.000,2033056.000
0.000,2033057.000
0.000,2033058.000
0.000,2033059.000
0.000,2033060.000
0.000,2033061.000
0.000,2033062.000
0.000,2033063.000
0.000,2033064.000
0.000,2033065.000
0.000,2033066.000
0.000,2033067.000
0.000,2033068.000
0.000,2033069.000
0.000,2033070.000
0.000,2033071.000
0.000,2033072.000
0.000,2033073.000
0.000,2033074.000
0.000,2033075.000
0.000,2033076.000
0.000,2033077.000
0.000,2033078.000
0.000,2033079.000
0.000,2033080.000
0.000,2033081.000
0.000,2033082.000
0.000,2033083.000
0.000,2033084.000
0.000,2033085.000
0.000,2033086.000
0.000,2033087.000
0.000,2033088.000
0.000,2033089.000
0.000,2033090.000
0.000,2033091.000
0.000,2033092.000
0.000,2033093.000
0.000,2033094.000
0.000,2033095.000
0.000,2033096.000
0.000,2033097.000
0.000,2033098.000
0.000,2033099.000
0.000,2033100.000
1.000,2033101.000
0.000,2033102.000
0.000,2033103.000
0.000,2033104.000
0.000,2033105.000
0.000,2033106.000
0.000,2033107.000
0.000,2033108.000
0.000,2033109.000
0.000,2033110.000
0.000,2033111.000
0.000,2033112.000
0.000,2033113.000
0.000,2033114.000
0.000,2033115.000
0.000,2033116.000
0.000,2033117.000
0.000,2033118.000
0.000,2033119.000
0.000,2033120.000
0.000,2033121.000
0.000,2033122.000
0.000,2033123.000
0.000,2033124.000
0.000,2033125.000
0.000,2033126.000
0.000,2033127.000
0.000,2033128.000
0.000,2033129.000
0.000,2033130.000
0.000,2033131.000
0.000,2033132.000
0.000,2033133.000
0.000,2033134.000
0.000,2033135.000
1.000,2033136.000
0.000,2033137.000
0.000,2033138.000
0.000,2033139.000
0.000,2033140.000
0.000,2033141.000
0.000,2033142.000
0.000,2033143.000
0.000,2033144.000
0.000,2033145.000
0.000,2033146.000
0.000,2033147.000
0.000,2033148.000
0.000,2033149.000
0.000,2033150.000
0.000,2033151.000
0.000,2033152.000
0.000,2033153.000
0.000,2033154.000
0.000,2033155.000
0.000,2033156.000
0.000,2033157.000
0.000,2033158.000
0.000,2033159.000
0.000,2033160.000
0.000,2033161.000
0.000,2033162.000
0.000,2033163.000
0.000,2033164.000
0.000,2033165.000
0.000,2033166.000
0.000,2033167.000
0.000,2033168.000
0.000,2033169.000
0.000,2033170.000
0.000,2033171.000
0.000,2033172.000
0.000,2033173.000
0.000,2033174.000
0.000,2033175.000
0.000,2033176.000
0.000,2033177.000
0.000,2033178.000
0.000,2033179.000
0.000,2033180.000
0.000,2033181.000
0.000,2033182.000
0.000,2033183.000
0.000,2033184.000
0.000,2033185.000
0.000,2033186.000
0.000,2033187.000
0.000,2033188.000
0.000,2033189.000
0.000,2033190.000
0.000,2033191.000
0.000,2033192.000
0.000,2033193.000
0.000,2033194.000
0.000,2033195.000
0.000,2033196.000
0.000,2033197.000
0.000,2033198.000
0.000,2033199.000
0.000,2033200.000
0.000,2033201.000
0.000,2033202.000
0.000,2033203.000
0.000,2033204.000
0.000,2033205.000
0.000,2033206.000
0.000,2033207.000
0.000,2033208.000
0.000,2033209.000
0.000,2033210.000
0.000,2033211.000
0.000,2033212.000
0.000,2033213.000
0.000,2033214.000
0.000,2033215.000
0.000,2033216.000
0.000,2033217.000
0.000,2033218.000
0.000,2033219.000
0.000,2033220.000
0.000,2033221.000
0.000,2033222.000
0.000,2033223.000
0.000,2033224.000
0.000,2033225.000
0.000,2033226.000
1.000,2033227.000
0.000,2033228.000
0.000,2033229.000
0.000,2033230.000
0.000,2033231.000
0.000,2033232.000
0.000,2033233.000
0.000,2033234.000
0.000,2033235.000
0.000,2033236.000
0.000,2033237.000
0.000,2033238.000
0.000,2033239.000
0.000,2033240.000
0.000,2033241.000
0.000,2033242.000
0.000,2033243.000
0.000,2033244.000
0.000,2033245.000
0.000,2033246.000
0.000,2033247.000
0.000,2033248.000
0.000,2033249.000
0.000,2033250.000
1.000,2033251.000
0.000,2033252.000
0.000,2033253.000
0.000,2033254.000
0.000,2033255.000
0.000,2033256.000
0.000,2033257.000
0.000,2033258.000
0.000,2033259.000
0.000,2033260.000
0.000,2033261.000
0.000,2033262.000
0.000,2033263.000
0.000,2033264.000
0.000,2033265.000
0.000,2033266.000
0.000,2033267.000
0.000,2033268.000
0.000,2033269.000
0.000,2033270.000
0.000,2033271.000
0.000,2033272.000
0.000,2033273.000
0.000,2033274.000
0.000,2033275.000
0.000,2033276.000
0.000,2033277.000
0.000,2033278.000
0.000,2033279.000
0.000,2033280.000
0.000,2033281.000
0.000,2033282.000
0.000,2033283.000
0.000,2033284.000
0.000,2033285.000
0.000,2033286.000
0.000,2033287.000
0.000,2033288.000
0.000,2033289.000
0.000,2033290.000
0.000,2033291.000
0.000,2033292.000
0.000,2033293.000
0.000,2033294.000
0.000,2033295.000
0.000,2033296.000
0.000,2033297.000
0.000,2033298.000
0.000,2033299.000
0.000,2033300.000
0.000,2033301.000
0.000,2033302.000
0.000,2033303.000
0.000,2033304.000
0.000,2033305.000
0.000,2033306.000
0.000,2033307.000
0.000,2033308.000
0.000,2033309.000
0.000,2033310.000
0.000,2033311.000
0.000,2033312.000
0.000,2033313.000
0.000,2033314.000
0.000,2033315.000
0.000,2033316.000
0.000,2033317.000
0.000,2033318.000
0.000,2033319.000
0.000,2033320.000
0.000,2033321.000
0.000,2033322.000
0.000,2033323.000
0.000,2033324.000
0.000,2033325.000
0.000,2033326.000
0.000,2033327.000
0.000,2033328.000
0.000,2033329.000
0.000,2033330.000
0.000,2033331.000
0.000,2033332.000
0.000,2033333.000
0.000,2033334.000
0.000,2033335.000
0.000,2033336.000
0.000,2033337.000
0.000,2033338.000
0.000,2033339.000
0.000,2033340.000
1.000,2033341.000
0.000,2033342.000
0.000,2033343.000
0.000,2033344.000
0.000,2033345.000
0.000,2033346.000
0.000,2033347.000
0.000,2033348.000
0.000,2033349.000
0.000,2033350.000
0.000,2033351.000
0.000,2033352.000
0.000,2033353.000
0.000,2033354.000
0.000,2033355.000
0.000,2033356.000
0.000,2033357.000
0.000,2033358.000
0.000,2033359.000
0.000,2033360.000
0.000,2033361.000
0.000,2033362.000
0.000,2033363.000
0.000,2033364.000
0.000,2033365.000
0.000,2033366.000
0.000,2033367.000
0.000,2033368.000
0.000,2033369.000
0.000,2033370.000
0.000,2033371.000
0.000,2033372.000
0.000,2033373.000
0.000,2033374.000
1.000,2033375.000
0.000,2033376.000
0.000,2033377.000
1.000,2033378.000
0.000,2033379.000
0.000,2033380.000
0.000,2033381.000
0.000,2033382.000
0.000,2033383.000
0.000,2033384.000
0.000,2033385.000
0.000,2033386.000
0.000,2033387.000
0.000,2033388.000
0.000,2033389.000
0.000,2033390.000
0.000,2033391.000
0.000,2033392.000
0.000,2033393.000
0.000,2033394.000
0.000,2033395.000
0.000,2033396.000
0.000,2033397.000
0.000,2033398.000
0.000,2033399.000
0.000,2033400.000
0.000,2033401.000
0.000,2033402.000
0.000,2033403.000
0.000,2033404.000
0.000,2033405.000
0.000,2033406.000
0.000,2033407.000
0.000,2033408.000
0.000,2033409.000
0.000,2033410.000
0.000,2033411.000
0.000,2033412.000
0.000,2033413.000
0.000,2033414.000
0.000,2033415.000
0.000,2033416.000
0.000,2033417.000
0.000,2033418.000
0.000,2033419.000
0.000,2033420.000
0.000,2033421.000
0.000,2033422.000
0.000,2033423.000
0.000,2033424.000
0.000,2033425.000
1.000,2033426.000
0.000,2033427.000
0.000,2033428.000
0.000,2033429.000
0.000,2033430.000
0.000,2033431.000
0.000,2033432.000
0.000,2033433.000
0.000,2033434.000
0.000,2033435.000
0.000,2033436.000
0.000,2033437.000
0.000,2033438.000
0.000,2033439.000
0.000,2033440.000
0.000,2033441.000
0.000,2033442.000
0.000,2033443.000
0.000,2033444.000
0.000,2033445.000
0.000,2033446.000
0.000,2033447.000
0.000,2033448.000
0.000,2033449.000
0.000,2033450.000
0.000,2033451.000
0.000,2033452.000
1.000,2033453.000
0.000,2033454.000
0.000,2033455.000
0.000,2033456.000
0.000,2033457.000
0.000,2033458.000
0.000,2033459.000
0.000,2033460.000
1.000,2033461.000
0.000,2033462.000
0.000,2033463.000
0.000,2033464.000
0.000,2033465.000
0.000,2033466.000
0.000,2033467.000
0.000,2033468.000
0.000,2033469.000
0.000,2033470.000
0.000,2033471.000
0.000,2033472.000
0.000,2033473.000
0.000,2033474.000
0.000,2033475.000
0.000,2033476.000
0.000,2033477.000
0.000,2033478.000
0.000,2033479.000
0.000,2033480.000
0.000,2033481.000
0.000,2033482.000
0.000,2033483.000
0.000,2033484.000
0.000,2033485.000
0.000,2033486.000
0.000,2033487.000
0.000,2033488.000
0.000,2033489.000
0.000,2033490.000
0.000,2033491.000
0.000,2033492.000
0.000,2033493.000
0.000,2033494.000
0.000,2033495.000
0.000,2033496.000
0.000,2033497.000
1.000,2033498.000
0.000,2033499.000
0.000,2033500.000
0.000,2033501.000
0.000,2033502.000
0.000,2033503.000
0.000,2033504.000
0.000,2033505.000
0.000,2033506.000
0.000,2033507.000
0.000,2033508.000
0.000,2033509.000
0.000,2033510.000
0.000,2033511.000
0.000,2033512.000
0.000,2033513.000
0.000,2033514.000
0.000,2033515.000
0.000,2033516.000
0.000,2033517.000
0.000,2033518.000
0.000,2033519.000
0.000,2033520.000
0.000,2033521.000
0.000,2033522.000
0.000,2033523.000
0.000,2033524.000
0.000,2033525.000
0.000,2033526.000
0.000,2033527.000
0.000,2033528.000
0.000,2033529.000
0.000,2033530.000
0.000,2033531.000
0.000,2033532.000
0.000,2033533.000
0.000,2033534.000
0.000,2033535.000
0.000,2033536.000
0.000,2033537.000
0.000,2033538.000
0.000,2033539.000
0.000,2033540.000
0.000,2033541.000
0.000,2033542.000
0.000,2033543.000
0.000,2033544.000
0.000,2033545.000
1.000,2033546.000
0.000,2033547.000
0.000,2033548.000
0.000,2033549.000
0.000,2033550.000
0.000,2033551.000
0.000,2033552.000
0.000,2033553.000
0.000,2033554.000
0.000,2033555.000
0.000,2033556.000
0.000,2033557.000
0.000,2033558.000
1.000,2033559.000
0.000,2033560.000
0.000,2033561.000
0.000,2033562.000
0.000,2033563.000
0.000,2033564.000
0.000,2033565.000
0.000,2033566.000
0.000,2033567.000
0.000,2033568.000
0.000,2033569.000
0.000,2033570.000
0.000,2033571.000
0.000,2033572.000
1.000,2033573.000
0.000,2033574.000
0.000,2033575.000
0.000,2033576.000
0.000,2033577.000
0.000,2033578.000
0.000,2033579.000
0.000,2033580.000
0.000,2033581.000
0.000,2033582.000
0.000,2033583.000
0.000,2033584.000
0.000,2033585.000
1.000,2033586.000
0.000,2033587.000
0.000,2033588.000
0.000,2033589.000
0.000,2033590.000
0.000,2033591.000
0.000,2033592.000
0.000,2033593.000
0.000,2033594.000
0.000,2033595.000
0.000,2033596.000
0.000,2033597.000
0.000,2033598.000
0.000,2033599.000
0.000,2033600.000
0.000,2033601.000
0.000,2033602.000
0.000,2033603.000
0.000,2033604.000
0.000,2033605.000
0.000,2033606.000
0.000,2033607.000
0.000,2033608.000
0.000,2033609.000
0.000,2033610.000
0.000,2033611.000
0.000,2033612.000
0.000,2033613.000
0.000,2033614.000
0.000,2033615.000
0.000,2033616.000
0.000,2033617.000
0.000,2033618.000
0.000,2033619.000
0.000,2033620.000
0.000,2033621.000
0.000,2033622.000
0.000,2033623.000
0.000,2033624.000
0.000,2033625.000
0.000,2033626.000
0.000,2033627.000
0.000,2033628.000
0.000,2033629.000
0.000,2033630.000
0.000,2033631.000
1.000,2033632.000
0.000,2033633.000
0.000,2033634.000
0.000,2033635.000
0.000,2033636.000
0.000,2033637.000
0.000,2033638.000
0.000,2033639.000
0.000,2033640.000
0.000,2033641.000
0.000,2033642.000
0.000,2033643.000
0.000,2033644.000
0.000,2033645.000
0.000,2033646.000
0.000,2033647.000
0.000,2033648.000
0.000,2033649.000
0.000,2033650.000
0.000,2033651.000
0.000,2033652.000
0.000,2033653.000
0.000,2033654.000
0.000,2033655.000
0.000,2033656.000
0.000,2033657.000
0.000,2033658.000
0.000,2033659.000
0.000,2033660.000
0.000,2033661.000
0.000,2033662.000
0.000,2033663.000
0.000,2033664.000
0.000,2033665.000
0.000,2033666.000
0.000,2033667.000
0.000,2033668.000
0.000,2033669.000
0.000,2033670.000
0.000,2033671.000
0.000,2033672.000
0.000,2033673.000
0.000,2033674.000
0.000,2033675.000
0.000,2033676.000
1.000,2033677.000
0.000,2033678.000
0.000,2033679.000
0.000,2033680.000
0.000,2033681.000
0.000,2033682.000
0.000,2033683.000
0.000,2033684.000
0.000,2033685.000
0.000,2033686.000
0.000,2033687.000
0.000,2033688.000
0.000,2033689.000
0.000,2033690.000
0.000,2033691.000
0.000,2033692.000
0.000,2033693.000
0.000,2033694.000
0.000,2033695.000
0.000,2033696.000
0.000,2033697.000
0.000,2033698.000
0.000,2033699.000
0.000,2033700.000
0.000,2033701.000
0.000,2033702.000
0.000,2033703.000
0.000,2033704.000
0.000,2033705.000
0.000,2033706.000
0.000,2033707.000
0.000,2033708.000
0.000,2033709.000
0.000,2033710.000
0.000,2033711.000
0.000,2033712.000
0.000,2033713.000
0.000,2033714.000
0.000,2033715.000
0.000,2033716.000
0.000,2033717.000
0.000,2033718.000
0.000,2033719.000
0.000,2033720.000
0.000,2033721.000
0.000,2033722.000
0.000,2033723.000
0.000,2033724.000
0.000,2033725.000
0.000,2033726.000
0.000,2033727.000
0.000,2033728.000
0.000,2033729.000
0.000,2033730.000
0.000,2033731.000
0.000,2033732.000
0.000,2033733.000
0.000,2033734.000
0.000,2033735.000
0.000,2033736.000
0.000,2033737.000
0.000,2033738.000
0.000,2033739.000
0.000,2033740.000
0.000,2033741.000
0.000,2033742.000
0.000,2033743.000
0.000,2033744.000
0.000,2033745.000
0.000,2033746.000
0.000,2033747.000
0.000,2033748.000
0.000,2033749.000
0.000,2033750.000
0.000,2033751.000
0.000,2033752.000
0.000,2033753.000
0.000,2033754.000
0.000,2033755.000
0.000,2033756.000
0.000,2033757.000
0.000,2033758.000
0.000,2033759.000
0.000,2033760.000
0.000,2033761.000
0.000,2033762.000
1.000,2033763.000
0.000,2033764.000
0.000,2033765.000
0.000,2033766.000
0.000,2033767.000
0.000,2033768.000
0.000,2033769.000
0.000,2033770.000
0.000,2033771.000
0.000,2033772.000
0.000,2033773.000
0.000,2033774.000
0.000,2033775.000
0.000,2033776.000
0.000,2033777.000
0.000,2033778.000
0.000,2033779.000
0.000,2033780.000
0.000,2033781.000
0.000,2033782.000
0.000,2033783.000
0.000,2033784.000
0.000,2033785.000
0.000,2033786.000
0.000,2033787.000
0.000,2033788.000
0.000,2033789.000
0.000,2033790.000
0.000,2033791.000
0.000,2033792.000
0.000,2033793.000
0.000,2033794.000
0.000,2033795.000
0.000,2033796.000
0.000,2033797.000
0.000,2033798.000
0.000,2033799.000
0.000,2033800.000
0.000,2033801.000
0.000,2033802.000
0.000,2033803.000
0.000,2033804.000
0.000,2033805.000
0.000,2033806.000
0.000,2033807.000
0.000,2033808.000
0.000,2033809.000
0.000,2033810.000
0.000,2033811.000
0.000,2033812.000
0.000,2033813.000
0.000,2033814.000
0.000,2033815.000
0.000,2033816.000
0.000,2033817.000
0.000,2033818.000
0.000,2033819.000
1.000,2033820.000
0.000,2033821.000
0.000,2033822.000
0.000,2033823.000
0.000,2033824.000
0.000,2033825.000
0.000,2033826.000
0.000,2033827.000
0.000,2033828.000
0.000,2033829.000
0.000,2033830.000
0.000,2033831.000
0.000,2033832.000
0.000,2033833.000
0.000,2033834.000
0.000,2033835.000
0.000,2033836.000
0.000,2033837.000
0.000,2033838.000
0.000,2033839.000
0.000,2033840.000
0.000,2033841.000
0.000,2033842.000
0.000,2033843.000
0.000,2033844.000
0.000,2033845.000
0.000,2033846.000
0.000,2033847.000
0.000,2033848.000
0.000,2033849.000
0.000,2033850.000
0.000,2033851.000
0.000,2033852.000
0.000,2033853.000
0.000,2033854.000
0.000,2033855.000
0.000,2033856.000
0.000,2033857.000
0.000,2033858.000
0.000,2033859.000
0.000,2033860.000
0.000,2033861.000
0.000,2033862.000
0.000,2033863.000
0.000,2033864.000
0.000,2033865.000
0.000,2033866.000
0.000,2033867.000
0.000,2033868.000
0.000,2033869.000
0.000,2033870.000
0.000,2033871.000
0.000,2033872.000
0.000,2033873.000
0.000,2033874.000
0.000,2033875.000
0.000,2033876.000
0.000,2033877.000
0.000,2033878.000
0.000,2033879.000
0.000,2033880.000
0.000,2033881.000
0.000,2033882.000
0.000,2033883.000
0.000,2033884.000
0.000,2033885.000
0.000,2033886.000
0.000,2033887.000
0.000,2033888.000
0.000,2033889.000
0.000,2033890.000
0.000,2033891.000
0.000,2033892.000
0.000,2033893.000
0.000,2033894.000
0.000,2033895.000
0.000,2033896.000
0.000,2033897.000
0.000,2033898.000
0.000,2033899.000
0.000,2033900.000
0.000,2033901.000
0.000,2033902.000
0.000,2033903.000
0.000,2033904.000
0.000,2033905.000
0.000,2033906.000
0.000,2033907.000
0.000,2033908.000
1.000,2033909.000
0.000,2033910.000
0.000,2033911.000
1.000,2033912.000
0.000,2033913.000
0.000,2033914.000
0.000,2033915.000
0.000,2033916.000
0.000,2033917.000
0.000,2033918.000
0.000,2033919.000
0.000,2033920.000
1.000,2033921.000
0.000,2033922.000
0.000,2033923.000
0.000,2033924.000
0.000,2033925.000
0.000,2033926.000
0.000,2033927.000
0.000,2033928.000
0.000,2033929.000
0.000,2033930.000
0.000,2033931.000
0.000,2033932.000
0.000,2033933.000
0.000,2033934.000
0.000,2033935.000
0.000,2033936.000
0.000,2033937.000
0.000,2033938.000
0.000,2033939.000
0.000,2033940.000
0.000,2033941.000
0.000,2033942.000
0.000,2033943.000
0.000,2033944.000
0.000,2033945.000
0.000,2033946.000
0.000,2033947.000
0.000,2033948.000
0.000,2033949.000
0.000,2033950.000
0.000,2033951.000
0.000,2033952.000
0.000,2033953.000
0.000,2033954.000
0.000,2033955.000
0.000,2033956.000
0.000,2033957.000
0.000,2033958.000
0.000,2033959.000
0.000,2033960.000
0.000,2033961.000
0.000,2033962.000
0.000,2033963.000
0.000,2033964.000
0.000,2033965.000
0.000,2033966.000
0.000,2033967.000
0.000,2033968.000
0.000,2033969.000
0.000,2033970.000
0.000,2033971.000
0.000,2033972.000
0.000,2033973.000
0.000,2033974.000
0.000,2033975.000
0.000,2033976.000
0.000,2033977.000
0.000,2033978.000
0.000,2033979.000
0.000,2033980.000
0.000,2033981.000
0.000,2033982.000
0.000,2033983.000
0.000,2033984.000
0.000,2033985.000
0.000,2033986.000
0.000,2033987.000
0.000,2033988.000
0.000,2033989.000
0.000,2033990.000
0.000,2033991.000
0.000,2033992.000
0.000,2033993.000
0.000,2033994.000
0.000,2033995.000
0.000,2033996.000
0.000,2033997.000
0.000,2033998.000
0.000,2033999.000
0.000,2034000.000
0.000,2034001.000
0.000,2034002.000
0.000,2034003.000
0.000,2034004.000
0.000,2034005.000
0.000,2034006.000
0.000,2034007.000
0.000,2034008.000
0.000,2034009.000
0.000,2034010.000
0.000,2034011.000
0.000,2034012.000
0.000,2034013.000
0.000,2034014.000
0.000,2034015.000
0.000,2034016.000
0.000,2034017.000
0.000,2034018.000
0.000,2034019.000
0.000,2034020.000
0.000,2034021.000
0.000,2034022.000
0.000,2034023.000
0.000,2034024.000
0.000,2034025.000
0.000,2034026.000
0.000,2034027.000
0.000,2034028.000
0.000,2034029.000
0.000,2034030.000
0.000,2034031.000
0.000,2034032.000
0.000,2034033.000
1.000,2034034.000
0.000,2034035.000
0.000,2034036.000
0.000,2034037.000
0.000,2034038.000
0.000,2034039.000
0.000,2034040.000
0.000,2034041.000
0.000,2034042.000
0.000,2034043.000
0.000,2034044.000
0.000,2034045.000
0.000,2034046.000
0.000,2034047.000
0.000,2034048.000
0.000,2034049.000
0.000,2034050.000
0.000,2034051.000
0.000,2034052.000
0.000,2034053.000
0.000,2034054.000
0.000,2034055.000
0.000,2034056.000
0.000,2034057.000
0.000,2034058.000
0.000,2034059.000
0.000,2034060.000
0.000,2034061.000
0.000,2034062.000
0.000,2034063.000
0.000,2034064.000
0.000,2034065.000
0.000,2034066.000
0.000,2034067.000
0.000,2034068.000
0.000,2034069.000
0.000,2034070.000
0.000,2034071.000
0.000,2034072.000
0.000,2034073.000
0.000,2034074.000
0.000,2034075.000
0.000,2034076.000
0.000,2034077.000
0.000,2034078.000
0.000,2034079.000
0.000,2034080.000
0.000,2034081.000
0.000,2034082.000
0.000,2034083.000
0.000,2034084.000
0.000,2034085.000
0.000,2034086.000
0.000,2034087.000
0.000,2034088.000
0.000,2034089.000
0.000,2034090.000
0.000,2034091.000
0.000,2034092.000
0.000,2034093.000
0.000,2034094.000
0.000,2034095.000
0.000,2034096.000
0.000,2034097.000
0.000,2034098.000
0.000,2034099.000
0.000,2034100.000
0.000,2034101.000
0.000,2034102.000
0.000,2034103.000
0.000,2034104.000
0.000,2034105.000
0.000,2034106.000
0.000,2034107.000
0.000,2034108.000
1.000,2034109.000
0.000,2034110.000
0.000,2034111.000
0.000,2034112.000
0.000,2034113.000
0.000,2034114.000
0.000,2034115.000
0.000,2034116.000
0.000,2034117.000
0.000,2034118.000
0.000,2034119.000
0.000,2034120.000
0.000,2034121.000
0.000,2034122.000
0.000,2034123.000
0.000,2034124.000
0.000,2034125.000
0.000,2034126.000
0.000,2034127.000
0.000,2034128.000
0.000,2034129.000
0.000,2034130.000
0.000,2034131.000
0.000,2034132.000
0.000,2034133.000
0.000,2034134.000
0.000,2034135.000
0.000,2034136.000
0.000,2034137.000
0.000,2034138.000
0.000,2034139.000
0.000,2034140.000
0.000,2034141.000
0.000,2034142.000
0.000,2034143.000
0.000,2034144.000
0.000,2034145.000
0.000,2034146.000
0.000,2034147.000
0.000,2034148.000
0.000,2034149.000
0.000,2034150.000
0.000,2034151.000
0.000,2034152.000
0.000,2034153.000
0.000,2034154.000
0.000,2034155.000
0.000,2034156.000
0.000,2034157.000
1.000,2034158.000
0.000,2034159.000
0.000,2034160.000
0.000,2034161.000
0.000,2034162.000
0.000,2034163.000
0.000,2034164.000
0.000,2034165.000
0.000,2034166.000
0.000,2034167.000
0.000,2034168.000
0.000,2034169.000
0.000,2034170.000
0.000,2034171.000
0.000,2034172.000
0.000,2034173.000
0.000,2034174.000
0.000,2034175.000
0.000,2034176.000
0.000,2034177.000
0.000,2034178.000
0.000,2034179.000
0.000,2034180.000
0.000,2034181.000
0.000,2034182.000
0.000,2034183.000
0.000,2034184.000
0.000,2034185.000
0.000,2034186.000
0.000,2034187.000
0.000,2034188.000
0.000,2034189.000
0.000,2034190.000
0.000,2034191.000
0.000,2034192.000
0.000,2034193.000
0.000,2034194.000
0.000,2034195.000
0.000,2034196.000
0.000,2034197.000
0.000,2034198.000
0.000,2034199.000
0.000,2034200.000
1.000,2034201.000
0.000,2034202.000
1.000,2034203.000
0.000,2034204.000
0.000,2034205.000
0.000,2034206.000
0.000,2034207.000
0.000,2034208.000
0.000,2034209.000
0.000,2034210.000
0.000,2034211.000
0.000,2034212.000
0.000,2034213.000
0.000,2034214.000
0.000,2034215.000
0.000,2034216.000
0.000,2034217.000
0.000,2034218.000
0.000,2034219.000
0.000,2034220.000
0.000,2034221.000
0.000,2034222.000
0.000,2034223.000
0.000,2034224.000
0.000,2034225.000
0.000,2034226.000
0.000,2034227.000
1.000,2034228.000
0.000,2034229.000
0.000,2034230.000
0.000,2034231.000
0.000,2034232.000
0.000,2034233.000
0.000,2034234.000
0.000,2034235.000
0.000,2034236.000
0.000,2034237.000
0.000,2034238.000
0.000,2034239.000
0.000,2034240.000
0.000,2034241.000
0.000,2034242.000
0.000,2034243.000
0.000,2034244.000
0.000,2034245.000
0.000,2034246.000
0.000,2034247.000
0.000,2034248.000
0.000,2034249.000
0.000,2034250.000
0.000,2034251.000
0.000,2034252.000
0.000,2034253.000
0.000,2034254.000
0.000,2034255.000
0.000,2034256.000
1.000,2034257.000
0.000,2034258.000
0.000,2034259.000
0.000,2034260.000
0.000,2034261.000
0.000,2034262.000
0.000,2034263.000
0.000,2034264.000
0.000,2034265.000
0.000,2034266.000
0.000,2034267.000
0.000,2034268.000
0.000,2034269.000
0.000,2034270.000
0.000,2034271.000
0.000,2034272.000
0.000,2034273.000
0.000,2034274.000
0.000,2034275.000
0.000,2034276.000
0.000,2034277.000
0.000,2034278.000
0.000,2034279.000
0.000,2034280.000
0.000,2034281.000
0.000,2034282.000
0.000,2034283.000
0.000,2034284.000
0.000,2034285.000
0.000,2034286.000
0.000,2034287.000
0.000,2034288.000
0.000,2034289.000
0.000,2034290.000
0.000,2034291.000
0.000,2034292.000
0.000,2034293.000
0.000,2034294.000
0.000,2034295.000
0.000,2034296.000
0.000,2034297.000
0.000,2034298.000
0.000,2034299.000
0.000,2034300.000
0.000,2034301.000
0.000,2034302.000
0.000,2034303.000
0.000,2034304.000
0.000,2034305.000
0.000,2034306.000
0.000,2034307.000
0.000,2034308.000
0.000,2034309.000
0.000,2034310.000
0.000,2034311.000
0.000,2034312.000
0.000,2034313.000
0.000,2034314.000
0.000,2034315.000
0.000,2034316.000
0.000,2034317.000
0.000,2034318.000
0.000,2034319.000
0.000,2034320.000
0.000,2034321.000
0.000,2034322.000
0.000,2034323.000
0.000,2034324.000
0.000,2034325.000
0.000,2034326.000
0.000,2034327.000
0.000,2034328.000
0.000,2034329.000
0.000,2034330.000
0.000,2034331.000
0.000,2034332.000
0.000,2034333.000
0.000,2034334.000
0.000,2034335.000
0.000,2034336.000
0.000,2034337.000
0.000,2034338.000
0.000,2034339.000
0.000,2034340.000
0.000,2034341.000
0.000,2034342.000
0.000,2034343.000
0.000,2034344.000
0.000,2034345.000
0.000,2034346.000
0.000,2034347.000
0.000,2034348.000
0.000,2034349.000
0.000,2034350.000
0.000,2034351.000
0.000,2034352.000
0.000,2034353.000
0.000,2034354.000
0.000,2034355.000
1.000,2034356.000
0.000,2034357.000
0.000,2034358.000
0.000,2034359.000
0.000,2034360.000
0.000,2034361.000
0.000,2034362.000
1.000,2034363.000
0.000,2034364.000
0.000,2034365.000
0.000,2034366.000
0.000,2034367.000
0.000,2034368.000
0.000,2034369.000
0.000,2034370.000
0.000,2034371.000
0.000,2034372.000
0.000,2034373.000
0.000,2034374.000
0.000,2034375.000
0.000,2034376.000
0.000,2034377.000
0.000,2034378.000
0.000,2034379.000
0.000,2034380.000
0.000,2034381.000
0.000,2034382.000
0.000,2034383.000
0.000,2034384.000
0.000,2034385.000
0.000,2034386.000
0.000,2034387.000
0.000,2034388.000
0.000,2034389.000
0.000,2034390.000
0.000,2034391.000
0.000,2034392.000
0.000,2034393.000
0.000,2034394.000
0.000,2034395.000
0.000,2034396.000
0.000,2034397.000
0.000,2034398.000
0.000,2034399.000
0.000,2034400.000
0.000,2034401.000
0.000,2034402.000
0.000,2034403.000
0.000,2034404.000
0.000,2034405.000
0.000,2034406.000
0.000,2034407.000
0.000,2034408.000
0.000,2034409.000
0.000,2034410.000
0.000,2034411.000
0.000,2034412.000
0.000,2034413.000
0.000,2034414.000
0.000,2034415.000
0.000,2034416.000
0.000,2034417.000
0.000,2034418.000
0.000,2034419.000
0.000,2034420.000
0.000,2034421.000
0.000,2034422.000
0.000,2034423.000
1.000,2034424.000
0.000,2034425.000
0.000,2034426.000
0.000,2034427.000
0.000,2034428.000
0.000,2034429.000
0.000,2034430.000
0.000,2034431.000
0.000,2034432.000
0.000,2034433.000
0.000,2034434.000
0.000,2034435.000
0.000,2034436.000
0.000,2034437.000
0.000,2034438.000
0.000,2034439.000
0.000,2034440.000
0.000,2034441.000
0.000,2034442.000
0.000,2034443.000
0.000,2034444.000
0.000,2034445.000
0.000,2034446.000
0.000,2034447.000
0.000,2034448.000
0.000,2034449.000
0.000,2034450.000
0.000,2034451.000
0.000,2034452.000
0.000,2034453.000
0.000,2034454.000
0.000,2034455.000
0.000,2034456.000
0.000,2034457.000
0.000,2034458.000
0.000,2034459.000
0.000,2034460.000
0.000,2034461.000
0.000,2034462.000
0.000,2034463.000
0.000,2034464.000
0.000,2034465.000
0.000,2034466.000
0.000,2034467.000
0.000,2034468.000
0.000,2034469.000
0.000,2034470.000
1.000,2034471.000
0.000,2034472.000
0.000,2034473.000
0.000,2034474.000
0.000,2034475.000
0.000,2034476.000
0.000,2034477.000
0.000,2034478.000
0.000,2034479.000
0.000,2034480.000
0.000,2034481.000
0.000,2034482.000
0.000,2034483.000
0.000,2034484.000
0.000,2034485.000
0.000,2034486.000
0.000,2034487.000
0.000,2034488.000
0.000,2034489.000
0.000,2034490.000
0.000,2034491.000
0.000,2034492.000
0.000,2034493.000
0.000,2034494.000
0.000,2034495.000
0.000,2034496.000
0.000,2034497.000
0.000,2034498.000
0.000,2034499.000
0.000,2034500.000
0.000,2034501.000
0.000,2034502.000
0.000,2034503.000
0.000,2034504.000
0.000,2034505.000
0.000,2034506.000
0.000,2034507.000
0.000,2034508.000
0.000,2034509.000
0.000,2034510.000
0.000,2034511.000
0.000,2034512.000
0.000,2034513.000
0.000,2034514.000
0.000,2034515.000
0.000,2034516.000
0.000,2034517.000
0.000,2034518.000
0.000,2034519.000
0.000,2034520.000
0.000,2034521.000
0.000,2034522.000
0.000,2034523.000
0.000,2034524.000
0.000,2034525.000
0.000,2034526.000
0.000,2034527.000
0.000,2034528.000
0.000,2034529.000
0.000,2034530.000
0.000,2034531.000
0.000,2034532.000
0.000,2034533.000
0.000,2034534.000
0.000,2034535.000
0.000,2034536.000
0.000,2034537.000
0.000,2034538.000
0.000,2034539.000
0.000,2034540.000
0.000,2034541.000
0.000,2034542.000
0.000,2034543.000
0.000,2034544.000
0.000,2034545.000
0.000,2034546.000
0.000,2034547.000
0.000,2034548.000
0.000,2034549.000
0.000,2034550.000
0.000,2034551.000
0.000,2034552.000
0.000,2034553.000
0.000,2034554.000
0.000,2034555.000
0.000,2034556.000
0.000,2034557.000
0.000,2034558.000
1.000,2034559.000
0.000,2034560.000
0.000,2034561.000
0.000,2034562.000
0.000,2034563.000
0.000,2034564.000
0.000,2034565.000
0.000,2034566.000
0.000,2034567.000
0.000,2034568.000
0.000,2034569.000
0.000,2034570.000
0.000,2034571.000
0.000,2034572.000
0.000,2034573.000
0.000,2034574.000
0.000,2034575.000
0.000,2034576.000
0.000,2034577.000
0.000,2034578.000
0.000,2034579.000
0.000,2034580.000
0.000,2034581.000
1.000,2034582.000
0.000,2034583.000
0.000,2034584.000
0.000,2034585.000
0.000,2034586.000
0.000,2034587.000
0.000,2034588.000
0.000,2034589.000
0.000,2034590.000
0.000,2034591.000
0.000,2034592.000
0.000,2034593.000
0.000,2034594.000
0.000,2034595.000
0.000,2034596.000
0.000,2034597.000
0.000,2034598.000
0.000,2034599.000
0.000,2034600.000
0.000,2034601.000
0.000,2034602.000
0.000,2034603.000
0.000,2034604.000
0.000,2034605.000
0.000,2034606.000
0.000,2034607.000
0.000,2034608.000
0.000,2034609.000
0.000,2034610.000
0.000,2034611.000
0.000,2034612.000
0.000,2034613.000
0.000,2034614.000
0.000,2034615.000
0.000,2034616.000
0.000,2034617.000
0.000,2034618.000
0.000,2034619.000
0.000,2034620.000
0.000,2034621.000
0.000,2034622.000
0.000,2034623.000
0.000,2034624.000
0.000,2034625.000
0.000,2034626.000
0.000,2034627.000
0.000,2034628.000
0.000,2034629.000
0.000,2034630.000
0.000,2034631.000
0.000,2034632.000
0.000,2034633.000
0.000,2034634.000
0.000,2034635.000
0.000,2034636.000
0.000,2034637.000
0.000,2034638.000
0.000,2034639.000
0.000,2034640.000
0.000,2034641.000
0.000,2034642.000
0.000,2034643.000
0.000,2034644.000
0.000,2034645.000
0.000,2034646.000
0.000,2034647.000
0.000,2034648.000
0.000,2034649.000
0.000,2034650.000
0.000,2034651.000
0.000,2034652.000
0.000,2034653.000
0.000,2034654.000
0.000,2034655.000
0.000,2034656.000
0.000,2034657.000
0.000,2034658.000
0.000,2034659.000
0.000,2034660.000
0.000,2034661.000
0.000,2034662.000
0.000,2034663.000
0.000,2034664.000
0.000,2034665.000
0.000,2034666.000
0.000,2034667.000
0.000,2034668.000
0.000,2034669.000
0.000,2034670.000
0.000,2034671.000
0.000,2034672.000
0.000,2034673.000
0.000,2034674.000
0.000,2034675.000
0.000,2034676.000
0.000,2034677.000
0.000,2034678.000
0.000,2034679.000
1.000,2034680.000
0.000,2034681.000
0.000,2034682.000
0.000,2034683.000
0.000,2034684.000
0.000,2034685.000
0.000,2034686.000
0.000,2034687.000
0.000,2034688.000
0.000,2034689.000
0.000,2034690.000
0.000,2034691.000
0.000,2034692.000
0.000,2034693.000
0.000,2034694.000
0.000,2034695.000
0.000,2034696.000
0.000,2034697.000
0.000,2034698.000
0.000,2034699.000
0.000,2034700.000
0.000,2034701.000
0.000,2034702.000
0.000,2034703.000
0.000,2034704.000
0.000,2034705.000
0.000,2034706.000
0.000,2034707.000
0.000,2034708.000
0.000,2034709.000
0.000,2034710.000
0.000,2034711.000
0.000,2034712.000
0.000,2034713.000
0.000,2034714.000
0.000,2034715.000
0.000,2034716.000
0.000,2034717.000
0.000,2034718.000
0.000,2034719.000
0.000,2034720.000
0.000,2034721.000
0.000,2034722.000
0.000,2034723.000
0.000,2034724.000
0.000,2034725.000
0.000,2034726.000
0.000,2034727.000
0.000,2034728.000
0.000,2034729.000
0.000,2034730.000
0.000,2034731.000
0.000,2034732.000
0.000,2034733.000
0.000,2034734.000
0.000,2034735.000
0.000,2034736.000
0.000,2034737.000
0.000,2034738.000
0.000,2034739.000
0.000,2034740.000
0.000,2034741.000
0.000,2034742.000
0.000,2034743.000
0.000,2034744.000
0.000,2034745.000
0.000,2034746.000
0.000,2034747.000
0.000,2034748.000
0.000,2034749.000
0.000,2034750.000
0.000,2034751.000
0.000,2034752.000
0.000,2034753.000
0.000,2034754.000
0.000,2034755.000
0.000,2034756.000
0.000,2034757.000
0.000,2034758.000
0.000,2034759.000
0.000,2034760.000
0.000,2034761.000
0.000,2034762.000
0.000,2034763.000
0.000,2034764.000
0.000,2034765.000
0.000,2034766.000
0.000,2034767.000
0.000,2034768.000
0.000,2034769.000
0.000,2034770.000
0.000,2034771.000
0.000,2034772.000
0.000,2034773.000
0.000,2034774.000
0.000,2034775.000
0.000,2034776.000
0.000,2034777.000
0.000,2034778.000
0.000,2034779.000
0.000,2034780.000
0.000,2034781.000
0.000,2034782.000
0.000,2034783.000
0.000,2034784.000
0.000,2034785.000
0.000,2034786.000
0.000,2034787.000
0.000,2034788.000
0.000,2034789.000
0.000,2034790.000
0.000,2034791.000
0.000,2034792.000
0.000,2034793.000
0.000,2034794.000
0.000,2034795.000
0.000,2034796.000
0.000,2034797.000
0.000,2034798.000
0.000,2034799.000
0.000,2034800.000
0.000,2034801.000
0.000,2034802.000
0.000,2034803.000
0.000,2034804.000
0.000,2034805.000
0.000,2034806.000
0.000,2034807.000
0.000,2034808.000
0.000,2034809.000
0.000,2034810.000
0.000,2034811.000
0.000,2034812.000
0.000,2034813.000
0.000,2034814.000
0.000,2034815.000
0.000,2034816.000
0.000,2034817.000
0.000,2034818.000
0.000,2034819.000
0.000,2034820.000
0.000,2034821.000
0.000,2034822.000
0.000,2034823.000
0.000,2034824.000
0.000,2034825.000
0.000,2034826.000
0.000,2034827.000
0.000,2034828.000
0.000,2034829.000
0.000,2034830.000
0.000,2034831.000
0.000,2034832.000
0.000,2034833.000
0.000,2034834.000
0.000,2034835.000
0.000,2034836.000
0.000,2034837.000
0.000,2034838.000
0.000,2034839.000
0.000,2034840.000
0.000,2034841.000
0.000,2034842.000
0.000,2034843.000
0.000,2034844.000
0.000,2034845.000
0.000,2034846.000
0.000,2034847.000
0.000,2034848.000
0.000,2034849.000
0.000,2034850.000
0.000,2034851.000
0.000,2034852.000
0.000,2034853.000
0.000,2034854.000
0.000,2034855.000
0.000,2034856.000
0.000,2034857.000
0.000,2034858.000
0.000,2034859.000
0.000,2034860.000
0.000,2034861.000
0.000,2034862.000
0.000,2034863.000
0.000,2034864.000
0.000,2034865.000
0.000,2034866.000
0.000,2034867.000
0.000,2034868.000
0.000,2034869.000
0.000,2034870.000
0.000,2034871.000
0.000,2034872.000
0.000,2034873.000
0.000,2034874.000
0.000,2034875.000
0.000,2034876.000
0.000,2034877.000
0.000,2034878.000
0.000,2034879.000
0.000,2034880.000
0.000,2034881.000
0.000,2034882.000
0.000,2034883.000
0.000,2034884.000
0.000,2034885.000
0.000,2034886.000
0.000,2034887.000
0.000,2034888.000
0.000,2034889.000
0.000,2034890.000
0.000,2034891.000
0.000,2034892.000
0.000,2034893.000
0.000,2034894.000
0.000,2034895.000
0.000,2034896.000
0.000,2034897.000
0.000,2034898.000
0.000,2034899.000
0.000,2034900.000
0.000,2034901.000
0.000,2034902.000
0.000,2034903.000
0.000,2034904.000
0.000,2034905.000
0.000,2034906.000
0.000,2034907.000
0.000,2034908.000
0.000,2034909.000
0.000,2034910.000
0.000,2034911.000
0.000,2034912.000
0.000,2034913.000
0.000,2034914.000
0.000,2034915.000
0.000,2034916.000
1.000,2034917.000
0.000,2034918.000
0.000,2034919.000
0.000,2034920.000
0.000,2034921.000
0.000,2034922.000
0.000,2034923.000
0.000,2034924.000
0.000,2034925.000
0.000,2034926.000
0.000,2034927.000
0.000,2034928.000
0.000,2034929.000
0.000,2034930.000
0.000,2034931.000
0.000,2034932.000
0.000,2034933.000
0.000,2034934.000
0.000,2034935.000
0.000,2034936.000
0.000,2034937.000
0.000,2034938.000
0.000,2034939.000
0.000,2034940.000
0.000,2034941.000
1.000,2034942.000
0.000,2034943.000
0.000,2034944.000
0.000,2034945.000
0.000,2034946.000
0.000,2034947.000
0.000,2034948.000
0.000,2034949.000
0.000,2034950.000
0.000,2034951.000
0.000,2034952.000
0.000,2034953.000
0.000,2034954.000
0.000,2034955.000
0.000,2034956.000
0.000,2034957.000
0.000,2034958.000
0.000,2034959.000
0.000,2034960.000
0.000,2034961.000
0.000,2034962.000
0.000,2034963.000
0.000,2034964.000
0.000,2034965.000
0.000,2034966.000
0.000,2034967.000
0.000,2034968.000
0.000,2034969.000
0.000,2034970.000
0.000,2034971.000
0.000,2034972.000
0.000,2034973.000
0.000,2034974.000
0.000,2034975.000
0.000,2034976.000
0.000,2034977.000
0.000,2034978.000
0.000,2034979.000
0.000,2034980.000
0.000,2034981.000
0.000,2034982.000
0.000,2034983.000
0.000,2034984.000
0.000,2034985.000
0.000,2034986.000
0.000,2034987.000
0.000,2034988.000
0.000,2034989.000
0.000,2034990.000
0.000,2034991.000
0.000,2034992.000
1.000,2034993.000
0.000,2034994.000
0.000,2034995.000
0.000,2034996.000
0.000,2034997.000
0.000,2034998.000
0.000,2034999.000
0.000,2035000.000
0.000,2035001.000
0.000,2035002.000
0.000,2035003.000
0.000,2035004.000
0.000,2035005.000
0.000,2035006.000
0.000,2035007.000
0.000,2035008.000
0.000,2035009.000
0.000,2035010.000
0.000,2035011.000
0.000,2035012.000
0.000,2035013.000
0.000,2035014.000
0.000,2035015.000
0.000,2035016.000
0.000,2035017.000
0.000,2035018.000
0.000,2035019.000
0.000,2035020.000
0.000,2035021.000
0.000,2035022.000
0.000,2035023.000
0.000,2035024.000
0.000,2035025.000
0.000,2035026.000
0.000,2035027.000
0.000,2035028.000
0.000,2035029.000
0.000,2035030.000
0.000,2035031.000
0.000,2035032.000
0.000,2035033.000
0.000,2035034.000
0.000,2035035.000
0.000,2035036.000
0.000,2035037.000
0.000,2035038.000
0.000,2035039.000
0.000,2035040.000
0.000,2035041.000
0.000,2035042.000
0.000,2035043.000
0.000,2035044.000
0.000,2035045.000
0.000,2035046.000
0.000,2035047.000
0.000,2035048.000
0.000,2035049.000
0.000,2035050.000
0.000,2035051.000
0.000,2035052.000
0.000,2035053.000
0.000,2035054.000
0.000,2035055.000
0.000,2035056.000
0.000,2035057.000
0.000,2035058.000
0.000,2035059.000
0.000,2035060.000
0.000,2035061.000
0.000,2035062.000
0.000,2035063.000
0.000,2035064.000
0.000,2035065.000
0.000,2035066.000
0.000,2035067.000
0.000,2035068.000
0.000,2035069.000
0.000,2035070.000
0.000,2035071.000
0.000,2035072.000
0.000,2035073.000
0.000,2035074.000
0.000,2035075.000
0.000,2035076.000
0.000,2035077.000
0.000,2035078.000
0.000,2035079.000
0.000,2035080.000
0.000,2035081.000
0.000,2035082.000
0.000,2035083.000
0.000,2035084.000
0.000,2035085.000
0.000,2035086.000
0.000,2035087.000
0.000,2035088.000
0.000,2035089.000
0.000,2035090.000
0.000,2035091.000
0.000,2035092.000
0.000,2035093.000
0.000,2035094.000
0.000,2035095.000
0.000,2035096.000
0.000,2035097.000
0.000,2035098.000
0.000,2035099.000
0.000,2035100.000
0.000,2035101.000
0.000,2035102.000
0.000,2035103.000
0.000,2035104.000
0.000,2035105.000
0.000,2035106.000
0.000,2035107.000
0.000,2035108.000
0.000,2035109.000
0.000,2035110.000
0.000,2035111.000
0.000,2035112.000
0.000,2035113.000
0.000,2035114.000
0.000,2035115.000
0.000,2035116.000
0.000,2035117.000
0.000,2035118.000
0.000,2035119.000
0.000,2035120.000
0.000,2035121.000
0.000,2035122.000
0.000,2035123.000
0.000,2035124.000
0.000,2035125.000
0.000,2035126.000
0.000,2035127.000
0.000,2035128.000
0.000,2035129.000
0.000,2035130.000
0.000,2035131.000
0.000,2035132.000
0.000,2035133.000
0.000,2035134.000
0.000,2035135.000
1.000,2035136.000
0.000,2035137.000
0.000,2035138.000
0.000,2035139.000
0.000,2035140.000
0.000,2035141.000
0.000,2035142.000
0.000,2035143.000
0.000,2035144.000
0.000,2035145.000
0.000,2035146.000
0.000,2035147.000
0.000,2035148.000
0.000,2035149.000
0.000,2035150.000
0.000,2035151.000
0.000,2035152.000
0.000,2035153.000
0.000,2035154.000
0.000,2035155.000
0.000,2035156.000
0.000,2035157.000
0.000,2035158.000
0.000,2035159.000
0.000,2035160.000
0.000,2035161.000
0.000,2035162.000
0.000,2035163.000
0.000,2035164.000
0.000,2035165.000
1.000,2035166.000
0.000,2035167.000
0.000,2035168.000
0.000,2035169.000
0.000,2035170.000
0.000,2035171.000
0.000,2035172.000
0.000,2035173.000
0.000,2035174.000
0.000,2035175.000
0.000,2035176.000
0.000,2035177.000
0.000,2035178.000
0.000,2035179.000
0.000,2035180.000
0.000,2035181.000
0.000,2035182.000
0.000,2035183.000
0.000,2035184.000
0.000,2035185.000
0.000,2035186.000
0.000,2035187.000
0.000,2035188.000
0.000,2035189.000
0.000,2035190.000
0.000,2035191.000
0.000,2035192.000
0.000,2035193.000
0.000,2035194.000
0.000,2035195.000
0.000,2035196.000
0.000,2035197.000
0.000,2035198.000
0.000,2035199.000
0.000,2035200.000
0.000,2035201.000
0.000,2035202.000
0.000,2035203.000
0.000,2035204.000
0.000,2035205.000
0.000,2035206.000
0.000,2035207.000
0.000,2035208.000
0.000,2035209.000
0.000,2035210.000
0.000,2035211.000
0.000,2035212.000
0.000,2035213.000
0.000,2035214.000
0.000,2035215.000
0.000,2035216.000
0.000,2035217.000
1.000,2035218.000
0.000,2035219.000
0.000,2035220.000
0.000,2035221.000
0.000,2035222.000
0.000,2035223.000
0.000,2035224.000
0.000,2035225.000
0.000,2035226.000
0.000,2035227.000
0.000,2035228.000
0.000,2035229.000
0.000,2035230.000
0.000,2035231.000
0.000,2035232.000
0.000,2035233.000
0.000,2035234.000
0.000,2035235.000
0.000,2035236.000
0.000,2035237.000
0.000,2035238.000
0.000,2035239.000
0.000,2035240.000
0.000,2035241.000
0.000,2035242.000
0.000,2035243.000
0.000,2035244.000
0.000,2035245.000
0.000,2035246.000
0.000,2035247.000
0.000,2035248.000
0.000,2035249.000
0.000,2035250.000
0.000,2035251.000
0.000,2035252.000
0.000,2035253.000
0.000,2035254.000
0.000,2035255.000
0.000,2035256.000
0.000,2035257.000
0.000,2035258.000
0.000,2035259.000
0.000,2035260.000
0.000,2035261.000
0.000,2035262.000
0.000,2035263.000
0.000,2035264.000
0.000,2035265.000
0.000,2035266.000
0.000,2035267.000
0.000,2035268.000
0.000,2035269.000
0.000,2035270.000
0.000,2035271.000
0.000,2035272.000
0.000,2035273.000
0.000,2035274.000
0.000,2035275.000
0.000,2035276.000
0.000,2035277.000
0.000,2035278.000
0.000,2035279.000
0.000,2035280.000
0.000,2035281.000
0.000,2035282.000
0.000,2035283.000
0.000,2035284.000
0.000,2035285.000
0.000,2035286.000
0.000,2035287.000
0.000,2035288.000
0.000,2035289.000
0.000,2035290.000
0.000,2035291.000
0.000,2035292.000
0.000,2035293.000
0.000,2035294.000
0.000,2035295.000
0.000,2035296.000
0.000,2035297.000
0.000,2035298.000
0.000,2035299.000
0.000,2035300.000
0.000,2035301.000
0.000,2035302.000
0.000,2035303.000
0.000,2035304.000
0.000,2035305.000
0.000,2035306.000
0.000,2035307.000
0.000,2035308.000
0.000,2035309.000
0.000,2035310.000
0.000,2035311.000
0.000,2035312.000
0.000,2035313.000
0.000,2035314.000
0.000,2035315.000
0.000,2035316.000
0.000,2035317.000
0.000,2035318.000
0.000,2035319.000
0.000,2035320.000
0.000,2035321.000
0.000,2035322.000
0.000,2035323.000
0.000,2035324.000
0.000,2035325.000
0.000,2035326.000
0.000,2035327.000
0.000,2035328.000
0.000,2035329.000
0.000,2035330.000
0.000,2035331.000
0.000,2035332.000
0.000,2035333.000
0.000,2035334.000
0.000,2035335.000
0.000,2035336.000
0.000,2035337.000
0.000,2035338.000
0.000,2035339.000
0.000,2035340.000
0.000,2035341.000
0.000,2035342.000
0.000,2035343.000
0.000,2035344.000
1.000,2035345.000
0.000,2035346.000
0.000,2035347.000
0.000,2035348.000
1.000,2035349.000
0.000,2035350.000
0.000,2035351.000
0.000,2035352.000
0.000,2035353.000
0.000,2035354.000
0.000,2035355.000
0.000,2035356.000
0.000,2035357.000
0.000,2035358.000
0.000,2035359.000
0.000,2035360.000
0.000,2035361.000
0.000,2035362.000
0.000,2035363.000
0.000,2035364.000
0.000,2035365.000
0.000,2035366.000
0.000,2035367.000
0.000,2035368.000
0.000,2035369.000
0.000,2035370.000
0.000,2035371.000
0.000,2035372.000
0.000,2035373.000
0.000,2035374.000
0.000,2035375.000
0.000,2035376.000
0.000,2035377.000
0.000,2035378.000
0.000,2035379.000
0.000,2035380.000
0.000,2035381.000
0.000,2035382.000
0.000,2035383.000
0.000,2035384.000
0.000,2035385.000
0.000,2035386.000
0.000,2035387.000
0.000,2035388.000
0.000,2035389.000
0.000,2035390.000
0.000,2035391.000
0.000,2035392.000
0.000,2035393.000
0.000,2035394.000
0.000,2035395.000
1.000,2035396.000
0.000,2035397.000
0.000,2035398.000
0.000,2035399.000
0.000,2035400.000
0.000,2035401.000
0.000,2035402.000
0.000,2035403.000
0.000,2035404.000
0.000,2035405.000
0.000,2035406.000
0.000,2035407.000
0.000,2035408.000
0.000,2035409.000
1.000,2035410.000
0.000,2035411.000
0.000,2035412.000
0.000,2035413.000
0.000,2035414.000
0.000,2035415.000
0.000,2035416.000
0.000,2035417.000
0.000,2035418.000
0.000,2035419.000
0.000,2035420.000
0.000,2035421.000
0.000,2035422.000
0.000,2035423.000
0.000,2035424.000
0.000,2035425.000
0.000,2035426.000
0.000,2035427.000
0.000,2035428.000
0.000,2035429.000
0.000,2035430.000
0.000,2035431.000
0.000,2035432.000
0.000,2035433.000
0.000,2035434.000
0.000,2035435.000
0.000,2035436.000
0.000,2035437.000
0.000,2035438.000
0.000,2035439.000
0.000,2035440.000
0.000,2035441.000
0.000,2035442.000
0.000,2035443.000
0.000,2035444.000
0.000,2035445.000
0.000,2035446.000
0.000,2035447.000
0.000,2035448.000
0.000,2035449.000
0.000,2035450.000
0.000,2035451.000
0.000,2035452.000
0.000,2035453.000
0.000,2035454.000
0.000,2035455.000
0.000,2035456.000
0.000,2035457.000
0.000,2035458.000
0.000,2035459.000
0.000,2035460.000
0.000,2035461.000
0.000,2035462.000
0.000,2035463.000
0.000,2035464.000
0.000,2035465.000
0.000,2035466.000
0.000,2035467.000
0.000,2035468.000
1.000,2035469.000
0.000,2035470.000
0.000,2035471.000
0.000,2035472.000
0.000,2035473.000
0.000,2035474.000
0.000,2035475.000
0.000,2035476.000
0.000,2035477.000
0.000,2035478.000
0.000,2035479.000
0.000,2035480.000
0.000,2035481.000
1.000,2035482.000
0.000,2035483.000
0.000,2035484.000
0.000,2035485.000
0.000,2035486.000
0.000,2035487.000
0.000,2035488.000
0.000,2035489.000
0.000,2035490.000
0.000,2035491.000
0.000,2035492.000
0.000,2035493.000
0.000,2035494.000
0.000,2035495.000
0.000,2035496.000
0.000,2035497.000
0.000,2035498.000
0.000,2035499.000
0.000,2035500.000
0.000,2035501.000
0.000,2035502.000
0.000,2035503.000
0.000,2035504.000
0.000,2035505.000
0.000,2035506.000
0.000,2035507.000
0.000,2035508.000
0.000,2035509.000
0.000,2035510.000
0.000,2035511.000
0.000,2035512.000
0.000,2035513.000
0.000,2035514.000
0.000,2035515.000
0.000,2035516.000
0.000,2035517.000
0.000,2035518.000
0.000,2035519.000
0.000,2035520.000
0.000,2035521.000
0.000,2035522.000
0.000,2035523.000
0.000,2035524.000
0.000,2035525.000
0.000,2035526.000
0.000,2035527.000
1.000,2035528.000
0.000,2035529.000
0.000,2035530.000
1.000,2035531.000
0.000,2035532.000
0.000,2035533.000
0.000,2035534.000
0.000,2035535.000
0.000,2035536.000
0.000,2035537.000
0.000,2035538.000
0.000,2035539.000
0.000,2035540.000
0.000,2035541.000
0.000,2035542.000
0.000,2035543.000
0.000,2035544.000
0.000,2035545.000
0.000,2035546.000
0.000,2035547.000
0.000,2035548.000
0.000,2035549.000
0.000,2035550.000
0.000,2035551.000
0.000,2035552.000
0.000,2035553.000
0.000,2035554.000
0.000,2035555.000
0.000,2035556.000
0.000,2035557.000
0.000,2035558.000
0.000,2035559.000
0.000,2035560.000
0.000,2035561.000
0.000,2035562.000
0.000,2035563.000
0.000,2035564.000
0.000,2035565.000
0.000,2035566.000
0.000,2035567.000
0.000,2035568.000
0.000,2035569.000
0.000,2035570.000
0.000,2035571.000
0.000,2035572.000
0.000,2035573.000
0.000,2035574.000
0.000,2035575.000
0.000,2035576.000
0.000,2035577.000
0.000,2035578.000
0.000,2035579.000
0.000,2035580.000
0.000,2035581.000
0.000,2035582.000
0.000,2035583.000
0.000,2035584.000
0.000,2035585.000
0.000,2035586.000
0.000,2035587.000
0.000,2035588.000
0.000,2035589.000
0.000,2035590.000
0.000,2035591.000
0.000,2035592.000
0.000,2035593.000
0.000,2035594.000
0.000,2035595.000
0.000,2035596.000
0.000,2035597.000
0.000,2035598.000
0.000,2035599.000
0.000,2035600.000
0.000,2035601.000
0.000,2035602.000
0.000,2035603.000
0.000,2035604.000
0.000,2035605.000
0.000,2035606.000
0.000,2035607.000
0.000,2035608.000
0.000,2035609.000
0.000,2035610.000
0.000,2035611.000
0.000,2035612.000
0.000,2035613.000
0.000,2035614.000
0.000,2035615.000
0.000,2035616.000
0.000,2035617.000
0.000,2035618.000
0.000,2035619.000
1.000,2035620.000
0.000,2035621.000
0.000,2035622.000
0.000,2035623.000
0.000,2035624.000
0.000,2035625.000
0.000,2035626.000
0.000,2035627.000
0.000,2035628.000
0.000,2035629.000
0.000,2035630.000
0.000,2035631.000
0.000,2035632.000
0.000,2035633.000
0.000,2035634.000
0.000,2035635.000
0.000,2035636.000
0.000,2035637.000
0.000,2035638.000
1.000,2035639.000
0.000,2035640.000
0.000,2035641.000
0.000,2035642.000
0.000,2035643.000
0.000,2035644.000
0.000,2035645.000
0.000,2035646.000
0.000,2035647.000
0.000,2035648.000
0.000,2035649.000
0.000,2035650.000
0.000,2035651.000
0.000,2035652.000
0.000,2035653.000
1.000,2035654.000
0.000,2035655.000
0.000,2035656.000
0.000,2035657.000
0.000,2035658.000
0.000,2035659.000
0.000,2035660.000
0.000,2035661.000
0.000,2035662.000
0.000,2035663.000
0.000,2035664.000
0.000,2035665.000
0.000,2035666.000
0.000,2035667.000
0.000,2035668.000
0.000,2035669.000
0.000,2035670.000
0.000,2035671.000
0.000,2035672.000
0.000,2035673.000
0.000,2035674.000
0.000,2035675.000
0.000,2035676.000
0.000,2035677.000
0.000,2035678.000
0.000,2035679.000
0.000,2035680.000
0.000,2035681.000
0.000,2035682.000
0.000,2035683.000
0.000,2035684.000
0.000,2035685.000
0.000,2035686.000
0.000,2035687.000
0.000,2035688.000
0.000,2035689.000
0.000,2035690.000
0.000,2035691.000
0.000,2035692.000
0.000,2035693.000
0.000,2035694.000
0.000,2035695.000
0.000,2035696.000
0.000,2035697.000
0.000,2035698.000
0.000,2035699.000
0.000,2035700.000
0.000,2035701.000
0.000,2035702.000
0.000,2035703.000
0.000,2035704.000
0.000,2035705.000
0.000,2035706.000
0.000,2035707.000
0.000,2035708.000
0.000,2035709.000
0.000,2035710.000
0.000,2035711.000
0.000,2035712.000
0.000,2035713.000
0.000,2035714.000
0.000,2035715.000
0.000,2035716.000
0.000,2035717.000
0.000,2035718.000
0.000,2035719.000
0.000,2035720.000
0.000,2035721.000
1.000,2035722.000
0.000,2035723.000
0.000,2035724.000
0.000,2035725.000
0.000,2035726.000
0.000,2035727.000
0.000,2035728.000
0.000,2035729.000
0.000,2035730.000
0.000,2035731.000
0.000,2035732.000
0.000,2035733.000
0.000,2035734.000
0.000,2035735.000
0.000,2035736.000
0.000,2035737.000
0.000,2035738.000
0.000,2035739.000
0.000,2035740.000
0.000,2035741.000
0.000,2035742.000
0.000,2035743.000
0.000,2035744.000
0.000,2035745.000
0.000,2035746.000
0.000,2035747.000
0.000,2035748.000
0.000,2035749.000
0.000,2035750.000
0.000,2035751.000
0.000,2035752.000
0.000,2035753.000
0.000,2035754.000
0.000,2035755.000
0.000,2035756.000
0.000,2035757.000
0.000,2035758.000
0.000,2035759.000
0.000,2035760.000
0.000,2035761.000
0.000,2035762.000
0.000,2035763.000
0.000,2035764.000
0.000,2035765.000
0.000,2035766.000
0.000,2035767.000
0.000,2035768.000
0.000,2035769.000
0.000,2035770.000
0.000,2035771.000
1.000,2035772.000
0.000,2035773.000
0.000,2035774.000
0.000,2035775.000
0.000,2035776.000
0.000,2035777.000
0.000,2035778.000
0.000,2035779.000
0.000,2035780.000
0.000,2035781.000
0.000,2035782.000
0.000,2035783.000
0.000,2035784.000
0.000,2035785.000
0.000,2035786.000
0.000,2035787.000
0.000,2035788.000
0.000,2035789.000
0.000,2035790.000
0.000,2035791.000
0.000,2035792.000
0.000,2035793.000
0.000,2035794.000
0.000,2035795.000
0.000,2035796.000
0.000,2035797.000
0.000,2035798.000
0.000,2035799.000
1.000,2035800.000
0.000,2035801.000
0.000,2035802.000
0.000,2035803.000
0.000,2035804.000
0.000,2035805.000
0.000,2035806.000
0.000,2035807.000
0.000,2035808.000
0.000,2035809.000
0.000,2035810.000
0.000,2035811.000
0.000,2035812.000
0.000,2035813.000
0.000,2035814.000
0.000,2035815.000
0.000,2035816.000
0.000,2035817.000
0.000,2035818.000
0.000,2035819.000
0.000,2035820.000
0.000,2035821.000
0.000,2035822.000
0.000,2035823.000
0.000,2035824.000
0.000,2035825.000
0.000,2035826.000
0.000,2035827.000
0.000,2035828.000
0.000,2035829.000
0.000,2035830.000
0.000,2035831.000
0.000,2035832.000
0.000,2035833.000
0.000,2035834.000
0.000,2035835.000
0.000,2035836.000
0.000,2035837.000
0.000,2035838.000
0.000,2035839.000
0.000,2035840.000
0.000,2035841.000
0.000,2035842.000
0.000,2035843.000
0.000,2035844.000
0.000,2035845.000
0.000,2035846.000
0.000,2035847.000
0.000,2035848.000
0.000,2035849.000
0.000,2035850.000
0.000,2035851.000
0.000,2035852.000
0.000,2035853.000
0.000,2035854.000
0.000,2035855.000
0.000,2035856.000
0.000,2035857.000
0.000,2035858.000
0.000,2035859.000
0.000,2035860.000
0.000,2035861.000
0.000,2035862.000
0.000,2035863.000
0.000,2035864.000
0.000,2035865.000
0.000,2035866.000
0.000,2035867.000
0.000,2035868.000
0.000,2035869.000
0.000,2035870.000
0.000,2035871.000
0.000,2035872.000
0.000,2035873.000
0.000,2035874.000
0.000,2035875.000
0.000,2035876.000
0.000,2035877.000
0.000,2035878.000
0.000,2035879.000
0.000,2035880.000
0.000,2035881.000
0.000,2035882.000
0.000,2035883.000
0.000,2035884.000
0.000,2035885.000
0.000,2035886.000
0.000,2035887.000
0.000,2035888.000
0.000,2035889.000
0.000,2035890.000
0.000,2035891.000
0.000,2035892.000
0.000,2035893.000
0.000,2035894.000
0.000,2035895.000
0.000,2035896.000
0.000,2035897.000
0.000,2035898.000
0.000,2035899.000
0.000,2035900.000
0.000,2035901.000
0.000,2035902.000
0.000,2035903.000
0.000,2035904.000
0.000,2035905.000
0.000,2035906.000
0.000,2035907.000
0.000,2035908.000
0.000,2035909.000
0.000,2035910.000
0.000,2035911.000
0.000,2035912.000
0.000,2035913.000
0.000,2035914.000
0.000,2035915.000
0.000,2035916.000
0.000,2035917.000
0.000,2035918.000
0.000,2035919.000
0.000,2035920.000
0.000,2035921.000
0.000,2035922.000
0.000,2035923.000
0.000,2035924.000
0.000,2035925.000
0.000,2035926.000
0.000,2035927.000
0.000,2035928.000
0.000,2035929.000
0.000,2035930.000
0.000,2035931.000
0.000,2035932.000
0.000,2035933.000
0.000,2035934.000
0.000,2035935.000
0.000,2035936.000
0.000,2035937.000
0.000,2035938.000
0.000,2035939.000
0.000,2035940.000
0.000,2035941.000
0.000,2035942.000
0.000,2035943.000
0.000,2035944.000
0.000,2035945.000
0.000,2035946.000
0.000,2035947.000
0.000,2035948.000
0.000,2035949.000
0.000,2035950.000
0.000,2035951.000
0.000,2035952.000
0.000,2035953.000
0.000,2035954.000
0.000,2035955.000
0.000,2035956.000
0.000,2035957.000
0.000,2035958.000
0.000,2035959.000
0.000,2035960.000
0.000,2035961.000
0.000,2035962.000
0.000,2035963.000
0.000,2035964.000
0.000,2035965.000
0.000,2035966.000
0.000,2035967.000
0.000,2035968.000
0.000,2035969.000
0.000,2035970.000
0.000,2035971.000
0.000,2035972.000
0.000,2035973.000
0.000,2035974.000
0.000,2035975.000
0.000,2035976.000
0.000,2035977.000
0.000,2035978.000
0.000,2035979.000
0.000,2035980.000
0.000,2035981.000
0.000,2035982.000
0.000,2035983.000
0.000,2035984.000
0.000,2035985.000
0.000,2035986.000
0.000,2035987.000
0.000,2035988.000
0.000,2035989.000
0.000,2035990.000
0.000,2035991.000
0.000,2035992.000
0.000,2035993.000
0.000,2035994.000
1.000,2035995.000
0.000,2035996.000
0.000,2035997.000
0.000,2035998.000
0.000,2035999.000
0.000,2036000.000
0.000,2036001.000
0.000,2036002.000
0.000,2036003.000
0.000,2036004.000
0.000,2036005.000
0.000,2036006.000
0.000,2036007.000
0.000,2036008.000
0.000,2036009.000
0.000,2036010.000
0.000,2036011.000
0.000,2036012.000
0.000,2036013.000
0.000,2036014.000
0.000,2036015.000
0.000,2036016.000
0.000,2036017.000
0.000,2036018.000
0.000,2036019.000
0.000,2036020.000
0.000,2036021.000
0.000,2036022.000
0.000,2036023.000
0.000,2036024.000
0.000,2036025.000
0.000,2036026.000
0.000,2036027.000
0.000,2036028.000
0.000,2036029.000
0.000,2036030.000
0.000,2036031.000
0.000,2036032.000
0.000,2036033.000
0.000,2036034.000
0.000,2036035.000
0.000,2036036.000
0.000,2036037.000
0.000,2036038.000
0.000,2036039.000
0.000,2036040.000
0.000,2036041.000
0.000,2036042.000
0.000,2036043.000
0.000,2036044.000
0.000,2036045.000
0.000,2036046.000
0.000,2036047.000
0.000,2036048.000
0.000,2036049.000
0.000,2036050.000
0.000,2036051.000
0.000,2036052.000
0.000,2036053.000
0.000,2036054.000
0.000,2036055.000
0.000,2036056.000
0.000,2036057.000
0.000,2036058.000
0.000,2036059.000
0.000,2036060.000
0.000,2036061.000
0.000,2036062.000
0.000,2036063.000
0.000,2036064.000
0.000,2036065.000
0.000,2036066.000
0.000,2036067.000
0.000,2036068.000
0.000,2036069.000
0.000,2036070.000
0.000,2036071.000
0.000,2036072.000
0.000,2036073.000
0.000,2036074.000
1.000,2036075.000
0.000,2036076.000
0.000,2036077.000
0.000,2036078.000
0.000,2036079.000
0.000,2036080.000
0.000,2036081.000
0.000,2036082.000
0.000,2036083.000
0.000,2036084.000
0.000,2036085.000
0.000,2036086.000
0.000,2036087.000
0.000,2036088.000
0.000,2036089.000
0.000,2036090.000
0.000,2036091.000
0.000,2036092.000
0.000,2036093.000
0.000,2036094.000
0.000,2036095.000
0.000,2036096.000
0.000,2036097.000
0.000,2036098.000
0.000,2036099.000
0.000,2036100.000
0.000,2036101.000
0.000,2036102.000
0.000,2036103.000
0.000,2036104.000
0.000,2036105.000
0.000,2036106.000
0.000,2036107.000
0.000,2036108.000
0.000,2036109.000
0.000,2036110.000
0.000,2036111.000
0.000,2036112.000
0.000,2036113.000
0.000,2036114.000
0.000,2036115.000
0.000,2036116.000
0.000,2036117.000
0.000,2036118.000
0.000,2036119.000
0.000,2036120.000
0.000,2036121.000
0.000,2036122.000
0.000,2036123.000
0.000,2036124.000
0.000,2036125.000
0.000,2036126.000
0.000,2036127.000
0.000,2036128.000
0.000,2036129.000
0.000,2036130.000
0.000,2036131.000
0.000,2036132.000
0.000,2036133.000
0.000,2036134.000
0.000,2036135.000
1.000,2036136.000
0.000,2036137.000
0.000,2036138.000
0.000,2036139.000
0.000,2036140.000
0.000,2036141.000
0.000,2036142.000
0.000,2036143.000
0.000,2036144.000
0.000,2036145.000
0.000,2036146.000
0.000,2036147.000
0.000,2036148.000
0.000,2036149.000
0.000,2036150.000
0.000,2036151.000
0.000,2036152.000
0.000,2036153.000
0.000,2036154.000
0.000,2036155.000
0.000,2036156.000
1.000,2036157.000
0.000,2036158.000
0.000,2036159.000
0.000,2036160.000
0.000,2036161.000
0.000,2036162.000
0.000,2036163.000
0.000,2036164.000
0.000,2036165.000
0.000,2036166.000
0.000,2036167.000
0.000,2036168.000
0.000,2036169.000
0.000,2036170.000
0.000,2036171.000
0.000,2036172.000
0.000,2036173.000
0.000,2036174.000
0.000,2036175.000
0.000,2036176.000
0.000,2036177.000
0.000,2036178.000
0.000,2036179.000
0.000,2036180.000
0.000,2036181.000
0.000,2036182.000
0.000,2036183.000
0.000,2036184.000
0.000,2036185.000
0.000,2036186.000
0.000,2036187.000
0.000,2036188.000
0.000,2036189.000
0.000,2036190.000
0.000,2036191.000
0.000,2036192.000
0.000,2036193.000
0.000,2036194.000
0.000,2036195.000
0.000,2036196.000
1.000,2036197.000
0.000,2036198.000
0.000,2036199.000
0.000,2036200.000
0.000,2036201.000
0.000,2036202.000
0.000,2036203.000
0.000,2036204.000
0.000,2036205.000
0.000,2036206.000
0.000,2036207.000
0.000,2036208.000
0.000,2036209.000
0.000,2036210.000
0.000,2036211.000
0.000,2036212.000
0.000,2036213.000
0.000,2036214.000
0.000,2036215.000
0.000,2036216.000
0.000,2036217.000
0.000,2036218.000
0.000,2036219.000
0.000,2036220.000
0.000,2036221.000
0.000,2036222.000
0.000,2036223.000
0.000,2036224.000
0.000,2036225.000
0.000,2036226.000
0.000,2036227.000
0.000,2036228.000
0.000,2036229.000
0.000,2036230.000
0.000,2036231.000
0.000,2036232.000
0.000,2036233.000
0.000,2036234.000
0.000,2036235.000
0.000,2036236.000
0.000,2036237.000
0.000,2036238.000
0.000,2036239.000
0.000,2036240.000
0.000,2036241.000
0.000,2036242.000
0.000,2036243.000
0.000,2036244.000
0.000,2036245.000
0.000,2036246.000
0.000,2036247.000
0.000,2036248.000
0.000,2036249.000
0.000,2036250.000
0.000,2036251.000
0.000,2036252.000
0.000,2036253.000
0.000,2036254.000
0.000,2036255.000
0.000,2036256.000
0.000,2036257.000
0.000,2036258.000
0.000,2036259.000
0.000,2036260.000
0.000,2036261.000
0.000,2036262.000
0.000,2036263.000
0.000,2036264.000
0.000,2036265.000
0.000,2036266.000
0.000,2036267.000
0.000,2036268.000
0.000,2036269.000
0.000,2036270.000
0.000,2036271.000
0.000,2036272.000
0.000,2036273.000
0.000,2036274.000
0.000,2036275.000
0.000,2036276.000
0.000,2036277.000
0.000,2036278.000
0.000,2036279.000
0.000,2036280.000
0.000,2036281.000
0.000,2036282.000
0.000,2036283.000
0.000,2036284.000
0.000,2036285.000
0.000,2036286.000
0.000,2036287.000
0.000,2036288.000
0.000,2036289.000
0.000,2036290.000
1.000,2036291.000
0.000,2036292.000
0.000,2036293.000
0.000,2036294.000
0.000,2036295.000
0.000,2036296.000
0.000,2036297.000
0.000,2036298.000
0.000,2036299.000
0.000,2036300.000
0.000,2036301.000
0.000,2036302.000
0.000,2036303.000
0.000,2036304.000
0.000,2036305.000
0.000,2036306.000
0.000,2036307.000
0.000,2036308.000
0.000,2036309.000
0.000,2036310.000
0.000,2036311.000
0.000,2036312.000
0.000,2036313.000
0.000,2036314.000
0.000,2036315.000
0.000,2036316.000
0.000,2036317.000
0.000,2036318.000
0.000,2036319.000
0.000,2036320.000
0.000,2036321.000
0.000,2036322.000
0.000,2036323.000
0.000,2036324.000
0.000,2036325.000
0.000,2036326.000
0.000,2036327.000
0.000,2036328.000
0.000,2036329.000
0.000,2036330.000
0.000,2036331.000
0.000,2036332.000
0.000,2036333.000
0.000,2036334.000
0.000,2036335.000
0.000,2036336.000
0.000,2036337.000
0.000,2036338.000
0.000,2036339.000
0.000,2036340.000
0.000,2036341.000
0.000,2036342.000
0.000,2036343.000
0.000,2036344.000
0.000,2036345.000
0.000,2036346.000
0.000,2036347.000
0.000,2036348.000
0.000,2036349.000
0.000,2036350.000
0.000,2036351.000
0.000,2036352.000
0.000,2036353.000
0.000,2036354.000
0.000,2036355.000
0.000,2036356.000
0.000,2036357.000
0.000,2036358.000
0.000,2036359.000
0.000,2036360.000
0.000,2036361.000
0.000,2036362.000
0.000,2036363.000
0.000,2036364.000
0.000,2036365.000
0.000,2036366.000
0.000,2036367.000
0.000,2036368.000
0.000,2036369.000
0.000,2036370.000
0.000,2036371.000
0.000,2036372.000
0.000,2036373.000
0.000,2036374.000
0.000,2036375.000
0.000,2036376.000
0.000,2036377.000
0.000,2036378.000
0.000,2036379.000
0.000,2036380.000
0.000,2036381.000
0.000,2036382.000
0.000,2036383.000
0.000,2036384.000
0.000,2036385.000
0.000,2036386.000
0.000,2036387.000
0.000,2036388.000
0.000,2036389.000
0.000,2036390.000
0.000,2036391.000
0.000,2036392.000
0.000,2036393.000
0.000,2036394.000
0.000,2036395.000
0.000,2036396.000
0.000,2036397.000
0.000,2036398.000
0.000,2036399.000
0.000,2036400.000
0.000,2036401.000
0.000,2036402.000
0.000,2036403.000
0.000,2036404.000
0.000,2036405.000
0.000,2036406.000
0.000,2036407.000
0.000,2036408.000
0.000,2036409.000
0.000,2036410.000
0.000,2036411.000
0.000,2036412.000
0.000,2036413.000
0.000,2036414.000
0.000,2036415.000
0.000,2036416.000
1.000,2036417.000
1.000,2036418.000
0.000,2036419.000
0.000,2036420.000
0.000,2036421.000
1.000,2036422.000
0.000,2036423.000
0.000,2036424.000
0.000,2036425.000
0.000,2036426.000
0.000,2036427.000
0.000,2036428.000
0.000,2036429.000
0.000,2036430.000
0.000,2036431.000
0.000,2036432.000
0.000,2036433.000
0.000,2036434.000
0.000,2036435.000
0.000,2036436.000
0.000,2036437.000
0.000,2036438.000
0.000,2036439.000
0.000,2036440.000
0.000,2036441.000
0.000,2036442.000
0.000,2036443.000
0.000,2036444.000
0.000,2036445.000
1.000,2036446.000
0.000,2036447.000
0.000,2036448.000
0.000,2036449.000
0.000,2036450.000
0.000,2036451.000
0.000,2036452.000
0.000,2036453.000
0.000,2036454.000
0.000,2036455.000
0.000,2036456.000
0.000,2036457.000
0.000,2036458.000
0.000,2036459.000
0.000,2036460.000
0.000,2036461.000
0.000,2036462.000
0.000,2036463.000
0.000,2036464.000
0.000,2036465.000
0.000,2036466.000
0.000,2036467.000
0.000,2036468.000
0.000,2036469.000
0.000,2036470.000
0.000,2036471.000
0.000,2036472.000
0.000,2036473.000
0.000,2036474.000
0.000,2036475.000
0.000,2036476.000
0.000,2036477.000
0.000,2036478.000
0.000,2036479.000
0.000,2036480.000
0.000,2036481.000
0.000,2036482.000
0.000,2036483.000
0.000,2036484.000
0.000,2036485.000
0.000,2036486.000
0.000,2036487.000
0.000,2036488.000
0.000,2036489.000
0.000,2036490.000
0.000,2036491.000
0.000,2036492.000
0.000,2036493.000
0.000,2036494.000
0.000,2036495.000
0.000,2036496.000
0.000,2036497.000
0.000,2036498.000
0.000,2036499.000
0.000,2036500.000
0.000,2036501.000
0.000,2036502.000
0.000,2036503.000
0.000,2036504.000
0.000,2036505.000
0.000,2036506.000
0.000,2036507.000
0.000,2036508.000
0.000,2036509.000
0.000,2036510.000
0.000,2036511.000
0.000,2036512.000
0.000,2036513.000
0.000,2036514.000
0.000,2036515.000
0.000,2036516.000
0.000,2036517.000
0.000,2036518.000
0.000,2036519.000
0.000,2036520.000
0.000,2036521.000
0.000,2036522.000
0.000,2036523.000
0.000,2036524.000
0.000,2036525.000
0.000,2036526.000
0.000,2036527.000
0.000,2036528.000
0.000,2036529.000
0.000,2036530.000
0.000,2036531.000
0.000,2036532.000
0.000,2036533.000
0.000,2036534.000
0.000,2036535.000
0.000,2036536.000
0.000,2036537.000
0.000,2036538.000
0.000,2036539.000
0.000,2036540.000
0.000,2036541.000
0.000,2036542.000
0.000,2036543.000
0.000,2036544.000
0.000,2036545.000
0.000,2036546.000
0.000,2036547.000
0.000,2036548.000
0.000,2036549.000
0.000,2036550.000
0.000,2036551.000
0.000,2036552.000
0.000,2036553.000
0.000,2036554.000
0.000,2036555.000
0.000,2036556.000
0.000,2036557.000
0.000,2036558.000
0.000,2036559.000
0.000,2036560.000
0.000,2036561.000
0.000,2036562.000
0.000,2036563.000
0.000,2036564.000
0.000,2036565.000
0.000,2036566.000
0.000,2036567.000
0.000,2036568.000
0.000,2036569.000
0.000,2036570.000
0.000,2036571.000
0.000,2036572.000
0.000,2036573.000
0.000,2036574.000
0.000,2036575.000
0.000,2036576.000
0.000,2036577.000
0.000,2036578.000
0.000,2036579.000
0.000,2036580.000
0.000,2036581.000
0.000,2036582.000
0.000,2036583.000
0.000,2036584.000
0.000,2036585.000
0.000,2036586.000
0.000,2036587.000
0.000,2036588.000
0.000,2036589.000
0.000,2036590.000
0.000,2036591.000
0.000,2036592.000
0.000,2036593.000
0.000,2036594.000
0.000,2036595.000
0.000,2036596.000
0.000,2036597.000
0.000,2036598.000
0.000,2036599.000
0.000,2036600.000
1.000,2036601.000
0.000,2036602.000
0.000,2036603.000
0.000,2036604.000
0.000,2036605.000
0.000,2036606.000
0.000,2036607.000
0.000,2036608.000
0.000,2036609.000
0.000,2036610.000
0.000,2036611.000
0.000,2036612.000
0.000,2036613.000
0.000,2036614.000
0.000,2036615.000
0.000,2036616.000
0.000,2036617.000
0.000,2036618.000
0.000,2036619.000
0.000,2036620.000
0.000,2036621.000
0.000,2036622.000
0.000,2036623.000
0.000,2036624.000
0.000,2036625.000
0.000,2036626.000
0.000,2036627.000
0.000,2036628.000
0.000,2036629.000
0.000,2036630.000
0.000,2036631.000
0.000,2036632.000
0.000,2036633.000
0.000,2036634.000
0.000,2036635.000
0.000,2036636.000
0.000,2036637.000
0.000,2036638.000
0.000,2036639.000
0.000,2036640.000
0.000,2036641.000
0.000,2036642.000
0.000,2036643.000
0.000,2036644.000
0.000,2036645.000
0.000,2036646.000
0.000,2036647.000
0.000,2036648.000
0.000,2036649.000
0.000,2036650.000
0.000,2036651.000
0.000,2036652.000
0.000,2036653.000
0.000,2036654.000
0.000,2036655.000
0.000,2036656.000
0.000,2036657.000
0.000,2036658.000
0.000,2036659.000
0.000,2036660.000
0.000,2036661.000
0.000,2036662.000
0.000,2036663.000
0.000,2036664.000
0.000,2036665.000
0.000,2036666.000
0.000,2036667.000
0.000,2036668.000
0.000,2036669.000
0.000,2036670.000
0.000,2036671.000
0.000,2036672.000
0.000,2036673.000
0.000,2036674.000
1.000,2036675.000
0.000,2036676.000
0.000,2036677.000
0.000,2036678.000
0.000,2036679.000
0.000,2036680.000
0.000,2036681.000
0.000,2036682.000
0.000,2036683.000
0.000,2036684.000
0.000,2036685.000
0.000,2036686.000
0.000,2036687.000
1.000,2036688.000
0.000,2036689.000
0.000,2036690.000
0.000,2036691.000
0.000,2036692.000
0.000,2036693.000
0.000,2036694.000
0.000,2036695.000
0.000,2036696.000
0.000,2036697.000
0.000,2036698.000
0.000,2036699.000
0.000,2036700.000
0.000,2036701.000
0.000,2036702.000
0.000,2036703.000
0.000,2036704.000
0.000,2036705.000
0.000,2036706.000
0.000,2036707.000
0.000,2036708.000
0.000,2036709.000
0.000,2036710.000
0.000,2036711.000
0.000,2036712.000
0.000,2036713.000
0.000,2036714.000
0.000,2036715.000
0.000,2036716.000
1.000,2036717.000
0.000,2036718.000
0.000,2036719.000
0.000,2036720.000
0.000,2036721.000
0.000,2036722.000
0.000,2036723.000
0.000,2036724.000
0.000,2036725.000
0.000,2036726.000
0.000,2036727.000
0.000,2036728.000
0.000,2036729.000
0.000,2036730.000
0.000,2036731.000
0.000,2036732.000
0.000,2036733.000
0.000,2036734.000
0.000,2036735.000
0.000,2036736.000
0.000,2036737.000
0.000,2036738.000
0.000,2036739.000
0.000,2036740.000
0.000,2036741.000
0.000,2036742.000
0.000,2036743.000
0.000,2036744.000
0.000,2036745.000
0.000,2036746.000
0.000,2036747.000
0.000,2036748.000
0.000,2036749.000
0.000,2036750.000
0.000,2036751.000
0.000,2036752.000
0.000,2036753.000
0.000,2036754.000
1.000,2036755.000
0.000,2036756.000
0.000,2036757.000
0.000,2036758.000
0.000,2036759.000
0.000,2036760.000
0.000,2036761.000
0.000,2036762.000
1.000,2036763.000
0.000,2036764.000
0.000,2036765.000
0.000,2036766.000
0.000,2036767.000
0.000,2036768.000
0.000,2036769.000
0.000,2036770.000
0.000,2036771.000
0.000,2036772.000
0.000,2036773.000
0.000,2036774.000
0.000,2036775.000
0.000,2036776.000
0.000,2036777.000
0.000,2036778.000
0.000,2036779.000
0.000,2036780.000
0.000,2036781.000
0.000,2036782.000
0.000,2036783.000
0.000,2036784.000
0.000,2036785.000
0.000,2036786.000
0.000,2036787.000
0.000,2036788.000
0.000,2036789.000
0.000,2036790.000
0.000,2036791.000
0.000,2036792.000
0.000,2036793.000
0.000,2036794.000
0.000,2036795.000
0.000,2036796.000
0.000,2036797.000
0.000,2036798.000
0.000,2036799.000
1.000,2036800.000
0.000,2036801.000
0.000,2036802.000
0.000,2036803.000
0.000,2036804.000
0.000,2036805.000
0.000,2036806.000
0.000,2036807.000
0.000,2036808.000
0.000,2036809.000
0.000,2036810.000
0.000,2036811.000
0.000,2036812.000
0.000,2036813.000
0.000,2036814.000
0.000,2036815.000
0.000,2036816.000
0.000,2036817.000
0.000,2036818.000
0.000,2036819.000
0.000,2036820.000
0.000,2036821.000
0.000,2036822.000
0.000,2036823.000
0.000,2036824.000
0.000,2036825.000
0.000,2036826.000
0.000,2036827.000
0.000,2036828.000
0.000,2036829.000
0.000,2036830.000
0.000,2036831.000
0.000,2036832.000
0.000,2036833.000
0.000,2036834.000
0.000,2036835.000
0.000,2036836.000
0.000,2036837.000
0.000,2036838.000
0.000,2036839.000
0.000,2036840.000
0.000,2036841.000
0.000,2036842.000
0.000,2036843.000
0.000,2036844.000
0.000,2036845.000
0.000,2036846.000
0.000,2036847.000
0.000,2036848.000
0.000,2036849.000
0.000,2036850.000
0.000,2036851.000
0.000,2036852.000
0.000,2036853.000
0.000,2036854.000
0.000,2036855.000
0.000,2036856.000
0.000,2036857.000
0.000,2036858.000
0.000,2036859.000
0.000,2036860.000
0.000,2036861.000
0.000,2036862.000
0.000,2036863.000
0.000,2036864.000
0.000,2036865.000
0.000,2036866.000
0.000,2036867.000
0.000,2036868.000
1.000,2036869.000
0.000,2036870.000
0.000,2036871.000
0.000,2036872.000
0.000,2036873.000
0.000,2036874.000
0.000,2036875.000
0.000,2036876.000
0.000,2036877.000
1.000,2036878.000
0.000,2036879.000
0.000,2036880.000
0.000,2036881.000
0.000,2036882.000
0.000,2036883.000
0.000,2036884.000
0.000,2036885.000
0.000,2036886.000
0.000,2036887.000
0.000,2036888.000
0.000,2036889.000
0.000,2036890.000
0.000,2036891.000
0.000,2036892.000
0.000,2036893.000
0.000,2036894.000
0.000,2036895.000
0.000,2036896.000
0.000,2036897.000
0.000,2036898.000
0.000,2036899.000
0.000,2036900.000
0.000,2036901.000
0.000,2036902.000
0.000,2036903.000
0.000,2036904.000
0.000,2036905.000
0.000,2036906.000
0.000,2036907.000
0.000,2036908.000
0.000,2036909.000
0.000,2036910.000
0.000,2036911.000
1.000,2036912.000
0.000,2036913.000
0.000,2036914.000
0.000,2036915.000
0.000,2036916.000
0.000,2036917.000
0.000,2036918.000
0.000,2036919.000
0.000,2036920.000
0.000,2036921.000
0.000,2036922.000
0.000,2036923.000
0.000,2036924.000
0.000,2036925.000
0.000,2036926.000
0.000,2036927.000
0.000,2036928.000
0.000,2036929.000
0.000,2036930.000
0.000,2036931.000
0.000,2036932.000
0.000,2036933.000
0.000,2036934.000
0.000,2036935.000
0.000,2036936.000
0.000,2036937.000
0.000,2036938.000
0.000,2036939.000
0.000,2036940.000
0.000,2036941.000
0.000,2036942.000
0.000,2036943.000
0.000,2036944.000
0.000,2036945.000
0.000,2036946.000
0.000,2036947.000
0.000,2036948.000
0.000,2036949.000
0.000,2036950.000
0.000,2036951.000
0.000,2036952.000
0.000,2036953.000
0.000,2036954.000
0.000,2036955.000
0.000,2036956.000
0.000,2036957.000
0.000,2036958.000
0.000,2036959.000
0.000,2036960.000
0.000,2036961.000
0.000,2036962.000
0.000,2036963.000
0.000,2036964.000
0.000,2036965.000
0.000,2036966.000
0.000,2036967.000
0.000,2036968.000
0.000,2036969.000
0.000,2036970.000
0.000,2036971.000
0.000,2036972.000
0.000,2036973.000
0.000,2036974.000
0.000,2036975.000
0.000,2036976.000
0.000,2036977.000
0.000,2036978.000
0.000,2036979.000
0.000,2036980.000
0.000,2036981.000
0.000,2036982.000
0.000,2036983.000
0.000,2036984.000
0.000,2036985.000
0.000,2036986.000
0.000,2036987.000
0.000,2036988.000
0.000,2036989.000
0.000,2036990.000
0.000,2036991.000
0.000,2036992.000
0.000,2036993.000
0.000,2036994.000
0.000,2036995.000
0.000,2036996.000
0.000,2036997.000
0.000,2036998.000
0.000,2036999.000
0.000,2037000.000
0.000,2037001.000
0.000,2037002.000
0.000,2037003.000
0.000,2037004.000
0.000,2037005.000
0.000,2037006.000
0.000,2037007.000
0.000,2037008.000
0.000,2037009.000
0.000,2037010.000
0.000,2037011.000
0.000,2037012.000
0.000,2037013.000
0.000,2037014.000
0.000,2037015.000
0.000,2037016.000
0.000,2037017.000
0.000,2037018.000
0.000,2037019.000
0.000,2037020.000
0.000,2037021.000
0.000,2037022.000
0.000,2037023.000
0.000,2037024.000
0.000,2037025.000
0.000,2037026.000
0.000,2037027.000
0.000,2037028.000
0.000,2037029.000
0.000,2037030.000
0.000,2037031.000
0.000,2037032.000
0.000,2037033.000
0.000,2037034.000
0.000,2037035.000
0.000,2037036.000
0.000,2037037.000
0.000,2037038.000
0.000,2037039.000
0.000,2037040.000
0.000,2037041.000
0.000,2037042.000
0.000,2037043.000
0.000,2037044.000
0.000,2037045.000
0.000,2037046.000
0.000,2037047.000
0.000,2037048.000
0.000,2037049.000
0.000,2037050.000
0.000,2037051.000
0.000,2037052.000
0.000,2037053.000
0.000,2037054.000
0.000,2037055.000
0.000,2037056.000
0.000,2037057.000
0.000,2037058.000
0.000,2037059.000
0.000,2037060.000
0.000,2037061.000
0.000,2037062.000
0.000,2037063.000
0.000,2037064.000
0.000,2037065.000
0.000,2037066.000
0.000,2037067.000
0.000,2037068.000
0.000,2037069.000
0.000,2037070.000
0.000,2037071.000
0.000,2037072.000
0.000,2037073.000
0.000,2037074.000
0.000,2037075.000
0.000,2037076.000
0.000,2037077.000
0.000,2037078.000
0.000,2037079.000
0.000,2037080.000
0.000,2037081.000
1.000,2037082.000
0.000,2037083.000
0.000,2037084.000
0.000,2037085.000
0.000,2037086.000
0.000,2037087.000
0.000,2037088.000
0.000,2037089.000
0.000,2037090.000
0.000,2037091.000
0.000,2037092.000
0.000,2037093.000
0.000,2037094.000
0.000,2037095.000
0.000,2037096.000
0.000,2037097.000
0.000,2037098.000
0.000,2037099.000
0.000,2037100.000
0.000,2037101.000
0.000,2037102.000
0.000,2037103.000
0.000,2037104.000
0.000,2037105.000
0.000,2037106.000
0.000,2037107.000
0.000,2037108.000
0.000,2037109.000
0.000,2037110.000
0.000,2037111.000
0.000,2037112.000
0.000,2037113.000
0.000,2037114.000
0.000,2037115.000
0.000,2037116.000
0.000,2037117.000
0.000,2037118.000
0.000,2037119.000
0.000,2037120.000
0.000,2037121.000
1.000,2037122.000
0.000,2037123.000
0.000,2037124.000
0.000,2037125.000
1.000,2037126.000
0.000,2037127.000
0.000,2037128.000
0.000,2037129.000
0.000,2037130.000
0.000,2037131.000
0.000,2037132.000
0.000,2037133.000
0.000,2037134.000
0.000,2037135.000
0.000,2037136.000
0.000,2037137.000
0.000,2037138.000
0.000,2037139.000
0.000,2037140.000
0.000,2037141.000
1.000,2037142.000
0.000,2037143.000
0.000,2037144.000
0.000,2037145.000
0.000,2037146.000
0.000,2037147.000
0.000,2037148.000
0.000,2037149.000
0.000,2037150.000
0.000,2037151.000
0.000,2037152.000
0.000,2037153.000
0.000,2037154.000
0.000,2037155.000
0.000,2037156.000
0.000,2037157.000
0.000,2037158.000
0.000,2037159.000
0.000,2037160.000
0.000,2037161.000
0.000,2037162.000
0.000,2037163.000
0.000,2037164.000
0.000,2037165.000
0.000,2037166.000
0.000,2037167.000
0.000,2037168.000
0.000,2037169.000
0.000,2037170.000
0.000,2037171.000
0.000,2037172.000
0.000,2037173.000
1.000,2037174.000
0.000,2037175.000
0.000,2037176.000
0.000,2037177.000
0.000,2037178.000
0.000,2037179.000
0.000,2037180.000
0.000,2037181.000
0.000,2037182.000
0.000,2037183.000
0.000,2037184.000
0.000,2037185.000
0.000,2037186.000
0.000,2037187.000
0.000,2037188.000
0.000,2037189.000
0.000,2037190.000
0.000,2037191.000
0.000,2037192.000
0.000,2037193.000
0.000,2037194.000
0.000,2037195.000
0.000,2037196.000
0.000,2037197.000
0.000,2037198.000
0.000,2037199.000
0.000,2037200.000
0.000,2037201.000
0.000,2037202.000
0.000,2037203.000
0.000,2037204.000
0.000,2037205.000
0.000,2037206.000
0.000,2037207.000
0.000,2037208.000
0.000,2037209.000
0.000,2037210.000
0.000,2037211.000
0.000,2037212.000
0.000,2037213.000
0.000,2037214.000
0.000,2037215.000
0.000,2037216.000
0.000,2037217.000
0.000,2037218.000
0.000,2037219.000
0.000,2037220.000
0.000,2037221.000
0.000,2037222.000
0.000,2037223.000
0.000,2037224.000
0.000,2037225.000
0.000,2037226.000
0.000,2037227.000
0.000,2037228.000
0.000,2037229.000
0.000,2037230.000
0.000,2037231.000
0.000,2037232.000
0.000,2037233.000
0.000,2037234.000
0.000,2037235.000
0.000,2037236.000
0.000,2037237.000
0.000,2037238.000
0.000,2037239.000
0.000,2037240.000
0.000,2037241.000
0.000,2037242.000
0.000,2037243.000
0.000,2037244.000
0.000,2037245.000
0.000,2037246.000
0.000,2037247.000
0.000,2037248.000
0.000,2037249.000
0.000,2037250.000
0.000,2037251.000
0.000,2037252.000
0.000,2037253.000
0.000,2037254.000
0.000,2037255.000
0.000,2037256.000
0.000,2037257.000
0.000,2037258.000
0.000,2037259.000
0.000,2037260.000
0.000,2037261.000
0.000,2037262.000
0.000,2037263.000
0.000,2037264.000
0.000,2037265.000
0.000,2037266.000
0.000,2037267.000
0.000,2037268.000
0.000,2037269.000
0.000,2037270.000
0.000,2037271.000
0.000,2037272.000
0.000,2037273.000
0.000,2037274.000
0.000,2037275.000
0.000,2037276.000
0.000,2037277.000
0.000,2037278.000
0.000,2037279.000
0.000,2037280.000
0.000,2037281.000
0.000,2037282.000
0.000,2037283.000
0.000,2037284.000
0.000,2037285.000
0.000,2037286.000
0.000,2037287.000
0.000,2037288.000
0.000,2037289.000
0.000,2037290.000
0.000,2037291.000
0.000,2037292.000
0.000,2037293.000
0.000,2037294.000
0.000,2037295.000
0.000,2037296.000
0.000,2037297.000
0.000,2037298.000
0.000,2037299.000
0.000,2037300.000
0.000,2037301.000
0.000,2037302.000
0.000,2037303.000
0.000,2037304.000
0.000,2037305.000
0.000,2037306.000
0.000,2037307.000
0.000,2037308.000
0.000,2037309.000
0.000,2037310.000
0.000,2037311.000
0.000,2037312.000
0.000,2037313.000
0.000,2037314.000
0.000,2037315.000
0.000,2037316.000
0.000,2037317.000
0.000,2037318.000
0.000,2037319.000
0.000,2037320.000
0.000,2037321.000
0.000,2037322.000
0.000,2037323.000
0.000,2037324.000
0.000,2037325.000
0.000,2037326.000
0.000,2037327.000
0.000,2037328.000
0.000,2037329.000
0.000,2037330.000
0.000,2037331.000
0.000,2037332.000
0.000,2037333.000
0.000,2037334.000
0.000,2037335.000
0.000,2037336.000
0.000,2037337.000
0.000,2037338.000
0.000,2037339.000
0.000,2037340.000
0.000,2037341.000
0.000,2037342.000
0.000,2037343.000
0.000,2037344.000
0.000,2037345.000
0.000,2037346.000
0.000,2037347.000
0.000,2037348.000
0.000,2037349.000
0.000,2037350.000
0.000,2037351.000
0.000,2037352.000
0.000,2037353.000
0.000,2037354.000
0.000,2037355.000
0.000,2037356.000
0.000,2037357.000
0.000,2037358.000
0.000,2037359.000
0.000,2037360.000
0.000,2037361.000
0.000,2037362.000
0.000,2037363.000
0.000,2037364.000
0.000,2037365.000
0.000,2037366.000
0.000,2037367.000
0.000,2037368.000
0.000,2037369.000
0.000,2037370.000
0.000,2037371.000
0.000,2037372.000
0.000,2037373.000
0.000,2037374.000
0.000,2037375.000
0.000,2037376.000
0.000,2037377.000
0.000,2037378.000
0.000,2037379.000
0.000,2037380.000
0.000,2037381.000
0.000,2037382.000
0.000,2037383.000
0.000,2037384.000
0.000,2037385.000
0.000,2037386.000
0.000,2037387.000
0.000,2037388.000
0.000,2037389.000
0.000,2037390.000
0.000,2037391.000
0.000,2037392.000
0.000,2037393.000
0.000,2037394.000
0.000,2037395.000
0.000,2037396.000
0.000,2037397.000
0.000,2037398.000
0.000,2037399.000
0.000,2037400.000
0.000,2037401.000
0.000,2037402.000
0.000,2037403.000
0.000,2037404.000
0.000,2037405.000
0.000,2037406.000
0.000,2037407.000
0.000,2037408.000
0.000,2037409.000
0.000,2037410.000
0.000,2037411.000
0.000,2037412.000
0.000,2037413.000
0.000,2037414.000
0.000,2037415.000
0.000,2037416.000
0.000,2037417.000
0.000,2037418.000
0.000,2037419.000
0.000,2037420.000
0.000,2037421.000
0.000,2037422.000
0.000,2037423.000
0.000,2037424.000
0.000,2037425.000
0.000,2037426.000
0.000,2037427.000
0.000,2037428.000
0.000,2037429.000
0.000,2037430.000
0.000,2037431.000
0.000,2037432.000
0.000,2037433.000
0.000,2037434.000
0.000,2037435.000
0.000,2037436.000
0.000,2037437.000
0.000,2037438.000
0.000,2037439.000
0.000,2037440.000
0.000,2037441.000
0.000,2037442.000
0.000,2037443.000
0.000,2037444.000
0.000,2037445.000
0.000,2037446.000
0.000,2037447.000
0.000,2037448.000
0.000,2037449.000
0.000,2037450.000
0.000,2037451.000
0.000,2037452.000
0.000,2037453.000
0.000,2037454.000
0.000,2037455.000
0.000,2037456.000
0.000,2037457.000
0.000,2037458.000
0.000,2037459.000
0.000,2037460.000
0.000,2037461.000
0.000,2037462.000
0.000,2037463.000
0.000,2037464.000
0.000,2037465.000
0.000,2037466.000
0.000,2037467.000
0.000,2037468.000
0.000,2037469.000
0.000,2037470.000
0.000,2037471.000
0.000,2037472.000
0.000,2037473.000
0.000,2037474.000
0.000,2037475.000
0.000,2037476.000
0.000,2037477.000
0.000,2037478.000
0.000,2037479.000
0.000,2037480.000
0.000,2037481.000
0.000,2037482.000
0.000,2037483.000
0.000,2037484.000
0.000,2037485.000
0.000,2037486.000
0.000,2037487.000
0.000,2037488.000
0.000,2037489.000
0.000,2037490.000
0.000,2037491.000
0.000,2037492.000
0.000,2037493.000
0.000,2037494.000
0.000,2037495.000
0.000,2037496.000
0.000,2037497.000
0.000,2037498.000
0.000,2037499.000
0.000,2037500.000
0.000,2037501.000
0.000,2037502.000
0.000,2037503.000
0.000,2037504.000
0.000,2037505.000
0.000,2037506.000
0.000,2037507.000
0.000,2037508.000
0.000,2037509.000
0.000,2037510.000
0.000,2037511.000
0.000,2037512.000
0.000,2037513.000
0.000,2037514.000
0.000,2037515.000
0.000,2037516.000
0.000,2037517.000
0.000,2037518.000
0.000,2037519.000
0.000,2037520.000
0.000,2037521.000
0.000,2037522.000
0.000,2037523.000
0.000,2037524.000
0.000,2037525.000
0.000,2037526.000
0.000,2037527.000
0.000,2037528.000
0.000,2037529.000
0.000,2037530.000
0.000,2037531.000
0.000,2037532.000
0.000,2037533.000
0.000,2037534.000
0.000,2037535.000
0.000,2037536.000
0.000,2037537.000
0.000,2037538.000
0.000,2037539.000
0.000,2037540.000
0.000,2037541.000
0.000,2037542.000
0.000,2037543.000
0.000,2037544.000
0.000,2037545.000
0.000,2037546.000
0.000,2037547.000
0.000,2037548.000
0.000,2037549.000
0.000,2037550.000
0.000,2037551.000
0.000,2037552.000
0.000,2037553.000
0.000,2037554.000
0.000,2037555.000
0.000,2037556.000
0.000,2037557.000
0.000,2037558.000
0.000,2037559.000
0.000,2037560.000
0.000,2037561.000
0.000,2037562.000
0.000,2037563.000
0.000,2037564.000
0.000,2037565.000
0.000,2037566.000
0.000,2037567.000
0.000,2037568.000
0.000,2037569.000
0.000,2037570.000
0.000,2037571.000
0.000,2037572.000
0.000,2037573.000
0.000,2037574.000
0.000,2037575.000
0.000,2037576.000
0.000,2037577.000
0.000,2037578.000
0.000,2037579.000
0.000,2037580.000
0.000,2037581.000
0.000,2037582.000
0.000,2037583.000
0.000,2037584.000
0.000,2037585.000
0.000,2037586.000
0.000,2037587.000
0.000,2037588.000
0.000,2037589.000
0.000,2037590.000
0.000,2037591.000
0.000,2037592.000
0.000,2037593.000
0.000,2037594.000
0.000,2037595.000
0.000,2037596.000
0.000,2037597.000
0.000,2037598.000
0.000,2037599.000
0.000,2037600.000
0.000,2037601.000
0.000,2037602.000
0.000,2037603.000
0.000,2037604.000
0.000,2037605.000
0.000,2037606.000
0.000,2037607.000
0.000,2037608.000
0.000,2037609.000
0.000,2037610.000
0.000,2037611.000
0.000,2037612.000
0.000,2037613.000
0.000,2037614.000
0.000,2037615.000
0.000,2037616.000
0.000,2037617.000
0.000,2037618.000
0.000,2037619.000
0.000,2037620.000
0.000,2037621.000
0.000,2037622.000
0.000,2037623.000
0.000,2037624.000
0.000,2037625.000
0.000,2037626.000
0.000,2037627.000
0.000,2037628.000
0.000,2037629.000
0.000,2037630.000
0.000,2037631.000
0.000,2037632.000
0.000,2037633.000
0.000,2037634.000
0.000,2037635.000
0.000,2037636.000
0.000,2037637.000
0.000,2037638.000
0.000,2037639.000
0.000,2037640.000
0.000,2037641.000
0.000,2037642.000
0.000,2037643.000
0.000,2037644.000
0.000,2037645.000
0.000,2037646.000
0.000,2037647.000
0.000,2037648.000
0.000,2037649.000
0.000,2037650.000
0.000,2037651.000
1.000,2037652.000
0.000,2037653.000
0.000,2037654.000
0.000,2037655.000
0.000,2037656.000
0.000,2037657.000
0.000,2037658.000
0.000,2037659.000
0.000,2037660.000
0.000,2037661.000
0.000,2037662.000
0.000,2037663.000
0.000,2037664.000
0.000,2037665.000
0.000,2037666.000
0.000,2037667.000
0.000,2037668.000
0.000,2037669.000
0.000,2037670.000
0.000,2037671.000
0.000,2037672.000
0.000,2037673.000
0.000,2037674.000
0.000,2037675.000
0.000,2037676.000
0.000,2037677.000
0.000,2037678.000
0.000,2037679.000
0.000,2037680.000
0.000,2037681.000
0.000,2037682.000
0.000,2037683.000
0.000,2037684.000
0.000,2037685.000
0.000,2037686.000
0.000,2037687.000
0.000,2037688.000
0.000,2037689.000
0.000,2037690.000
0.000,2037691.000
0.000,2037692.000
0.000,2037693.000
0.000,2037694.000
0.000,2037695.000
0.000,2037696.000
0.000,2037697.000
0.000,2037698.000
0.000,2037699.000
0.000,2037700.000
0.000,2037701.000
0.000,2037702.000
0.000,2037703.000
0.000,2037704.000
0.000,2037705.000
0.000,2037706.000
0.000,2037707.000
0.000,2037708.000
0.000,2037709.000
0.000,2037710.000
0.000,2037711.000
0.000,2037712.000
0.000,2037713.000
0.000,2037714.000
0.000,2037715.000
0.000,2037716.000
0.000,2037717.000
0.000,2037718.000
0.000,2037719.000
0.000,2037720.000
0.000,2037721.000
0.000,2037722.000
0.000,2037723.000
0.000,2037724.000
0.000,2037725.000
0.000,2037726.000
0.000,2037727.000
0.000,2037728.000
0.000,2037729.000
0.000,2037730.000
0.000,2037731.000
0.000,2037732.000
0.000,2037733.000
0.000,2037734.000
0.000,2037735.000
0.000,2037736.000
0.000,2037737.000
0.000,2037738.000
0.000,2037739.000
0.000,2037740.000
0.000,2037741.000
0.000,2037742.000
0.000,2037743.000
0.000,2037744.000
0.000,2037745.000
0.000,2037746.000
0.000,2037747.000
0.000,2037748.000
0.000,2037749.000
0.000,2037750.000
0.000,2037751.000
0.000,2037752.000
0.000,2037753.000
0.000,2037754.000
0.000,2037755.000
0.000,2037756.000
0.000,2037757.000
0.000,2037758.000
0.000,2037759.000
0.000,2037760.000
0.000,2037761.000
0.000,2037762.000
0.000,2037763.000
0.000,2037764.000
0.000,2037765.000
1.000,2037766.000
0.000,2037767.000
0.000,2037768.000
0.000,2037769.000
0.000,2037770.000
0.000,2037771.000
0.000,2037772.000
0.000,2037773.000
0.000,2037774.000
0.000,2037775.000
0.000,2037776.000
0.000,2037777.000
0.000,2037778.000
0.000,2037779.000
0.000,2037780.000
0.000,2037781.000
0.000,2037782.000
0.000,2037783.000
0.000,2037784.000
0.000,2037785.000
0.000,2037786.000
0.000,2037787.000
0.000,2037788.000
0.000,2037789.000
0.000,2037790.000
0.000,2037791.000
0.000,2037792.000
0.000,2037793.000
0.000,2037794.000
0.000,2037795.000
0.000,2037796.000
0.000,2037797.000
0.000,2037798.000
0.000,2037799.000
0.000,2037800.000
0.000,2037801.000
0.000,2037802.000
0.000,2037803.000
0.000,2037804.000
0.000,2037805.000
0.000,2037806.000
0.000,2037807.000
0.000,2037808.000
0.000,2037809.000
0.000,2037810.000
0.000,2037811.000
0.000,2037812.000
0.000,2037813.000
0.000,2037814.000
0.000,2037815.000
0.000,2037816.000
0.000,2037817.000
0.000,2037818.000
0.000,2037819.000
0.000,2037820.000
0.000,2037821.000
0.000,2037822.000
0.000,2037823.000
0.000,2037824.000
0.000,2037825.000
0.000,2037826.000
0.000,2037827.000
0.000,2037828.000
0.000,2037829.000
0.000,2037830.000
0.000,2037831.000
0.000,2037832.000
0.000,2037833.000
0.000,2037834.000
0.000,2037835.000
0.000,2037836.000
0.000,2037837.000
0.000,2037838.000
0.000,2037839.000
0.000,2037840.000
0.000,2037841.000
1.000,2037842.000
0.000,2037843.000
0.000,2037844.000
0.000,2037845.000
0.000,2037846.000
0.000,2037847.000
0.000,2037848.000
0.000,2037849.000
0.000,2037850.000
0.000,2037851.000
0.000,2037852.000
0.000,2037853.000
0.000,2037854.000
0.000,2037855.000
0.000,2037856.000
0.000,2037857.000
0.000,2037858.000
0.000,2037859.000
0.000,2037860.000
0.000,2037861.000
0.000,2037862.000
0.000,2037863.000
0.000,2037864.000
0.000,2037865.000
0.000,2037866.000
0.000,2037867.000
0.000,2037868.000
0.000,2037869.000
0.000,2037870.000
0.000,2037871.000
0.000,2037872.000
0.000,2037873.000
0.000,2037874.000
0.000,2037875.000
0.000,2037876.000
0.000,2037877.000
0.000,2037878.000
0.000,2037879.000
1.000,2037880.000
0.000,2037881.000
0.000,2037882.000
0.000,2037883.000
0.000,2037884.000
0.000,2037885.000
0.000,2037886.000
0.000,2037887.000
0.000,2037888.000
0.000,2037889.000
0.000,2037890.000
0.000,2037891.000
0.000,2037892.000
0.000,2037893.000
0.000,2037894.000
0.000,2037895.000
0.000,2037896.000
0.000,2037897.000
0.000,2037898.000
0.000,2037899.000
0.000,2037900.000
0.000,2037901.000
0.000,2037902.000
0.000,2037903.000
0.000,2037904.000
0.000,2037905.000
0.000,2037906.000
0.000,2037907.000
0.000,2037908.000
0.000,2037909.000
0.000,2037910.000
0.000,2037911.000
0.000,2037912.000
0.000,2037913.000
0.000,2037914.000
0.000,2037915.000
0.000,2037916.000
0.000,2037917.000
0.000,2037918.000
0.000,2037919.000
0.000,2037920.000
0.000,2037921.000
0.000,2037922.000
0.000,2037923.000
0.000,2037924.000
0.000,2037925.000
0.000,2037926.000
0.000,2037927.000
0.000,2037928.000
0.000,2037929.000
0.000,2037930.000
0.000,2037931.000
0.000,2037932.000
0.000,2037933.000
0.000,2037934.000
0.000,2037935.000
0.000,2037936.000
0.000,2037937.000
0.000,2037938.000
0.000,2037939.000
0.000,2037940.000
0.000,2037941.000
0.000,2037942.000
0.000,2037943.000
0.000,2037944.000
0.000,2037945.000
0.000,2037946.000
0.000,2037947.000
0.000,2037948.000
0.000,2037949.000
0.000,2037950.000
0.000,2037951.000
0.000,2037952.000
0.000,2037953.000
0.000,2037954.000
0.000,2037955.000
0.000,2037956.000
0.000,2037957.000
0.000,2037958.000
0.000,2037959.000
0.000,2037960.000
0.000,2037961.000
0.000,2037962.000
0.000,2037963.000
0.000,2037964.000
0.000,2037965.000
0.000,2037966.000
0.000,2037967.000
0.000,2037968.000
0.000,2037969.000
0.000,2037970.000
0.000,2037971.000
0.000,2037972.000
0.000,2037973.000
0.000,2037974.000
0.000,2037975.000
0.000,2037976.000
0.000,2037977.000
0.000,2037978.000
0.000,2037979.000
0.000,2037980.000
0.000,2037981.000
0.000,2037982.000
0.000,2037983.000
0.000,2037984.000
0.000,2037985.000
0.000,2037986.000
0.000,2037987.000
0.000,2037988.000
0.000,2037989.000
1.000,2037990.000
0.000,2037991.000
0.000,2037992.000
0.000,2037993.000
0.000,2037994.000
0.000,2037995.000
0.000,2037996.000
0.000,2037997.000
0.000,2037998.000
0.000,2037999.000
0.000,2038000.000
0.000,2038001.000
0.000,2038002.000
0.000,2038003.000
0.000,2038004.000
0.000,2038005.000
0.000,2038006.000
0.000,2038007.000
0.000,2038008.000
0.000,2038009.000
0.000,2038010.000
0.000,2038011.000
0.000,2038012.000
0.000,2038013.000
0.000,2038014.000
0.000,2038015.000
0.000,2038016.000
0.000,2038017.000
0.000,2038018.000
0.000,2038019.000
0.000,2038020.000
0.000,2038021.000
0.000,2038022.000
0.000,2038023.000
0.000,2038024.000
0.000,2038025.000
0.000,2038026.000
0.000,2038027.000
0.000,2038028.000
0.000,2038029.000
0.000,2038030.000
0.000,2038031.000
0.000,2038032.000
0.000,2038033.000
0.000,2038034.000
0.000,2038035.000
0.000,2038036.000
0.000,2038037.000
0.000,2038038.000
0.000,2038039.000
0.000,2038040.000
0.000,2038041.000
0.000,2038042.000
0.000,2038043.000
0.000,2038044.000
0.000,2038045.000
0.000,2038046.000
0.000,2038047.000
0.000,2038048.000
0.000,2038049.000
0.000,2038050.000
0.000,2038051.000
0.000,2038052.000
0.000,2038053.000
0.000,2038054.000
0.000,2038055.000
0.000,2038056.000
0.000,2038057.000
0.000,2038058.000
0.000,2038059.000
0.000,2038060.000
0.000,2038061.000
0.000,2038062.000
0.000,2038063.000
0.000,2038064.000
0.000,2038065.000
0.000,2038066.000
0.000,2038067.000
0.000,2038068.000
0.000,2038069.000
0.000,2038070.000
0.000,2038071.000
0.000,2038072.000
0.000,2038073.000
0.000,2038074.000
0.000,2038075.000
0.000,2038076.000
0.000,2038077.000
0.000,2038078.000
0.000,2038079.000
0.000,2038080.000
0.000,2038081.000
0.000,2038082.000
0.000,2038083.000
0.000,2038084.000
0.000,2038085.000
0.000,2038086.000
0.000,2038087.000
0.000,2038088.000
0.000,2038089.000
0.000,2038090.000
0.000,2038091.000
0.000,2038092.000
0.000,2038093.000
0.000,2038094.000
0.000,2038095.000
0.000,2038096.000
0.000,2038097.000
0.000,2038098.000
0.000,2038099.000
0.000,2038100.000
0.000,2038101.000
0.000,2038102.000
0.000,2038103.000
0.000,2038104.000
0.000,2038105.000
0.000,2038106.000
0.000,2038107.000
0.000,2038108.000
0.000,2038109.000
0.000,2038110.000
0.000,2038111.000
0.000,2038112.000
0.000,2038113.000
0.000,2038114.000
0.000,2038115.000
0.000,2038116.000
0.000,2038117.000
0.000,2038118.000
0.000,2038119.000
0.000,2038120.000
0.000,2038121.000
0.000,2038122.000
0.000,2038123.000
0.000,2038124.000
0.000,2038125.000
0.000,2038126.000
0.000,2038127.000
0.000,2038128.000
0.000,2038129.000
0.000,2038130.000
0.000,2038131.000
0.000,2038132.000
0.000,2038133.000
0.000,2038134.000
0.000,2038135.000
0.000,2038136.000
0.000,2038137.000
0.000,2038138.000
0.000,2038139.000
0.000,2038140.000
0.000,2038141.000
0.000,2038142.000
0.000,2038143.000
0.000,2038144.000
0.000,2038145.000
0.000,2038146.000
0.000,2038147.000
0.000,2038148.000
0.000,2038149.000
0.000,2038150.000
0.000,2038151.000
0.000,2038152.000
0.000,2038153.000
0.000,2038154.000
0.000,2038155.000
0.000,2038156.000
0.000,2038157.000
0.000,2038158.000
0.000,2038159.000
0.000,2038160.000
0.000,2038161.000
0.000,2038162.000
0.000,2038163.000
0.000,2038164.000
0.000,2038165.000
0.000,2038166.000
0.000,2038167.000
0.000,2038168.000
0.000,2038169.000
0.000,2038170.000
0.000,2038171.000
0.000,2038172.000
0.000,2038173.000
0.000,2038174.000
0.000,2038175.000
0.000,2038176.000
0.000,2038177.000
0.000,2038178.000
0.000,2038179.000
0.000,2038180.000
0.000,2038181.000
0.000,2038182.000
0.000,2038183.000
0.000,2038184.000
0.000,2038185.000
0.000,2038186.000
0.000,2038187.000
0.000,2038188.000
0.000,2038189.000
0.000,2038190.000
1.000,2038191.000
0.000,2038192.000
0.000,2038193.000
0.000,2038194.000
0.000,2038195.000
0.000,2038196.000
0.000,2038197.000
0.000,2038198.000
0.000,2038199.000
0.000,2038200.000
0.000,2038201.000
0.000,2038202.000
0.000,2038203.000
0.000,2038204.000
0.000,2038205.000
0.000,2038206.000
0.000,2038207.000
0.000,2038208.000
0.000,2038209.000
0.000,2038210.000
0.000,2038211.000
0.000,2038212.000
0.000,2038213.000
0.000,2038214.000
0.000,2038215.000
0.000,2038216.000
0.000,2038217.000
0.000,2038218.000
0.000,2038219.000
0.000,2038220.000
0.000,2038221.000
0.000,2038222.000
0.000,2038223.000
0.000,2038224.000
0.000,2038225.000
0.000,2038226.000
0.000,2038227.000
0.000,2038228.000
0.000,2038229.000
0.000,2038230.000
0.000,2038231.000
0.000,2038232.000
0.000,2038233.000
0.000,2038234.000
0.000,2038235.000
0.000,2038236.000
0.000,2038237.000
0.000,2038238.000
0.000,2038239.000
0.000,2038240.000
0.000,2038241.000
0.000,2038242.000
0.000,2038243.000
0.000,2038244.000
0.000,2038245.000
0.000,2038246.000
0.000,2038247.000
0.000,2038248.000
0.000,2038249.000
0.000,2038250.000
0.000,2038251.000
0.000,2038252.000
0.000,2038253.000
0.000,2038254.000
0.000,2038255.000
0.000,2038256.000
0.000,2038257.000
0.000,2038258.000
0.000,2038259.000
0.000,2038260.000
0.000,2038261.000
0.000,2038262.000
0.000,2038263.000
0.000,2038264.000
0.000,2038265.000
0.000,2038266.000
0.000,2038267.000
0.000,2038268.000
0.000,2038269.000
0.000,2038270.000
0.000,2038271.000
0.000,2038272.000
0.000,2038273.000
0.000,2038274.000
0.000,2038275.000
0.000,2038276.000
0.000,2038277.000
0.000,2038278.000
0.000,2038279.000
0.000,2038280.000
0.000,2038281.000
0.000,2038282.000
1.000,2038283.000
0.000,2038284.000
0.000,2038285.000
0.000,2038286.000
0.000,2038287.000
0.000,2038288.000
0.000,2038289.000
0.000,2038290.000
0.000,2038291.000
0.000,2038292.000
0.000,2038293.000
0.000,2038294.000
0.000,2038295.000
0.000,2038296.000
0.000,2038297.000
0.000,2038298.000
0.000,2038299.000
0.000,2038300.000
0.000,2038301.000
0.000,2038302.000
0.000,2038303.000
0.000,2038304.000
0.000,2038305.000
0.000,2038306.000
0.000,2038307.000
0.000,2038308.000
0.000,2038309.000
0.000,2038310.000
0.000,2038311.000
0.000,2038312.000
0.000,2038313.000
0.000,2038314.000
0.000,2038315.000
0.000,2038316.000
0.000,2038317.000
0.000,2038318.000
0.000,2038319.000
0.000,2038320.000
0.000,2038321.000
0.000,2038322.000
0.000,2038323.000
0.000,2038324.000
0.000,2038325.000
0.000,2038326.000
0.000,2038327.000
0.000,2038328.000
0.000,2038329.000
0.000,2038330.000
0.000,2038331.000
0.000,2038332.000
0.000,2038333.000
1.000,2038334.000
0.000,2038335.000
0.000,2038336.000
0.000,2038337.000
0.000,2038338.000
0.000,2038339.000
0.000,2038340.000
0.000,2038341.000
0.000,2038342.000
0.000,2038343.000
0.000,2038344.000
0.000,2038345.000
0.000,2038346.000
0.000,2038347.000
0.000,2038348.000
0.000,2038349.000
0.000,2038350.000
0.000,2038351.000
0.000,2038352.000
0.000,2038353.000
0.000,2038354.000
0.000,2038355.000
0.000,2038356.000
0.000,2038357.000
0.000,2038358.000
0.000,2038359.000
0.000,2038360.000
0.000,2038361.000
0.000,2038362.000
0.000,2038363.000
0.000,2038364.000
0.000,2038365.000
0.000,2038366.000
0.000,2038367.000
0.000,2038368.000
0.000,2038369.000
0.000,2038370.000
0.000,2038371.000
0.000,2038372.000
1.000,2038373.000
0.000,2038374.000
0.000,2038375.000
0.000,2038376.000
0.000,2038377.000
0.000,2038378.000
0.000,2038379.000
0.000,2038380.000
0.000,2038381.000
0.000,2038382.000
0.000,2038383.000
1.000,2038384.000
0.000,2038385.000
0.000,2038386.000
0.000,2038387.000
0.000,2038388.000
0.000,2038389.000
0.000,2038390.000
0.000,2038391.000
0.000,2038392.000
0.000,2038393.000
0.000,2038394.000
0.000,2038395.000
0.000,2038396.000
0.000,2038397.000
0.000,2038398.000
0.000,2038399.000
0.000,2038400.000
0.000,2038401.000
0.000,2038402.000
0.000,2038403.000
0.000,2038404.000
0.000,2038405.000
0.000,2038406.000
0.000,2038407.000
0.000,2038408.000
0.000,2038409.000
0.000,2038410.000
0.000,2038411.000
0.000,2038412.000
0.000,2038413.000
0.000,2038414.000
0.000,2038415.000
0.000,2038416.000
0.000,2038417.000
0.000,2038418.000
1.000,2038419.000
0.000,2038420.000
0.000,2038421.000
0.000,2038422.000
0.000,2038423.000
0.000,2038424.000
0.000,2038425.000
1.000,2038426.000
0.000,2038427.000
0.000,2038428.000
0.000,2038429.000
0.000,2038430.000
0.000,2038431.000
0.000,2038432.000
0.000,2038433.000
0.000,2038434.000
0.000,2038435.000
0.000,2038436.000
0.000,2038437.000
0.000,2038438.000
0.000,2038439.000
0.000,2038440.000
0.000,2038441.000
1.000,2038442.000
0.000,2038443.000
0.000,2038444.000
1.000,2038445.000
0.000,2038446.000
0.000,2038447.000
0.000,2038448.000
0.000,2038449.000
0.000,2038450.000
0.000,2038451.000
0.000,2038452.000
0.000,2038453.000
0.000,2038454.000
0.000,2038455.000
0.000,2038456.000
0.000,2038457.000
0.000,2038458.000
0.000,2038459.000
0.000,2038460.000
0.000,2038461.000
0.000,2038462.000
0.000,2038463.000
0.000,2038464.000
0.000,2038465.000
0.000,2038466.000
0.000,2038467.000
0.000,2038468.000
0.000,2038469.000
0.000,2038470.000
0.000,2038471.000
0.000,2038472.000
0.000,2038473.000
0.000,2038474.000
0.000,2038475.000
0.000,2038476.000
0.000,2038477.000
0.000,2038478.000
0.000,2038479.000
0.000,2038480.000
0.000,2038481.000
0.000,2038482.000
0.000,2038483.000
0.000,2038484.000
0.000,2038485.000
0.000,2038486.000
0.000,2038487.000
0.000,2038488.000
0.000,2038489.000
0.000,2038490.000
0.000,2038491.000
0.000,2038492.000
1.000,2038493.000
0.000,2038494.000
0.000,2038495.000
0.000,2038496.000
0.000,2038497.000
0.000,2038498.000
0.000,2038499.000
0.000,2038500.000
0.000,2038501.000
0.000,2038502.000
0.000,2038503.000
0.000,2038504.000
0.000,2038505.000
0.000,2038506.000
0.000,2038507.000
0.000,2038508.000
0.000,2038509.000
0.000,2038510.000
0.000,2038511.000
0.000,2038512.000
0.000,2038513.000
0.000,2038514.000
0.000,2038515.000
0.000,2038516.000
0.000,2038517.000
0.000,2038518.000
0.000,2038519.000
0.000,2038520.000
0.000,2038521.000
0.000,2038522.000
0.000,2038523.000
0.000,2038524.000
0.000,2038525.000
0.000,2038526.000
0.000,2038527.000
0.000,2038528.000
0.000,2038529.000
0.000,2038530.000
0.000,2038531.000
0.000,2038532.000
0.000,2038533.000
0.000,2038534.000
0.000,2038535.000
0.000,2038536.000
0.000,2038537.000
0.000,2038538.000
0.000,2038539.000
0.000,2038540.000
0.000,2038541.000
0.000,2038542.000
0.000,2038543.000
0.000,2038544.000
0.000,2038545.000
0.000,2038546.000
0.000,2038547.000
0.000,2038548.000
0.000,2038549.000
0.000,2038550.000
0.000,2038551.000
0.000,2038552.000
0.000,2038553.000
0.000,2038554.000
0.000,2038555.000
0.000,2038556.000
0.000,2038557.000
0.000,2038558.000
0.000,2038559.000
0.000,2038560.000
1.000,2038561.000
0.000,2038562.000
0.000,2038563.000
0.000,2038564.000
0.000,2038565.000
0.000,2038566.000
0.000,2038567.000
0.000,2038568.000
0.000,2038569.000
0.000,2038570.000
0.000,2038571.000
0.000,2038572.000
0.000,2038573.000
0.000,2038574.000
0.000,2038575.000
0.000,2038576.000
0.000,2038577.000
0.000,2038578.000
0.000,2038579.000
0.000,2038580.000
0.000,2038581.000
0.000,2038582.000
0.000,2038583.000
0.000,2038584.000
0.000,2038585.000
0.000,2038586.000
0.000,2038587.000
0.000,2038588.000
0.000,2038589.000
0.000,2038590.000
0.000,2038591.000
0.000,2038592.000
0.000,2038593.000
0.000,2038594.000
0.000,2038595.000
0.000,2038596.000
0.000,2038597.000
0.000,2038598.000
0.000,2038599.000
0.000,2038600.000
0.000,2038601.000
0.000,2038602.000
0.000,2038603.000
0.000,2038604.000
0.000,2038605.000
0.000,2038606.000
0.000,2038607.000
0.000,2038608.000
0.000,2038609.000
0.000,2038610.000
0.000,2038611.000
0.000,2038612.000
0.000,2038613.000
0.000,2038614.000
0.000,2038615.000
0.000,2038616.000
1.000,2038617.000
0.000,2038618.000
0.000,2038619.000
0.000,2038620.000
0.000,2038621.000
0.000,2038622.000
0.000,2038623.000
0.000,2038624.000
0.000,2038625.000
0.000,2038626.000
0.000,2038627.000
0.000,2038628.000
0.000,2038629.000
0.000,2038630.000
0.000,2038631.000
0.000,2038632.000
0.000,2038633.000
0.000,2038634.000
0.000,2038635.000
0.000,2038636.000
0.000,2038637.000
0.000,2038638.000
1.000,2038639.000
0.000,2038640.000
0.000,2038641.000
0.000,2038642.000
0.000,2038643.000
0.000,2038644.000
0.000,2038645.000
0.000,2038646.000
0.000,2038647.000
0.000,2038648.000
0.000,2038649.000
0.000,2038650.000
0.000,2038651.000
0.000,2038652.000
0.000,2038653.000
0.000,2038654.000
0.000,2038655.000
0.000,2038656.000
0.000,2038657.000
0.000,2038658.000
0.000,2038659.000
0.000,2038660.000
0.000,2038661.000
0.000,2038662.000
0.000,2038663.000
0.000,2038664.000
0.000,2038665.000
0.000,2038666.000
0.000,2038667.000
0.000,2038668.000
0.000,2038669.000
0.000,2038670.000
0.000,2038671.000
0.000,2038672.000
0.000,2038673.000
0.000,2038674.000
0.000,2038675.000
0.000,2038676.000
0.000,2038677.000
0.000,2038678.000
0.000,2038679.000
0.000,2038680.000
0.000,2038681.000
0.000,2038682.000
0.000,2038683.000
0.000,2038684.000
0.000,2038685.000
0.000,2038686.000
0.000,2038687.000
0.000,2038688.000
0.000,2038689.000
0.000,2038690.000
0.000,2038691.000
0.000,2038692.000
0.000,2038693.000
0.000,2038694.000
0.000,2038695.000
0.000,2038696.000
0.000,2038697.000
0.000,2038698.000
0.000,2038699.000
0.000,2038700.000
0.000,2038701.000
0.000,2038702.000
0.000,2038703.000
0.000,2038704.000
0.000,2038705.000
0.000,2038706.000
0.000,2038707.000
0.000,2038708.000
0.000,2038709.000
1.000,2038710.000
0.000,2038711.000
0.000,2038712.000
0.000,2038713.000
0.000,2038714.000
0.000,2038715.000
0.000,2038716.000
0.000,2038717.000
0.000,2038718.000
0.000,2038719.000
0.000,2038720.000
0.000,2038721.000
0.000,2038722.000
0.000,2038723.000
0.000,2038724.000
0.000,2038725.000
0.000,2038726.000
0.000,2038727.000
0.000,2038728.000
0.000,2038729.000
0.000,2038730.000
0.000,2038731.000
0.000,2038732.000
0.000,2038733.000
0.000,2038734.000
0.000,2038735.000
0.000,2038736.000
0.000,2038737.000
0.000,2038738.000
0.000,2038739.000
0.000,2038740.000
0.000,2038741.000
0.000,2038742.000
0.000,2038743.000
0.000,2038744.000
0.000,2038745.000
0.000,2038746.000
0.000,2038747.000
0.000,2038748.000
0.000,2038749.000
0.000,2038750.000
0.000,2038751.000
0.000,2038752.000
0.000,2038753.000
0.000,2038754.000
0.000,2038755.000
0.000,2038756.000
0.000,2038757.000
0.000,2038758.000
0.000,2038759.000
0.000,2038760.000
0.000,2038761.000
0.000,2038762.000
0.000,2038763.000
0.000,2038764.000
0.000,2038765.000
0.000,2038766.000
0.000,2038767.000
0.000,2038768.000
0.000,2038769.000
0.000,2038770.000
0.000,2038771.000
0.000,2038772.000
0.000,2038773.000
0.000,2038774.000
0.000,2038775.000
0.000,2038776.000
0.000,2038777.000
0.000,2038778.000
0.000,2038779.000
0.000,2038780.000
0.000,2038781.000
0.000,2038782.000
0.000,2038783.000
0.000,2038784.000
0.000,2038785.000
0.000,2038786.000
0.000,2038787.000
0.000,2038788.000
0.000,2038789.000
0.000,2038790.000
0.000,2038791.000
0.000,2038792.000
0.000,2038793.000
0.000,2038794.000
0.000,2038795.000
0.000,2038796.000
0.000,2038797.000
0.000,2038798.000
0.000,2038799.000
0.000,2038800.000
0.000,2038801.000
0.000,2038802.000
0.000,2038803.000
0.000,2038804.000
0.000,2038805.000
0.000,2038806.000
0.000,2038807.000
0.000,2038808.000
0.000,2038809.000
0.000,2038810.000
0.000,2038811.000
0.000,2038812.000
0.000,2038813.000
0.000,2038814.000
0.000,2038815.000
0.000,2038816.000
0.000,2038817.000
0.000,2038818.000
0.000,2038819.000
0.000,2038820.000
0.000,2038821.000
0.000,2038822.000
0.000,2038823.000
0.000,2038824.000
0.000,2038825.000
0.000,2038826.000
0.000,2038827.000
0.000,2038828.000
0.000,2038829.000
0.000,2038830.000
0.000,2038831.000
0.000,2038832.000
0.000,2038833.000
0.000,2038834.000
0.000,2038835.000
0.000,2038836.000
0.000,2038837.000
0.000,2038838.000
0.000,2038839.000
0.000,2038840.000
0.000,2038841.000
0.000,2038842.000
0.000,2038843.000
0.000,2038844.000
0.000,2038845.000
1.000,2038846.000
0.000,2038847.000
0.000,2038848.000
0.000,2038849.000
0.000,2038850.000
0.000,2038851.000
0.000,2038852.000
0.000,2038853.000
0.000,2038854.000
0.000,2038855.000
0.000,2038856.000
0.000,2038857.000
0.000,2038858.000
0.000,2038859.000
0.000,2038860.000
0.000,2038861.000
0.000,2038862.000
0.000,2038863.000
0.000,2038864.000
0.000,2038865.000
0.000,2038866.000
1.000,2038867.000
0.000,2038868.000
0.000,2038869.000
0.000,2038870.000
0.000,2038871.000
0.000,2038872.000
0.000,2038873.000
0.000,2038874.000
0.000,2038875.000
0.000,2038876.000
0.000,2038877.000
0.000,2038878.000
0.000,2038879.000
0.000,2038880.000
0.000,2038881.000
0.000,2038882.000
0.000,2038883.000
0.000,2038884.000
0.000,2038885.000
0.000,2038886.000
0.000,2038887.000
0.000,2038888.000
0.000,2038889.000
0.000,2038890.000
0.000,2038891.000
0.000,2038892.000
0.000,2038893.000
0.000,2038894.000
0.000,2038895.000
0.000,2038896.000
0.000,2038897.000
0.000,2038898.000
0.000,2038899.000
0.000,2038900.000
0.000,2038901.000
0.000,2038902.000
0.000,2038903.000
0.000,2038904.000
0.000,2038905.000
0.000,2038906.000
0.000,2038907.000
0.000,2038908.000
0.000,2038909.000
0.000,2038910.000
0.000,2038911.000
0.000,2038912.000
0.000,2038913.000
0.000,2038914.000
0.000,2038915.000
0.000,2038916.000
0.000,2038917.000
0.000,2038918.000
0.000,2038919.000
0.000,2038920.000
0.000,2038921.000
0.000,2038922.000
0.000,2038923.000
0.000,2038924.000
0.000,2038925.000
0.000,2038926.000
0.000,2038927.000
0.000,2038928.000
0.000,2038929.000
0.000,2038930.000
0.000,2038931.000
0.000,2038932.000
0.000,2038933.000
0.000,2038934.000
0.000,2038935.000
0.000,2038936.000
0.000,2038937.000
0.000,2038938.000
0.000,2038939.000
0.000,2038940.000
0.000,2038941.000
0.000,2038942.000
0.000,2038943.000
0.000,2038944.000
1.000,2038945.000
0.000,2038946.000
0.000,2038947.000
0.000,2038948.000
0.000,2038949.000
0.000,2038950.000
0.000,2038951.000
0.000,2038952.000
0.000,2038953.000
0.000,2038954.000
0.000,2038955.000
0.000,2038956.000
0.000,2038957.000
0.000,2038958.000
0.000,2038959.000
0.000,2038960.000
0.000,2038961.000
0.000,2038962.000
0.000,2038963.000
0.000,2038964.000
0.000,2038965.000
0.000,2038966.000
0.000,2038967.000
0.000,2038968.000
0.000,2038969.000
0.000,2038970.000
0.000,2038971.000
0.000,2038972.000
0.000,2038973.000
0.000,2038974.000
0.000,2038975.000
0.000,2038976.000
0.000,2038977.000
0.000,2038978.000
0.000,2038979.000
0.000,2038980.000
0.000,2038981.000
0.000,2038982.000
0.000,2038983.000
0.000,2038984.000
0.000,2038985.000
0.000,2038986.000
0.000,2038987.000
0.000,2038988.000
0.000,2038989.000
0.000,2038990.000
0.000,2038991.000
0.000,2038992.000
0.000,2038993.000
0.000,2038994.000
0.000,2038995.000
0.000,2038996.000
0.000,2038997.000
0.000,2038998.000
0.000,2038999.000
0.000,2039000.000
0.000,2039001.000
0.000,2039002.000
0.000,2039003.000
0.000,2039004.000
0.000,2039005.000
0.000,2039006.000
0.000,2039007.000
0.000,2039008.000
0.000,2039009.000
0.000,2039010.000
0.000,2039011.000
0.000,2039012.000
0.000,2039013.000
0.000,2039014.000
0.000,2039015.000
0.000,2039016.000
0.000,2039017.000
0.000,2039018.000
0.000,2039019.000
0.000,2039020.000
0.000,2039021.000
0.000,2039022.000
0.000,2039023.000
0.000,2039024.000
0.000,2039025.000
0.000,2039026.000
0.000,2039027.000
0.000,2039028.000
0.000,2039029.000
0.000,2039030.000
0.000,2039031.000
0.000,2039032.000
0.000,2039033.000
0.000,2039034.000
0.000,2039035.000
0.000,2039036.000
0.000,2039037.000
0.000,2039038.000
0.000,2039039.000
0.000,2039040.000
0.000,2039041.000
0.000,2039042.000
0.000,2039043.000
0.000,2039044.000
0.000,2039045.000
0.000,2039046.000
0.000,2039047.000
0.000,2039048.000
0.000,2039049.000
0.000,2039050.000
0.000,2039051.000
0.000,2039052.000
0.000,2039053.000
0.000,2039054.000
0.000,2039055.000
0.000,2039056.000
0.000,2039057.000
0.000,2039058.000
0.000,2039059.000
0.000,2039060.000
0.000,2039061.000
0.000,2039062.000
0.000,2039063.000
0.000,2039064.000
0.000,2039065.000
0.000,2039066.000
0.000,2039067.000
0.000,2039068.000
0.000,2039069.000
0.000,2039070.000
0.000,2039071.000
0.000,2039072.000
0.000,2039073.000
1.000,2039074.000
0.000,2039075.000
0.000,2039076.000
1.000,2039077.000
0.000,2039078.000
0.000,2039079.000
0.000,2039080.000
1.000,2039081.000
0.000,2039082.000
0.000,2039083.000
0.000,2039084.000
0.000,2039085.000
0.000,2039086.000
0.000,2039087.000
0.000,2039088.000
0.000,2039089.000
0.000,2039090.000
0.000,2039091.000
0.000,2039092.000
0.000,2039093.000
0.000,2039094.000
0.000,2039095.000
0.000,2039096.000
0.000,2039097.000
0.000,2039098.000
0.000,2039099.000
0.000,2039100.000
0.000,2039101.000
0.000,2039102.000
0.000,2039103.000
0.000,2039104.000
0.000,2039105.000
0.000,2039106.000
0.000,2039107.000
0.000,2039108.000
0.000,2039109.000
0.000,2039110.000
0.000,2039111.000
0.000,2039112.000
0.000,2039113.000
0.000,2039114.000
0.000,2039115.000
0.000,2039116.000
0.000,2039117.000
0.000,2039118.000
0.000,2039119.000
0.000,2039120.000
0.000,2039121.000
0.000,2039122.000
0.000,2039123.000
0.000,2039124.000
0.000,2039125.000
0.000,2039126.000
0.000,2039127.000
0.000,2039128.000
0.000,2039129.000
0.000,2039130.000
0.000,2039131.000
0.000,2039132.000
0.000,2039133.000
0.000,2039134.000
0.000,2039135.000
0.000,2039136.000
0.000,2039137.000
0.000,2039138.000
0.000,2039139.000
0.000,2039140.000
0.000,2039141.000
0.000,2039142.000
0.000,2039143.000
0.000,2039144.000
0.000,2039145.000
0.000,2039146.000
0.000,2039147.000
0.000,2039148.000
0.000,2039149.000
0.000,2039150.000
0.000,2039151.000
0.000,2039152.000
0.000,2039153.000
0.000,2039154.000
0.000,2039155.000
0.000,2039156.000
0.000,2039157.000
0.000,2039158.000
1.000,2039159.000
0.000,2039160.000
0.000,2039161.000
0.000,2039162.000
0.000,2039163.000
0.000,2039164.000
0.000,2039165.000
0.000,2039166.000
0.000,2039167.000
0.000,2039168.000
0.000,2039169.000
0.000,2039170.000
0.000,2039171.000
0.000,2039172.000
0.000,2039173.000
0.000,2039174.000
0.000,2039175.000
0.000,2039176.000
0.000,2039177.000
0.000,2039178.000
0.000,2039179.000
0.000,2039180.000
0.000,2039181.000
0.000,2039182.000
0.000,2039183.000
0.000,2039184.000
0.000,2039185.000
0.000,2039186.000
0.000,2039187.000
0.000,2039188.000
0.000,2039189.000
0.000,2039190.000
0.000,2039191.000
0.000,2039192.000
0.000,2039193.000
0.000,2039194.000
0.000,2039195.000
0.000,2039196.000
0.000,2039197.000
0.000,2039198.000
0.000,2039199.000
0.000,2039200.000
0.000,2039201.000
0.000,2039202.000
0.000,2039203.000
0.000,2039204.000
0.000,2039205.000
0.000,2039206.000
0.000,2039207.000
0.000,2039208.000
0.000,2039209.000
0.000,2039210.000
0.000,2039211.000
0.000,2039212.000
0.000,2039213.000
0.000,2039214.000
0.000,2039215.000
0.000,2039216.000
0.000,2039217.000
0.000,2039218.000
1.000,2039219.000
0.000,2039220.000
0.000,2039221.000
0.000,2039222.000
0.000,2039223.000
0.000,2039224.000
0.000,2039225.000
0.000,2039226.000
0.000,2039227.000
0.000,2039228.000
0.000,2039229.000
0.000,2039230.000
0.000,2039231.000
0.000,2039232.000
0.000,2039233.000
0.000,2039234.000
0.000,2039235.000
0.000,2039236.000
0.000,2039237.000
0.000,2039238.000
0.000,2039239.000
0.000,2039240.000
0.000,2039241.000
0.000,2039242.000
0.000,2039243.000
0.000,2039244.000
0.000,2039245.000
0.000,2039246.000
0.000,2039247.000
0.000,2039248.000
0.000,2039249.000
0.000,2039250.000
0.000,2039251.000
0.000,2039252.000
0.000,2039253.000
0.000,2039254.000
0.000,2039255.000
0.000,2039256.000
0.000,2039257.000
0.000,2039258.000
1.000,2039259.000
0.000,2039260.000
0.000,2039261.000
0.000,2039262.000
0.000,2039263.000
0.000,2039264.000
0.000,2039265.000
0.000,2039266.000
0.000,2039267.000
0.000,2039268.000
0.000,2039269.000
1.000,2039270.000
0.000,2039271.000
0.000,2039272.000
0.000,2039273.000
0.000,2039274.000
0.000,2039275.000
0.000,2039276.000
0.000,2039277.000
0.000,2039278.000
0.000,2039279.000
0.000,2039280.000
0.000,2039281.000
0.000,2039282.000
0.000,2039283.000
0.000,2039284.000
0.000,2039285.000
0.000,2039286.000
0.000,2039287.000
0.000,2039288.000
0.000,2039289.000
0.000,2039290.000
0.000,2039291.000
0.000,2039292.000
0.000,2039293.000
0.000,2039294.000
0.000,2039295.000
0.000,2039296.000
0.000,2039297.000
0.000,2039298.000
0.000,2039299.000
0.000,2039300.000
1.000,2039301.000
0.000,2039302.000
0.000,2039303.000
0.000,2039304.000
0.000,2039305.000
0.000,2039306.000
0.000,2039307.000
0.000,2039308.000
0.000,2039309.000
0.000,2039310.000
0.000,2039311.000
0.000,2039312.000
0.000,2039313.000
0.000,2039314.000
0.000,2039315.000
0.000,2039316.000
0.000,2039317.000
0.000,2039318.000
1.000,2039319.000
0.000,2039320.000
0.000,2039321.000
0.000,2039322.000
0.000,2039323.000
0.000,2039324.000
0.000,2039325.000
0.000,2039326.000
0.000,2039327.000
0.000,2039328.000
0.000,2039329.000
0.000,2039330.000
0.000,2039331.000
0.000,2039332.000
0.000,2039333.000
0.000,2039334.000
0.000,2039335.000
0.000,2039336.000
0.000,2039337.000
0.000,2039338.000
0.000,2039339.000
0.000,2039340.000
0.000,2039341.000
0.000,2039342.000
0.000,2039343.000
0.000,2039344.000
1.000,2039345.000
0.000,2039346.000
0.000,2039347.000
0.000,2039348.000
0.000,2039349.000
0.000,2039350.000
0.000,2039351.000
0.000,2039352.000
0.000,2039353.000
0.000,2039354.000
0.000,2039355.000
0.000,2039356.000
0.000,2039357.000
0.000,2039358.000
0.000,2039359.000
0.000,2039360.000
0.000,2039361.000
0.000,2039362.000
0.000,2039363.000
0.000,2039364.000
0.000,2039365.000
0.000,2039366.000
0.000,2039367.000
0.000,2039368.000
0.000,2039369.000
0.000,2039370.000
1.000,2039371.000
0.000,2039372.000
0.000,2039373.000
0.000,2039374.000
0.000,2039375.000
0.000,2039376.000
0.000,2039377.000
0.000,2039378.000
0.000,2039379.000
0.000,2039380.000
0.000,2039381.000
0.000,2039382.000
0.000,2039383.000
0.000,2039384.000
0.000,2039385.000
0.000,2039386.000
0.000,2039387.000
0.000,2039388.000
0.000,2039389.000
0.000,2039390.000
1.000,2039391.000
0.000,2039392.000
0.000,2039393.000
0.000,2039394.000
0.000,2039395.000
0.000,2039396.000
0.000,2039397.000
0.000,2039398.000
0.000,2039399.000
0.000,2039400.000
0.000,2039401.000
0.000,2039402.000
0.000,2039403.000
0.000,2039404.000
0.000,2039405.000
0.000,2039406.000
0.000,2039407.000
0.000,2039408.000
0.000,2039409.000
0.000,2039410.000
0.000,2039411.000
0.000,2039412.000
0.000,2039413.000
0.000,2039414.000
0.000,2039415.000
0.000,2039416.000
0.000,2039417.000
0.000,2039418.000
0.000,2039419.000
0.000,2039420.000
0.000,2039421.000
0.000,2039422.000
0.000,2039423.000
0.000,2039424.000
0.000,2039425.000
0.000,2039426.000
0.000,2039427.000
0.000,2039428.000
0.000,2039429.000
0.000,2039430.000
0.000,2039431.000
0.000,2039432.000
0.000,2039433.000
0.000,2039434.000
0.000,2039435.000
0.000,2039436.000
0.000,2039437.000
1.000,2039438.000
0.000,2039439.000
0.000,2039440.000
0.000,2039441.000
0.000,2039442.000
0.000,2039443.000
0.000,2039444.000
0.000,2039445.000
0.000,2039446.000
0.000,2039447.000
0.000,2039448.000
0.000,2039449.000
0.000,2039450.000
0.000,2039451.000
0.000,2039452.000
0.000,2039453.000
0.000,2039454.000
0.000,2039455.000
0.000,2039456.000
0.000,2039457.000
0.000,2039458.000
0.000,2039459.000
0.000,2039460.000
0.000,2039461.000
0.000,2039462.000
0.000,2039463.000
0.000,2039464.000
0.000,2039465.000
0.000,2039466.000
0.000,2039467.000
0.000,2039468.000
0.000,2039469.000
0.000,2039470.000
0.000,2039471.000
0.000,2039472.000
0.000,2039473.000
0.000,2039474.000
0.000,2039475.000
0.000,2039476.000
0.000,2039477.000
0.000,2039478.000
0.000,2039479.000
0.000,2039480.000
0.000,2039481.000
0.000,2039482.000
0.000,2039483.000
0.000,2039484.000
0.000,2039485.000
0.000,2039486.000
0.000,2039487.000
0.000,2039488.000
0.000,2039489.000
0.000,2039490.000
0.000,2039491.000
0.000,2039492.000
0.000,2039493.000
0.000,2039494.000
0.000,2039495.000
0.000,2039496.000
0.000,2039497.000
0.000,2039498.000
0.000,2039499.000
0.000,2039500.000
0.000,2039501.000
0.000,2039502.000
0.000,2039503.000
0.000,2039504.000
0.000,2039505.000
0.000,2039506.000
0.000,2039507.000
0.000,2039508.000
0.000,2039509.000
0.000,2039510.000
0.000,2039511.000
0.000,2039512.000
0.000,2039513.000
0.000,2039514.000
0.000,2039515.000
0.000,2039516.000
0.000,2039517.000
0.000,2039518.000
0.000,2039519.000
0.000,2039520.000
0.000,2039521.000
0.000,2039522.000
0.000,2039523.000
0.000,2039524.000
0.000,2039525.000
0.000,2039526.000
0.000,2039527.000
0.000,2039528.000
0.000,2039529.000
0.000,2039530.000
0.000,2039531.000
0.000,2039532.000
0.000,2039533.000
0.000,2039534.000
0.000,2039535.000
0.000,2039536.000
0.000,2039537.000
0.000,2039538.000
0.000,2039539.000
0.000,2039540.000
0.000,2039541.000
0.000,2039542.000
0.000,2039543.000
0.000,2039544.000
0.000,2039545.000
0.000,2039546.000
0.000,2039547.000
0.000,2039548.000
0.000,2039549.000
0.000,2039550.000
0.000,2039551.000
0.000,2039552.000
0.000,2039553.000
0.000,2039554.000
0.000,2039555.000
0.000,2039556.000
0.000,2039557.000
0.000,2039558.000
0.000,2039559.000
0.000,2039560.000
0.000,2039561.000
0.000,2039562.000
0.000,2039563.000
1.000,2039564.000
0.000,2039565.000
0.000,2039566.000
0.000,2039567.000
0.000,2039568.000
0.000,2039569.000
0.000,2039570.000
0.000,2039571.000
0.000,2039572.000
0.000,2039573.000
0.000,2039574.000
0.000,2039575.000
0.000,2039576.000
0.000,2039577.000
0.000,2039578.000
0.000,2039579.000
0.000,2039580.000
1.000,2039581.000
0.000,2039582.000
0.000,2039583.000
0.000,2039584.000
0.000,2039585.000
0.000,2039586.000
0.000,2039587.000
0.000,2039588.000
0.000,2039589.000
0.000,2039590.000
0.000,2039591.000
0.000,2039592.000
0.000,2039593.000
0.000,2039594.000
0.000,2039595.000
0.000,2039596.000
0.000,2039597.000
0.000,2039598.000
0.000,2039599.000
0.000,2039600.000
0.000,2039601.000
0.000,2039602.000
0.000,2039603.000
0.000,2039604.000
0.000,2039605.000
0.000,2039606.000
0.000,2039607.000
0.000,2039608.000
0.000,2039609.000
0.000,2039610.000
0.000,2039611.000
0.000,2039612.000
0.000,2039613.000
0.000,2039614.000
0.000,2039615.000
0.000,2039616.000
0.000,2039617.000
0.000,2039618.000
0.000,2039619.000
0.000,2039620.000
0.000,2039621.000
0.000,2039622.000
0.000,2039623.000
0.000,2039624.000
0.000,2039625.000
0.000,2039626.000
0.000,2039627.000
0.000,2039628.000
0.000,2039629.000
0.000,2039630.000
0.000,2039631.000
0.000,2039632.000
0.000,2039633.000
0.000,2039634.000
0.000,2039635.000
0.000,2039636.000
0.000,2039637.000
0.000,2039638.000
0.000,2039639.000
0.000,2039640.000
0.000,2039641.000
0.000,2039642.000
0.000,2039643.000
0.000,2039644.000
0.000,2039645.000
0.000,2039646.000
0.000,2039647.000
0.000,2039648.000
0.000,2039649.000
0.000,2039650.000
0.000,2039651.000
0.000,2039652.000
0.000,2039653.000
0.000,2039654.000
0.000,2039655.000
0.000,2039656.000
0.000,2039657.000
0.000,2039658.000
0.000,2039659.000
0.000,2039660.000
0.000,2039661.000
0.000,2039662.000
0.000,2039663.000
0.000,2039664.000
0.000,2039665.000
0.000,2039666.000
0.000,2039667.000
0.000,2039668.000
0.000,2039669.000
0.000,2039670.000
0.000,2039671.000
0.000,2039672.000
0.000,2039673.000
0.000,2039674.000
0.000,2039675.000
0.000,2039676.000
0.000,2039677.000
0.000,2039678.000
0.000,2039679.000
0.000,2039680.000
0.000,2039681.000
0.000,2039682.000
0.000,2039683.000
0.000,2039684.000
0.000,2039685.000
0.000,2039686.000
0.000,2039687.000
0.000,2039688.000
0.000,2039689.000
0.000,2039690.000
0.000,2039691.000
0.000,2039692.000
0.000,2039693.000
1.000,2039694.000
0.000,2039695.000
0.000,2039696.000
0.000,2039697.000
0.000,2039698.000
0.000,2039699.000
0.000,2039700.000
0.000,2039701.000
0.000,2039702.000
0.000,2039703.000
0.000,2039704.000
0.000,2039705.000
0.000,2039706.000
0.000,2039707.000
0.000,2039708.000
0.000,2039709.000
0.000,2039710.000
0.000,2039711.000
0.000,2039712.000
0.000,2039713.000
0.000,2039714.000
0.000,2039715.000
0.000,2039716.000
0.000,2039717.000
0.000,2039718.000
0.000,2039719.000
0.000,2039720.000
0.000,2039721.000
0.000,2039722.000
0.000,2039723.000
0.000,2039724.000
0.000,2039725.000
0.000,2039726.000
0.000,2039727.000
0.000,2039728.000
0.000,2039729.000
0.000,2039730.000
0.000,2039731.000
0.000,2039732.000
0.000,2039733.000
0.000,2039734.000
0.000,2039735.000
0.000,2039736.000
0.000,2039737.000
0.000,2039738.000
0.000,2039739.000
0.000,2039740.000
0.000,2039741.000
0.000,2039742.000
0.000,2039743.000
0.000,2039744.000
0.000,2039745.000
0.000,2039746.000
0.000,2039747.000
0.000,2039748.000
0.000,2039749.000
0.000,2039750.000
0.000,2039751.000
0.000,2039752.000
0.000,2039753.000
0.000,2039754.000
0.000,2039755.000
1.000,2039756.000
0.000,2039757.000
0.000,2039758.000
0.000,2039759.000
0.000,2039760.000
0.000,2039761.000
0.000,2039762.000
0.000,2039763.000
0.000,2039764.000
0.000,2039765.000
0.000,2039766.000
0.000,2039767.000
0.000,2039768.000
0.000,2039769.000
0.000,2039770.000
0.000,2039771.000
0.000,2039772.000
0.000,2039773.000
0.000,2039774.000
1.000,2039775.000
0.000,2039776.000
0.000,2039777.000
0.000,2039778.000
0.000,2039779.000
0.000,2039780.000
0.000,2039781.000
0.000,2039782.000
0.000,2039783.000
0.000,2039784.000
0.000,2039785.000
0.000,2039786.000
0.000,2039787.000
0.000,2039788.000
0.000,2039789.000
0.000,2039790.000
0.000,2039791.000
0.000,2039792.000
0.000,2039793.000
0.000,2039794.000
0.000,2039795.000
0.000,2039796.000
0.000,2039797.000
0.000,2039798.000
0.000,2039799.000
0.000,2039800.000
0.000,2039801.000
0.000,2039802.000
0.000,2039803.000
0.000,2039804.000
0.000,2039805.000
0.000,2039806.000
0.000,2039807.000
0.000,2039808.000
0.000,2039809.000
0.000,2039810.000
0.000,2039811.000
0.000,2039812.000
0.000,2039813.000
0.000,2039814.000
0.000,2039815.000
0.000,2039816.000
0.000,2039817.000
0.000,2039818.000
0.000,2039819.000
0.000,2039820.000
0.000,2039821.000
0.000,2039822.000
0.000,2039823.000
0.000,2039824.000
0.000,2039825.000
0.000,2039826.000
0.000,2039827.000
0.000,2039828.000
0.000,2039829.000
0.000,2039830.000
0.000,2039831.000
0.000,2039832.000
0.000,2039833.000
0.000,2039834.000
0.000,2039835.000
0.000,2039836.000
0.000,2039837.000
0.000,2039838.000
0.000,2039839.000
0.000,2039840.000
0.000,2039841.000
0.000,2039842.000
1.000,2039843.000
0.000,2039844.000
0.000,2039845.000
0.000,2039846.000
0.000,2039847.000
0.000,2039848.000
0.000,2039849.000
0.000,2039850.000
0.000,2039851.000
0.000,2039852.000
1.000,2039853.000
0.000,2039854.000
0.000,2039855.000
0.000,2039856.000
0.000,2039857.000
0.000,2039858.000
0.000,2039859.000
0.000,2039860.000
0.000,2039861.000
0.000,2039862.000
0.000,2039863.000
0.000,2039864.000
0.000,2039865.000
0.000,2039866.000
0.000,2039867.000
0.000,2039868.000
0.000,2039869.000
0.000,2039870.000
0.000,2039871.000
0.000,2039872.000
0.000,2039873.000
0.000,2039874.000
0.000,2039875.000
0.000,2039876.000
1.000,2039877.000
0.000,2039878.000
0.000,2039879.000
0.000,2039880.000
0.000,2039881.000
0.000,2039882.000
0.000,2039883.000
0.000,2039884.000
0.000,2039885.000
0.000,2039886.000
0.000,2039887.000
0.000,2039888.000
0.000,2039889.000
0.000,2039890.000
0.000,2039891.000
0.000,2039892.000
0.000,2039893.000
0.000,2039894.000
0.000,2039895.000
0.000,2039896.000
0.000,2039897.000
0.000,2039898.000
0.000,2039899.000
0.000,2039900.000
0.000,2039901.000
0.000,2039902.000
0.000,2039903.000
0.000,2039904.000
0.000,2039905.000
0.000,2039906.000
0.000,2039907.000
0.000,2039908.000
1.000,2039909.000
0.000,2039910.000
0.000,2039911.000
0.000,2039912.000
0.000,2039913.000
0.000,2039914.000
0.000,2039915.000
0.000,2039916.000
0.000,2039917.000
0.000,2039918.000
0.000,2039919.000
0.000,2039920.000
0.000,2039921.000
0.000,2039922.000
0.000,2039923.000
0.000,2039924.000
0.000,2039925.000
0.000,2039926.000
0.000,2039927.000
0.000,2039928.000
0.000,2039929.000
0.000,2039930.000
0.000,2039931.000
0.000,2039932.000
0.000,2039933.000
0.000,2039934.000
0.000,2039935.000
0.000,2039936.000
0.000,2039937.000
0.000,2039938.000
0.000,2039939.000
0.000,2039940.000
0.000,2039941.000
0.000,2039942.000
0.000,2039943.000
0.000,2039944.000
0.000,2039945.000
0.000,2039946.000
0.000,2039947.000
0.000,2039948.000
0.000,2039949.000
0.000,2039950.000
0.000,2039951.000
0.000,2039952.000
0.000,2039953.000
0.000,2039954.000
0.000,2039955.000
0.000,2039956.000
0.000,2039957.000
0.000,2039958.000
0.000,2039959.000
0.000,2039960.000
0.000,2039961.000
0.000,2039962.000
0.000,2039963.000
0.000,2039964.000
0.000,2039965.000
0.000,2039966.000
0.000,2039967.000
0.000,2039968.000
0.000,2039969.000
0.000,2039970.000
0.000,2039971.000
0.000,2039972.000
0.000,2039973.000
0.000,2039974.000
0.000,2039975.000
0.000,2039976.000
0.000,2039977.000
0.000,2039978.000
0.000,2039979.000
0.000,2039980.000
0.000,2039981.000
0.000,2039982.000
0.000,2039983.000
0.000,2039984.000
0.000,2039985.000
0.000,2039986.000
0.000,2039987.000
0.000,2039988.000
0.000,2039989.000
0.000,2039990.000
0.000,2039991.000
0.000,2039992.000
0.000,2039993.000
0.000,2039994.000
0.000,2039995.000
0.000,2039996.000
0.000,2039997.000
0.000,2039998.000
0.000,2039999.000
0.000,2040000.000
0.000,2040001.000
0.000,2040002.000
0.000,2040003.000
0.000,2040004.000
0.000,2040005.000
0.000,2040006.000
0.000,2040007.000
0.000,2040008.000
0.000,2040009.000
0.000,2040010.000
0.000,2040011.000
1.000,2040012.000
0.000,2040013.000
0.000,2040014.000
0.000,2040015.000
0.000,2040016.000
0.000,2040017.000
0.000,2040018.000
0.000,2040019.000
0.000,2040020.000
0.000,2040021.000
0.000,2040022.000
0.000,2040023.000
0.000,2040024.000
0.000,2040025.000
0.000,2040026.000
0.000,2040027.000
0.000,2040028.000
0.000,2040029.000
0.000,2040030.000
0.000,2040031.000
0.000,2040032.000
0.000,2040033.000
0.000,2040034.000
0.000,2040035.000
0.000,2040036.000
0.000,2040037.000
0.000,2040038.000
0.000,2040039.000
0.000,2040040.000
0.000,2040041.000
0.000,2040042.000
0.000,2040043.000
0.000,2040044.000
0.000,2040045.000
0.000,2040046.000
0.000,2040047.000
0.000,2040048.000
0.000,2040049.000
0.000,2040050.000
0.000,2040051.000
0.000,2040052.000
0.000,2040053.000
0.000,2040054.000
1.000,2040055.000
0.000,2040056.000
0.000,2040057.000
0.000,2040058.000
0.000,2040059.000
0.000,2040060.000
0.000,2040061.000
0.000,2040062.000
0.000,2040063.000
0.000,2040064.000
0.000,2040065.000
0.000,2040066.000
0.000,2040067.000
0.000,2040068.000
0.000,2040069.000
0.000,2040070.000
0.000,2040071.000
0.000,2040072.000
0.000,2040073.000
0.000,2040074.000
0.000,2040075.000
0.000,2040076.000
0.000,2040077.000
0.000,2040078.000
0.000,2040079.000
0.000,2040080.000
0.000,2040081.000
0.000,2040082.000
0.000,2040083.000
0.000,2040084.000
0.000,2040085.000
0.000,2040086.000
0.000,2040087.000
0.000,2040088.000
0.000,2040089.000
0.000,2040090.000
0.000,2040091.000
0.000,2040092.000
0.000,2040093.000
0.000,2040094.000
0.000,2040095.000
0.000,2040096.000
0.000,2040097.000
0.000,2040098.000
0.000,2040099.000
0.000,2040100.000
0.000,2040101.000
0.000,2040102.000
0.000,2040103.000
0.000,2040104.000
0.000,2040105.000
0.000,2040106.000
0.000,2040107.000
0.000,2040108.000
0.000,2040109.000
0.000,2040110.000
0.000,2040111.000
0.000,2040112.000
0.000,2040113.000
0.000,2040114.000
0.000,2040115.000
0.000,2040116.000
0.000,2040117.000
0.000,2040118.000
0.000,2040119.000
0.000,2040120.000
0.000,2040121.000
0.000,2040122.000
0.000,2040123.000
0.000,2040124.000
0.000,2040125.000
0.000,2040126.000
0.000,2040127.000
0.000,2040128.000
1.000,2040129.000
0.000,2040130.000
0.000,2040131.000
0.000,2040132.000
1.000,2040133.000
0.000,2040134.000
0.000,2040135.000
0.000,2040136.000
0.000,2040137.000
0.000,2040138.000
0.000,2040139.000
0.000,2040140.000
0.000,2040141.000
0.000,2040142.000
0.000,2040143.000
0.000,2040144.000
0.000,2040145.000
0.000,2040146.000
0.000,2040147.000
0.000,2040148.000
0.000,2040149.000
0.000,2040150.000
0.000,2040151.000
0.000,2040152.000
0.000,2040153.000
0.000,2040154.000
0.000,2040155.000
0.000,2040156.000
0.000,2040157.000
0.000,2040158.000
0.000,2040159.000
0.000,2040160.000
0.000,2040161.000
0.000,2040162.000
0.000,2040163.000
0.000,2040164.000
0.000,2040165.000
0.000,2040166.000
0.000,2040167.000
0.000,2040168.000
0.000,2040169.000
0.000,2040170.000
0.000,2040171.000
0.000,2040172.000
0.000,2040173.000
0.000,2040174.000
0.000,2040175.000
1.000,2040176.000
0.000,2040177.000
0.000,2040178.000
0.000,2040179.000
0.000,2040180.000
0.000,2040181.000
0.000,2040182.000
0.000,2040183.000
0.000,2040184.000
0.000,2040185.000
0.000,2040186.000
0.000,2040187.000
0.000,2040188.000
1.000,2040189.000
0.000,2040190.000
0.000,2040191.000
0.000,2040192.000
0.000,2040193.000
0.000,2040194.000
0.000,2040195.000
0.000,2040196.000
0.000,2040197.000
0.000,2040198.000
0.000,2040199.000
0.000,2040200.000
0.000,2040201.000
0.000,2040202.000
0.000,2040203.000
0.000,2040204.000
0.000,2040205.000
0.000,2040206.000
0.000,2040207.000
0.000,2040208.000
0.000,2040209.000
0.000,2040210.000
0.000,2040211.000
0.000,2040212.000
0.000,2040213.000
0.000,2040214.000
0.000,2040215.000
0.000,2040216.000
0.000,2040217.000
0.000,2040218.000
1.000,2040219.000
0.000,2040220.000
0.000,2040221.000
0.000,2040222.000
0.000,2040223.000
0.000,2040224.000
0.000,2040225.000
0.000,2040226.000
0.000,2040227.000
0.000,2040228.000
0.000,2040229.000
0.000,2040230.000
0.000,2040231.000
0.000,2040232.000
0.000,2040233.000
0.000,2040234.000
0.000,2040235.000
0.000,2040236.000
0.000,2040237.000
0.000,2040238.000
0.000,2040239.000
0.000,2040240.000
0.000,2040241.000
0.000,2040242.000
0.000,2040243.000
0.000,2040244.000
0.000,2040245.000
0.000,2040246.000
0.000,2040247.000
0.000,2040248.000
0.000,2040249.000
0.000,2040250.000
0.000,2040251.000
0.000,2040252.000
0.000,2040253.000
0.000,2040254.000
0.000,2040255.000
0.000,2040256.000
0.000,2040257.000
0.000,2040258.000
0.000,2040259.000
0.000,2040260.000
0.000,2040261.000
0.000,2040262.000
0.000,2040263.000
0.000,2040264.000
1.000,2040265.000
0.000,2040266.000
0.000,2040267.000
0.000,2040268.000
0.000,2040269.000
0.000,2040270.000
0.000,2040271.000
0.000,2040272.000
0.000,2040273.000
0.000,2040274.000
0.000,2040275.000
0.000,2040276.000
0.000,2040277.000
0.000,2040278.000
0.000,2040279.000
0.000,2040280.000
0.000,2040281.000
0.000,2040282.000
0.000,2040283.000
0.000,2040284.000
0.000,2040285.000
0.000,2040286.000
0.000,2040287.000
0.000,2040288.000
0.000,2040289.000
0.000,2040290.000
0.000,2040291.000
0.000,2040292.000
0.000,2040293.000
0.000,2040294.000
0.000,2040295.000
0.000,2040296.000
0.000,2040297.000
0.000,2040298.000
0.000,2040299.000
0.000,2040300.000
0.000,2040301.000
0.000,2040302.000
0.000,2040303.000
0.000,2040304.000
0.000,2040305.000
0.000,2040306.000
0.000,2040307.000
0.000,2040308.000
0.000,2040309.000
0.000,2040310.000
0.000,2040311.000
0.000,2040312.000
0.000,2040313.000
0.000,2040314.000
0.000,2040315.000
0.000,2040316.000
0.000,2040317.000
0.000,2040318.000
0.000,2040319.000
1.000,2040320.000
0.000,2040321.000
0.000,2040322.000
0.000,2040323.000
0.000,2040324.000
0.000,2040325.000
0.000,2040326.000
0.000,2040327.000
0.000,2040328.000
0.000,2040329.000
0.000,2040330.000
0.000,2040331.000
0.000,2040332.000
0.000,2040333.000
0.000,2040334.000
0.000,2040335.000
0.000,2040336.000
0.000,2040337.000
0.000,2040338.000
0.000,2040339.000
0.000,2040340.000
0.000,2040341.000
0.000,2040342.000
0.000,2040343.000
0.000,2040344.000
0.000,2040345.000
0.000,2040346.000
0.000,2040347.000
0.000,2040348.000
0.000,2040349.000
0.000,2040350.000
0.000,2040351.000
0.000,2040352.000
0.000,2040353.000
0.000,2040354.000
0.000,2040355.000
1.000,2040356.000
0.000,2040357.000
0.000,2040358.000
0.000,2040359.000
0.000,2040360.000
0.000,2040361.000
0.000,2040362.000
0.000,2040363.000
0.000,2040364.000
1.000,2040365.000
0.000,2040366.000
0.000,2040367.000
0.000,2040368.000
0.000,2040369.000
0.000,2040370.000
0.000,2040371.000
0.000,2040372.000
0.000,2040373.000
0.000,2040374.000
0.000,2040375.000
0.000,2040376.000
0.000,2040377.000
0.000,2040378.000
0.000,2040379.000
0.000,2040380.000
0.000,2040381.000
0.000,2040382.000
0.000,2040383.000
0.000,2040384.000
0.000,2040385.000
0.000,2040386.000
0.000,2040387.000
0.000,2040388.000
0.000,2040389.000
0.000,2040390.000
0.000,2040391.000
0.000,2040392.000
0.000,2040393.000
0.000,2040394.000
0.000,2040395.000
0.000,2040396.000
0.000,2040397.000
0.000,2040398.000
0.000,2040399.000
0.000,2040400.000
0.000,2040401.000
0.000,2040402.000
0.000,2040403.000
0.000,2040404.000
0.000,2040405.000
0.000,2040406.000
0.000,2040407.000
0.000,2040408.000
0.000,2040409.000
0.000,2040410.000
0.000,2040411.000
0.000,2040412.000
0.000,2040413.000
0.000,2040414.000
0.000,2040415.000
0.000,2040416.000
0.000,2040417.000
0.000,2040418.000
0.000,2040419.000
0.000,2040420.000
0.000,2040421.000
0.000,2040422.000
0.000,2040423.000
0.000,2040424.000
0.000,2040425.000
0.000,2040426.000
0.000,2040427.000
0.000,2040428.000
0.000,2040429.000
0.000,2040430.000
0.000,2040431.000
0.000,2040432.000
0.000,2040433.000
0.000,2040434.000
0.000,2040435.000
0.000,2040436.000
0.000,2040437.000
0.000,2040438.000
0.000,2040439.000
0.000,2040440.000
0.000,2040441.000
0.000,2040442.000
0.000,2040443.000
0.000,2040444.000
0.000,2040445.000
0.000,2040446.000
0.000,2040447.000
0.000,2040448.000
0.000,2040449.000
0.000,2040450.000
0.000,2040451.000
0.000,2040452.000
0.000,2040453.000
0.000,2040454.000
0.000,2040455.000
0.000,2040456.000
0.000,2040457.000
0.000,2040458.000
1.000,2040459.000
0.000,2040460.000
0.000,2040461.000
0.000,2040462.000
0.000,2040463.000
0.000,2040464.000
0.000,2040465.000
0.000,2040466.000
0.000,2040467.000
0.000,2040468.000
0.000,2040469.000
0.000,2040470.000
0.000,2040471.000
0.000,2040472.000
0.000,2040473.000
0.000,2040474.000
0.000,2040475.000
0.000,2040476.000
0.000,2040477.000
0.000,2040478.000
0.000,2040479.000
0.000,2040480.000
0.000,2040481.000
0.000,2040482.000
0.000,2040483.000
0.000,2040484.000
0.000,2040485.000
0.000,2040486.000
0.000,2040487.000
0.000,2040488.000
0.000,2040489.000
0.000,2040490.000
0.000,2040491.000
0.000,2040492.000
0.000,2040493.000
0.000,2040494.000
0.000,2040495.000
0.000,2040496.000
0.000,2040497.000
0.000,2040498.000
0.000,2040499.000
0.000,2040500.000
0.000,2040501.000
0.000,2040502.000
0.000,2040503.000
0.000,2040504.000
0.000,2040505.000
1.000,2040506.000
0.000,2040507.000
0.000,2040508.000
0.000,2040509.000
0.000,2040510.000
0.000,2040511.000
0.000,2040512.000
0.000,2040513.000
0.000,2040514.000
0.000,2040515.000
0.000,2040516.000
0.000,2040517.000
0.000,2040518.000
0.000,2040519.000
0.000,2040520.000
0.000,2040521.000
0.000,2040522.000
0.000,2040523.000
0.000,2040524.000
0.000,2040525.000
0.000,2040526.000
0.000,2040527.000
0.000,2040528.000
0.000,2040529.000
0.000,2040530.000
0.000,2040531.000
0.000,2040532.000
0.000,2040533.000
0.000,2040534.000
0.000,2040535.000
0.000,2040536.000
0.000,2040537.000
0.000,2040538.000
0.000,2040539.000
0.000,2040540.000
0.000,2040541.000
0.000,2040542.000
0.000,2040543.000
0.000,2040544.000
0.000,2040545.000
0.000,2040546.000
0.000,2040547.000
0.000,2040548.000
0.000,2040549.000
0.000,2040550.000
0.000,2040551.000
0.000,2040552.000
0.000,2040553.000
0.000,2040554.000
0.000,2040555.000
0.000,2040556.000
0.000,2040557.000
0.000,2040558.000
0.000,2040559.000
0.000,2040560.000
0.000,2040561.000
0.000,2040562.000
0.000,2040563.000
0.000,2040564.000
0.000,2040565.000
0.000,2040566.000
0.000,2040567.000
0.000,2040568.000
1.000,2040569.000
0.000,2040570.000
0.000,2040571.000
0.000,2040572.000
0.000,2040573.000
0.000,2040574.000
0.000,2040575.000
1.000,2040576.000
0.000,2040577.000
0.000,2040578.000
0.000,2040579.000
0.000,2040580.000
0.000,2040581.000
0.000,2040582.000
0.000,2040583.000
1.000,2040584.000
0.000,2040585.000
0.000,2040586.000
0.000,2040587.000
0.000,2040588.000
0.000,2040589.000
0.000,2040590.000
0.000,2040591.000
0.000,2040592.000
0.000,2040593.000
0.000,2040594.000
0.000,2040595.000
0.000,2040596.000
0.000,2040597.000
0.000,2040598.000
0.000,2040599.000
0.000,2040600.000
0.000,2040601.000
0.000,2040602.000
0.000,2040603.000
0.000,2040604.000
0.000,2040605.000
0.000,2040606.000
0.000,2040607.000
0.000,2040608.000
0.000,2040609.000
0.000,2040610.000
0.000,2040611.000
0.000,2040612.000
0.000,2040613.000
0.000,2040614.000
0.000,2040615.000
0.000,2040616.000
0.000,2040617.000
0.000,2040618.000
0.000,2040619.000
0.000,2040620.000
0.000,2040621.000
0.000,2040622.000
0.000,2040623.000
0.000,2040624.000
0.000,2040625.000
0.000,2040626.000
0.000,2040627.000
0.000,2040628.000
0.000,2040629.000
0.000,2040630.000
0.000,2040631.000
0.000,2040632.000
0.000,2040633.000
0.000,2040634.000
0.000,2040635.000
0.000,2040636.000
0.000,2040637.000
0.000,2040638.000
0.000,2040639.000
0.000,2040640.000
0.000,2040641.000
0.000,2040642.000
0.000,2040643.000
0.000,2040644.000
0.000,2040645.000
0.000,2040646.000
0.000,2040647.000
0.000,2040648.000
0.000,2040649.000
0.000,2040650.000
0.000,2040651.000
0.000,2040652.000
0.000,2040653.000
0.000,2040654.000
0.000,2040655.000
0.000,2040656.000
0.000,2040657.000
0.000,2040658.000
0.000,2040659.000
0.000,2040660.000
0.000,2040661.000
0.000,2040662.000
0.000,2040663.000
0.000,2040664.000
0.000,2040665.000
0.000,2040666.000
0.000,2040667.000
0.000,2040668.000
0.000,2040669.000
1.000,2040670.000
0.000,2040671.000
0.000,2040672.000
0.000,2040673.000
0.000,2040674.000
0.000,2040675.000
0.000,2040676.000
0.000,2040677.000
0.000,2040678.000
0.000,2040679.000
0.000,2040680.000
0.000,2040681.000
0.000,2040682.000
0.000,2040683.000
0.000,2040684.000
0.000,2040685.000
0.000,2040686.000
0.000,2040687.000
0.000,2040688.000
0.000,2040689.000
0.000,2040690.000
0.000,2040691.000
0.000,2040692.000
1.000,2040693.000
0.000,2040694.000
0.000,2040695.000
0.000,2040696.000
0.000,2040697.000
0.000,2040698.000
0.000,2040699.000
0.000,2040700.000
0.000,2040701.000
0.000,2040702.000
0.000,2040703.000
0.000,2040704.000
0.000,2040705.000
0.000,2040706.000
0.000,2040707.000
0.000,2040708.000
0.000,2040709.000
0.000,2040710.000
0.000,2040711.000
0.000,2040712.000
0.000,2040713.000
0.000,2040714.000
0.000,2040715.000
0.000,2040716.000
0.000,2040717.000
0.000,2040718.000
0.000,2040719.000
0.000,2040720.000
1.000,2040721.000
0.000,2040722.000
0.000,2040723.000
0.000,2040724.000
0.000,2040725.000
0.000,2040726.000
0.000,2040727.000
0.000,2040728.000
0.000,2040729.000
0.000,2040730.000
0.000,2040731.000
0.000,2040732.000
0.000,2040733.000
0.000,2040734.000
0.000,2040735.000
0.000,2040736.000
0.000,2040737.000
0.000,2040738.000
0.000,2040739.000
0.000,2040740.000
1.000,2040741.000
0.000,2040742.000
0.000,2040743.000
0.000,2040744.000
0.000,2040745.000
0.000,2040746.000
0.000,2040747.000
0.000,2040748.000
0.000,2040749.000
0.000,2040750.000
0.000,2040751.000
0.000,2040752.000
0.000,2040753.000
0.000,2040754.000
0.000,2040755.000
0.000,2040756.000
0.000,2040757.000
0.000,2040758.000
0.000,2040759.000
0.000,2040760.000
0.000,2040761.000
0.000,2040762.000
0.000,2040763.000
0.000,2040764.000
0.000,2040765.000
0.000,2040766.000
0.000,2040767.000
0.000,2040768.000
0.000,2040769.000
0.000,2040770.000
0.000,2040771.000
0.000,2040772.000
0.000,2040773.000
0.000,2040774.000
0.000,2040775.000
0.000,2040776.000
0.000,2040777.000
0.000,2040778.000
0.000,2040779.000
0.000,2040780.000
0.000,2040781.000
0.000,2040782.000
0.000,2040783.000
0.000,2040784.000
0.000,2040785.000
0.000,2040786.000
0.000,2040787.000
0.000,2040788.000
0.000,2040789.000
0.000,2040790.000
0.000,2040791.000
0.000,2040792.000
0.000,2040793.000
0.000,2040794.000
0.000,2040795.000
0.000,2040796.000
0.000,2040797.000
0.000,2040798.000
0.000,2040799.000
0.000,2040800.000
0.000,2040801.000
0.000,2040802.000
0.000,2040803.000
0.000,2040804.000
0.000,2040805.000
0.000,2040806.000
1.000,2040807.000
0.000,2040808.000
0.000,2040809.000
0.000,2040810.000
0.000,2040811.000
0.000,2040812.000
0.000,2040813.000
0.000,2040814.000
0.000,2040815.000
0.000,2040816.000
0.000,2040817.000
0.000,2040818.000
0.000,2040819.000
0.000,2040820.000
0.000,2040821.000
0.000,2040822.000
0.000,2040823.000
0.000,2040824.000
0.000,2040825.000
1.000,2040826.000
0.000,2040827.000
0.000,2040828.000
0.000,2040829.000
0.000,2040830.000
0.000,2040831.000
0.000,2040832.000
0.000,2040833.000
0.000,2040834.000
0.000,2040835.000
0.000,2040836.000
1.000,2040837.000
0.000,2040838.000
0.000,2040839.000
0.000,2040840.000
0.000,2040841.000
0.000,2040842.000
0.000,2040843.000
0.000,2040844.000
0.000,2040845.000
0.000,2040846.000
0.000,2040847.000
0.000,2040848.000
0.000,2040849.000
0.000,2040850.000
0.000,2040851.000
0.000,2040852.000
0.000,2040853.000
0.000,2040854.000
0.000,2040855.000
0.000,2040856.000
0.000,2040857.000
0.000,2040858.000
0.000,2040859.000
0.000,2040860.000
0.000,2040861.000
0.000,2040862.000
0.000,2040863.000
0.000,2040864.000
0.000,2040865.000
0.000,2040866.000
0.000,2040867.000
0.000,2040868.000
0.000,2040869.000
0.000,2040870.000
0.000,2040871.000
0.000,2040872.000
0.000,2040873.000
0.000,2040874.000
0.000,2040875.000
0.000,2040876.000
0.000,2040877.000
0.000,2040878.000
0.000,2040879.000
0.000,2040880.000
0.000,2040881.000
0.000,2040882.000
0.000,2040883.000
0.000,2040884.000
0.000,2040885.000
0.000,2040886.000
0.000,2040887.000
0.000,2040888.000
0.000,2040889.000
0.000,2040890.000
0.000,2040891.000
0.000,2040892.000
0.000,2040893.000
0.000,2040894.000
0.000,2040895.000
0.000,2040896.000
0.000,2040897.000
0.000,2040898.000
0.000,2040899.000
0.000,2040900.000
0.000,2040901.000
0.000,2040902.000
0.000,2040903.000
0.000,2040904.000
0.000,2040905.000
0.000,2040906.000
0.000,2040907.000
0.000,2040908.000
0.000,2040909.000
0.000,2040910.000
0.000,2040911.000
0.000,2040912.000
0.000,2040913.000
0.000,2040914.000
0.000,2040915.000
0.000,2040916.000
0.000,2040917.000
0.000,2040918.000
0.000,2040919.000
0.000,2040920.000
0.000,2040921.000
0.000,2040922.000
0.000,2040923.000
0.000,2040924.000
0.000,2040925.000
0.000,2040926.000
0.000,2040927.000
0.000,2040928.000
0.000,2040929.000
0.000,2040930.000
0.000,2040931.000
0.000,2040932.000
0.000,2040933.000
0.000,2040934.000
0.000,2040935.000
0.000,2040936.000
0.000,2040937.000
0.000,2040938.000
0.000,2040939.000
0.000,2040940.000
0.000,2040941.000
0.000,2040942.000
0.000,2040943.000
0.000,2040944.000
0.000,2040945.000
0.000,2040946.000
0.000,2040947.000
0.000,2040948.000
0.000,2040949.000
0.000,2040950.000
0.000,2040951.000
0.000,2040952.000
0.000,2040953.000
0.000,2040954.000
0.000,2040955.000
0.000,2040956.000
0.000,2040957.000
0.000,2040958.000
0.000,2040959.000
0.000,2040960.000
0.000,2040961.000
0.000,2040962.000
0.000,2040963.000
0.000,2040964.000
0.000,2040965.000
0.000,2040966.000
0.000,2040967.000
0.000,2040968.000
0.000,2040969.000
0.000,2040970.000
0.000,2040971.000
0.000,2040972.000
0.000,2040973.000
0.000,2040974.000
0.000,2040975.000
0.000,2040976.000
0.000,2040977.000
0.000,2040978.000
0.000,2040979.000
0.000,2040980.000
0.000,2040981.000
0.000,2040982.000
0.000,2040983.000
0.000,2040984.000
0.000,2040985.000
0.000,2040986.000
0.000,2040987.000
0.000,2040988.000
0.000,2040989.000
0.000,2040990.000
0.000,2040991.000
0.000,2040992.000
0.000,2040993.000
0.000,2040994.000
0.000,2040995.000
0.000,2040996.000
0.000,2040997.000
0.000,2040998.000
0.000,2040999.000
0.000,2041000.000
0.000,2041001.000
0.000,2041002.000
0.000,2041003.000
0.000,2041004.000
0.000,2041005.000
0.000,2041006.000
1.000,2041007.000
0.000,2041008.000
0.000,2041009.000
0.000,2041010.000
1.000,2041011.000
0.000,2041012.000
0.000,2041013.000
0.000,2041014.000
0.000,2041015.000
0.000,2041016.000
0.000,2041017.000
0.000,2041018.000
0.000,2041019.000
0.000,2041020.000
0.000,2041021.000
1.000,2041022.000
0.000,2041023.000
0.000,2041024.000
0.000,2041025.000
0.000,2041026.000
0.000,2041027.000
0.000,2041028.000
0.000,2041029.000
0.000,2041030.000
0.000,2041031.000
0.000,2041032.000
0.000,2041033.000
0.000,2041034.000
0.000,2041035.000
0.000,2041036.000
0.000,2041037.000
0.000,2041038.000
0.000,2041039.000
0.000,2041040.000
0.000,2041041.000
0.000,2041042.000
0.000,2041043.000
0.000,2041044.000
0.000,2041045.000
0.000,2041046.000
0.000,2041047.000
0.000,2041048.000
0.000,2041049.000
0.000,2041050.000
0.000,2041051.000
0.000,2041052.000
0.000,2041053.000
0.000,2041054.000
0.000,2041055.000
0.000,2041056.000
0.000,2041057.000
0.000,2041058.000
0.000,2041059.000
0.000,2041060.000
0.000,2041061.000
0.000,2041062.000
0.000,2041063.000
0.000,2041064.000
0.000,2041065.000
0.000,2041066.000
0.000,2041067.000
0.000,2041068.000
0.000,2041069.000
0.000,2041070.000
0.000,2041071.000
0.000,2041072.000
0.000,2041073.000
0.000,2041074.000
0.000,2041075.000
0.000,2041076.000
0.000,2041077.000
0.000,2041078.000
0.000,2041079.000
0.000,2041080.000
0.000,2041081.000
0.000,2041082.000
0.000,2041083.000
0.000,2041084.000
0.000,2041085.000
0.000,2041086.000
0.000,2041087.000
0.000,2041088.000
0.000,2041089.000
0.000,2041090.000
0.000,2041091.000
0.000,2041092.000
0.000,2041093.000
0.000,2041094.000
1.000,2041095.000
0.000,2041096.000
0.000,2041097.000
0.000,2041098.000
0.000,2041099.000
0.000,2041100.000
0.000,2041101.000
0.000,2041102.000
0.000,2041103.000
0.000,2041104.000
0.000,2041105.000
0.000,2041106.000
0.000,2041107.000
0.000,2041108.000
0.000,2041109.000
0.000,2041110.000
0.000,2041111.000
0.000,2041112.000
0.000,2041113.000
0.000,2041114.000
0.000,2041115.000
0.000,2041116.000
0.000,2041117.000
0.000,2041118.000
0.000,2041119.000
0.000,2041120.000
0.000,2041121.000
0.000,2041122.000
0.000,2041123.000
0.000,2041124.000
0.000,2041125.000
0.000,2041126.000
0.000,2041127.000
0.000,2041128.000
0.000,2041129.000
0.000,2041130.000
0.000,2041131.000
0.000,2041132.000
0.000,2041133.000
0.000,2041134.000
0.000,2041135.000
0.000,2041136.000
0.000,2041137.000
0.000,2041138.000
0.000,2041139.000
0.000,2041140.000
0.000,2041141.000
0.000,2041142.000
0.000,2041143.000
0.000,2041144.000
0.000,2041145.000
0.000,2041146.000
0.000,2041147.000
0.000,2041148.000
0.000,2041149.000
0.000,2041150.000
0.000,2041151.000
0.000,2041152.000
0.000,2041153.000
0.000,2041154.000
0.000,2041155.000
0.000,2041156.000
0.000,2041157.000
0.000,2041158.000
0.000,2041159.000
0.000,2041160.000
0.000,2041161.000
0.000,2041162.000
0.000,2041163.000
0.000,2041164.000
0.000,2041165.000
0.000,2041166.000
0.000,2041167.000
0.000,2041168.000
0.000,2041169.000
0.000,2041170.000
0.000,2041171.000
0.000,2041172.000
0.000,2041173.000
0.000,2041174.000
0.000,2041175.000
0.000,2041176.000
0.000,2041177.000
0.000,2041178.000
0.000,2041179.000
0.000,2041180.000
0.000,2041181.000
0.000,2041182.000
0.000,2041183.000
0.000,2041184.000
0.000,2041185.000
0.000,2041186.000
0.000,2041187.000
0.000,2041188.000
0.000,2041189.000
0.000,2041190.000
0.000,2041191.000
0.000,2041192.000
0.000,2041193.000
0.000,2041194.000
0.000,2041195.000
0.000,2041196.000
0.000,2041197.000
0.000,2041198.000
0.000,2041199.000
0.000,2041200.000
0.000,2041201.000
0.000,2041202.000
0.000,2041203.000
0.000,2041204.000
0.000,2041205.000
0.000,2041206.000
0.000,2041207.000
0.000,2041208.000
0.000,2041209.000
0.000,2041210.000
0.000,2041211.000
0.000,2041212.000
0.000,2041213.000
0.000,2041214.000
0.000,2041215.000
0.000,2041216.000
0.000,2041217.000
0.000,2041218.000
0.000,2041219.000
0.000,2041220.000
0.000,2041221.000
0.000,2041222.000
0.000,2041223.000
0.000,2041224.000
0.000,2041225.000
0.000,2041226.000
0.000,2041227.000
0.000,2041228.000
0.000,2041229.000
0.000,2041230.000
0.000,2041231.000
0.000,2041232.000
0.000,2041233.000
0.000,2041234.000
0.000,2041235.000
0.000,2041236.000
0.000,2041237.000
0.000,2041238.000
0.000,2041239.000
0.000,2041240.000
0.000,2041241.000
0.000,2041242.000
0.000,2041243.000
0.000,2041244.000
0.000,2041245.000
0.000,2041246.000
0.000,2041247.000
0.000,2041248.000
0.000,2041249.000
0.000,2041250.000
0.000,2041251.000
0.000,2041252.000
0.000,2041253.000
0.000,2041254.000
0.000,2041255.000
0.000,2041256.000
0.000,2041257.000
0.000,2041258.000
0.000,2041259.000
0.000,2041260.000
0.000,2041261.000
0.000,2041262.000
0.000,2041263.000
0.000,2041264.000
0.000,2041265.000
0.000,2041266.000
0.000,2041267.000
0.000,2041268.000
0.000,2041269.000
0.000,2041270.000
0.000,2041271.000
0.000,2041272.000
0.000,2041273.000
0.000,2041274.000
0.000,2041275.000
0.000,2041276.000
0.000,2041277.000
0.000,2041278.000
0.000,2041279.000
0.000,2041280.000
0.000,2041281.000
0.000,2041282.000
0.000,2041283.000
0.000,2041284.000
0.000,2041285.000
0.000,2041286.000
0.000,2041287.000
0.000,2041288.000
0.000,2041289.000
0.000,2041290.000
0.000,2041291.000
0.000,2041292.000
0.000,2041293.000
0.000,2041294.000
0.000,2041295.000
0.000,2041296.000
0.000,2041297.000
0.000,2041298.000
1.000,2041299.000
0.000,2041300.000
0.000,2041301.000
0.000,2041302.000
0.000,2041303.000
0.000,2041304.000
0.000,2041305.000
0.000,2041306.000
0.000,2041307.000
0.000,2041308.000
0.000,2041309.000
0.000,2041310.000
0.000,2041311.000
0.000,2041312.000
0.000,2041313.000
0.000,2041314.000
0.000,2041315.000
0.000,2041316.000
0.000,2041317.000
0.000,2041318.000
0.000,2041319.000
0.000,2041320.000
0.000,2041321.000
0.000,2041322.000
0.000,2041323.000
0.000,2041324.000
0.000,2041325.000
0.000,2041326.000
0.000,2041327.000
0.000,2041328.000
0.000,2041329.000
0.000,2041330.000
0.000,2041331.000
0.000,2041332.000
0.000,2041333.000
0.000,2041334.000
0.000,2041335.000
0.000,2041336.000
0.000,2041337.000
0.000,2041338.000
0.000,2041339.000
0.000,2041340.000
0.000,2041341.000
0.000,2041342.000
0.000,2041343.000
0.000,2041344.000
0.000,2041345.000
0.000,2041346.000
0.000,2041347.000
0.000,2041348.000
0.000,2041349.000
0.000,2041350.000
0.000,2041351.000
0.000,2041352.000
0.000,2041353.000
0.000,2041354.000
0.000,2041355.000
0.000,2041356.000
0.000,2041357.000
0.000,2041358.000
0.000,2041359.000
0.000,2041360.000
0.000,2041361.000
0.000,2041362.000
0.000,2041363.000
0.000,2041364.000
0.000,2041365.000
0.000,2041366.000
0.000,2041367.000
0.000,2041368.000
0.000,2041369.000
0.000,2041370.000
1.000,2041371.000
1.000,2041372.000
0.000,2041373.000
0.000,2041374.000
0.000,2041375.000
0.000,2041376.000
0.000,2041377.000
0.000,2041378.000
0.000,2041379.000
0.000,2041380.000
0.000,2041381.000
0.000,2041382.000
0.000,2041383.000
1.000,2041384.000
0.000,2041385.000
0.000,2041386.000
0.000,2041387.000
0.000,2041388.000
0.000,2041389.000
0.000,2041390.000
0.000,2041391.000
0.000,2041392.000
0.000,2041393.000
0.000,2041394.000
0.000,2041395.000
0.000,2041396.000
0.000,2041397.000
0.000,2041398.000
0.000,2041399.000
0.000,2041400.000
0.000,2041401.000
0.000,2041402.000
0.000,2041403.000
0.000,2041404.000
0.000,2041405.000
0.000,2041406.000
0.000,2041407.000
0.000,2041408.000
0.000,2041409.000
0.000,2041410.000
0.000,2041411.000
0.000,2041412.000
0.000,2041413.000
0.000,2041414.000
0.000,2041415.000
0.000,2041416.000
0.000,2041417.000
0.000,2041418.000
0.000,2041419.000
0.000,2041420.000
0.000,2041421.000
0.000,2041422.000
0.000,2041423.000
0.000,2041424.000
0.000,2041425.000
0.000,2041426.000
0.000,2041427.000
0.000,2041428.000
0.000,2041429.000
0.000,2041430.000
0.000,2041431.000
0.000,2041432.000
0.000,2041433.000
0.000,2041434.000
0.000,2041435.000
0.000,2041436.000
0.000,2041437.000
0.000,2041438.000
0.000,2041439.000
0.000,2041440.000
0.000,2041441.000
0.000,2041442.000
0.000,2041443.000
0.000,2041444.000
0.000,2041445.000
0.000,2041446.000
0.000,2041447.000
0.000,2041448.000
0.000,2041449.000
0.000,2041450.000
0.000,2041451.000
0.000,2041452.000
0.000,2041453.000
0.000,2041454.000
0.000,2041455.000
0.000,2041456.000
0.000,2041457.000
1.000,2041458.000
0.000,2041459.000
0.000,2041460.000
0.000,2041461.000
0.000,2041462.000
0.000,2041463.000
0.000,2041464.000
0.000,2041465.000
0.000,2041466.000
0.000,2041467.000
0.000,2041468.000
0.000,2041469.000
0.000,2041470.000
0.000,2041471.000
0.000,2041472.000
0.000,2041473.000
0.000,2041474.000
0.000,2041475.000
0.000,2041476.000
0.000,2041477.000
0.000,2041478.000
0.000,2041479.000
0.000,2041480.000
0.000,2041481.000
0.000,2041482.000
0.000,2041483.000
0.000,2041484.000
0.000,2041485.000
0.000,2041486.000
0.000,2041487.000
0.000,2041488.000
0.000,2041489.000
0.000,2041490.000
0.000,2041491.000
0.000,2041492.000
0.000,2041493.000
0.000,2041494.000
0.000,2041495.000
0.000,2041496.000
0.000,2041497.000
0.000,2041498.000
0.000,2041499.000
0.000,2041500.000
0.000,2041501.000
0.000,2041502.000
0.000,2041503.000
0.000,2041504.000
0.000,2041505.000
0.000,2041506.000
0.000,2041507.000
0.000,2041508.000
0.000,2041509.000
0.000,2041510.000
0.000,2041511.000
0.000,2041512.000
0.000,2041513.000
0.000,2041514.000
0.000,2041515.000
0.000,2041516.000
0.000,2041517.000
0.000,2041518.000
0.000,2041519.000
0.000,2041520.000
0.000,2041521.000
0.000,2041522.000
0.000,2041523.000
0.000,2041524.000
0.000,2041525.000
0.000,2041526.000
0.000,2041527.000
0.000,2041528.000
0.000,2041529.000
0.000,2041530.000
0.000,2041531.000
0.000,2041532.000
0.000,2041533.000
0.000,2041534.000
0.000,2041535.000
0.000,2041536.000
0.000,2041537.000
0.000,2041538.000
0.000,2041539.000
0.000,2041540.000
0.000,2041541.000
0.000,2041542.000
0.000,2041543.000
0.000,2041544.000
0.000,2041545.000
0.000,2041546.000
0.000,2041547.000
0.000,2041548.000
0.000,2041549.000
0.000,2041550.000
0.000,2041551.000
0.000,2041552.000
0.000,2041553.000
0.000,2041554.000
0.000,2041555.000
0.000,2041556.000
0.000,2041557.000
0.000,2041558.000
0.000,2041559.000
0.000,2041560.000
0.000,2041561.000
0.000,2041562.000
0.000,2041563.000
0.000,2041564.000
0.000,2041565.000
0.000,2041566.000
0.000,2041567.000
0.000,2041568.000
0.000,2041569.000
0.000,2041570.000
0.000,2041571.000
0.000,2041572.000
0.000,2041573.000
0.000,2041574.000
0.000,2041575.000
0.000,2041576.000
0.000,2041577.000
0.000,2041578.000
0.000,2041579.000
0.000,2041580.000
0.000,2041581.000
0.000,2041582.000
0.000,2041583.000
0.000,2041584.000
1.000,2041585.000
0.000,2041586.000
0.000,2041587.000
0.000,2041588.000
0.000,2041589.000
0.000,2041590.000
0.000,2041591.000
0.000,2041592.000
0.000,2041593.000
0.000,2041594.000
0.000,2041595.000
0.000,2041596.000
0.000,2041597.000
0.000,2041598.000
0.000,2041599.000
0.000,2041600.000
0.000,2041601.000
0.000,2041602.000
0.000,2041603.000
0.000,2041604.000
0.000,2041605.000
0.000,2041606.000
0.000,2041607.000
0.000,2041608.000
0.000,2041609.000
0.000,2041610.000
0.000,2041611.000
0.000,2041612.000
0.000,2041613.000
0.000,2041614.000
0.000,2041615.000
0.000,2041616.000
0.000,2041617.000
0.000,2041618.000
0.000,2041619.000
0.000,2041620.000
0.000,2041621.000
0.000,2041622.000
0.000,2041623.000
0.000,2041624.000
0.000,2041625.000
0.000,2041626.000
0.000,2041627.000
0.000,2041628.000
0.000,2041629.000
0.000,2041630.000
0.000,2041631.000
0.000,2041632.000
0.000,2041633.000
0.000,2041634.000
0.000,2041635.000
0.000,2041636.000
0.000,2041637.000
0.000,2041638.000
0.000,2041639.000
0.000,2041640.000
0.000,2041641.000
0.000,2041642.000
0.000,2041643.000
0.000,2041644.000
0.000,2041645.000
0.000,2041646.000
0.000,2041647.000
0.000,2041648.000
0.000,2041649.000
0.000,2041650.000
0.000,2041651.000
0.000,2041652.000
0.000,2041653.000
0.000,2041654.000
0.000,2041655.000
0.000,2041656.000
0.000,2041657.000
0.000,2041658.000
0.000,2041659.000
0.000,2041660.000
0.000,2041661.000
0.000,2041662.000
1.000,2041663.000
0.000,2041664.000
0.000,2041665.000
0.000,2041666.000
0.000,2041667.000
0.000,2041668.000
0.000,2041669.000
0.000,2041670.000
0.000,2041671.000
1.000,2041672.000
0.000,2041673.000
0.000,2041674.000
0.000,2041675.000
0.000,2041676.000
0.000,2041677.000
0.000,2041678.000
0.000,2041679.000
0.000,2041680.000
0.000,2041681.000
0.000,2041682.000
0.000,2041683.000
0.000,2041684.000
0.000,2041685.000
0.000,2041686.000
0.000,2041687.000
1.000,2041688.000
0.000,2041689.000
0.000,2041690.000
0.000,2041691.000
0.000,2041692.000
0.000,2041693.000
0.000,2041694.000
0.000,2041695.000
0.000,2041696.000
0.000,2041697.000
0.000,2041698.000
0.000,2041699.000
0.000,2041700.000
0.000,2041701.000
0.000,2041702.000
0.000,2041703.000
0.000,2041704.000
0.000,2041705.000
0.000,2041706.000
0.000,2041707.000
0.000,2041708.000
0.000,2041709.000
0.000,2041710.000
0.000,2041711.000
0.000,2041712.000
0.000,2041713.000
0.000,2041714.000
0.000,2041715.000
0.000,2041716.000
0.000,2041717.000
0.000,2041718.000
0.000,2041719.000
0.000,2041720.000
0.000,2041721.000
0.000,2041722.000
0.000,2041723.000
0.000,2041724.000
0.000,2041725.000
0.000,2041726.000
0.000,2041727.000
0.000,2041728.000
0.000,2041729.000
0.000,2041730.000
0.000,2041731.000
0.000,2041732.000
0.000,2041733.000
0.000,2041734.000
0.000,2041735.000
0.000,2041736.000
0.000,2041737.000
0.000,2041738.000
0.000,2041739.000
0.000,2041740.000
0.000,2041741.000
0.000,2041742.000
0.000,2041743.000
0.000,2041744.000
0.000,2041745.000
0.000,2041746.000
0.000,2041747.000
0.000,2041748.000
0.000,2041749.000
0.000,2041750.000
0.000,2041751.000
1.000,2041752.000
0.000,2041753.000
0.000,2041754.000
0.000,2041755.000
0.000,2041756.000
0.000,2041757.000
0.000,2041758.000
0.000,2041759.000
0.000,2041760.000
0.000,2041761.000
0.000,2041762.000
0.000,2041763.000
0.000,2041764.000
0.000,2041765.000
0.000,2041766.000
0.000,2041767.000
0.000,2041768.000
0.000,2041769.000
0.000,2041770.000
0.000,2041771.000
0.000,2041772.000
0.000,2041773.000
0.000,2041774.000
0.000,2041775.000
0.000,2041776.000
0.000,2041777.000
0.000,2041778.000
0.000,2041779.000
0.000,2041780.000
0.000,2041781.000
0.000,2041782.000
0.000,2041783.000
0.000,2041784.000
0.000,2041785.000
0.000,2041786.000
0.000,2041787.000
0.000,2041788.000
0.000,2041789.000
0.000,2041790.000
0.000,2041791.000
0.000,2041792.000
0.000,2041793.000
0.000,2041794.000
0.000,2041795.000
0.000,2041796.000
0.000,2041797.000
0.000,2041798.000
0.000,2041799.000
0.000,2041800.000
0.000,2041801.000
0.000,2041802.000
0.000,2041803.000
0.000,2041804.000
0.000,2041805.000
0.000,2041806.000
0.000,2041807.000
0.000,2041808.000
0.000,2041809.000
0.000,2041810.000
0.000,2041811.000
0.000,2041812.000
0.000,2041813.000
0.000,2041814.000
0.000,2041815.000
0.000,2041816.000
1.000,2041817.000
0.000,2041818.000
0.000,2041819.000
0.000,2041820.000
0.000,2041821.000
0.000,2041822.000
0.000,2041823.000
0.000,2041824.000
0.000,2041825.000
0.000,2041826.000
0.000,2041827.000
0.000,2041828.000
0.000,2041829.000
0.000,2041830.000
0.000,2041831.000
0.000,2041832.000
0.000,2041833.000
0.000,2041834.000
0.000,2041835.000
0.000,2041836.000
0.000,2041837.000
0.000,2041838.000
0.000,2041839.000
0.000,2041840.000
0.000,2041841.000
0.000,2041842.000
0.000,2041843.000
0.000,2041844.000
0.000,2041845.000
0.000,2041846.000
0.000,2041847.000
0.000,2041848.000
0.000,2041849.000
0.000,2041850.000
0.000,2041851.000
0.000,2041852.000
0.000,2041853.000
0.000,2041854.000
0.000,2041855.000
0.000,2041856.000
0.000,2041857.000
0.000,2041858.000
0.000,2041859.000
0.000,2041860.000
0.000,2041861.000
0.000,2041862.000
0.000,2041863.000
0.000,2041864.000
0.000,2041865.000
0.000,2041866.000
1.000,2041867.000
0.000,2041868.000
0.000,2041869.000
0.000,2041870.000
0.000,2041871.000
0.000,2041872.000
0.000,2041873.000
0.000,2041874.000
0.000,2041875.000
0.000,2041876.000
0.000,2041877.000
0.000,2041878.000
0.000,2041879.000
0.000,2041880.000
0.000,2041881.000
0.000,2041882.000
0.000,2041883.000
0.000,2041884.000
0.000,2041885.000
0.000,2041886.000
0.000,2041887.000
0.000,2041888.000
0.000,2041889.000
0.000,2041890.000
0.000,2041891.000
0.000,2041892.000
0.000,2041893.000
0.000,2041894.000
0.000,2041895.000
0.000,2041896.000
0.000,2041897.000
0.000,2041898.000
1.000,2041899.000
0.000,2041900.000
0.000,2041901.000
0.000,2041902.000
0.000,2041903.000
0.000,2041904.000
0.000,2041905.000
0.000,2041906.000
0.000,2041907.000
0.000,2041908.000
0.000,2041909.000
0.000,2041910.000
0.000,2041911.000
0.000,2041912.000
0.000,2041913.000
0.000,2041914.000
0.000,2041915.000
0.000,2041916.000
0.000,2041917.000
0.000,2041918.000
0.000,2041919.000
0.000,2041920.000
0.000,2041921.000
0.000,2041922.000
0.000,2041923.000
0.000,2041924.000
0.000,2041925.000
0.000,2041926.000
0.000,2041927.000
0.000,2041928.000
0.000,2041929.000
0.000,2041930.000
0.000,2041931.000
0.000,2041932.000
0.000,2041933.000
0.000,2041934.000
0.000,2041935.000
0.000,2041936.000
0.000,2041937.000
0.000,2041938.000
0.000,2041939.000
0.000,2041940.000
0.000,2041941.000
0.000,2041942.000
0.000,2041943.000
0.000,2041944.000
0.000,2041945.000
0.000,2041946.000
0.000,2041947.000
0.000,2041948.000
0.000,2041949.000
0.000,2041950.000
0.000,2041951.000
0.000,2041952.000
0.000,2041953.000
0.000,2041954.000
0.000,2041955.000
0.000,2041956.000
0.000,2041957.000
0.000,2041958.000
0.000,2041959.000
0.000,2041960.000
0.000,2041961.000
0.000,2041962.000
0.000,2041963.000
0.000,2041964.000
0.000,2041965.000
0.000,2041966.000
0.000,2041967.000
0.000,2041968.000
0.000,2041969.000
0.000,2041970.000
0.000,2041971.000
0.000,2041972.000
0.000,2041973.000
0.000,2041974.000
0.000,2041975.000
0.000,2041976.000
0.000,2041977.000
0.000,2041978.000
0.000,2041979.000
0.000,2041980.000
0.000,2041981.000
0.000,2041982.000
0.000,2041983.000
0.000,2041984.000
0.000,2041985.000
0.000,2041986.000
0.000,2041987.000
0.000,2041988.000
0.000,2041989.000
0.000,2041990.000
0.000,2041991.000
0.000,2041992.000
0.000,2041993.000
0.000,2041994.000
0.000,2041995.000
0.000,2041996.000
0.000,2041997.000
0.000,2041998.000
0.000,2041999.000
0.000,2042000.000
1.000,2042001.000
0.000,2042002.000
0.000,2042003.000
0.000,2042004.000
0.000,2042005.000
0.000,2042006.000
0.000,2042007.000
0.000,2042008.000
0.000,2042009.000
0.000,2042010.000
0.000,2042011.000
0.000,2042012.000
0.000,2042013.000
0.000,2042014.000
0.000,2042015.000
0.000,2042016.000
0.000,2042017.000
0.000,2042018.000
0.000,2042019.000
0.000,2042020.000
0.000,2042021.000
0.000,2042022.000
0.000,2042023.000
0.000,2042024.000
0.000,2042025.000
0.000,2042026.000
0.000,2042027.000
0.000,2042028.000
0.000,2042029.000
0.000,2042030.000
0.000,2042031.000
0.000,2042032.000
0.000,2042033.000
0.000,2042034.000
0.000,2042035.000
0.000,2042036.000
0.000,2042037.000
0.000,2042038.000
0.000,2042039.000
0.000,2042040.000
0.000,2042041.000
0.000,2042042.000
0.000,2042043.000
0.000,2042044.000
0.000,2042045.000
0.000,2042046.000
0.000,2042047.000
0.000,2042048.000
0.000,2042049.000
0.000,2042050.000
0.000,2042051.000
0.000,2042052.000
0.000,2042053.000
0.000,2042054.000
1.000,2042055.000
0.000,2042056.000
0.000,2042057.000
0.000,2042058.000
0.000,2042059.000
0.000,2042060.000
0.000,2042061.000
0.000,2042062.000
0.000,2042063.000
0.000,2042064.000
0.000,2042065.000
0.000,2042066.000
0.000,2042067.000
0.000,2042068.000
0.000,2042069.000
0.000,2042070.000
0.000,2042071.000
0.000,2042072.000
0.000,2042073.000
0.000,2042074.000
0.000,2042075.000
0.000,2042076.000
0.000,2042077.000
0.000,2042078.000
0.000,2042079.000
0.000,2042080.000
0.000,2042081.000
0.000,2042082.000
0.000,2042083.000
0.000,2042084.000
0.000,2042085.000
0.000,2042086.000
0.000,2042087.000
0.000,2042088.000
0.000,2042089.000
0.000,2042090.000
0.000,2042091.000
0.000,2042092.000
0.000,2042093.000
0.000,2042094.000
0.000,2042095.000
0.000,2042096.000
0.000,2042097.000
0.000,2042098.000
0.000,2042099.000
0.000,2042100.000
0.000,2042101.000
0.000,2042102.000
0.000,2042103.000
0.000,2042104.000
0.000,2042105.000
0.000,2042106.000
0.000,2042107.000
0.000,2042108.000
0.000,2042109.000
0.000,2042110.000
0.000,2042111.000
0.000,2042112.000
0.000,2042113.000
0.000,2042114.000
0.000,2042115.000
1.000,2042116.000
0.000,2042117.000
0.000,2042118.000
0.000,2042119.000
0.000,2042120.000
0.000,2042121.000
0.000,2042122.000
0.000,2042123.000
0.000,2042124.000
0.000,2042125.000
0.000,2042126.000
0.000,2042127.000
0.000,2042128.000
0.000,2042129.000
0.000,2042130.000
0.000,2042131.000
0.000,2042132.000
0.000,2042133.000
0.000,2042134.000
0.000,2042135.000
0.000,2042136.000
0.000,2042137.000
0.000,2042138.000
0.000,2042139.000
0.000,2042140.000
0.000,2042141.000
0.000,2042142.000
0.000,2042143.000
1.000,2042144.000
0.000,2042145.000
0.000,2042146.000
0.000,2042147.000
0.000,2042148.000
0.000,2042149.000
0.000,2042150.000
0.000,2042151.000
0.000,2042152.000
0.000,2042153.000
0.000,2042154.000
0.000,2042155.000
0.000,2042156.000
0.000,2042157.000
0.000,2042158.000
0.000,2042159.000
0.000,2042160.000
0.000,2042161.000
0.000,2042162.000
0.000,2042163.000
0.000,2042164.000
0.000,2042165.000
0.000,2042166.000
0.000,2042167.000
0.000,2042168.000
0.000,2042169.000
0.000,2042170.000
0.000,2042171.000
0.000,2042172.000
0.000,2042173.000
0.000,2042174.000
0.000,2042175.000
1.000,2042176.000
0.000,2042177.000
0.000,2042178.000
0.000,2042179.000
0.000,2042180.000
0.000,2042181.000
0.000,2042182.000
0.000,2042183.000
0.000,2042184.000
0.000,2042185.000
0.000,2042186.000
0.000,2042187.000
0.000,2042188.000
0.000,2042189.000
0.000,2042190.000
0.000,2042191.000
0.000,2042192.000
0.000,2042193.000
0.000,2042194.000
0.000,2042195.000
0.000,2042196.000
0.000,2042197.000
0.000,2042198.000
0.000,2042199.000
0.000,2042200.000
0.000,2042201.000
0.000,2042202.000
0.000,2042203.000
0.000,2042204.000
0.000,2042205.000
0.000,2042206.000
0.000,2042207.000
0.000,2042208.000
0.000,2042209.000
0.000,2042210.000
0.000,2042211.000
0.000,2042212.000
0.000,2042213.000
0.000,2042214.000
0.000,2042215.000
0.000,2042216.000
0.000,2042217.000
0.000,2042218.000
0.000,2042219.000
0.000,2042220.000
0.000,2042221.000
0.000,2042222.000
0.000,2042223.000
0.000,2042224.000
0.000,2042225.000
0.000,2042226.000
0.000,2042227.000
0.000,2042228.000
0.000,2042229.000
0.000,2042230.000
0.000,2042231.000
0.000,2042232.000
0.000,2042233.000
0.000,2042234.000
0.000,2042235.000
0.000,2042236.000
0.000,2042237.000
0.000,2042238.000
0.000,2042239.000
0.000,2042240.000
0.000,2042241.000
0.000,2042242.000
0.000,2042243.000
0.000,2042244.000
0.000,2042245.000
0.000,2042246.000
0.000,2042247.000
0.000,2042248.000
0.000,2042249.000
0.000,2042250.000
0.000,2042251.000
0.000,2042252.000
0.000,2042253.000
0.000,2042254.000
0.000,2042255.000
0.000,2042256.000
0.000,2042257.000
0.000,2042258.000
0.000,2042259.000
0.000,2042260.000
0.000,2042261.000
0.000,2042262.000
0.000,2042263.000
0.000,2042264.000
0.000,2042265.000
0.000,2042266.000
0.000,2042267.000
0.000,2042268.000
0.000,2042269.000
0.000,2042270.000
0.000,2042271.000
0.000,2042272.000
0.000,2042273.000
0.000,2042274.000
0.000,2042275.000
0.000,2042276.000
1.000,2042277.000
0.000,2042278.000
0.000,2042279.000
0.000,2042280.000
0.000,2042281.000
0.000,2042282.000
0.000,2042283.000
0.000,2042284.000
0.000,2042285.000
0.000,2042286.000
0.000,2042287.000
0.000,2042288.000
0.000,2042289.000
0.000,2042290.000
0.000,2042291.000
0.000,2042292.000
0.000,2042293.000
0.000,2042294.000
0.000,2042295.000
0.000,2042296.000
0.000,2042297.000
0.000,2042298.000
0.000,2042299.000
0.000,2042300.000
0.000,2042301.000
0.000,2042302.000
0.000,2042303.000
0.000,2042304.000
0.000,2042305.000
0.000,2042306.000
0.000,2042307.000
0.000,2042308.000
0.000,2042309.000
0.000,2042310.000
0.000,2042311.000
0.000,2042312.000
0.000,2042313.000
0.000,2042314.000
0.000,2042315.000
0.000,2042316.000
0.000,2042317.000
0.000,2042318.000
0.000,2042319.000
0.000,2042320.000
0.000,2042321.000
0.000,2042322.000
0.000,2042323.000
0.000,2042324.000
0.000,2042325.000
0.000,2042326.000
0.000,2042327.000
0.000,2042328.000
0.000,2042329.000
0.000,2042330.000
0.000,2042331.000
0.000,2042332.000
0.000,2042333.000
0.000,2042334.000
0.000,2042335.000
0.000,2042336.000
0.000,2042337.000
0.000,2042338.000
0.000,2042339.000
0.000,2042340.000
0.000,2042341.000
0.000,2042342.000
0.000,2042343.000
0.000,2042344.000
0.000,2042345.000
0.000,2042346.000
0.000,2042347.000
0.000,2042348.000
0.000,2042349.000
0.000,2042350.000
0.000,2042351.000
0.000,2042352.000
0.000,2042353.000
0.000,2042354.000
0.000,2042355.000
0.000,2042356.000
0.000,2042357.000
0.000,2042358.000
0.000,2042359.000
0.000,2042360.000
0.000,2042361.000
0.000,2042362.000
0.000,2042363.000
0.000,2042364.000
0.000,2042365.000
0.000,2042366.000
0.000,2042367.000
0.000,2042368.000
0.000,2042369.000
0.000,2042370.000
0.000,2042371.000
0.000,2042372.000
0.000,2042373.000
0.000,2042374.000
1.000,2042375.000
0.000,2042376.000
0.000,2042377.000
0.000,2042378.000
0.000,2042379.000
0.000,2042380.000
0.000,2042381.000
0.000,2042382.000
0.000,2042383.000
0.000,2042384.000
0.000,2042385.000
0.000,2042386.000
0.000,2042387.000
0.000,2042388.000
0.000,2042389.000
0.000,2042390.000
0.000,2042391.000
0.000,2042392.000
0.000,2042393.000
0.000,2042394.000
0.000,2042395.000
0.000,2042396.000
0.000,2042397.000
0.000,2042398.000
0.000,2042399.000
0.000,2042400.000
0.000,2042401.000
0.000,2042402.000
0.000,2042403.000
0.000,2042404.000
0.000,2042405.000
0.000,2042406.000
0.000,2042407.000
0.000,2042408.000
0.000,2042409.000
0.000,2042410.000
0.000,2042411.000
0.000,2042412.000
0.000,2042413.000
0.000,2042414.000
0.000,2042415.000
0.000,2042416.000
0.000,2042417.000
0.000,2042418.000
0.000,2042419.000
0.000,2042420.000
0.000,2042421.000
0.000,2042422.000
0.000,2042423.000
0.000,2042424.000
0.000,2042425.000
0.000,2042426.000
0.000,2042427.000
0.000,2042428.000
0.000,2042429.000
1.000,2042430.000
0.000,2042431.000
0.000,2042432.000
0.000,2042433.000
0.000,2042434.000
0.000,2042435.000
0.000,2042436.000
0.000,2042437.000
0.000,2042438.000
0.000,2042439.000
0.000,2042440.000
0.000,2042441.000
0.000,2042442.000
0.000,2042443.000
0.000,2042444.000
0.000,2042445.000
0.000,2042446.000
0.000,2042447.000
0.000,2042448.000
0.000,2042449.000
0.000,2042450.000
0.000,2042451.000
0.000,2042452.000
0.000,2042453.000
0.000,2042454.000
0.000,2042455.000
0.000,2042456.000
0.000,2042457.000
0.000,2042458.000
0.000,2042459.000
0.000,2042460.000
0.000,2042461.000
0.000,2042462.000
0.000,2042463.000
0.000,2042464.000
0.000,2042465.000
0.000,2042466.000
0.000,2042467.000
0.000,2042468.000
0.000,2042469.000
0.000,2042470.000
0.000,2042471.000
0.000,2042472.000
0.000,2042473.000
0.000,2042474.000
0.000,2042475.000
0.000,2042476.000
0.000,2042477.000
0.000,2042478.000
0.000,2042479.000
0.000,2042480.000
0.000,2042481.000
0.000,2042482.000
0.000,2042483.000
0.000,2042484.000
0.000,2042485.000
0.000,2042486.000
0.000,2042487.000
0.000,2042488.000
0.000,2042489.000
0.000,2042490.000
0.000,2042491.000
0.000,2042492.000
0.000,2042493.000
0.000,2042494.000
0.000,2042495.000
0.000,2042496.000
0.000,2042497.000
0.000,2042498.000
0.000,2042499.000
0.000,2042500.000
0.000,2042501.000
0.000,2042502.000
0.000,2042503.000
0.000,2042504.000
0.000,2042505.000
0.000,2042506.000
0.000,2042507.000
0.000,2042508.000
0.000,2042509.000
0.000,2042510.000
0.000,2042511.000
0.000,2042512.000
0.000,2042513.000
0.000,2042514.000
0.000,2042515.000
0.000,2042516.000
0.000,2042517.000
0.000,2042518.000
0.000,2042519.000
0.000,2042520.000
0.000,2042521.000
0.000,2042522.000
0.000,2042523.000
0.000,2042524.000
0.000,2042525.000
0.000,2042526.000
0.000,2042527.000
0.000,2042528.000
0.000,2042529.000
0.000,2042530.000
0.000,2042531.000
0.000,2042532.000
0.000,2042533.000
0.000,2042534.000
0.000,2042535.000
0.000,2042536.000
0.000,2042537.000
0.000,2042538.000
0.000,2042539.000
0.000,2042540.000
0.000,2042541.000
0.000,2042542.000
0.000,2042543.000
0.000,2042544.000
0.000,2042545.000
0.000,2042546.000
0.000,2042547.000
0.000,2042548.000
0.000,2042549.000
0.000,2042550.000
0.000,2042551.000
0.000,2042552.000
0.000,2042553.000
0.000,2042554.000
0.000,2042555.000
0.000,2042556.000
0.000,2042557.000
0.000,2042558.000
0.000,2042559.000
0.000,2042560.000
0.000,2042561.000
0.000,2042562.000
1.000,2042563.000
0.000,2042564.000
0.000,2042565.000
0.000,2042566.000
0.000,2042567.000
0.000,2042568.000
0.000,2042569.000
0.000,2042570.000
0.000,2042571.000
0.000,2042572.000
0.000,2042573.000
0.000,2042574.000
0.000,2042575.000
0.000,2042576.000
0.000,2042577.000
0.000,2042578.000
0.000,2042579.000
0.000,2042580.000
0.000,2042581.000
0.000,2042582.000
0.000,2042583.000
0.000,2042584.000
0.000,2042585.000
0.000,2042586.000
0.000,2042587.000
0.000,2042588.000
0.000,2042589.000
0.000,2042590.000
0.000,2042591.000
0.000,2042592.000
0.000,2042593.000
0.000,2042594.000
0.000,2042595.000
0.000,2042596.000
0.000,2042597.000
0.000,2042598.000
0.000,2042599.000
0.000,2042600.000
0.000,2042601.000
0.000,2042602.000
0.000,2042603.000
0.000,2042604.000
0.000,2042605.000
0.000,2042606.000
0.000,2042607.000
0.000,2042608.000
0.000,2042609.000
0.000,2042610.000
0.000,2042611.000
0.000,2042612.000
0.000,2042613.000
0.000,2042614.000
1.000,2042615.000
0.000,2042616.000
0.000,2042617.000
0.000,2042618.000
0.000,2042619.000
0.000,2042620.000
0.000,2042621.000
0.000,2042622.000
0.000,2042623.000
0.000,2042624.000
0.000,2042625.000
0.000,2042626.000
0.000,2042627.000
0.000,2042628.000
0.000,2042629.000
0.000,2042630.000
0.000,2042631.000
1.000,2042632.000
0.000,2042633.000
0.000,2042634.000
0.000,2042635.000
0.000,2042636.000
0.000,2042637.000
0.000,2042638.000
0.000,2042639.000
0.000,2042640.000
0.000,2042641.000
0.000,2042642.000
0.000,2042643.000
0.000,2042644.000
0.000,2042645.000
0.000,2042646.000
0.000,2042647.000
0.000,2042648.000
0.000,2042649.000
0.000,2042650.000
0.000,2042651.000
0.000,2042652.000
0.000,2042653.000
0.000,2042654.000
0.000,2042655.000
0.000,2042656.000
0.000,2042657.000
0.000,2042658.000
0.000,2042659.000
0.000,2042660.000
0.000,2042661.000
0.000,2042662.000
0.000,2042663.000
0.000,2042664.000
0.000,2042665.000
0.000,2042666.000
0.000,2042667.000
0.000,2042668.000
0.000,2042669.000
0.000,2042670.000
0.000,2042671.000
0.000,2042672.000
0.000,2042673.000
0.000,2042674.000
0.000,2042675.000
0.000,2042676.000
0.000,2042677.000
0.000,2042678.000
0.000,2042679.000
0.000,2042680.000
0.000,2042681.000
0.000,2042682.000
0.000,2042683.000
0.000,2042684.000
0.000,2042685.000
0.000,2042686.000
0.000,2042687.000
0.000,2042688.000
0.000,2042689.000
0.000,2042690.000
0.000,2042691.000
0.000,2042692.000
0.000,2042693.000
0.000,2042694.000
0.000,2042695.000
0.000,2042696.000
0.000,2042697.000
0.000,2042698.000
0.000,2042699.000
0.000,2042700.000
0.000,2042701.000
0.000,2042702.000
0.000,2042703.000
0.000,2042704.000
0.000,2042705.000
0.000,2042706.000
0.000,2042707.000
0.000,2042708.000
0.000,2042709.000
0.000,2042710.000
0.000,2042711.000
0.000,2042712.000
0.000,2042713.000
0.000,2042714.000
0.000,2042715.000
0.000,2042716.000
0.000,2042717.000
0.000,2042718.000
0.000,2042719.000
0.000,2042720.000
0.000,2042721.000
0.000,2042722.000
0.000,2042723.000
0.000,2042724.000
0.000,2042725.000
0.000,2042726.000
0.000,2042727.000
0.000,2042728.000
0.000,2042729.000
0.000,2042730.000
0.000,2042731.000
0.000,2042732.000
0.000,2042733.000
0.000,2042734.000
0.000,2042735.000
0.000,2042736.000
0.000,2042737.000
0.000,2042738.000
0.000,2042739.000
1.000,2042740.000
0.000,2042741.000
0.000,2042742.000
0.000,2042743.000
0.000,2042744.000
0.000,2042745.000
0.000,2042746.000
0.000,2042747.000
0.000,2042748.000
0.000,2042749.000
0.000,2042750.000
0.000,2042751.000
0.000,2042752.000
0.000,2042753.000
0.000,2042754.000
0.000,2042755.000
0.000,2042756.000
0.000,2042757.000
0.000,2042758.000
0.000,2042759.000
0.000,2042760.000
0.000,2042761.000
0.000,2042762.000
0.000,2042763.000
0.000,2042764.000
0.000,2042765.000
0.000,2042766.000
0.000,2042767.000
0.000,2042768.000
0.000,2042769.000
0.000,2042770.000
0.000,2042771.000
0.000,2042772.000
0.000,2042773.000
0.000,2042774.000
0.000,2042775.000
0.000,2042776.000
0.000,2042777.000
0.000,2042778.000
0.000,2042779.000
0.000,2042780.000
0.000,2042781.000
0.000,2042782.000
1.000,2042783.000
0.000,2042784.000
0.000,2042785.000
0.000,2042786.000
0.000,2042787.000
0.000,2042788.000
0.000,2042789.000
0.000,2042790.000
0.000,2042791.000
0.000,2042792.000
0.000,2042793.000
0.000,2042794.000
0.000,2042795.000
0.000,2042796.000
0.000,2042797.000
0.000,2042798.000
0.000,2042799.000
0.000,2042800.000
0.000,2042801.000
0.000,2042802.000
0.000,2042803.000
0.000,2042804.000
0.000,2042805.000
0.000,2042806.000
0.000,2042807.000
0.000,2042808.000
0.000,2042809.000
0.000,2042810.000
0.000,2042811.000
0.000,2042812.000
0.000,2042813.000
0.000,2042814.000
0.000,2042815.000
0.000,2042816.000
0.000,2042817.000
0.000,2042818.000
0.000,2042819.000
0.000,2042820.000
0.000,2042821.000
0.000,2042822.000
0.000,2042823.000
0.000,2042824.000
0.000,2042825.000
0.000,2042826.000
0.000,2042827.000
0.000,2042828.000
0.000,2042829.000
0.000,2042830.000
0.000,2042831.000
0.000,2042832.000
0.000,2042833.000
0.000,2042834.000
0.000,2042835.000
0.000,2042836.000
0.000,2042837.000
0.000,2042838.000
0.000,2042839.000
0.000,2042840.000
0.000,2042841.000
0.000,2042842.000
0.000,2042843.000
0.000,2042844.000
0.000,2042845.000
0.000,2042846.000
0.000,2042847.000
0.000,2042848.000
0.000,2042849.000
0.000,2042850.000
0.000,2042851.000
0.000,2042852.000
1.000,2042853.000
0.000,2042854.000
0.000,2042855.000
0.000,2042856.000
0.000,2042857.000
0.000,2042858.000
0.000,2042859.000
0.000,2042860.000
0.000,2042861.000
0.000,2042862.000
0.000,2042863.000
0.000,2042864.000
0.000,2042865.000
0.000,2042866.000
0.000,2042867.000
0.000,2042868.000
0.000,2042869.000
0.000,2042870.000
0.000,2042871.000
0.000,2042872.000
0.000,2042873.000
0.000,2042874.000
0.000,2042875.000
0.000,2042876.000
0.000,2042877.000
0.000,2042878.000
0.000,2042879.000
0.000,2042880.000
0.000,2042881.000
0.000,2042882.000
0.000,2042883.000
0.000,2042884.000
0.000,2042885.000
0.000,2042886.000
0.000,2042887.000
0.000,2042888.000
0.000,2042889.000
0.000,2042890.000
0.000,2042891.000
0.000,2042892.000
0.000,2042893.000
0.000,2042894.000
0.000,2042895.000
0.000,2042896.000
0.000,2042897.000
0.000,2042898.000
0.000,2042899.000
0.000,2042900.000
0.000,2042901.000
0.000,2042902.000
0.000,2042903.000
0.000,2042904.000
0.000,2042905.000
0.000,2042906.000
0.000,2042907.000
0.000,2042908.000
0.000,2042909.000
0.000,2042910.000
0.000,2042911.000
0.000,2042912.000
0.000,2042913.000
0.000,2042914.000
0.000,2042915.000
0.000,2042916.000
0.000,2042917.000
0.000,2042918.000
0.000,2042919.000
0.000,2042920.000
0.000,2042921.000
0.000,2042922.000
0.000,2042923.000
0.000,2042924.000
0.000,2042925.000
0.000,2042926.000
0.000,2042927.000
0.000,2042928.000
0.000,2042929.000
0.000,2042930.000
0.000,2042931.000
0.000,2042932.000
0.000,2042933.000
0.000,2042934.000
0.000,2042935.000
0.000,2042936.000
0.000,2042937.000
0.000,2042938.000
0.000,2042939.000
0.000,2042940.000
0.000,2042941.000
0.000,2042942.000
0.000,2042943.000
0.000,2042944.000
0.000,2042945.000
0.000,2042946.000
0.000,2042947.000
0.000,2042948.000
0.000,2042949.000
0.000,2042950.000
0.000,2042951.000
0.000,2042952.000
0.000,2042953.000
0.000,2042954.000
0.000,2042955.000
0.000,2042956.000
1.000,2042957.000
0.000,2042958.000
0.000,2042959.000
0.000,2042960.000
0.000,2042961.000
0.000,2042962.000
0.000,2042963.000
0.000,2042964.000
0.000,2042965.000
0.000,2042966.000
0.000,2042967.000
0.000,2042968.000
0.000,2042969.000
0.000,2042970.000
0.000,2042971.000
0.000,2042972.000
0.000,2042973.000
0.000,2042974.000
0.000,2042975.000
0.000,2042976.000
0.000,2042977.000
0.000,2042978.000
0.000,2042979.000
0.000,2042980.000
0.000,2042981.000
0.000,2042982.000
0.000,2042983.000
0.000,2042984.000
0.000,2042985.000
0.000,2042986.000
0.000,2042987.000
0.000,2042988.000
0.000,2042989.000
0.000,2042990.000
0.000,2042991.000
0.000,2042992.000
0.000,2042993.000
0.000,2042994.000
0.000,2042995.000
0.000,2042996.000
0.000,2042997.000
0.000,2042998.000
0.000,2042999.000
0.000,2043000.000
0.000,2043001.000
0.000,2043002.000
0.000,2043003.000
0.000,2043004.000
0.000,2043005.000
0.000,2043006.000
0.000,2043007.000
0.000,2043008.000
0.000,2043009.000
0.000,2043010.000
0.000,2043011.000
0.000,2043012.000
0.000,2043013.000
0.000,2043014.000
0.000,2043015.000
0.000,2043016.000
0.000,2043017.000
0.000,2043018.000
0.000,2043019.000
0.000,2043020.000
0.000,2043021.000
0.000,2043022.000
0.000,2043023.000
0.000,2043024.000
0.000,2043025.000
0.000,2043026.000
0.000,2043027.000
0.000,2043028.000
0.000,2043029.000
0.000,2043030.000
0.000,2043031.000
0.000,2043032.000
0.000,2043033.000
0.000,2043034.000
0.000,2043035.000
0.000,2043036.000
0.000,2043037.000
0.000,2043038.000
0.000,2043039.000
0.000,2043040.000
0.000,2043041.000
0.000,2043042.000
0.000,2043043.000
0.000,2043044.000
0.000,2043045.000
0.000,2043046.000
0.000,2043047.000
0.000,2043048.000
0.000,2043049.000
0.000,2043050.000
0.000,2043051.000
0.000,2043052.000
0.000,2043053.000
0.000,2043054.000
0.000,2043055.000
0.000,2043056.000
0.000,2043057.000
0.000,2043058.000
0.000,2043059.000
0.000,2043060.000
0.000,2043061.000
0.000,2043062.000
0.000,2043063.000
0.000,2043064.000
0.000,2043065.000
1.000,2043066.000
0.000,2043067.000
0.000,2043068.000
0.000,2043069.000
0.000,2043070.000
0.000,2043071.000
0.000,2043072.000
0.000,2043073.000
0.000,2043074.000
0.000,2043075.000
0.000,2043076.000
0.000,2043077.000
0.000,2043078.000
1.000,2043079.000
0.000,2043080.000
0.000,2043081.000
0.000,2043082.000
0.000,2043083.000
0.000,2043084.000
0.000,2043085.000
0.000,2043086.000
0.000,2043087.000
0.000,2043088.000
0.000,2043089.000
0.000,2043090.000
0.000,2043091.000
0.000,2043092.000
1.000,2043093.000
0.000,2043094.000
0.000,2043095.000
0.000,2043096.000
0.000,2043097.000
0.000,2043098.000
0.000,2043099.000
0.000,2043100.000
0.000,2043101.000
0.000,2043102.000
0.000,2043103.000
0.000,2043104.000
0.000,2043105.000
0.000,2043106.000
0.000,2043107.000
0.000,2043108.000
0.000,2043109.000
0.000,2043110.000
0.000,2043111.000
0.000,2043112.000
0.000,2043113.000
0.000,2043114.000
0.000,2043115.000
0.000,2043116.000
0.000,2043117.000
0.000,2043118.000
0.000,2043119.000
0.000,2043120.000
0.000,2043121.000
0.000,2043122.000
0.000,2043123.000
0.000,2043124.000
0.000,2043125.000
0.000,2043126.000
0.000,2043127.000
0.000,2043128.000
0.000,2043129.000
0.000,2043130.000
0.000,2043131.000
0.000,2043132.000
0.000,2043133.000
0.000,2043134.000
0.000,2043135.000
0.000,2043136.000
0.000,2043137.000
0.000,2043138.000
0.000,2043139.000
0.000,2043140.000
0.000,2043141.000
0.000,2043142.000
0.000,2043143.000
0.000,2043144.000
0.000,2043145.000
0.000,2043146.000
0.000,2043147.000
1.000,2043148.000
0.000,2043149.000
0.000,2043150.000
0.000,2043151.000
0.000,2043152.000
0.000,2043153.000
0.000,2043154.000
0.000,2043155.000
0.000,2043156.000
0.000,2043157.000
0.000,2043158.000
0.000,2043159.000
0.000,2043160.000
0.000,2043161.000
0.000,2043162.000
0.000,2043163.000
0.000,2043164.000
0.000,2043165.000
0.000,2043166.000
0.000,2043167.000
0.000,2043168.000
0.000,2043169.000
0.000,2043170.000
0.000,2043171.000
0.000,2043172.000
0.000,2043173.000
0.000,2043174.000
0.000,2043175.000
0.000,2043176.000
0.000,2043177.000
0.000,2043178.000
0.000,2043179.000
0.000,2043180.000
0.000,2043181.000
0.000,2043182.000
0.000,2043183.000
0.000,2043184.000
0.000,2043185.000
0.000,2043186.000
0.000,2043187.000
0.000,2043188.000
1.000,2043189.000
0.000,2043190.000
0.000,2043191.000
0.000,2043192.000
0.000,2043193.000
0.000,2043194.000
0.000,2043195.000
0.000,2043196.000
0.000,2043197.000
0.000,2043198.000
0.000,2043199.000
0.000,2043200.000
0.000,2043201.000
0.000,2043202.000
0.000,2043203.000
0.000,2043204.000
0.000,2043205.000
0.000,2043206.000
0.000,2043207.000
0.000,2043208.000
0.000,2043209.000
0.000,2043210.000
0.000,2043211.000
0.000,2043212.000
0.000,2043213.000
0.000,2043214.000
0.000,2043215.000
0.000,2043216.000
0.000,2043217.000
0.000,2043218.000
0.000,2043219.000
0.000,2043220.000
0.000,2043221.000
0.000,2043222.000
0.000,2043223.000
0.000,2043224.000
0.000,2043225.000
0.000,2043226.000
0.000,2043227.000
0.000,2043228.000
0.000,2043229.000
0.000,2043230.000
0.000,2043231.000
0.000,2043232.000
0.000,2043233.000
0.000,2043234.000
0.000,2043235.000
0.000,2043236.000
0.000,2043237.000
0.000,2043238.000
0.000,2043239.000
0.000,2043240.000
0.000,2043241.000
0.000,2043242.000
0.000,2043243.000
0.000,2043244.000
0.000,2043245.000
0.000,2043246.000
0.000,2043247.000
0.000,2043248.000
0.000,2043249.000
0.000,2043250.000
0.000,2043251.000
0.000,2043252.000
0.000,2043253.000
0.000,2043254.000
0.000,2043255.000
0.000,2043256.000
0.000,2043257.000
0.000,2043258.000
0.000,2043259.000
0.000,2043260.000
0.000,2043261.000
0.000,2043262.000
0.000,2043263.000
0.000,2043264.000
0.000,2043265.000
0.000,2043266.000
0.000,2043267.000
0.000,2043268.000
0.000,2043269.000
0.000,2043270.000
0.000,2043271.000
0.000,2043272.000
0.000,2043273.000
0.000,2043274.000
0.000,2043275.000
0.000,2043276.000
0.000,2043277.000
0.000,2043278.000
0.000,2043279.000
0.000,2043280.000
0.000,2043281.000
0.000,2043282.000
0.000,2043283.000
0.000,2043284.000
0.000,2043285.000
0.000,2043286.000
0.000,2043287.000
0.000,2043288.000
0.000,2043289.000
0.000,2043290.000
0.000,2043291.000
0.000,2043292.000
0.000,2043293.000
0.000,2043294.000
0.000,2043295.000
0.000,2043296.000
0.000,2043297.000
0.000,2043298.000
0.000,2043299.000
0.000,2043300.000
0.000,2043301.000
0.000,2043302.000
0.000,2043303.000
0.000,2043304.000
0.000,2043305.000
0.000,2043306.000
0.000,2043307.000
0.000,2043308.000
0.000,2043309.000
1.000,2043310.000
0.000,2043311.000
0.000,2043312.000
0.000,2043313.000
0.000,2043314.000
0.000,2043315.000
0.000,2043316.000
0.000,2043317.000
0.000,2043318.000
0.000,2043319.000
0.000,2043320.000
0.000,2043321.000
0.000,2043322.000
0.000,2043323.000
0.000,2043324.000
0.000,2043325.000
0.000,2043326.000
0.000,2043327.000
0.000,2043328.000
0.000,2043329.000
0.000,2043330.000
0.000,2043331.000
0.000,2043332.000
0.000,2043333.000
0.000,2043334.000
0.000,2043335.000
0.000,2043336.000
0.000,2043337.000
0.000,2043338.000
0.000,2043339.000
0.000,2043340.000
0.000,2043341.000
0.000,2043342.000
0.000,2043343.000
0.000,2043344.000
0.000,2043345.000
0.000,2043346.000
0.000,2043347.000
0.000,2043348.000
0.000,2043349.000
0.000,2043350.000
0.000,2043351.000
0.000,2043352.000
0.000,2043353.000
0.000,2043354.000
0.000,2043355.000
0.000,2043356.000
0.000,2043357.000
0.000,2043358.000
0.000,2043359.000
0.000,2043360.000
0.000,2043361.000
0.000,2043362.000
0.000,2043363.000
0.000,2043364.000
0.000,2043365.000
0.000,2043366.000
0.000,2043367.000
0.000,2043368.000
0.000,2043369.000
0.000,2043370.000
0.000,2043371.000
0.000,2043372.000
0.000,2043373.000
0.000,2043374.000
0.000,2043375.000
0.000,2043376.000
0.000,2043377.000
0.000,2043378.000
0.000,2043379.000
0.000,2043380.000
0.000,2043381.000
0.000,2043382.000
0.000,2043383.000
0.000,2043384.000
0.000,2043385.000
0.000,2043386.000
0.000,2043387.000
0.000,2043388.000
0.000,2043389.000
0.000,2043390.000
0.000,2043391.000
0.000,2043392.000
0.000,2043393.000
0.000,2043394.000
0.000,2043395.000
0.000,2043396.000
0.000,2043397.000
0.000,2043398.000
0.000,2043399.000
0.000,2043400.000
0.000,2043401.000
0.000,2043402.000
0.000,2043403.000
0.000,2043404.000
0.000,2043405.000
0.000,2043406.000
0.000,2043407.000
0.000,2043408.000
0.000,2043409.000
0.000,2043410.000
0.000,2043411.000
0.000,2043412.000
0.000,2043413.000
0.000,2043414.000
0.000,2043415.000
0.000,2043416.000
0.000,2043417.000
0.000,2043418.000
0.000,2043419.000
0.000,2043420.000
0.000,2043421.000
0.000,2043422.000
1.000,2043423.000
0.000,2043424.000
0.000,2043425.000
0.000,2043426.000
0.000,2043427.000
0.000,2043428.000
0.000,2043429.000
0.000,2043430.000
0.000,2043431.000
0.000,2043432.000
0.000,2043433.000
0.000,2043434.000
0.000,2043435.000
0.000,2043436.000
0.000,2043437.000
0.000,2043438.000
0.000,2043439.000
0.000,2043440.000
0.000,2043441.000
0.000,2043442.000
0.000,2043443.000
0.000,2043444.000
0.000,2043445.000
0.000,2043446.000
0.000,2043447.000
0.000,2043448.000
0.000,2043449.000
0.000,2043450.000
0.000,2043451.000
0.000,2043452.000
0.000,2043453.000
0.000,2043454.000
0.000,2043455.000
0.000,2043456.000
0.000,2043457.000
0.000,2043458.000
0.000,2043459.000
0.000,2043460.000
0.000,2043461.000
0.000,2043462.000
0.000,2043463.000
0.000,2043464.000
0.000,2043465.000
0.000,2043466.000
0.000,2043467.000
0.000,2043468.000
0.000,2043469.000
0.000,2043470.000
0.000,2043471.000
0.000,2043472.000
0.000,2043473.000
0.000,2043474.000
0.000,2043475.000
0.000,2043476.000
0.000,2043477.000
0.000,2043478.000
0.000,2043479.000
0.000,2043480.000
0.000,2043481.000
0.000,2043482.000
0.000,2043483.000
0.000,2043484.000
0.000,2043485.000
0.000,2043486.000
0.000,2043487.000
0.000,2043488.000
0.000,2043489.000
0.000,2043490.000
0.000,2043491.000
0.000,2043492.000
0.000,2043493.000
0.000,2043494.000
0.000,2043495.000
0.000,2043496.000
0.000,2043497.000
0.000,2043498.000
0.000,2043499.000
1.000,2043500.000
0.000,2043501.000
0.000,2043502.000
0.000,2043503.000
0.000,2043504.000
0.000,2043505.000
0.000,2043506.000
0.000,2043507.000
0.000,2043508.000
0.000,2043509.000
0.000,2043510.000
0.000,2043511.000
1.000,2043512.000
0.000,2043513.000
0.000,2043514.000
0.000,2043515.000
0.000,2043516.000
0.000,2043517.000
0.000,2043518.000
0.000,2043519.000
0.000,2043520.000
1.000,2043521.000
0.000,2043522.000
0.000,2043523.000
0.000,2043524.000
0.000,2043525.000
0.000,2043526.000
0.000,2043527.000
0.000,2043528.000
0.000,2043529.000
0.000,2043530.000
0.000,2043531.000
0.000,2043532.000
0.000,2043533.000
0.000,2043534.000
0.000,2043535.000
0.000,2043536.000
0.000,2043537.000
0.000,2043538.000
0.000,2043539.000
0.000,2043540.000
0.000,2043541.000
0.000,2043542.000
0.000,2043543.000
0.000,2043544.000
0.000,2043545.000
0.000,2043546.000
0.000,2043547.000
1.000,2043548.000
0.000,2043549.000
0.000,2043550.000
0.000,2043551.000
0.000,2043552.000
0.000,2043553.000
0.000,2043554.000
0.000,2043555.000
0.000,2043556.000
1.000,2043557.000
0.000,2043558.000
0.000,2043559.000
0.000,2043560.000
0.000,2043561.000
0.000,2043562.000
0.000,2043563.000
0.000,2043564.000
0.000,2043565.000
0.000,2043566.000
0.000,2043567.000
0.000,2043568.000
0.000,2043569.000
0.000,2043570.000
0.000,2043571.000
0.000,2043572.000
0.000,2043573.000
0.000,2043574.000
0.000,2043575.000
0.000,2043576.000
0.000,2043577.000
0.000,2043578.000
0.000,2043579.000
0.000,2043580.000
0.000,2043581.000
0.000,2043582.000
0.000,2043583.000
0.000,2043584.000
0.000,2043585.000
0.000,2043586.000
0.000,2043587.000
0.000,2043588.000
0.000,2043589.000
0.000,2043590.000
0.000,2043591.000
0.000,2043592.000
0.000,2043593.000
0.000,2043594.000
0.000,2043595.000
0.000,2043596.000
0.000,2043597.000
0.000,2043598.000
0.000,2043599.000
0.000,2043600.000
0.000,2043601.000
0.000,2043602.000
0.000,2043603.000
0.000,2043604.000
0.000,2043605.000
0.000,2043606.000
0.000,2043607.000
0.000,2043608.000
0.000,2043609.000
0.000,2043610.000
0.000,2043611.000
0.000,2043612.000
0.000,2043613.000
0.000,2043614.000
0.000,2043615.000
0.000,2043616.000
0.000,2043617.000
0.000,2043618.000
0.000,2043619.000
0.000,2043620.000
0.000,2043621.000
0.000,2043622.000
0.000,2043623.000
0.000,2043624.000
0.000,2043625.000
0.000,2043626.000
0.000,2043627.000
0.000,2043628.000
0.000,2043629.000
0.000,2043630.000
0.000,2043631.000
0.000,2043632.000
0.000,2043633.000
0.000,2043634.000
0.000,2043635.000
0.000,2043636.000
0.000,2043637.000
0.000,2043638.000
0.000,2043639.000
0.000,2043640.000
0.000,2043641.000
0.000,2043642.000
0.000,2043643.000
0.000,2043644.000
0.000,2043645.000
0.000,2043646.000
0.000,2043647.000
0.000,2043648.000
0.000,2043649.000
0.000,2043650.000
0.000,2043651.000
0.000,2043652.000
0.000,2043653.000
0.000,2043654.000
0.000,2043655.000
0.000,2043656.000
0.000,2043657.000
0.000,2043658.000
1.000,2043659.000
0.000,2043660.000
0.000,2043661.000
0.000,2043662.000
0.000,2043663.000
0.000,2043664.000
0.000,2043665.000
0.000,2043666.000
0.000,2043667.000
0.000,2043668.000
0.000,2043669.000
0.000,2043670.000
0.000,2043671.000
0.000,2043672.000
0.000,2043673.000
0.000,2043674.000
0.000,2043675.000
0.000,2043676.000
0.000,2043677.000
0.000,2043678.000
0.000,2043679.000
0.000,2043680.000
0.000,2043681.000
0.000,2043682.000
0.000,2043683.000
0.000,2043684.000
0.000,2043685.000
0.000,2043686.000
1.000,2043687.000
0.000,2043688.000
0.000,2043689.000
0.000,2043690.000
0.000,2043691.000
0.000,2043692.000
0.000,2043693.000
0.000,2043694.000
0.000,2043695.000
0.000,2043696.000
0.000,2043697.000
0.000,2043698.000
0.000,2043699.000
0.000,2043700.000
0.000,2043701.000
0.000,2043702.000
0.000,2043703.000
0.000,2043704.000
0.000,2043705.000
0.000,2043706.000
0.000,2043707.000
0.000,2043708.000
0.000,2043709.000
0.000,2043710.000
0.000,2043711.000
0.000,2043712.000
0.000,2043713.000
0.000,2043714.000
0.000,2043715.000
0.000,2043716.000
0.000,2043717.000
0.000,2043718.000
0.000,2043719.000
0.000,2043720.000
0.000,2043721.000
0.000,2043722.000
0.000,2043723.000
0.000,2043724.000
0.000,2043725.000
0.000,2043726.000
0.000,2043727.000
0.000,2043728.000
0.000,2043729.000
0.000,2043730.000
0.000,2043731.000
0.000,2043732.000
0.000,2043733.000
0.000,2043734.000
0.000,2043735.000
0.000,2043736.000
0.000,2043737.000
0.000,2043738.000
0.000,2043739.000
0.000,2043740.000
0.000,2043741.000
0.000,2043742.000
0.000,2043743.000
0.000,2043744.000
0.000,2043745.000
0.000,2043746.000
0.000,2043747.000
0.000,2043748.000
0.000,2043749.000
0.000,2043750.000
0.000,2043751.000
0.000,2043752.000
0.000,2043753.000
0.000,2043754.000
0.000,2043755.000
0.000,2043756.000
0.000,2043757.000
0.000,2043758.000
0.000,2043759.000
0.000,2043760.000
0.000,2043761.000
0.000,2043762.000
0.000,2043763.000
0.000,2043764.000
0.000,2043765.000
0.000,2043766.000
0.000,2043767.000
0.000,2043768.000
0.000,2043769.000
0.000,2043770.000
0.000,2043771.000
0.000,2043772.000
0.000,2043773.000
0.000,2043774.000
0.000,2043775.000
0.000,2043776.000
0.000,2043777.000
0.000,2043778.000
0.000,2043779.000
0.000,2043780.000
0.000,2043781.000
0.000,2043782.000
0.000,2043783.000
0.000,2043784.000
0.000,2043785.000
0.000,2043786.000
0.000,2043787.000
0.000,2043788.000
0.000,2043789.000
0.000,2043790.000
0.000,2043791.000
0.000,2043792.000
0.000,2043793.000
0.000,2043794.000
0.000,2043795.000
0.000,2043796.000
0.000,2043797.000
1.000,2043798.000
0.000,2043799.000
0.000,2043800.000
0.000,2043801.000
0.000,2043802.000
0.000,2043803.000
0.000,2043804.000
0.000,2043805.000
0.000,2043806.000
0.000,2043807.000
0.000,2043808.000
0.000,2043809.000
0.000,2043810.000
0.000,2043811.000
0.000,2043812.000
0.000,2043813.000
0.000,2043814.000
0.000,2043815.000
0.000,2043816.000
0.000,2043817.000
0.000,2043818.000
0.000,2043819.000
0.000,2043820.000
0.000,2043821.000
0.000,2043822.000
0.000,2043823.000
0.000,2043824.000
0.000,2043825.000
0.000,2043826.000
0.000,2043827.000
0.000,2043828.000
0.000,2043829.000
0.000,2043830.000
0.000,2043831.000
0.000,2043832.000
0.000,2043833.000
0.000,2043834.000
0.000,2043835.000
0.000,2043836.000
0.000,2043837.000
0.000,2043838.000
0.000,2043839.000
0.000,2043840.000
0.000,2043841.000
0.000,2043842.000
0.000,2043843.000
0.000,2043844.000
0.000,2043845.000
0.000,2043846.000
0.000,2043847.000
0.000,2043848.000
0.000,2043849.000
0.000,2043850.000
0.000,2043851.000
0.000,2043852.000
0.000,2043853.000
0.000,2043854.000
0.000,2043855.000
0.000,2043856.000
0.000,2043857.000
0.000,2043858.000
0.000,2043859.000
0.000,2043860.000
0.000,2043861.000
0.000,2043862.000
0.000,2043863.000
0.000,2043864.000
0.000,2043865.000
0.000,2043866.000
0.000,2043867.000
0.000,2043868.000
0.000,2043869.000
0.000,2043870.000
0.000,2043871.000
0.000,2043872.000
0.000,2043873.000
0.000,2043874.000
0.000,2043875.000
0.000,2043876.000
0.000,2043877.000
0.000,2043878.000
0.000,2043879.000
0.000,2043880.000
0.000,2043881.000
0.000,2043882.000
0.000,2043883.000
0.000,2043884.000
0.000,2043885.000
0.000,2043886.000
1.000,2043887.000
0.000,2043888.000
0.000,2043889.000
0.000,2043890.000
0.000,2043891.000
0.000,2043892.000
0.000,2043893.000
0.000,2043894.000
0.000,2043895.000
0.000,2043896.000
0.000,2043897.000
0.000,2043898.000
0.000,2043899.000
0.000,2043900.000
0.000,2043901.000
0.000,2043902.000
0.000,2043903.000
0.000,2043904.000
0.000,2043905.000
0.000,2043906.000
0.000,2043907.000
0.000,2043908.000
0.000,2043909.000
0.000,2043910.000
0.000,2043911.000
0.000,2043912.000
0.000,2043913.000
0.000,2043914.000
0.000,2043915.000
0.000,2043916.000
0.000,2043917.000
0.000,2043918.000
0.000,2043919.000
0.000,2043920.000
0.000,2043921.000
0.000,2043922.000
0.000,2043923.000
0.000,2043924.000
0.000,2043925.000
0.000,2043926.000
0.000,2043927.000
0.000,2043928.000
0.000,2043929.000
0.000,2043930.000
0.000,2043931.000
0.000,2043932.000
0.000,2043933.000
0.000,2043934.000
0.000,2043935.000
0.000,2043936.000
0.000,2043937.000
0.000,2043938.000
0.000,2043939.000
0.000,2043940.000
0.000,2043941.000
0.000,2043942.000
0.000,2043943.000
0.000,2043944.000
0.000,2043945.000
0.000,2043946.000
0.000,2043947.000
0.000,2043948.000
0.000,2043949.000
0.000,2043950.000
0.000,2043951.000
0.000,2043952.000
0.000,2043953.000
0.000,2043954.000
0.000,2043955.000
0.000,2043956.000
0.000,2043957.000
0.000,2043958.000
0.000,2043959.000
0.000,2043960.000
0.000,2043961.000
0.000,2043962.000
0.000,2043963.000
0.000,2043964.000
0.000,2043965.000
1.000,2043966.000
1.000,2043967.000
0.000,2043968.000
0.000,2043969.000
0.000,2043970.000
0.000,2043971.000
0.000,2043972.000
0.000,2043973.000
0.000,2043974.000
0.000,2043975.000
0.000,2043976.000
0.000,2043977.000
0.000,2043978.000
0.000,2043979.000
0.000,2043980.000
0.000,2043981.000
0.000,2043982.000
0.000,2043983.000
0.000,2043984.000
0.000,2043985.000
0.000,2043986.000
0.000,2043987.000
0.000,2043988.000
0.000,2043989.000
0.000,2043990.000
0.000,2043991.000
0.000,2043992.000
0.000,2043993.000
0.000,2043994.000
0.000,2043995.000
0.000,2043996.000
0.000,2043997.000
0.000,2043998.000
0.000,2043999.000
0.000,2044000.000
0.000,2044001.000
0.000,2044002.000
0.000,2044003.000
0.000,2044004.000
0.000,2044005.000
0.000,2044006.000
0.000,2044007.000
0.000,2044008.000
0.000,2044009.000
0.000,2044010.000
0.000,2044011.000
0.000,2044012.000
0.000,2044013.000
0.000,2044014.000
0.000,2044015.000
0.000,2044016.000
0.000,2044017.000
0.000,2044018.000
0.000,2044019.000
0.000,2044020.000
0.000,2044021.000
0.000,2044022.000
0.000,2044023.000
0.000,2044024.000
0.000,2044025.000
0.000,2044026.000
0.000,2044027.000
0.000,2044028.000
0.000,2044029.000
0.000,2044030.000
0.000,2044031.000
0.000,2044032.000
0.000,2044033.000
0.000,2044034.000
0.000,2044035.000
0.000,2044036.000
1.000,2044037.000
0.000,2044038.000
0.000,2044039.000
0.000,2044040.000
0.000,2044041.000
0.000,2044042.000
1.000,2044043.000
0.000,2044044.000
0.000,2044045.000
0.000,2044046.000
0.000,2044047.000
0.000,2044048.000
0.000,2044049.000
0.000,2044050.000
0.000,2044051.000
0.000,2044052.000
0.000,2044053.000
0.000,2044054.000
0.000,2044055.000
0.000,2044056.000
0.000,2044057.000
0.000,2044058.000
1.000,2044059.000
0.000,2044060.000
0.000,2044061.000
0.000,2044062.000
0.000,2044063.000
0.000,2044064.000
0.000,2044065.000
0.000,2044066.000
0.000,2044067.000
0.000,2044068.000
0.000,2044069.000
0.000,2044070.000
0.000,2044071.000
0.000,2044072.000
0.000,2044073.000
0.000,2044074.000
0.000,2044075.000
0.000,2044076.000
0.000,2044077.000
0.000,2044078.000
0.000,2044079.000
0.000,2044080.000
0.000,2044081.000
0.000,2044082.000
0.000,2044083.000
0.000,2044084.000
1.000,2044085.000
0.000,2044086.000
0.000,2044087.000
0.000,2044088.000
0.000,2044089.000
0.000,2044090.000
0.000,2044091.000
0.000,2044092.000
0.000,2044093.000
0.000,2044094.000
0.000,2044095.000
0.000,2044096.000
0.000,2044097.000
0.000,2044098.000
0.000,2044099.000
0.000,2044100.000
0.000,2044101.000
0.000,2044102.000
0.000,2044103.000
0.000,2044104.000
0.000,2044105.000
0.000,2044106.000
0.000,2044107.000
0.000,2044108.000
0.000,2044109.000
1.000,2044110.000
0.000,2044111.000
0.000,2044112.000
0.000,2044113.000
0.000,2044114.000
0.000,2044115.000
1.000,2044116.000
0.000,2044117.000
0.000,2044118.000
0.000,2044119.000
0.000,2044120.000
0.000,2044121.000
0.000,2044122.000
0.000,2044123.000
0.000,2044124.000
0.000,2044125.000
0.000,2044126.000
0.000,2044127.000
0.000,2044128.000
0.000,2044129.000
0.000,2044130.000
0.000,2044131.000
0.000,2044132.000
0.000,2044133.000
0.000,2044134.000
0.000,2044135.000
0.000,2044136.000
0.000,2044137.000
0.000,2044138.000
0.000,2044139.000
0.000,2044140.000
0.000,2044141.000
0.000,2044142.000
0.000,2044143.000
0.000,2044144.000
0.000,2044145.000
0.000,2044146.000
0.000,2044147.000
0.000,2044148.000
0.000,2044149.000
0.000,2044150.000
0.000,2044151.000
0.000,2044152.000
0.000,2044153.000
0.000,2044154.000
0.000,2044155.000
0.000,2044156.000
0.000,2044157.000
0.000,2044158.000
0.000,2044159.000
0.000,2044160.000
0.000,2044161.000
0.000,2044162.000
0.000,2044163.000
0.000,2044164.000
0.000,2044165.000
0.000,2044166.000
0.000,2044167.000
0.000,2044168.000
0.000,2044169.000
0.000,2044170.000
0.000,2044171.000
0.000,2044172.000
0.000,2044173.000
1.000,2044174.000
0.000,2044175.000
0.000,2044176.000
0.000,2044177.000
0.000,2044178.000
0.000,2044179.000
0.000,2044180.000
0.000,2044181.000
0.000,2044182.000
0.000,2044183.000
0.000,2044184.000
0.000,2044185.000
0.000,2044186.000
0.000,2044187.000
0.000,2044188.000
0.000,2044189.000
0.000,2044190.000
1.000,2044191.000
0.000,2044192.000
0.000,2044193.000
0.000,2044194.000
0.000,2044195.000
0.000,2044196.000
0.000,2044197.000
0.000,2044198.000
0.000,2044199.000
0.000,2044200.000
0.000,2044201.000
0.000,2044202.000
0.000,2044203.000
0.000,2044204.000
0.000,2044205.000
0.000,2044206.000
0.000,2044207.000
0.000,2044208.000
0.000,2044209.000
0.000,2044210.000
0.000,2044211.000
0.000,2044212.000
0.000,2044213.000
0.000,2044214.000
0.000,2044215.000
0.000,2044216.000
0.000,2044217.000
0.000,2044218.000
0.000,2044219.000
0.000,2044220.000
0.000,2044221.000
0.000,2044222.000
0.000,2044223.000
0.000,2044224.000
0.000,2044225.000
0.000,2044226.000
0.000,2044227.000
0.000,2044228.000
0.000,2044229.000
0.000,2044230.000
0.000,2044231.000
0.000,2044232.000
0.000,2044233.000
0.000,2044234.000
0.000,2044235.000
0.000,2044236.000
0.000,2044237.000
1.000,2044238.000
0.000,2044239.000
0.000,2044240.000
0.000,2044241.000
0.000,2044242.000
0.000,2044243.000
0.000,2044244.000
0.000,2044245.000
0.000,2044246.000
0.000,2044247.000
0.000,2044248.000
0.000,2044249.000
0.000,2044250.000
0.000,2044251.000
0.000,2044252.000
0.000,2044253.000
0.000,2044254.000
0.000,2044255.000
0.000,2044256.000
0.000,2044257.000
0.000,2044258.000
0.000,2044259.000
0.000,2044260.000
0.000,2044261.000
0.000,2044262.000
0.000,2044263.000
0.000,2044264.000
0.000,2044265.000
0.000,2044266.000
0.000,2044267.000
0.000,2044268.000
0.000,2044269.000
0.000,2044270.000
0.000,2044271.000
0.000,2044272.000
0.000,2044273.000
0.000,2044274.000
0.000,2044275.000
0.000,2044276.000
0.000,2044277.000
0.000,2044278.000
0.000,2044279.000
0.000,2044280.000
0.000,2044281.000
0.000,2044282.000
0.000,2044283.000
0.000,2044284.000
0.000,2044285.000
0.000,2044286.000
0.000,2044287.000
0.000,2044288.000
0.000,2044289.000
0.000,2044290.000
0.000,2044291.000
0.000,2044292.000
0.000,2044293.000
0.000,2044294.000
0.000,2044295.000
0.000,2044296.000
0.000,2044297.000
0.000,2044298.000
0.000,2044299.000
0.000,2044300.000
0.000,2044301.000
0.000,2044302.000
0.000,2044303.000
0.000,2044304.000
0.000,2044305.000
0.000,2044306.000
0.000,2044307.000
0.000,2044308.000
0.000,2044309.000
0.000,2044310.000
0.000,2044311.000
0.000,2044312.000
0.000,2044313.000
0.000,2044314.000
0.000,2044315.000
0.000,2044316.000
0.000,2044317.000
0.000,2044318.000
0.000,2044319.000
0.000,2044320.000
0.000,2044321.000
0.000,2044322.000
0.000,2044323.000
0.000,2044324.000
0.000,2044325.000
0.000,2044326.000
0.000,2044327.000
0.000,2044328.000
0.000,2044329.000
0.000,2044330.000
0.000,2044331.000
0.000,2044332.000
0.000,2044333.000
0.000,2044334.000
0.000,2044335.000
0.000,2044336.000
0.000,2044337.000
0.000,2044338.000
0.000,2044339.000
0.000,2044340.000
0.000,2044341.000
0.000,2044342.000
0.000,2044343.000
0.000,2044344.000
0.000,2044345.000
0.000,2044346.000
0.000,2044347.000
0.000,2044348.000
0.000,2044349.000
0.000,2044350.000
0.000,2044351.000
0.000,2044352.000
0.000,2044353.000
0.000,2044354.000
0.000,2044355.000
0.000,2044356.000
0.000,2044357.000
0.000,2044358.000
0.000,2044359.000
0.000,2044360.000
0.000,2044361.000
1.000,2044362.000
0.000,2044363.000
0.000,2044364.000
0.000,2044365.000
0.000,2044366.000
0.000,2044367.000
0.000,2044368.000
0.000,2044369.000
0.000,2044370.000
0.000,2044371.000
0.000,2044372.000
0.000,2044373.000
0.000,2044374.000
0.000,2044375.000
0.000,2044376.000
0.000,2044377.000
0.000,2044378.000
0.000,2044379.000
0.000,2044380.000
0.000,2044381.000
0.000,2044382.000
0.000,2044383.000
0.000,2044384.000
0.000,2044385.000
0.000,2044386.000
1.000,2044387.000
0.000,2044388.000
0.000,2044389.000
0.000,2044390.000
0.000,2044391.000
0.000,2044392.000
0.000,2044393.000
0.000,2044394.000
0.000,2044395.000
0.000,2044396.000
0.000,2044397.000
0.000,2044398.000
0.000,2044399.000
0.000,2044400.000
0.000,2044401.000
0.000,2044402.000
0.000,2044403.000
0.000,2044404.000
1.000,2044405.000
0.000,2044406.000
0.000,2044407.000
0.000,2044408.000
0.000,2044409.000
0.000,2044410.000
0.000,2044411.000
0.000,2044412.000
0.000,2044413.000
0.000,2044414.000
0.000,2044415.000
0.000,2044416.000
0.000,2044417.000
0.000,2044418.000
0.000,2044419.000
0.000,2044420.000
0.000,2044421.000
0.000,2044422.000
0.000,2044423.000
0.000,2044424.000
0.000,2044425.000
0.000,2044426.000
0.000,2044427.000
0.000,2044428.000
0.000,2044429.000
0.000,2044430.000
0.000,2044431.000
0.000,2044432.000
0.000,2044433.000
0.000,2044434.000
0.000,2044435.000
0.000,2044436.000
0.000,2044437.000
0.000,2044438.000
0.000,2044439.000
0.000,2044440.000
0.000,2044441.000
0.000,2044442.000
0.000,2044443.000
0.000,2044444.000
0.000,2044445.000
0.000,2044446.000
0.000,2044447.000
0.000,2044448.000
0.000,2044449.000
0.000,2044450.000
0.000,2044451.000
0.000,2044452.000
0.000,2044453.000
1.000,2044454.000
0.000,2044455.000
0.000,2044456.000
0.000,2044457.000
0.000,2044458.000
0.000,2044459.000
0.000,2044460.000
0.000,2044461.000
0.000,2044462.000
0.000,2044463.000
0.000,2044464.000
0.000,2044465.000
0.000,2044466.000
0.000,2044467.000
0.000,2044468.000
0.000,2044469.000
0.000,2044470.000
0.000,2044471.000
0.000,2044472.000
0.000,2044473.000
0.000,2044474.000
0.000,2044475.000
0.000,2044476.000
0.000,2044477.000
0.000,2044478.000
0.000,2044479.000
0.000,2044480.000
0.000,2044481.000
0.000,2044482.000
0.000,2044483.000
0.000,2044484.000
0.000,2044485.000
0.000,2044486.000
0.000,2044487.000
0.000,2044488.000
0.000,2044489.000
0.000,2044490.000
0.000,2044491.000
0.000,2044492.000
0.000,2044493.000
0.000,2044494.000
0.000,2044495.000
0.000,2044496.000
0.000,2044497.000
0.000,2044498.000
0.000,2044499.000
0.000,2044500.000
0.000,2044501.000
0.000,2044502.000
0.000,2044503.000
0.000,2044504.000
0.000,2044505.000
0.000,2044506.000
0.000,2044507.000
0.000,2044508.000
0.000,2044509.000
0.000,2044510.000
0.000,2044511.000
0.000,2044512.000
0.000,2044513.000
0.000,2044514.000
0.000,2044515.000
0.000,2044516.000
0.000,2044517.000
0.000,2044518.000
0.000,2044519.000
0.000,2044520.000
0.000,2044521.000
0.000,2044522.000
0.000,2044523.000
1.000,2044524.000
0.000,2044525.000
0.000,2044526.000
0.000,2044527.000
0.000,2044528.000
0.000,2044529.000
0.000,2044530.000
0.000,2044531.000
0.000,2044532.000
0.000,2044533.000
0.000,2044534.000
0.000,2044535.000
0.000,2044536.000
0.000,2044537.000
0.000,2044538.000
0.000,2044539.000
0.000,2044540.000
0.000,2044541.000
0.000,2044542.000
0.000,2044543.000
0.000,2044544.000
0.000,2044545.000
0.000,2044546.000
0.000,2044547.000
0.000,2044548.000
0.000,2044549.000
0.000,2044550.000
0.000,2044551.000
0.000,2044552.000
0.000,2044553.000
0.000,2044554.000
0.000,2044555.000
0.000,2044556.000
0.000,2044557.000
0.000,2044558.000
0.000,2044559.000
0.000,2044560.000
0.000,2044561.000
0.000,2044562.000
0.000,2044563.000
0.000,2044564.000
0.000,2044565.000
0.000,2044566.000
0.000,2044567.000
0.000,2044568.000
0.000,2044569.000
0.000,2044570.000
0.000,2044571.000
0.000,2044572.000
0.000,2044573.000
0.000,2044574.000
0.000,2044575.000
0.000,2044576.000
0.000,2044577.000
0.000,2044578.000
0.000,2044579.000
0.000,2044580.000
0.000,2044581.000
0.000,2044582.000
0.000,2044583.000
0.000,2044584.000
0.000,2044585.000
0.000,2044586.000
0.000,2044587.000
0.000,2044588.000
0.000,2044589.000
0.000,2044590.000
0.000,2044591.000
0.000,2044592.000
1.000,2044593.000
0.000,2044594.000
0.000,2044595.000
0.000,2044596.000
0.000,2044597.000
0.000,2044598.000
0.000,2044599.000
0.000,2044600.000
0.000,2044601.000
0.000,2044602.000
0.000,2044603.000
0.000,2044604.000
0.000,2044605.000
0.000,2044606.000
0.000,2044607.000
0.000,2044608.000
0.000,2044609.000
0.000,2044610.000
0.000,2044611.000
0.000,2044612.000
0.000,2044613.000
0.000,2044614.000
0.000,2044615.000
0.000,2044616.000
0.000,2044617.000
0.000,2044618.000
0.000,2044619.000
0.000,2044620.000
0.000,2044621.000
0.000,2044622.000
0.000,2044623.000
0.000,2044624.000
0.000,2044625.000
0.000,2044626.000
0.000,2044627.000
0.000,2044628.000
0.000,2044629.000
0.000,2044630.000
0.000,2044631.000
0.000,2044632.000
0.000,2044633.000
0.000,2044634.000
0.000,2044635.000
0.000,2044636.000
0.000,2044637.000
0.000,2044638.000
0.000,2044639.000
0.000,2044640.000
0.000,2044641.000
0.000,2044642.000
0.000,2044643.000
0.000,2044644.000
0.000,2044645.000
0.000,2044646.000
0.000,2044647.000
0.000,2044648.000
0.000,2044649.000
0.000,2044650.000
0.000,2044651.000
0.000,2044652.000
0.000,2044653.000
0.000,2044654.000
0.000,2044655.000
0.000,2044656.000
0.000,2044657.000
0.000,2044658.000
0.000,2044659.000
0.000,2044660.000
0.000,2044661.000
0.000,2044662.000
0.000,2044663.000
0.000,2044664.000
0.000,2044665.000
0.000,2044666.000
0.000,2044667.000
0.000,2044668.000
0.000,2044669.000
0.000,2044670.000
0.000,2044671.000
0.000,2044672.000
0.000,2044673.000
0.000,2044674.000
0.000,2044675.000
0.000,2044676.000
0.000,2044677.000
0.000,2044678.000
0.000,2044679.000
0.000,2044680.000
0.000,2044681.000
0.000,2044682.000
0.000,2044683.000
0.000,2044684.000
0.000,2044685.000
0.000,2044686.000
0.000,2044687.000
0.000,2044688.000
0.000,2044689.000
0.000,2044690.000
0.000,2044691.000
0.000,2044692.000
0.000,2044693.000
0.000,2044694.000
0.000,2044695.000
0.000,2044696.000
0.000,2044697.000
0.000,2044698.000
0.000,2044699.000
0.000,2044700.000
0.000,2044701.000
0.000,2044702.000
0.000,2044703.000
0.000,2044704.000
0.000,2044705.000
0.000,2044706.000
0.000,2044707.000
0.000,2044708.000
0.000,2044709.000
1.000,2044710.000
0.000,2044711.000
0.000,2044712.000
0.000,2044713.000
0.000,2044714.000
0.000,2044715.000
0.000,2044716.000
0.000,2044717.000
0.000,2044718.000
0.000,2044719.000
0.000,2044720.000
0.000,2044721.000
0.000,2044722.000
0.000,2044723.000
0.000,2044724.000
0.000,2044725.000
0.000,2044726.000
0.000,2044727.000
0.000,2044728.000
0.000,2044729.000
0.000,2044730.000
0.000,2044731.000
1.000,2044732.000
0.000,2044733.000
0.000,2044734.000
0.000,2044735.000
0.000,2044736.000
0.000,2044737.000
0.000,2044738.000
0.000,2044739.000
0.000,2044740.000
0.000,2044741.000
0.000,2044742.000
0.000,2044743.000
1.000,2044744.000
0.000,2044745.000
0.000,2044746.000
0.000,2044747.000
0.000,2044748.000
0.000,2044749.000
0.000,2044750.000
0.000,2044751.000
0.000,2044752.000
0.000,2044753.000
0.000,2044754.000
0.000,2044755.000
0.000,2044756.000
0.000,2044757.000
0.000,2044758.000
0.000,2044759.000
0.000,2044760.000
0.000,2044761.000
0.000,2044762.000
0.000,2044763.000
0.000,2044764.000
0.000,2044765.000
0.000,2044766.000
0.000,2044767.000
0.000,2044768.000
0.000,2044769.000
0.000,2044770.000
0.000,2044771.000
0.000,2044772.000
0.000,2044773.000
0.000,2044774.000
0.000,2044775.000
0.000,2044776.000
0.000,2044777.000
0.000,2044778.000
0.000,2044779.000
0.000,2044780.000
0.000,2044781.000
0.000,2044782.000
0.000,2044783.000
0.000,2044784.000
0.000,2044785.000
0.000,2044786.000
0.000,2044787.000
0.000,2044788.000
0.000,2044789.000
0.000,2044790.000
0.000,2044791.000
0.000,2044792.000
0.000,2044793.000
0.000,2044794.000
0.000,2044795.000
0.000,2044796.000
0.000,2044797.000
0.000,2044798.000
0.000,2044799.000
0.000,2044800.000
0.000,2044801.000
0.000,2044802.000
0.000,2044803.000
0.000,2044804.000
0.000,2044805.000
0.000,2044806.000
0.000,2044807.000
0.000,2044808.000
0.000,2044809.000
0.000,2044810.000
0.000,2044811.000
0.000,2044812.000
0.000,2044813.000
0.000,2044814.000
0.000,2044815.000
0.000,2044816.000
0.000,2044817.000
0.000,2044818.000
0.000,2044819.000
0.000,2044820.000
0.000,2044821.000
0.000,2044822.000
0.000,2044823.000
0.000,2044824.000
0.000,2044825.000
0.000,2044826.000
0.000,2044827.000
0.000,2044828.000
0.000,2044829.000
0.000,2044830.000
1.000,2044831.000
0.000,2044832.000
0.000,2044833.000
0.000,2044834.000
0.000,2044835.000
0.000,2044836.000
0.000,2044837.000
0.000,2044838.000
0.000,2044839.000
0.000,2044840.000
0.000,2044841.000
0.000,2044842.000
0.000,2044843.000
0.000,2044844.000
0.000,2044845.000
0.000,2044846.000
0.000,2044847.000
0.000,2044848.000
0.000,2044849.000
0.000,2044850.000
0.000,2044851.000
0.000,2044852.000
0.000,2044853.000
0.000,2044854.000
0.000,2044855.000
0.000,2044856.000
1.000,2044857.000
0.000,2044858.000
0.000,2044859.000
0.000,2044860.000
0.000,2044861.000
0.000,2044862.000
0.000,2044863.000
0.000,2044864.000
0.000,2044865.000
0.000,2044866.000
0.000,2044867.000
0.000,2044868.000
0.000,2044869.000
0.000,2044870.000
0.000,2044871.000
0.000,2044872.000
0.000,2044873.000
0.000,2044874.000
0.000,2044875.000
0.000,2044876.000
0.000,2044877.000
0.000,2044878.000
0.000,2044879.000
0.000,2044880.000
0.000,2044881.000
0.000,2044882.000
0.000,2044883.000
0.000,2044884.000
0.000,2044885.000
0.000,2044886.000
1.000,2044887.000
0.000,2044888.000
0.000,2044889.000
0.000,2044890.000
0.000,2044891.000
0.000,2044892.000
0.000,2044893.000
0.000,2044894.000
0.000,2044895.000
0.000,2044896.000
0.000,2044897.000
0.000,2044898.000
0.000,2044899.000
0.000,2044900.000
0.000,2044901.000
0.000,2044902.000
0.000,2044903.000
0.000,2044904.000
0.000,2044905.000
0.000,2044906.000
0.000,2044907.000
0.000,2044908.000
0.000,2044909.000
0.000,2044910.000
0.000,2044911.000
0.000,2044912.000
0.000,2044913.000
0.000,2044914.000
0.000,2044915.000
0.000,2044916.000
0.000,2044917.000
0.000,2044918.000
0.000,2044919.000
0.000,2044920.000
0.000,2044921.000
0.000,2044922.000
0.000,2044923.000
0.000,2044924.000
0.000,2044925.000
0.000,2044926.000
0.000,2044927.000
0.000,2044928.000
0.000,2044929.000
0.000,2044930.000
0.000,2044931.000
0.000,2044932.000
0.000,2044933.000
1.000,2044934.000
0.000,2044935.000
0.000,2044936.000
0.000,2044937.000
0.000,2044938.000
0.000,2044939.000
0.000,2044940.000
0.000,2044941.000
0.000,2044942.000
0.000,2044943.000
0.000,2044944.000
0.000,2044945.000
0.000,2044946.000
0.000,2044947.000
0.000,2044948.000
0.000,2044949.000
0.000,2044950.000
0.000,2044951.000
0.000,2044952.000
0.000,2044953.000
0.000,2044954.000
0.000,2044955.000
0.000,2044956.000
0.000,2044957.000
0.000,2044958.000
0.000,2044959.000
0.000,2044960.000
1.000,2044961.000
0.000,2044962.000
0.000,2044963.000
0.000,2044964.000
0.000,2044965.000
0.000,2044966.000
0.000,2044967.000
0.000,2044968.000
0.000,2044969.000
0.000,2044970.000
0.000,2044971.000
0.000,2044972.000
0.000,2044973.000
0.000,2044974.000
0.000,2044975.000
0.000,2044976.000
0.000,2044977.000
0.000,2044978.000
0.000,2044979.000
0.000,2044980.000
0.000,2044981.000
0.000,2044982.000
0.000,2044983.000
0.000,2044984.000
0.000,2044985.000
0.000,2044986.000
0.000,2044987.000
0.000,2044988.000
0.000,2044989.000
0.000,2044990.000
0.000,2044991.000
0.000,2044992.000
0.000,2044993.000
0.000,2044994.000
0.000,2044995.000
0.000,2044996.000
0.000,2044997.000
0.000,2044998.000
0.000,2044999.000
0.000,2045000.000
0.000,2045001.000
0.000,2045002.000
0.000,2045003.000
0.000,2045004.000
0.000,2045005.000
0.000,2045006.000
0.000,2045007.000
0.000,2045008.000
0.000,2045009.000
0.000,2045010.000
0.000,2045011.000
0.000,2045012.000
0.000,2045013.000
0.000,2045014.000
0.000,2045015.000
0.000,2045016.000
0.000,2045017.000
0.000,2045018.000
0.000,2045019.000
0.000,2045020.000
0.000,2045021.000
0.000,2045022.000
0.000,2045023.000
0.000,2045024.000
0.000,2045025.000
0.000,2045026.000
0.000,2045027.000
0.000,2045028.000
0.000,2045029.000
0.000,2045030.000
0.000,2045031.000
0.000,2045032.000
0.000,2045033.000
0.000,2045034.000
0.000,2045035.000
0.000,2045036.000
0.000,2045037.000
0.000,2045038.000
0.000,2045039.000
0.000,2045040.000
0.000,2045041.000
0.000,2045042.000
0.000,2045043.000
0.000,2045044.000
0.000,2045045.000
0.000,2045046.000
0.000,2045047.000
0.000,2045048.000
0.000,2045049.000
0.000,2045050.000
0.000,2045051.000
0.000,2045052.000
0.000,2045053.000
0.000,2045054.000
0.000,2045055.000
0.000,2045056.000
0.000,2045057.000
0.000,2045058.000
0.000,2045059.000
0.000,2045060.000
0.000,2045061.000
0.000,2045062.000
0.000,2045063.000
0.000,2045064.000
0.000,2045065.000
0.000,2045066.000
0.000,2045067.000
0.000,2045068.000
0.000,2045069.000
0.000,2045070.000
0.000,2045071.000
0.000,2045072.000
0.000,2045073.000
0.000,2045074.000
0.000,2045075.000
0.000,2045076.000
0.000,2045077.000
0.000,2045078.000
0.000,2045079.000
0.000,2045080.000
1.000,2045081.000
0.000,2045082.000
0.000,2045083.000
0.000,2045084.000
0.000,2045085.000
0.000,2045086.000
0.000,2045087.000
0.000,2045088.000
0.000,2045089.000
0.000,2045090.000
0.000,2045091.000
0.000,2045092.000
0.000,2045093.000
0.000,2045094.000
0.000,2045095.000
0.000,2045096.000
0.000,2045097.000
0.000,2045098.000
0.000,2045099.000
0.000,2045100.000
0.000,2045101.000
0.000,2045102.000
0.000,2045103.000
0.000,2045104.000
0.000,2045105.000
0.000,2045106.000
0.000,2045107.000
0.000,2045108.000
0.000,2045109.000
0.000,2045110.000
0.000,2045111.000
0.000,2045112.000
0.000,2045113.000
0.000,2045114.000
0.000,2045115.000
0.000,2045116.000
0.000,2045117.000
0.000,2045118.000
0.000,2045119.000
0.000,2045120.000
0.000,2045121.000
0.000,2045122.000
0.000,2045123.000
0.000,2045124.000
0.000,2045125.000
0.000,2045126.000
0.000,2045127.000
0.000,2045128.000
0.000,2045129.000
0.000,2045130.000
0.000,2045131.000
0.000,2045132.000
0.000,2045133.000
0.000,2045134.000
0.000,2045135.000
0.000,2045136.000
0.000,2045137.000
0.000,2045138.000
0.000,2045139.000
0.000,2045140.000
0.000,2045141.000
0.000,2045142.000
0.000,2045143.000
0.000,2045144.000
0.000,2045145.000
0.000,2045146.000
0.000,2045147.000
0.000,2045148.000
0.000,2045149.000
0.000,2045150.000
0.000,2045151.000
0.000,2045152.000
0.000,2045153.000
0.000,2045154.000
0.000,2045155.000
0.000,2045156.000
0.000,2045157.000
0.000,2045158.000
0.000,2045159.000
0.000,2045160.000
0.000,2045161.000
0.000,2045162.000
0.000,2045163.000
0.000,2045164.000
0.000,2045165.000
0.000,2045166.000
0.000,2045167.000
0.000,2045168.000
0.000,2045169.000
0.000,2045170.000
0.000,2045171.000
0.000,2045172.000
0.000,2045173.000
0.000,2045174.000
0.000,2045175.000
0.000,2045176.000
0.000,2045177.000
0.000,2045178.000
0.000,2045179.000
0.000,2045180.000
0.000,2045181.000
0.000,2045182.000
0.000,2045183.000
0.000,2045184.000
0.000,2045185.000
0.000,2045186.000
0.000,2045187.000
0.000,2045188.000
0.000,2045189.000
0.000,2045190.000
0.000,2045191.000
0.000,2045192.000
0.000,2045193.000
0.000,2045194.000
0.000,2045195.000
0.000,2045196.000
0.000,2045197.000
0.000,2045198.000
0.000,2045199.000
0.000,2045200.000
0.000,2045201.000
0.000,2045202.000
0.000,2045203.000
0.000,2045204.000
0.000,2045205.000
0.000,2045206.000
0.000,2045207.000
0.000,2045208.000
0.000,2045209.000
0.000,2045210.000
0.000,2045211.000
0.000,2045212.000
0.000,2045213.000
0.000,2045214.000
0.000,2045215.000
0.000,2045216.000
0.000,2045217.000
0.000,2045218.000
0.000,2045219.000
1.000,2045220.000
0.000,2045221.000
0.000,2045222.000
0.000,2045223.000
0.000,2045224.000
0.000,2045225.000
0.000,2045226.000
0.000,2045227.000
0.000,2045228.000
0.000,2045229.000
0.000,2045230.000
0.000,2045231.000
0.000,2045232.000
0.000,2045233.000
0.000,2045234.000
0.000,2045235.000
0.000,2045236.000
0.000,2045237.000
0.000,2045238.000
0.000,2045239.000
0.000,2045240.000
0.000,2045241.000
0.000,2045242.000
0.000,2045243.000
0.000,2045244.000
0.000,2045245.000
0.000,2045246.000
0.000,2045247.000
0.000,2045248.000
1.000,2045249.000
0.000,2045250.000
0.000,2045251.000
0.000,2045252.000
0.000,2045253.000
0.000,2045254.000
0.000,2045255.000
0.000,2045256.000
0.000,2045257.000
0.000,2045258.000
0.000,2045259.000
0.000,2045260.000
0.000,2045261.000
0.000,2045262.000
0.000,2045263.000
0.000,2045264.000
0.000,2045265.000
0.000,2045266.000
0.000,2045267.000
0.000,2045268.000
0.000,2045269.000
0.000,2045270.000
0.000,2045271.000
0.000,2045272.000
0.000,2045273.000
0.000,2045274.000
0.000,2045275.000
0.000,2045276.000
0.000,2045277.000
0.000,2045278.000
0.000,2045279.000
0.000,2045280.000
0.000,2045281.000
0.000,2045282.000
0.000,2045283.000
1.000,2045284.000
0.000,2045285.000
0.000,2045286.000
0.000,2045287.000
0.000,2045288.000
0.000,2045289.000
0.000,2045290.000
0.000,2045291.000
0.000,2045292.000
0.000,2045293.000
0.000,2045294.000
0.000,2045295.000
0.000,2045296.000
0.000,2045297.000
0.000,2045298.000
0.000,2045299.000
0.000,2045300.000
0.000,2045301.000
0.000,2045302.000
0.000,2045303.000
0.000,2045304.000
0.000,2045305.000
0.000,2045306.000
0.000,2045307.000
0.000,2045308.000
0.000,2045309.000
0.000,2045310.000
0.000,2045311.000
0.000,2045312.000
0.000,2045313.000
0.000,2045314.000
0.000,2045315.000
1.000,2045316.000
0.000,2045317.000
0.000,2045318.000
0.000,2045319.000
0.000,2045320.000
0.000,2045321.000
0.000,2045322.000
0.000,2045323.000
0.000,2045324.000
0.000,2045325.000
0.000,2045326.000
0.000,2045327.000
0.000,2045328.000
0.000,2045329.000
0.000,2045330.000
0.000,2045331.000
0.000,2045332.000
0.000,2045333.000
0.000,2045334.000
0.000,2045335.000
0.000,2045336.000
0.000,2045337.000
0.000,2045338.000
0.000,2045339.000
0.000,2045340.000
0.000,2045341.000
0.000,2045342.000
0.000,2045343.000
0.000,2045344.000
0.000,2045345.000
0.000,2045346.000
0.000,2045347.000
0.000,2045348.000
0.000,2045349.000
0.000,2045350.000
1.000,2045351.000
0.000,2045352.000
0.000,2045353.000
0.000,2045354.000
0.000,2045355.000
0.000,2045356.000
0.000,2045357.000
0.000,2045358.000
0.000,2045359.000
0.000,2045360.000
0.000,2045361.000
0.000,2045362.000
0.000,2045363.000
0.000,2045364.000
0.000,2045365.000
0.000,2045366.000
0.000,2045367.000
0.000,2045368.000
0.000,2045369.000
0.000,2045370.000
0.000,2045371.000
0.000,2045372.000
0.000,2045373.000
0.000,2045374.000
0.000,2045375.000
0.000,2045376.000
0.000,2045377.000
0.000,2045378.000
0.000,2045379.000
0.000,2045380.000
0.000,2045381.000
0.000,2045382.000
0.000,2045383.000
0.000,2045384.000
0.000,2045385.000
0.000,2045386.000
0.000,2045387.000
0.000,2045388.000
0.000,2045389.000
0.000,2045390.000
0.000,2045391.000
0.000,2045392.000
0.000,2045393.000
0.000,2045394.000
0.000,2045395.000
0.000,2045396.000
0.000,2045397.000
0.000,2045398.000
0.000,2045399.000
0.000,2045400.000
0.000,2045401.000
0.000,2045402.000
0.000,2045403.000
0.000,2045404.000
0.000,2045405.000
0.000,2045406.000
0.000,2045407.000
0.000,2045408.000
0.000,2045409.000
0.000,2045410.000
0.000,2045411.000
0.000,2045412.000
0.000,2045413.000
0.000,2045414.000
0.000,2045415.000
0.000,2045416.000
0.000,2045417.000
0.000,2045418.000
0.000,2045419.000
0.000,2045420.000
0.000,2045421.000
0.000,2045422.000
0.000,2045423.000
0.000,2045424.000
0.000,2045425.000
0.000,2045426.000
0.000,2045427.000
0.000,2045428.000
0.000,2045429.000
0.000,2045430.000
0.000,2045431.000
0.000,2045432.000
0.000,2045433.000
0.000,2045434.000
0.000,2045435.000
1.000,2045436.000
0.000,2045437.000
0.000,2045438.000
0.000,2045439.000
0.000,2045440.000
0.000,2045441.000
0.000,2045442.000
0.000,2045443.000
0.000,2045444.000
0.000,2045445.000
0.000,2045446.000
0.000,2045447.000
0.000,2045448.000
0.000,2045449.000
0.000,2045450.000
0.000,2045451.000
0.000,2045452.000
0.000,2045453.000
0.000,2045454.000
0.000,2045455.000
0.000,2045456.000
0.000,2045457.000
0.000,2045458.000
0.000,2045459.000
0.000,2045460.000
0.000,2045461.000
0.000,2045462.000
0.000,2045463.000
0.000,2045464.000
0.000,2045465.000
0.000,2045466.000
0.000,2045467.000
0.000,2045468.000
0.000,2045469.000
0.000,2045470.000
0.000,2045471.000
0.000,2045472.000
0.000,2045473.000
0.000,2045474.000
0.000,2045475.000
0.000,2045476.000
0.000,2045477.000
0.000,2045478.000
0.000,2045479.000
0.000,2045480.000
0.000,2045481.000
0.000,2045482.000
0.000,2045483.000
0.000,2045484.000
0.000,2045485.000
1.000,2045486.000
0.000,2045487.000
0.000,2045488.000
0.000,2045489.000
0.000,2045490.000
0.000,2045491.000
0.000,2045492.000
0.000,2045493.000
0.000,2045494.000
0.000,2045495.000
0.000,2045496.000
0.000,2045497.000
0.000,2045498.000
0.000,2045499.000
0.000,2045500.000
0.000,2045501.000
0.000,2045502.000
0.000,2045503.000
0.000,2045504.000
0.000,2045505.000
0.000,2045506.000
0.000,2045507.000
0.000,2045508.000
0.000,2045509.000
0.000,2045510.000
0.000,2045511.000
0.000,2045512.000
0.000,2045513.000
0.000,2045514.000
0.000,2045515.000
0.000,2045516.000
0.000,2045517.000
0.000,2045518.000
0.000,2045519.000
0.000,2045520.000
0.000,2045521.000
0.000,2045522.000
0.000,2045523.000
0.000,2045524.000
0.000,2045525.000
0.000,2045526.000
1.000,2045527.000
0.000,2045528.000
0.000,2045529.000
0.000,2045530.000
1.000,2045531.000
0.000,2045532.000
0.000,2045533.000
0.000,2045534.000
0.000,2045535.000
0.000,2045536.000
0.000,2045537.000
0.000,2045538.000
0.000,2045539.000
0.000,2045540.000
0.000,2045541.000
0.000,2045542.000
0.000,2045543.000
0.000,2045544.000
0.000,2045545.000
0.000,2045546.000
0.000,2045547.000
0.000,2045548.000
0.000,2045549.000
0.000,2045550.000
0.000,2045551.000
0.000,2045552.000
0.000,2045553.000
0.000,2045554.000
0.000,2045555.000
0.000,2045556.000
0.000,2045557.000
0.000,2045558.000
0.000,2045559.000
0.000,2045560.000
0.000,2045561.000
0.000,2045562.000
0.000,2045563.000
0.000,2045564.000
0.000,2045565.000
0.000,2045566.000
0.000,2045567.000
0.000,2045568.000
0.000,2045569.000
0.000,2045570.000
0.000,2045571.000
0.000,2045572.000
0.000,2045573.000
0.000,2045574.000
0.000,2045575.000
0.000,2045576.000
0.000,2045577.000
0.000,2045578.000
0.000,2045579.000
0.000,2045580.000
0.000,2045581.000
0.000,2045582.000
0.000,2045583.000
0.000,2045584.000
0.000,2045585.000
0.000,2045586.000
0.000,2045587.000
0.000,2045588.000
0.000,2045589.000
0.000,2045590.000
0.000,2045591.000
0.000,2045592.000
0.000,2045593.000
0.000,2045594.000
0.000,2045595.000
0.000,2045596.000
0.000,2045597.000
1.000,2045598.000
0.000,2045599.000
0.000,2045600.000
0.000,2045601.000
0.000,2045602.000
0.000,2045603.000
0.000,2045604.000
0.000,2045605.000
0.000,2045606.000
0.000,2045607.000
0.000,2045608.000
0.000,2045609.000
0.000,2045610.000
0.000,2045611.000
0.000,2045612.000
0.000,2045613.000
0.000,2045614.000
0.000,2045615.000
0.000,2045616.000
0.000,2045617.000
0.000,2045618.000
0.000,2045619.000
0.000,2045620.000
0.000,2045621.000
0.000,2045622.000
0.000,2045623.000
0.000,2045624.000
0.000,2045625.000
0.000,2045626.000
0.000,2045627.000
0.000,2045628.000
0.000,2045629.000
0.000,2045630.000
0.000,2045631.000
0.000,2045632.000
0.000,2045633.000
0.000,2045634.000
0.000,2045635.000
0.000,2045636.000
0.000,2045637.000
0.000,2045638.000
0.000,2045639.000
0.000,2045640.000
0.000,2045641.000
0.000,2045642.000
0.000,2045643.000
0.000,2045644.000
0.000,2045645.000
0.000,2045646.000
0.000,2045647.000
0.000,2045648.000
1.000,2045649.000
0.000,2045650.000
0.000,2045651.000
0.000,2045652.000
0.000,2045653.000
0.000,2045654.000
0.000,2045655.000
0.000,2045656.000
0.000,2045657.000
0.000,2045658.000
0.000,2045659.000
0.000,2045660.000
0.000,2045661.000
0.000,2045662.000
0.000,2045663.000
0.000,2045664.000
0.000,2045665.000
0.000,2045666.000
0.000,2045667.000
0.000,2045668.000
0.000,2045669.000
0.000,2045670.000
0.000,2045671.000
0.000,2045672.000
0.000,2045673.000
0.000,2045674.000
0.000,2045675.000
0.000,2045676.000
0.000,2045677.000
0.000,2045678.000
0.000,2045679.000
0.000,2045680.000
0.000,2045681.000
0.000,2045682.000
0.000,2045683.000
0.000,2045684.000
0.000,2045685.000
0.000,2045686.000
0.000,2045687.000
0.000,2045688.000
0.000,2045689.000
0.000,2045690.000
0.000,2045691.000
0.000,2045692.000
0.000,2045693.000
0.000,2045694.000
0.000,2045695.000
0.000,2045696.000
0.000,2045697.000
0.000,2045698.000
0.000,2045699.000
0.000,2045700.000
0.000,2045701.000
0.000,2045702.000
0.000,2045703.000
0.000,2045704.000
0.000,2045705.000
0.000,2045706.000
0.000,2045707.000
0.000,2045708.000
0.000,2045709.000
0.000,2045710.000
0.000,2045711.000
0.000,2045712.000
0.000,2045713.000
0.000,2045714.000
0.000,2045715.000
0.000,2045716.000
0.000,2045717.000
0.000,2045718.000
0.000,2045719.000
0.000,2045720.000
0.000,2045721.000
0.000,2045722.000
0.000,2045723.000
0.000,2045724.000
0.000,2045725.000
0.000,2045726.000
0.000,2045727.000
0.000,2045728.000
0.000,2045729.000
0.000,2045730.000
0.000,2045731.000
0.000,2045732.000
0.000,2045733.000
0.000,2045734.000
0.000,2045735.000
0.000,2045736.000
0.000,2045737.000
0.000,2045738.000
0.000,2045739.000
0.000,2045740.000
0.000,2045741.000
0.000,2045742.000
0.000,2045743.000
0.000,2045744.000
0.000,2045745.000
0.000,2045746.000
0.000,2045747.000
0.000,2045748.000
0.000,2045749.000
0.000,2045750.000
0.000,2045751.000
0.000,2045752.000
0.000,2045753.000
0.000,2045754.000
0.000,2045755.000
0.000,2045756.000
0.000,2045757.000
0.000,2045758.000
0.000,2045759.000
0.000,2045760.000
0.000,2045761.000
0.000,2045762.000
0.000,2045763.000
0.000,2045764.000
0.000,2045765.000
0.000,2045766.000
0.000,2045767.000
0.000,2045768.000
0.000,2045769.000
0.000,2045770.000
0.000,2045771.000
0.000,2045772.000
0.000,2045773.000
0.000,2045774.000
0.000,2045775.000
0.000,2045776.000
0.000,2045777.000
0.000,2045778.000
0.000,2045779.000
0.000,2045780.000
0.000,2045781.000
0.000,2045782.000
0.000,2045783.000
0.000,2045784.000
0.000,2045785.000
0.000,2045786.000
0.000,2045787.000
0.000,2045788.000
0.000,2045789.000
0.000,2045790.000
0.000,2045791.000
0.000,2045792.000
0.000,2045793.000
0.000,2045794.000
0.000,2045795.000
0.000,2045796.000
0.000,2045797.000
0.000,2045798.000
0.000,2045799.000
0.000,2045800.000
0.000,2045801.000
0.000,2045802.000
0.000,2045803.000
0.000,2045804.000
0.000,2045805.000
0.000,2045806.000
0.000,2045807.000
0.000,2045808.000
0.000,2045809.000
0.000,2045810.000
0.000,2045811.000
0.000,2045812.000
0.000,2045813.000
0.000,2045814.000
0.000,2045815.000
0.000,2045816.000
0.000,2045817.000
0.000,2045818.000
0.000,2045819.000
0.000,2045820.000
0.000,2045821.000
0.000,2045822.000
0.000,2045823.000
0.000,2045824.000
0.000,2045825.000
0.000,2045826.000
0.000,2045827.000
0.000,2045828.000
0.000,2045829.000
0.000,2045830.000
0.000,2045831.000
0.000,2045832.000
0.000,2045833.000
0.000,2045834.000
0.000,2045835.000
0.000,2045836.000
0.000,2045837.000
0.000,2045838.000
0.000,2045839.000
0.000,2045840.000
0.000,2045841.000
0.000,2045842.000
0.000,2045843.000
0.000,2045844.000
0.000,2045845.000
0.000,2045846.000
0.000,2045847.000
0.000,2045848.000
0.000,2045849.000
0.000,2045850.000
0.000,2045851.000
0.000,2045852.000
0.000,2045853.000
0.000,2045854.000
0.000,2045855.000
0.000,2045856.000
0.000,2045857.000
0.000,2045858.000
0.000,2045859.000
0.000,2045860.000
0.000,2045861.000
0.000,2045862.000
0.000,2045863.000
0.000,2045864.000
0.000,2045865.000
0.000,2045866.000
0.000,2045867.000
0.000,2045868.000
0.000,2045869.000
0.000,2045870.000
0.000,2045871.000
0.000,2045872.000
0.000,2045873.000
0.000,2045874.000
0.000,2045875.000
0.000,2045876.000
0.000,2045877.000
0.000,2045878.000
0.000,2045879.000
0.000,2045880.000
0.000,2045881.000
0.000,2045882.000
0.000,2045883.000
0.000,2045884.000
0.000,2045885.000
0.000,2045886.000
0.000,2045887.000
0.000,2045888.000
0.000,2045889.000
0.000,2045890.000
0.000,2045891.000
0.000,2045892.000
0.000,2045893.000
0.000,2045894.000
0.000,2045895.000
0.000,2045896.000
0.000,2045897.000
0.000,2045898.000
0.000,2045899.000
0.000,2045900.000
0.000,2045901.000
0.000,2045902.000
0.000,2045903.000
0.000,2045904.000
0.000,2045905.000
0.000,2045906.000
0.000,2045907.000
0.000,2045908.000
0.000,2045909.000
0.000,2045910.000
0.000,2045911.000
0.000,2045912.000
0.000,2045913.000
0.000,2045914.000
0.000,2045915.000
0.000,2045916.000
0.000,2045917.000
0.000,2045918.000
0.000,2045919.000
0.000,2045920.000
0.000,2045921.000
0.000,2045922.000
0.000,2045923.000
0.000,2045924.000
0.000,2045925.000
0.000,2045926.000
0.000,2045927.000
0.000,2045928.000
0.000,2045929.000
0.000,2045930.000
0.000,2045931.000
1.000,2045932.000
0.000,2045933.000
0.000,2045934.000
0.000,2045935.000
0.000,2045936.000
0.000,2045937.000
0.000,2045938.000
0.000,2045939.000
0.000,2045940.000
0.000,2045941.000
0.000,2045942.000
0.000,2045943.000
0.000,2045944.000
0.000,2045945.000
0.000,2045946.000
0.000,2045947.000
0.000,2045948.000
0.000,2045949.000
0.000,2045950.000
0.000,2045951.000
0.000,2045952.000
1.000,2045953.000
0.000,2045954.000
0.000,2045955.000
0.000,2045956.000
0.000,2045957.000
0.000,2045958.000
0.000,2045959.000
0.000,2045960.000
0.000,2045961.000
0.000,2045962.000
0.000,2045963.000
0.000,2045964.000
0.000,2045965.000
0.000,2045966.000
0.000,2045967.000
0.000,2045968.000
0.000,2045969.000
0.000,2045970.000
0.000,2045971.000
0.000,2045972.000
0.000,2045973.000
0.000,2045974.000
0.000,2045975.000
0.000,2045976.000
0.000,2045977.000
0.000,2045978.000
0.000,2045979.000
0.000,2045980.000
0.000,2045981.000
0.000,2045982.000
0.000,2045983.000
0.000,2045984.000
0.000,2045985.000
0.000,2045986.000
0.000,2045987.000
0.000,2045988.000
0.000,2045989.000
0.000,2045990.000
0.000,2045991.000
0.000,2045992.000
0.000,2045993.000
0.000,2045994.000
0.000,2045995.000
0.000,2045996.000
0.000,2045997.000
0.000,2045998.000
0.000,2045999.000
0.000,2046000.000
0.000,2046001.000
0.000,2046002.000
0.000,2046003.000
0.000,2046004.000
0.000,2046005.000
0.000,2046006.000
0.000,2046007.000
0.000,2046008.000
0.000,2046009.000
0.000,2046010.000
0.000,2046011.000
0.000,2046012.000
0.000,2046013.000
0.000,2046014.000
0.000,2046015.000
0.000,2046016.000
0.000,2046017.000
0.000,2046018.000
0.000,2046019.000
0.000,2046020.000
0.000,2046021.000
0.000,2046022.000
0.000,2046023.000
0.000,2046024.000
0.000,2046025.000
0.000,2046026.000
0.000,2046027.000
0.000,2046028.000
0.000,2046029.000
0.000,2046030.000
0.000,2046031.000
0.000,2046032.000
0.000,2046033.000
0.000,2046034.000
0.000,2046035.000
0.000,2046036.000
0.000,2046037.000
0.000,2046038.000
0.000,2046039.000
0.000,2046040.000
0.000,2046041.000
0.000,2046042.000
0.000,2046043.000
0.000,2046044.000
0.000,2046045.000
0.000,2046046.000
0.000,2046047.000
0.000,2046048.000
0.000,2046049.000
0.000,2046050.000
0.000,2046051.000
0.000,2046052.000
0.000,2046053.000
0.000,2046054.000
0.000,2046055.000
0.000,2046056.000
0.000,2046057.000
0.000,2046058.000
0.000,2046059.000
0.000,2046060.000
0.000,2046061.000
0.000,2046062.000
0.000,2046063.000
0.000,2046064.000
0.000,2046065.000
0.000,2046066.000
0.000,2046067.000
0.000,2046068.000
0.000,2046069.000
0.000,2046070.000
0.000,2046071.000
0.000,2046072.000
0.000,2046073.000
0.000,2046074.000
0.000,2046075.000
0.000,2046076.000
0.000,2046077.000
0.000,2046078.000
0.000,2046079.000
0.000,2046080.000
0.000,2046081.000
0.000,2046082.000
0.000,2046083.000
0.000,2046084.000
0.000,2046085.000
0.000,2046086.000
1.000,2046087.000
0.000,2046088.000
0.000,2046089.000
0.000,2046090.000
0.000,2046091.000
0.000,2046092.000
0.000,2046093.000
0.000,2046094.000
0.000,2046095.000
0.000,2046096.000
0.000,2046097.000
0.000,2046098.000
0.000,2046099.000
0.000,2046100.000
0.000,2046101.000
0.000,2046102.000
0.000,2046103.000
0.000,2046104.000
0.000,2046105.000
0.000,2046106.000
0.000,2046107.000
0.000,2046108.000
0.000,2046109.000
0.000,2046110.000
0.000,2046111.000
0.000,2046112.000
0.000,2046113.000
0.000,2046114.000
0.000,2046115.000
0.000,2046116.000
0.000,2046117.000
0.000,2046118.000
0.000,2046119.000
0.000,2046120.000
1.000,2046121.000
0.000,2046122.000
0.000,2046123.000
0.000,2046124.000
0.000,2046125.000
0.000,2046126.000
0.000,2046127.000
0.000,2046128.000
0.000,2046129.000
0.000,2046130.000
0.000,2046131.000
0.000,2046132.000
0.000,2046133.000
0.000,2046134.000
0.000,2046135.000
0.000,2046136.000
0.000,2046137.000
0.000,2046138.000
0.000,2046139.000
0.000,2046140.000
0.000,2046141.000
0.000,2046142.000
0.000,2046143.000
0.000,2046144.000
0.000,2046145.000
0.000,2046146.000
0.000,2046147.000
0.000,2046148.000
0.000,2046149.000
0.000,2046150.000
0.000,2046151.000
0.000,2046152.000
0.000,2046153.000
0.000,2046154.000
0.000,2046155.000
0.000,2046156.000
0.000,2046157.000
0.000,2046158.000
0.000,2046159.000
0.000,2046160.000
0.000,2046161.000
0.000,2046162.000
0.000,2046163.000
0.000,2046164.000
1.000,2046165.000
0.000,2046166.000
0.000,2046167.000
0.000,2046168.000
0.000,2046169.000
0.000,2046170.000
0.000,2046171.000
0.000,2046172.000
0.000,2046173.000
0.000,2046174.000
0.000,2046175.000
0.000,2046176.000
0.000,2046177.000
0.000,2046178.000
0.000,2046179.000
0.000,2046180.000
0.000,2046181.000
0.000,2046182.000
0.000,2046183.000
0.000,2046184.000
0.000,2046185.000
0.000,2046186.000
0.000,2046187.000
0.000,2046188.000
0.000,2046189.000
0.000,2046190.000
0.000,2046191.000
0.000,2046192.000
0.000,2046193.000
0.000,2046194.000
0.000,2046195.000
0.000,2046196.000
0.000,2046197.000
0.000,2046198.000
0.000,2046199.000
0.000,2046200.000
0.000,2046201.000
0.000,2046202.000
0.000,2046203.000
0.000,2046204.000
0.000,2046205.000
0.000,2046206.000
0.000,2046207.000
0.000,2046208.000
0.000,2046209.000
0.000,2046210.000
0.000,2046211.000
0.000,2046212.000
0.000,2046213.000
0.000,2046214.000
0.000,2046215.000
0.000,2046216.000
0.000,2046217.000
0.000,2046218.000
0.000,2046219.000
0.000,2046220.000
0.000,2046221.000
0.000,2046222.000
0.000,2046223.000
0.000,2046224.000
0.000,2046225.000
0.000,2046226.000
0.000,2046227.000
0.000,2046228.000
0.000,2046229.000
0.000,2046230.000
0.000,2046231.000
0.000,2046232.000
0.000,2046233.000
0.000,2046234.000
0.000,2046235.000
0.000,2046236.000
0.000,2046237.000
0.000,2046238.000
0.000,2046239.000
0.000,2046240.000
0.000,2046241.000
0.000,2046242.000
0.000,2046243.000
0.000,2046244.000
0.000,2046245.000
0.000,2046246.000
0.000,2046247.000
0.000,2046248.000
0.000,2046249.000
0.000,2046250.000
0.000,2046251.000
0.000,2046252.000
0.000,2046253.000
0.000,2046254.000
0.000,2046255.000
0.000,2046256.000
0.000,2046257.000
0.000,2046258.000
0.000,2046259.000
0.000,2046260.000
0.000,2046261.000
0.000,2046262.000
0.000,2046263.000
0.000,2046264.000
0.000,2046265.000
0.000,2046266.000
0.000,2046267.000
0.000,2046268.000
0.000,2046269.000
0.000,2046270.000
0.000,2046271.000
0.000,2046272.000
0.000,2046273.000
0.000,2046274.000
0.000,2046275.000
0.000,2046276.000
0.000,2046277.000
0.000,2046278.000
0.000,2046279.000
0.000,2046280.000
0.000,2046281.000
0.000,2046282.000
0.000,2046283.000
0.000,2046284.000
0.000,2046285.000
0.000,2046286.000
0.000,2046287.000
0.000,2046288.000
0.000,2046289.000
0.000,2046290.000
0.000,2046291.000
0.000,2046292.000
0.000,2046293.000
0.000,2046294.000
0.000,2046295.000
0.000,2046296.000
0.000,2046297.000
0.000,2046298.000
0.000,2046299.000
0.000,2046300.000
0.000,2046301.000
0.000,2046302.000
0.000,2046303.000
0.000,2046304.000
0.000,2046305.000
0.000,2046306.000
1.000,2046307.000
0.000,2046308.000
0.000,2046309.000
0.000,2046310.000
0.000,2046311.000
0.000,2046312.000
0.000,2046313.000
0.000,2046314.000
0.000,2046315.000
0.000,2046316.000
0.000,2046317.000
0.000,2046318.000
0.000,2046319.000
0.000,2046320.000
0.000,2046321.000
0.000,2046322.000
0.000,2046323.000
0.000,2046324.000
0.000,2046325.000
0.000,2046326.000
0.000,2046327.000
0.000,2046328.000
0.000,2046329.000
0.000,2046330.000
0.000,2046331.000
0.000,2046332.000
0.000,2046333.000
0.000,2046334.000
0.000,2046335.000
0.000,2046336.000
0.000,2046337.000
0.000,2046338.000
0.000,2046339.000
0.000,2046340.000
0.000,2046341.000
0.000,2046342.000
0.000,2046343.000
0.000,2046344.000
0.000,2046345.000
0.000,2046346.000
0.000,2046347.000
0.000,2046348.000
0.000,2046349.000
0.000,2046350.000
0.000,2046351.000
0.000,2046352.000
0.000,2046353.000
0.000,2046354.000
0.000,2046355.000
0.000,2046356.000
0.000,2046357.000
0.000,2046358.000
0.000,2046359.000
0.000,2046360.000
0.000,2046361.000
0.000,2046362.000
0.000,2046363.000
0.000,2046364.000
0.000,2046365.000
0.000,2046366.000
0.000,2046367.000
0.000,2046368.000
0.000,2046369.000
0.000,2046370.000
0.000,2046371.000
0.000,2046372.000
0.000,2046373.000
0.000,2046374.000
0.000,2046375.000
0.000,2046376.000
0.000,2046377.000
0.000,2046378.000
0.000,2046379.000
0.000,2046380.000
0.000,2046381.000
0.000,2046382.000
0.000,2046383.000
0.000,2046384.000
0.000,2046385.000
0.000,2046386.000
0.000,2046387.000
0.000,2046388.000
1.000,2046389.000
0.000,2046390.000
0.000,2046391.000
0.000,2046392.000
0.000,2046393.000
0.000,2046394.000
0.000,2046395.000
0.000,2046396.000
0.000,2046397.000
0.000,2046398.000
0.000,2046399.000
0.000,2046400.000
0.000,2046401.000
0.000,2046402.000
0.000,2046403.000
0.000,2046404.000
0.000,2046405.000
0.000,2046406.000
0.000,2046407.000
0.000,2046408.000
0.000,2046409.000
0.000,2046410.000
0.000,2046411.000
0.000,2046412.000
0.000,2046413.000
0.000,2046414.000
0.000,2046415.000
0.000,2046416.000
0.000,2046417.000
0.000,2046418.000
0.000,2046419.000
0.000,2046420.000
0.000,2046421.000
0.000,2046422.000
0.000,2046423.000
0.000,2046424.000
0.000,2046425.000
0.000,2046426.000
0.000,2046427.000
0.000,2046428.000
0.000,2046429.000
0.000,2046430.000
0.000,2046431.000
0.000,2046432.000
0.000,2046433.000
0.000,2046434.000
0.000,2046435.000
0.000,2046436.000
0.000,2046437.000
0.000,2046438.000
0.000,2046439.000
0.000,2046440.000
0.000,2046441.000
0.000,2046442.000
0.000,2046443.000
0.000,2046444.000
0.000,2046445.000
0.000,2046446.000
0.000,2046447.000
0.000,2046448.000
0.000,2046449.000
0.000,2046450.000
0.000,2046451.000
0.000,2046452.000
0.000,2046453.000
0.000,2046454.000
0.000,2046455.000
0.000,2046456.000
0.000,2046457.000
0.000,2046458.000
0.000,2046459.000
0.000,2046460.000
0.000,2046461.000
0.000,2046462.000
0.000,2046463.000
0.000,2046464.000
0.000,2046465.000
0.000,2046466.000
0.000,2046467.000
0.000,2046468.000
0.000,2046469.000
0.000,2046470.000
0.000,2046471.000
0.000,2046472.000
0.000,2046473.000
0.000,2046474.000
0.000,2046475.000
0.000,2046476.000
0.000,2046477.000
0.000,2046478.000
0.000,2046479.000
0.000,2046480.000
0.000,2046481.000
0.000,2046482.000
0.000,2046483.000
0.000,2046484.000
0.000,2046485.000
0.000,2046486.000
0.000,2046487.000
0.000,2046488.000
0.000,2046489.000
0.000,2046490.000
0.000,2046491.000
1.000,2046492.000
0.000,2046493.000
0.000,2046494.000
0.000,2046495.000
0.000,2046496.000
0.000,2046497.000
0.000,2046498.000
0.000,2046499.000
0.000,2046500.000
0.000,2046501.000
0.000,2046502.000
0.000,2046503.000
0.000,2046504.000
0.000,2046505.000
0.000,2046506.000
0.000,2046507.000
0.000,2046508.000
0.000,2046509.000
0.000,2046510.000
0.000,2046511.000
0.000,2046512.000
0.000,2046513.000
0.000,2046514.000
0.000,2046515.000
0.000,2046516.000
1.000,2046517.000
0.000,2046518.000
0.000,2046519.000
0.000,2046520.000
0.000,2046521.000
0.000,2046522.000
0.000,2046523.000
0.000,2046524.000
0.000,2046525.000
0.000,2046526.000
0.000,2046527.000
0.000,2046528.000
0.000,2046529.000
0.000,2046530.000
0.000,2046531.000
0.000,2046532.000
0.000,2046533.000
0.000,2046534.000
0.000,2046535.000
0.000,2046536.000
0.000,2046537.000
0.000,2046538.000
0.000,2046539.000
0.000,2046540.000
0.000,2046541.000
0.000,2046542.000
0.000,2046543.000
0.000,2046544.000
0.000,2046545.000
0.000,2046546.000
0.000,2046547.000
0.000,2046548.000
0.000,2046549.000
0.000,2046550.000
0.000,2046551.000
0.000,2046552.000
0.000,2046553.000
0.000,2046554.000
0.000,2046555.000
0.000,2046556.000
0.000,2046557.000
0.000,2046558.000
0.000,2046559.000
0.000,2046560.000
0.000,2046561.000
0.000,2046562.000
0.000,2046563.000
0.000,2046564.000
0.000,2046565.000
0.000,2046566.000
0.000,2046567.000
0.000,2046568.000
0.000,2046569.000
0.000,2046570.000
0.000,2046571.000
0.000,2046572.000
0.000,2046573.000
0.000,2046574.000
0.000,2046575.000
0.000,2046576.000
0.000,2046577.000
0.000,2046578.000
0.000,2046579.000
0.000,2046580.000
0.000,2046581.000
0.000,2046582.000
0.000,2046583.000
0.000,2046584.000
0.000,2046585.000
0.000,2046586.000
0.000,2046587.000
0.000,2046588.000
0.000,2046589.000
0.000,2046590.000
0.000,2046591.000
0.000,2046592.000
0.000,2046593.000
0.000,2046594.000
0.000,2046595.000
0.000,2046596.000
0.000,2046597.000
0.000,2046598.000
0.000,2046599.000
0.000,2046600.000
0.000,2046601.000
0.000,2046602.000
0.000,2046603.000
0.000,2046604.000
0.000,2046605.000
0.000,2046606.000
0.000,2046607.000
0.000,2046608.000
0.000,2046609.000
0.000,2046610.000
0.000,2046611.000
0.000,2046612.000
0.000,2046613.000
0.000,2046614.000
0.000,2046615.000
0.000,2046616.000
0.000,2046617.000
0.000,2046618.000
0.000,2046619.000
0.000,2046620.000
0.000,2046621.000
0.000,2046622.000
0.000,2046623.000
0.000,2046624.000
0.000,2046625.000
0.000,2046626.000
0.000,2046627.000
0.000,2046628.000
0.000,2046629.000
0.000,2046630.000
0.000,2046631.000
0.000,2046632.000
0.000,2046633.000
0.000,2046634.000
0.000,2046635.000
0.000,2046636.000
0.000,2046637.000
0.000,2046638.000
0.000,2046639.000
0.000,2046640.000
0.000,2046641.000
0.000,2046642.000
0.000,2046643.000
0.000,2046644.000
0.000,2046645.000
0.000,2046646.000
0.000,2046647.000
0.000,2046648.000
0.000,2046649.000
0.000,2046650.000
0.000,2046651.000
0.000,2046652.000
0.000,2046653.000
0.000,2046654.000
0.000,2046655.000
0.000,2046656.000
0.000,2046657.000
0.000,2046658.000
0.000,2046659.000
0.000,2046660.000
0.000,2046661.000
0.000,2046662.000
0.000,2046663.000
0.000,2046664.000
0.000,2046665.000
0.000,2046666.000
0.000,2046667.000
0.000,2046668.000
0.000,2046669.000
0.000,2046670.000
0.000,2046671.000
0.000,2046672.000
0.000,2046673.000
0.000,2046674.000
0.000,2046675.000
1.000,2046676.000
0.000,2046677.000
0.000,2046678.000
0.000,2046679.000
0.000,2046680.000
0.000,2046681.000
0.000,2046682.000
0.000,2046683.000
0.000,2046684.000
0.000,2046685.000
0.000,2046686.000
0.000,2046687.000
0.000,2046688.000
0.000,2046689.000
0.000,2046690.000
0.000,2046691.000
0.000,2046692.000
0.000,2046693.000
0.000,2046694.000
0.000,2046695.000
0.000,2046696.000
0.000,2046697.000
0.000,2046698.000
0.000,2046699.000
0.000,2046700.000
0.000,2046701.000
0.000,2046702.000
0.000,2046703.000
0.000,2046704.000
0.000,2046705.000
0.000,2046706.000
0.000,2046707.000
0.000,2046708.000
0.000,2046709.000
0.000,2046710.000
0.000,2046711.000
0.000,2046712.000
0.000,2046713.000
0.000,2046714.000
0.000,2046715.000
0.000,2046716.000
0.000,2046717.000
0.000,2046718.000
0.000,2046719.000
0.000,2046720.000
0.000,2046721.000
0.000,2046722.000
0.000,2046723.000
0.000,2046724.000
0.000,2046725.000
0.000,2046726.000
0.000,2046727.000
0.000,2046728.000
0.000,2046729.000
0.000,2046730.000
0.000,2046731.000
0.000,2046732.000
0.000,2046733.000
0.000,2046734.000
0.000,2046735.000
0.000,2046736.000
0.000,2046737.000
0.000,2046738.000
0.000,2046739.000
0.000,2046740.000
0.000,2046741.000
0.000,2046742.000
0.000,2046743.000
0.000,2046744.000
0.000,2046745.000
0.000,2046746.000
0.000,2046747.000
0.000,2046748.000
0.000,2046749.000
0.000,2046750.000
0.000,2046751.000
0.000,2046752.000
0.000,2046753.000
0.000,2046754.000
0.000,2046755.000
0.000,2046756.000
0.000,2046757.000
0.000,2046758.000
0.000,2046759.000
0.000,2046760.000
0.000,2046761.000
0.000,2046762.000
0.000,2046763.000
0.000,2046764.000
0.000,2046765.000
1.000,2046766.000
0.000,2046767.000
0.000,2046768.000
0.000,2046769.000
0.000,2046770.000
0.000,2046771.000
0.000,2046772.000
0.000,2046773.000
0.000,2046774.000
0.000,2046775.000
0.000,2046776.000
0.000,2046777.000
0.000,2046778.000
0.000,2046779.000
0.000,2046780.000
0.000,2046781.000
0.000,2046782.000
0.000,2046783.000
0.000,2046784.000
0.000,2046785.000
0.000,2046786.000
0.000,2046787.000
0.000,2046788.000
0.000,2046789.000
0.000,2046790.000
0.000,2046791.000
0.000,2046792.000
0.000,2046793.000
0.000,2046794.000
0.000,2046795.000
0.000,2046796.000
0.000,2046797.000
0.000,2046798.000
0.000,2046799.000
0.000,2046800.000
0.000,2046801.000
0.000,2046802.000
0.000,2046803.000
0.000,2046804.000
0.000,2046805.000
0.000,2046806.000
0.000,2046807.000
0.000,2046808.000
0.000,2046809.000
0.000,2046810.000
0.000,2046811.000
0.000,2046812.000
0.000,2046813.000
0.000,2046814.000
0.000,2046815.000
0.000,2046816.000
0.000,2046817.000
0.000,2046818.000
0.000,2046819.000
0.000,2046820.000
0.000,2046821.000
0.000,2046822.000
0.000,2046823.000
0.000,2046824.000
0.000,2046825.000
0.000,2046826.000
0.000,2046827.000
0.000,2046828.000
0.000,2046829.000
0.000,2046830.000
0.000,2046831.000
0.000,2046832.000
0.000,2046833.000
0.000,2046834.000
0.000,2046835.000
0.000,2046836.000
1.000,2046837.000
0.000,2046838.000
0.000,2046839.000
0.000,2046840.000
0.000,2046841.000
0.000,2046842.000
0.000,2046843.000
0.000,2046844.000
0.000,2046845.000
0.000,2046846.000
0.000,2046847.000
0.000,2046848.000
0.000,2046849.000
0.000,2046850.000
0.000,2046851.000
0.000,2046852.000
0.000,2046853.000
0.000,2046854.000
0.000,2046855.000
0.000,2046856.000
0.000,2046857.000
0.000,2046858.000
0.000,2046859.000
0.000,2046860.000
0.000,2046861.000
0.000,2046862.000
0.000,2046863.000
0.000,2046864.000
0.000,2046865.000
0.000,2046866.000
0.000,2046867.000
0.000,2046868.000
0.000,2046869.000
0.000,2046870.000
0.000,2046871.000
0.000,2046872.000
1.000,2046873.000
0.000,2046874.000
0.000,2046875.000
0.000,2046876.000
0.000,2046877.000
0.000,2046878.000
0.000,2046879.000
0.000,2046880.000
0.000,2046881.000
0.000,2046882.000
0.000,2046883.000
0.000,2046884.000
0.000,2046885.000
0.000,2046886.000
0.000,2046887.000
0.000,2046888.000
0.000,2046889.000
0.000,2046890.000
0.000,2046891.000
0.000,2046892.000
0.000,2046893.000
0.000,2046894.000
0.000,2046895.000
0.000,2046896.000
0.000,2046897.000
0.000,2046898.000
0.000,2046899.000
0.000,2046900.000
0.000,2046901.000
0.000,2046902.000
1.000,2046903.000
0.000,2046904.000
0.000,2046905.000
0.000,2046906.000
0.000,2046907.000
0.000,2046908.000
0.000,2046909.000
0.000,2046910.000
0.000,2046911.000
0.000,2046912.000
0.000,2046913.000
0.000,2046914.000
0.000,2046915.000
0.000,2046916.000
0.000,2046917.000
0.000,2046918.000
0.000,2046919.000
0.000,2046920.000
0.000,2046921.000
0.000,2046922.000
0.000,2046923.000
0.000,2046924.000
0.000,2046925.000
0.000,2046926.000
0.000,2046927.000
0.000,2046928.000
0.000,2046929.000
0.000,2046930.000
0.000,2046931.000
0.000,2046932.000
0.000,2046933.000
0.000,2046934.000
0.000,2046935.000
0.000,2046936.000
0.000,2046937.000
0.000,2046938.000
0.000,2046939.000
0.000,2046940.000
0.000,2046941.000
0.000,2046942.000
0.000,2046943.000
0.000,2046944.000
0.000,2046945.000
0.000,2046946.000
0.000,2046947.000
0.000,2046948.000
0.000,2046949.000
0.000,2046950.000
0.000,2046951.000
0.000,2046952.000
0.000,2046953.000
0.000,2046954.000
0.000,2046955.000
0.000,2046956.000
0.000,2046957.000
0.000,2046958.000
0.000,2046959.000
0.000,2046960.000
0.000,2046961.000
0.000,2046962.000
0.000,2046963.000
0.000,2046964.000
0.000,2046965.000
0.000,2046966.000
0.000,2046967.000
0.000,2046968.000
0.000,2046969.000
0.000,2046970.000
0.000,2046971.000
0.000,2046972.000
0.000,2046973.000
0.000,2046974.000
0.000,2046975.000
0.000,2046976.000
0.000,2046977.000
0.000,2046978.000
0.000,2046979.000
0.000,2046980.000
0.000,2046981.000
0.000,2046982.000
0.000,2046983.000
0.000,2046984.000
0.000,2046985.000
0.000,2046986.000
0.000,2046987.000
0.000,2046988.000
0.000,2046989.000
0.000,2046990.000
0.000,2046991.000
0.000,2046992.000
0.000,2046993.000
0.000,2046994.000
0.000,2046995.000
0.000,2046996.000
0.000,2046997.000
0.000,2046998.000
0.000,2046999.000
0.000,2047000.000
0.000,2047001.000
0.000,2047002.000
0.000,2047003.000
0.000,2047004.000
0.000,2047005.000
0.000,2047006.000
0.000,2047007.000
0.000,2047008.000
0.000,2047009.000
0.000,2047010.000
0.000,2047011.000
0.000,2047012.000
0.000,2047013.000
0.000,2047014.000
0.000,2047015.000
0.000,2047016.000
0.000,2047017.000
0.000,2047018.000
0.000,2047019.000
0.000,2047020.000
0.000,2047021.000
0.000,2047022.000
0.000,2047023.000
0.000,2047024.000
0.000,2047025.000
0.000,2047026.000
0.000,2047027.000
0.000,2047028.000
0.000,2047029.000
0.000,2047030.000
0.000,2047031.000
0.000,2047032.000
0.000,2047033.000
0.000,2047034.000
0.000,2047035.000
0.000,2047036.000
0.000,2047037.000
0.000,2047038.000
0.000,2047039.000
0.000,2047040.000
0.000,2047041.000
0.000,2047042.000
0.000,2047043.000
0.000,2047044.000
0.000,2047045.000
0.000,2047046.000
0.000,2047047.000
0.000,2047048.000
0.000,2047049.000
0.000,2047050.000
0.000,2047051.000
0.000,2047052.000
0.000,2047053.000
0.000,2047054.000
0.000,2047055.000
0.000,2047056.000
0.000,2047057.000
0.000,2047058.000
0.000,2047059.000
0.000,2047060.000
0.000,2047061.000
0.000,2047062.000
0.000,2047063.000
0.000,2047064.000
0.000,2047065.000
0.000,2047066.000
0.000,2047067.000
0.000,2047068.000
0.000,2047069.000
0.000,2047070.000
0.000,2047071.000
0.000,2047072.000
0.000,2047073.000
0.000,2047074.000
0.000,2047075.000
0.000,2047076.000
0.000,2047077.000
0.000,2047078.000
0.000,2047079.000
0.000,2047080.000
0.000,2047081.000
0.000,2047082.000
0.000,2047083.000
0.000,2047084.000
0.000,2047085.000
0.000,2047086.000
0.000,2047087.000
0.000,2047088.000
0.000,2047089.000
0.000,2047090.000
0.000,2047091.000
0.000,2047092.000
0.000,2047093.000
0.000,2047094.000
0.000,2047095.000
0.000,2047096.000
0.000,2047097.000
0.000,2047098.000
0.000,2047099.000
0.000,2047100.000
0.000,2047101.000
0.000,2047102.000
0.000,2047103.000
0.000,2047104.000
0.000,2047105.000
0.000,2047106.000
0.000,2047107.000
0.000,2047108.000
0.000,2047109.000
0.000,2047110.000
0.000,2047111.000
0.000,2047112.000
0.000,2047113.000
0.000,2047114.000
0.000,2047115.000
0.000,2047116.000
0.000,2047117.000
0.000,2047118.000
0.000,2047119.000
0.000,2047120.000
0.000,2047121.000
0.000,2047122.000
0.000,2047123.000
0.000,2047124.000
0.000,2047125.000
0.000,2047126.000
0.000,2047127.000
0.000,2047128.000
0.000,2047129.000
0.000,2047130.000
0.000,2047131.000
0.000,2047132.000
0.000,2047133.000
0.000,2047134.000
0.000,2047135.000
0.000,2047136.000
0.000,2047137.000
0.000,2047138.000
0.000,2047139.000
0.000,2047140.000
0.000,2047141.000
0.000,2047142.000
0.000,2047143.000
0.000,2047144.000
0.000,2047145.000
0.000,2047146.000
0.000,2047147.000
0.000,2047148.000
0.000,2047149.000
0.000,2047150.000
0.000,2047151.000
0.000,2047152.000
0.000,2047153.000
0.000,2047154.000
0.000,2047155.000
0.000,2047156.000
0.000,2047157.000
0.000,2047158.000
0.000,2047159.000
0.000,2047160.000
0.000,2047161.000
0.000,2047162.000
0.000,2047163.000
0.000,2047164.000
0.000,2047165.000
0.000,2047166.000
0.000,2047167.000
1.000,2047168.000
0.000,2047169.000
0.000,2047170.000
0.000,2047171.000
0.000,2047172.000
0.000,2047173.000
0.000,2047174.000
0.000,2047175.000
0.000,2047176.000
0.000,2047177.000
0.000,2047178.000
0.000,2047179.000
0.000,2047180.000
0.000,2047181.000
0.000,2047182.000
0.000,2047183.000
0.000,2047184.000
0.000,2047185.000
0.000,2047186.000
0.000,2047187.000
0.000,2047188.000
0.000,2047189.000
0.000,2047190.000
0.000,2047191.000
0.000,2047192.000
0.000,2047193.000
0.000,2047194.000
0.000,2047195.000
0.000,2047196.000
0.000,2047197.000
0.000,2047198.000
0.000,2047199.000
0.000,2047200.000
0.000,2047201.000
0.000,2047202.000
0.000,2047203.000
0.000,2047204.000
0.000,2047205.000
0.000,2047206.000
0.000,2047207.000
0.000,2047208.000
0.000,2047209.000
0.000,2047210.000
0.000,2047211.000
0.000,2047212.000
0.000,2047213.000
0.000,2047214.000
0.000,2047215.000
0.000,2047216.000
0.000,2047217.000
0.000,2047218.000
0.000,2047219.000
0.000,2047220.000
0.000,2047221.000
0.000,2047222.000
0.000,2047223.000
0.000,2047224.000
0.000,2047225.000
0.000,2047226.000
0.000,2047227.000
0.000,2047228.000
0.000,2047229.000
0.000,2047230.000
0.000,2047231.000
0.000,2047232.000
0.000,2047233.000
0.000,2047234.000
0.000,2047235.000
0.000,2047236.000
0.000,2047237.000
0.000,2047238.000
0.000,2047239.000
0.000,2047240.000
0.000,2047241.000
0.000,2047242.000
0.000,2047243.000
0.000,2047244.000
0.000,2047245.000
0.000,2047246.000
0.000,2047247.000
0.000,2047248.000
0.000,2047249.000
0.000,2047250.000
0.000,2047251.000
0.000,2047252.000
0.000,2047253.000
0.000,2047254.000
0.000,2047255.000
0.000,2047256.000
0.000,2047257.000
0.000,2047258.000
1.000,2047259.000
0.000,2047260.000
0.000,2047261.000
0.000,2047262.000
0.000,2047263.000
0.000,2047264.000
0.000,2047265.000
0.000,2047266.000
0.000,2047267.000
0.000,2047268.000
0.000,2047269.000
0.000,2047270.000
0.000,2047271.000
0.000,2047272.000
0.000,2047273.000
0.000,2047274.000
0.000,2047275.000
0.000,2047276.000
0.000,2047277.000
0.000,2047278.000
0.000,2047279.000
0.000,2047280.000
0.000,2047281.000
0.000,2047282.000
0.000,2047283.000
0.000,2047284.000
0.000,2047285.000
0.000,2047286.000
0.000,2047287.000
0.000,2047288.000
0.000,2047289.000
0.000,2047290.000
0.000,2047291.000
0.000,2047292.000
0.000,2047293.000
0.000,2047294.000
0.000,2047295.000
0.000,2047296.000
0.000,2047297.000
0.000,2047298.000
0.000,2047299.000
0.000,2047300.000
0.000,2047301.000
0.000,2047302.000
0.000,2047303.000
0.000,2047304.000
0.000,2047305.000
0.000,2047306.000
0.000,2047307.000
0.000,2047308.000
0.000,2047309.000
0.000,2047310.000
0.000,2047311.000
0.000,2047312.000
0.000,2047313.000
0.000,2047314.000
0.000,2047315.000
0.000,2047316.000
0.000,2047317.000
0.000,2047318.000
0.000,2047319.000
0.000,2047320.000
0.000,2047321.000
0.000,2047322.000
0.000,2047323.000
0.000,2047324.000
0.000,2047325.000
0.000,2047326.000
0.000,2047327.000
0.000,2047328.000
0.000,2047329.000
0.000,2047330.000
0.000,2047331.000
0.000,2047332.000
0.000,2047333.000
0.000,2047334.000
0.000,2047335.000
0.000,2047336.000
0.000,2047337.000
0.000,2047338.000
0.000,2047339.000
0.000,2047340.000
0.000,2047341.000
0.000,2047342.000
0.000,2047343.000
0.000,2047344.000
0.000,2047345.000
0.000,2047346.000
0.000,2047347.000
0.000,2047348.000
0.000,2047349.000
0.000,2047350.000
0.000,2047351.000
0.000,2047352.000
0.000,2047353.000
0.000,2047354.000
0.000,2047355.000
0.000,2047356.000
0.000,2047357.000
0.000,2047358.000
0.000,2047359.000
0.000,2047360.000
0.000,2047361.000
0.000,2047362.000
0.000,2047363.000
0.000,2047364.000
0.000,2047365.000
0.000,2047366.000
0.000,2047367.000
0.000,2047368.000
0.000,2047369.000
1.000,2047370.000
0.000,2047371.000
0.000,2047372.000
0.000,2047373.000
0.000,2047374.000
0.000,2047375.000
0.000,2047376.000
0.000,2047377.000
0.000,2047378.000
0.000,2047379.000
0.000,2047380.000
0.000,2047381.000
0.000,2047382.000
0.000,2047383.000
0.000,2047384.000
0.000,2047385.000
0.000,2047386.000
0.000,2047387.000
0.000,2047388.000
0.000,2047389.000
0.000,2047390.000
0.000,2047391.000
0.000,2047392.000
0.000,2047393.000
0.000,2047394.000
0.000,2047395.000
0.000,2047396.000
0.000,2047397.000
0.000,2047398.000
0.000,2047399.000
0.000,2047400.000
0.000,2047401.000
0.000,2047402.000
0.000,2047403.000
0.000,2047404.000
0.000,2047405.000
0.000,2047406.000
0.000,2047407.000
0.000,2047408.000
0.000,2047409.000
0.000,2047410.000
0.000,2047411.000
0.000,2047412.000
0.000,2047413.000
0.000,2047414.000
0.000,2047415.000
0.000,2047416.000
0.000,2047417.000
0.000,2047418.000
0.000,2047419.000
0.000,2047420.000
0.000,2047421.000
0.000,2047422.000
0.000,2047423.000
0.000,2047424.000
0.000,2047425.000
0.000,2047426.000
0.000,2047427.000
0.000,2047428.000
0.000,2047429.000
0.000,2047430.000
0.000,2047431.000
0.000,2047432.000
0.000,2047433.000
0.000,2047434.000
0.000,2047435.000
0.000,2047436.000
0.000,2047437.000
0.000,2047438.000
0.000,2047439.000
0.000,2047440.000
0.000,2047441.000
0.000,2047442.000
0.000,2047443.000
0.000,2047444.000
0.000,2047445.000
0.000,2047446.000
0.000,2047447.000
0.000,2047448.000
0.000,2047449.000
0.000,2047450.000
0.000,2047451.000
0.000,2047452.000
0.000,2047453.000
0.000,2047454.000
0.000,2047455.000
0.000,2047456.000
0.000,2047457.000
0.000,2047458.000
0.000,2047459.000
0.000,2047460.000
0.000,2047461.000
0.000,2047462.000
0.000,2047463.000
0.000,2047464.000
0.000,2047465.000
0.000,2047466.000
0.000,2047467.000
0.000,2047468.000
0.000,2047469.000
0.000,2047470.000
0.000,2047471.000
0.000,2047472.000
0.000,2047473.000
0.000,2047474.000
0.000,2047475.000
0.000,2047476.000
0.000,2047477.000
0.000,2047478.000
0.000,2047479.000
0.000,2047480.000
0.000,2047481.000
0.000,2047482.000
0.000,2047483.000
0.000,2047484.000
0.000,2047485.000
0.000,2047486.000
0.000,2047487.000
0.000,2047488.000
0.000,2047489.000
1.000,2047490.000
0.000,2047491.000
0.000,2047492.000
0.000,2047493.000
0.000,2047494.000
0.000,2047495.000
0.000,2047496.000
0.000,2047497.000
0.000,2047498.000
0.000,2047499.000
0.000,2047500.000
0.000,2047501.000
0.000,2047502.000
0.000,2047503.000
0.000,2047504.000
0.000,2047505.000
0.000,2047506.000
0.000,2047507.000
0.000,2047508.000
0.000,2047509.000
0.000,2047510.000
0.000,2047511.000
0.000,2047512.000
0.000,2047513.000
0.000,2047514.000
0.000,2047515.000
0.000,2047516.000
0.000,2047517.000
0.000,2047518.000
0.000,2047519.000
0.000,2047520.000
0.000,2047521.000
0.000,2047522.000
0.000,2047523.000
0.000,2047524.000
0.000,2047525.000
0.000,2047526.000
0.000,2047527.000
0.000,2047528.000
0.000,2047529.000
0.000,2047530.000
0.000,2047531.000
0.000,2047532.000
0.000,2047533.000
0.000,2047534.000
0.000,2047535.000
0.000,2047536.000
0.000,2047537.000
0.000,2047538.000
0.000,2047539.000
0.000,2047540.000
0.000,2047541.000
0.000,2047542.000
0.000,2047543.000
0.000,2047544.000
0.000,2047545.000
0.000,2047546.000
0.000,2047547.000
0.000,2047548.000
0.000,2047549.000
0.000,2047550.000
0.000,2047551.000
0.000,2047552.000
0.000,2047553.000
0.000,2047554.000
0.000,2047555.000
0.000,2047556.000
0.000,2047557.000
0.000,2047558.000
0.000,2047559.000
0.000,2047560.000
0.000,2047561.000
0.000,2047562.000
0.000,2047563.000
0.000,2047564.000
0.000,2047565.000
0.000,2047566.000
0.000,2047567.000
0.000,2047568.000
0.000,2047569.000
0.000,2047570.000
0.000,2047571.000
0.000,2047572.000
0.000,2047573.000
0.000,2047574.000
0.000,2047575.000
0.000,2047576.000
0.000,2047577.000
0.000,2047578.000
0.000,2047579.000
0.000,2047580.000
0.000,2047581.000
0.000,2047582.000
0.000,2047583.000
0.000,2047584.000
0.000,2047585.000
0.000,2047586.000
0.000,2047587.000
0.000,2047588.000
0.000,2047589.000
0.000,2047590.000
0.000,2047591.000
0.000,2047592.000
0.000,2047593.000
0.000,2047594.000
0.000,2047595.000
0.000,2047596.000
0.000,2047597.000
0.000,2047598.000
0.000,2047599.000
0.000,2047600.000
0.000,2047601.000
0.000,2047602.000
0.000,2047603.000
0.000,2047604.000
0.000,2047605.000
0.000,2047606.000
0.000,2047607.000
0.000,2047608.000
0.000,2047609.000
0.000,2047610.000
0.000,2047611.000
0.000,2047612.000
0.000,2047613.000
0.000,2047614.000
0.000,2047615.000
0.000,2047616.000
0.000,2047617.000
0.000,2047618.000
0.000,2047619.000
0.000,2047620.000
0.000,2047621.000
0.000,2047622.000
0.000,2047623.000
0.000,2047624.000
0.000,2047625.000
0.000,2047626.000
0.000,2047627.000
0.000,2047628.000
1.000,2047629.000
0.000,2047630.000
0.000,2047631.000
0.000,2047632.000
0.000,2047633.000
0.000,2047634.000
0.000,2047635.000
0.000,2047636.000
0.000,2047637.000
0.000,2047638.000
0.000,2047639.000
0.000,2047640.000
0.000,2047641.000
0.000,2047642.000
0.000,2047643.000
0.000,2047644.000
0.000,2047645.000
0.000,2047646.000
0.000,2047647.000
0.000,2047648.000
0.000,2047649.000
0.000,2047650.000
0.000,2047651.000
0.000,2047652.000
0.000,2047653.000
0.000,2047654.000
0.000,2047655.000
0.000,2047656.000
0.000,2047657.000
0.000,2047658.000
0.000,2047659.000
0.000,2047660.000
0.000,2047661.000
0.000,2047662.000
0.000,2047663.000
0.000,2047664.000
0.000,2047665.000
0.000,2047666.000
0.000,2047667.000
0.000,2047668.000
0.000,2047669.000
0.000,2047670.000
0.000,2047671.000
0.000,2047672.000
0.000,2047673.000
0.000,2047674.000
0.000,2047675.000
0.000,2047676.000
0.000,2047677.000
0.000,2047678.000
0.000,2047679.000
0.000,2047680.000
0.000,2047681.000
0.000,2047682.000
0.000,2047683.000
0.000,2047684.000
0.000,2047685.000
0.000,2047686.000
0.000,2047687.000
0.000,2047688.000
0.000,2047689.000
0.000,2047690.000
0.000,2047691.000
0.000,2047692.000
0.000,2047693.000
0.000,2047694.000
0.000,2047695.000
0.000,2047696.000
0.000,2047697.000
0.000,2047698.000
0.000,2047699.000
0.000,2047700.000
0.000,2047701.000
0.000,2047702.000
0.000,2047703.000
0.000,2047704.000
1.000,2047705.000
0.000,2047706.000
0.000,2047707.000
0.000,2047708.000
0.000,2047709.000
0.000,2047710.000
0.000,2047711.000
0.000,2047712.000
0.000,2047713.000
0.000,2047714.000
0.000,2047715.000
0.000,2047716.000
0.000,2047717.000
0.000,2047718.000
0.000,2047719.000
0.000,2047720.000
0.000,2047721.000
0.000,2047722.000
0.000,2047723.000
0.000,2047724.000
0.000,2047725.000
0.000,2047726.000
0.000,2047727.000
0.000,2047728.000
0.000,2047729.000
0.000,2047730.000
0.000,2047731.000
0.000,2047732.000
0.000,2047733.000
0.000,2047734.000
0.000,2047735.000
0.000,2047736.000
0.000,2047737.000
0.000,2047738.000
0.000,2047739.000
0.000,2047740.000
0.000,2047741.000
0.000,2047742.000
0.000,2047743.000
0.000,2047744.000
0.000,2047745.000
0.000,2047746.000
0.000,2047747.000
0.000,2047748.000
0.000,2047749.000
0.000,2047750.000
0.000,2047751.000
0.000,2047752.000
0.000,2047753.000
0.000,2047754.000
0.000,2047755.000
0.000,2047756.000
0.000,2047757.000
0.000,2047758.000
0.000,2047759.000
0.000,2047760.000
0.000,2047761.000
0.000,2047762.000
0.000,2047763.000
0.000,2047764.000
0.000,2047765.000
0.000,2047766.000
0.000,2047767.000
0.000,2047768.000
0.000,2047769.000
0.000,2047770.000
0.000,2047771.000
0.000,2047772.000
0.000,2047773.000
0.000,2047774.000
0.000,2047775.000
0.000,2047776.000
0.000,2047777.000
0.000,2047778.000
0.000,2047779.000
0.000,2047780.000
0.000,2047781.000
0.000,2047782.000
0.000,2047783.000
0.000,2047784.000
0.000,2047785.000
0.000,2047786.000
0.000,2047787.000
0.000,2047788.000
0.000,2047789.000
0.000,2047790.000
0.000,2047791.000
1.000,2047792.000
0.000,2047793.000
0.000,2047794.000
0.000,2047795.000
0.000,2047796.000
0.000,2047797.000
0.000,2047798.000
0.000,2047799.000
0.000,2047800.000
0.000,2047801.000
0.000,2047802.000
0.000,2047803.000
0.000,2047804.000
0.000,2047805.000
0.000,2047806.000
0.000,2047807.000
0.000,2047808.000
0.000,2047809.000
0.000,2047810.000
0.000,2047811.000
0.000,2047812.000
0.000,2047813.000
0.000,2047814.000
0.000,2047815.000
0.000,2047816.000
0.000,2047817.000
0.000,2047818.000
0.000,2047819.000
0.000,2047820.000
0.000,2047821.000
0.000,2047822.000
0.000,2047823.000
0.000,2047824.000
0.000,2047825.000
0.000,2047826.000
0.000,2047827.000
0.000,2047828.000
0.000,2047829.000
0.000,2047830.000
0.000,2047831.000
0.000,2047832.000
0.000,2047833.000
0.000,2047834.000
0.000,2047835.000
0.000,2047836.000
0.000,2047837.000
0.000,2047838.000
0.000,2047839.000
0.000,2047840.000
0.000,2047841.000
0.000,2047842.000
0.000,2047843.000
0.000,2047844.000
0.000,2047845.000
0.000,2047846.000
0.000,2047847.000
0.000,2047848.000
0.000,2047849.000
0.000,2047850.000
0.000,2047851.000
0.000,2047852.000
0.000,2047853.000
0.000,2047854.000
0.000,2047855.000
0.000,2047856.000
0.000,2047857.000
0.000,2047858.000
0.000,2047859.000
0.000,2047860.000
0.000,2047861.000
0.000,2047862.000
0.000,2047863.000
0.000,2047864.000
0.000,2047865.000
0.000,2047866.000
0.000,2047867.000
0.000,2047868.000
0.000,2047869.000
0.000,2047870.000
0.000,2047871.000
0.000,2047872.000
0.000,2047873.000
0.000,2047874.000
0.000,2047875.000
0.000,2047876.000
0.000,2047877.000
0.000,2047878.000
0.000,2047879.000
0.000,2047880.000
0.000,2047881.000
0.000,2047882.000
0.000,2047883.000
0.000,2047884.000
0.000,2047885.000
0.000,2047886.000
0.000,2047887.000
0.000,2047888.000
0.000,2047889.000
0.000,2047890.000
0.000,2047891.000
0.000,2047892.000
0.000,2047893.000
0.000,2047894.000
0.000,2047895.000
0.000,2047896.000
0.000,2047897.000
0.000,2047898.000
0.000,2047899.000
0.000,2047900.000
0.000,2047901.000
0.000,2047902.000
0.000,2047903.000
0.000,2047904.000
0.000,2047905.000
0.000,2047906.000
0.000,2047907.000
0.000,2047908.000
0.000,2047909.000
0.000,2047910.000
0.000,2047911.000
0.000,2047912.000
0.000,2047913.000
0.000,2047914.000
0.000,2047915.000
0.000,2047916.000
0.000,2047917.000
0.000,2047918.000
0.000,2047919.000
0.000,2047920.000
0.000,2047921.000
0.000,2047922.000
0.000,2047923.000
0.000,2047924.000
0.000,2047925.000
0.000,2047926.000
0.000,2047927.000
0.000,2047928.000
0.000,2047929.000
0.000,2047930.000
0.000,2047931.000
0.000,2047932.000
0.000,2047933.000
0.000,2047934.000
0.000,2047935.000
0.000,2047936.000
0.000,2047937.000
0.000,2047938.000
0.000,2047939.000
0.000,2047940.000
0.000,2047941.000
0.000,2047942.000
0.000,2047943.000
0.000,2047944.000
0.000,2047945.000
0.000,2047946.000
0.000,2047947.000
0.000,2047948.000
0.000,2047949.000
0.000,2047950.000
0.000,2047951.000
0.000,2047952.000
0.000,2047953.000
0.000,2047954.000
0.000,2047955.000
0.000,2047956.000
0.000,2047957.000
0.000,2047958.000
0.000,2047959.000
0.000,2047960.000
0.000,2047961.000
0.000,2047962.000
0.000,2047963.000
0.000,2047964.000
0.000,2047965.000
0.000,2047966.000
0.000,2047967.000
0.000,2047968.000
0.000,2047969.000
0.000,2047970.000
0.000,2047971.000
0.000,2047972.000
0.000,2047973.000
0.000,2047974.000
0.000,2047975.000
0.000,2047976.000
0.000,2047977.000
0.000,2047978.000
0.000,2047979.000
0.000,2047980.000
0.000,2047981.000
1.000,2047982.000
0.000,2047983.000
0.000,2047984.000
0.000,2047985.000
0.000,2047986.000
0.000,2047987.000
0.000,2047988.000
0.000,2047989.000
0.000,2047990.000
0.000,2047991.000
0.000,2047992.000
0.000,2047993.000
0.000,2047994.000
0.000,2047995.000
0.000,2047996.000
0.000,2047997.000
0.000,2047998.000
0.000,2047999.000
0.000,2048000.000
0.000,2048001.000
0.000,2048002.000
0.000,2048003.000
0.000,2048004.000
0.000,2048005.000
0.000,2048006.000
0.000,2048007.000
0.000,2048008.000
0.000,2048009.000
0.000,2048010.000
0.000,2048011.000
0.000,2048012.000
0.000,2048013.000
0.000,2048014.000
0.000,2048015.000
0.000,2048016.000
0.000,2048017.000
0.000,2048018.000
0.000,2048019.000
0.000,2048020.000
0.000,2048021.000
0.000,2048022.000
0.000,2048023.000
0.000,2048024.000
0.000,2048025.000
0.000,2048026.000
0.000,2048027.000
0.000,2048028.000
0.000,2048029.000
0.000,2048030.000
0.000,2048031.000
0.000,2048032.000
0.000,2048033.000
0.000,2048034.000
0.000,2048035.000
0.000,2048036.000
0.000,2048037.000
0.000,2048038.000
0.000,2048039.000
0.000,2048040.000
0.000,2048041.000
0.000,2048042.000
0.000,2048043.000
0.000,2048044.000
0.000,2048045.000
0.000,2048046.000
0.000,2048047.000
0.000,2048048.000
0.000,2048049.000
0.000,2048050.000
0.000,2048051.000
0.000,2048052.000
0.000,2048053.000
0.000,2048054.000
0.000,2048055.000
0.000,2048056.000
0.000,2048057.000
0.000,2048058.000
0.000,2048059.000
0.000,2048060.000
0.000,2048061.000
0.000,2048062.000
0.000,2048063.000
0.000,2048064.000
0.000,2048065.000
0.000,2048066.000
0.000,2048067.000
0.000,2048068.000
0.000,2048069.000
0.000,2048070.000
1.000,2048071.000
0.000,2048072.000
0.000,2048073.000
0.000,2048074.000
0.000,2048075.000
0.000,2048076.000
0.000,2048077.000
0.000,2048078.000
0.000,2048079.000
0.000,2048080.000
0.000,2048081.000
0.000,2048082.000
0.000,2048083.000
0.000,2048084.000
0.000,2048085.000
0.000,2048086.000
0.000,2048087.000
0.000,2048088.000
0.000,2048089.000
0.000,2048090.000
0.000,2048091.000
0.000,2048092.000
0.000,2048093.000
0.000,2048094.000
0.000,2048095.000
0.000,2048096.000
0.000,2048097.000
0.000,2048098.000
0.000,2048099.000
0.000,2048100.000
0.000,2048101.000
0.000,2048102.000
0.000,2048103.000
0.000,2048104.000
0.000,2048105.000
0.000,2048106.000
0.000,2048107.000
0.000,2048108.000
0.000,2048109.000
0.000,2048110.000
0.000,2048111.000
0.000,2048112.000
0.000,2048113.000
0.000,2048114.000
0.000,2048115.000
0.000,2048116.000
0.000,2048117.000
0.000,2048118.000
0.000,2048119.000
0.000,2048120.000
0.000,2048121.000
0.000,2048122.000
0.000,2048123.000
0.000,2048124.000
0.000,2048125.000
0.000,2048126.000
0.000,2048127.000
0.000,2048128.000
0.000,2048129.000
0.000,2048130.000
0.000,2048131.000
0.000,2048132.000
0.000,2048133.000
0.000,2048134.000
0.000,2048135.000
0.000,2048136.000
0.000,2048137.000
0.000,2048138.000
0.000,2048139.000
0.000,2048140.000
0.000,2048141.000
0.000,2048142.000
0.000,2048143.000
0.000,2048144.000
0.000,2048145.000
0.000,2048146.000
0.000,2048147.000
0.000,2048148.000
0.000,2048149.000
0.000,2048150.000
0.000,2048151.000
0.000,2048152.000
0.000,2048153.000
0.000,2048154.000
0.000,2048155.000
0.000,2048156.000
0.000,2048157.000
0.000,2048158.000
0.000,2048159.000
0.000,2048160.000
0.000,2048161.000
0.000,2048162.000
0.000,2048163.000
0.000,2048164.000
0.000,2048165.000
0.000,2048166.000
0.000,2048167.000
0.000,2048168.000
0.000,2048169.000
0.000,2048170.000
0.000,2048171.000
0.000,2048172.000
0.000,2048173.000
0.000,2048174.000
0.000,2048175.000
0.000,2048176.000
0.000,2048177.000
0.000,2048178.000
0.000,2048179.000
0.000,2048180.000
0.000,2048181.000
0.000,2048182.000
0.000,2048183.000
0.000,2048184.000
0.000,2048185.000
0.000,2048186.000
0.000,2048187.000
0.000,2048188.000
0.000,2048189.000
0.000,2048190.000
0.000,2048191.000
0.000,2048192.000
0.000,2048193.000
0.000,2048194.000
0.000,2048195.000
0.000,2048196.000
1.000,2048197.000
0.000,2048198.000
0.000,2048199.000
0.000,2048200.000
0.000,2048201.000
0.000,2048202.000
0.000,2048203.000
0.000,2048204.000
0.000,2048205.000
0.000,2048206.000
0.000,2048207.000
0.000,2048208.000
0.000,2048209.000
0.000,2048210.000
0.000,2048211.000
0.000,2048212.000
0.000,2048213.000
0.000,2048214.000
0.000,2048215.000
0.000,2048216.000
0.000,2048217.000
0.000,2048218.000
0.000,2048219.000
0.000,2048220.000
0.000,2048221.000
0.000,2048222.000
0.000,2048223.000
0.000,2048224.000
0.000,2048225.000
0.000,2048226.000
0.000,2048227.000
0.000,2048228.000
0.000,2048229.000
0.000,2048230.000
0.000,2048231.000
0.000,2048232.000
0.000,2048233.000
0.000,2048234.000
0.000,2048235.000
0.000,2048236.000
0.000,2048237.000
0.000,2048238.000
0.000,2048239.000
0.000,2048240.000
0.000,2048241.000
0.000,2048242.000
0.000,2048243.000
0.000,2048244.000
0.000,2048245.000
0.000,2048246.000
0.000,2048247.000
0.000,2048248.000
0.000,2048249.000
0.000,2048250.000
0.000,2048251.000
0.000,2048252.000
0.000,2048253.000
0.000,2048254.000
0.000,2048255.000
0.000,2048256.000
0.000,2048257.000
0.000,2048258.000
0.000,2048259.000
0.000,2048260.000
0.000,2048261.000
0.000,2048262.000
0.000,2048263.000
0.000,2048264.000
0.000,2048265.000
0.000,2048266.000
0.000,2048267.000
0.000,2048268.000
0.000,2048269.000
0.000,2048270.000
0.000,2048271.000
0.000,2048272.000
0.000,2048273.000
0.000,2048274.000
0.000,2048275.000
0.000,2048276.000
0.000,2048277.000
0.000,2048278.000
0.000,2048279.000
0.000,2048280.000
0.000,2048281.000
0.000,2048282.000
0.000,2048283.000
0.000,2048284.000
0.000,2048285.000
0.000,2048286.000
0.000,2048287.000
0.000,2048288.000
0.000,2048289.000
0.000,2048290.000
0.000,2048291.000
0.000,2048292.000
0.000,2048293.000
0.000,2048294.000
0.000,2048295.000
0.000,2048296.000
0.000,2048297.000
0.000,2048298.000
0.000,2048299.000
0.000,2048300.000
0.000,2048301.000
0.000,2048302.000
0.000,2048303.000
0.000,2048304.000
0.000,2048305.000
0.000,2048306.000
0.000,2048307.000
0.000,2048308.000
0.000,2048309.000
0.000,2048310.000
0.000,2048311.000
0.000,2048312.000
0.000,2048313.000
0.000,2048314.000
0.000,2048315.000
0.000,2048316.000
0.000,2048317.000
0.000,2048318.000
0.000,2048319.000
0.000,2048320.000
0.000,2048321.000
0.000,2048322.000
0.000,2048323.000
1.000,2048324.000
0.000,2048325.000
0.000,2048326.000
0.000,2048327.000
0.000,2048328.000
0.000,2048329.000
0.000,2048330.000
0.000,2048331.000
0.000,2048332.000
0.000,2048333.000
0.000,2048334.000
0.000,2048335.000
0.000,2048336.000
0.000,2048337.000
0.000,2048338.000
0.000,2048339.000
0.000,2048340.000
0.000,2048341.000
0.000,2048342.000
0.000,2048343.000
0.000,2048344.000
0.000,2048345.000
0.000,2048346.000
0.000,2048347.000
0.000,2048348.000
0.000,2048349.000
0.000,2048350.000
0.000,2048351.000
0.000,2048352.000
0.000,2048353.000
0.000,2048354.000
0.000,2048355.000
0.000,2048356.000
0.000,2048357.000
0.000,2048358.000
0.000,2048359.000
0.000,2048360.000
0.000,2048361.000
0.000,2048362.000
0.000,2048363.000
0.000,2048364.000
0.000,2048365.000
0.000,2048366.000
0.000,2048367.000
0.000,2048368.000
0.000,2048369.000
0.000,2048370.000
0.000,2048371.000
0.000,2048372.000
0.000,2048373.000
0.000,2048374.000
0.000,2048375.000
0.000,2048376.000
0.000,2048377.000
0.000,2048378.000
0.000,2048379.000
0.000,2048380.000
0.000,2048381.000
0.000,2048382.000
0.000,2048383.000
0.000,2048384.000
0.000,2048385.000
0.000,2048386.000
0.000,2048387.000
0.000,2048388.000
0.000,2048389.000
0.000,2048390.000
0.000,2048391.000
0.000,2048392.000
0.000,2048393.000
0.000,2048394.000
0.000,2048395.000
0.000,2048396.000
0.000,2048397.000
0.000,2048398.000
0.000,2048399.000
0.000,2048400.000
0.000,2048401.000
0.000,2048402.000
0.000,2048403.000
0.000,2048404.000
0.000,2048405.000
0.000,2048406.000
0.000,2048407.000
0.000,2048408.000
0.000,2048409.000
0.000,2048410.000
0.000,2048411.000
0.000,2048412.000
0.000,2048413.000
0.000,2048414.000
0.000,2048415.000
0.000,2048416.000
0.000,2048417.000
0.000,2048418.000
0.000,2048419.000
0.000,2048420.000
0.000,2048421.000
0.000,2048422.000
0.000,2048423.000
0.000,2048424.000
0.000,2048425.000
0.000,2048426.000
0.000,2048427.000
0.000,2048428.000
0.000,2048429.000
0.000,2048430.000
0.000,2048431.000
0.000,2048432.000
0.000,2048433.000
0.000,2048434.000
0.000,2048435.000
0.000,2048436.000
0.000,2048437.000
0.000,2048438.000
0.000,2048439.000
0.000,2048440.000
0.000,2048441.000
0.000,2048442.000
0.000,2048443.000
0.000,2048444.000
0.000,2048445.000
0.000,2048446.000
0.000,2048447.000
0.000,2048448.000
0.000,2048449.000
0.000,2048450.000
0.000,2048451.000
0.000,2048452.000
0.000,2048453.000
0.000,2048454.000
0.000,2048455.000
0.000,2048456.000
0.000,2048457.000
0.000,2048458.000
0.000,2048459.000
0.000,2048460.000
0.000,2048461.000
0.000,2048462.000
0.000,2048463.000
0.000,2048464.000
0.000,2048465.000
0.000,2048466.000
0.000,2048467.000
0.000,2048468.000
0.000,2048469.000
0.000,2048470.000
0.000,2048471.000
0.000,2048472.000
0.000,2048473.000
0.000,2048474.000
0.000,2048475.000
0.000,2048476.000
0.000,2048477.000
0.000,2048478.000
0.000,2048479.000
0.000,2048480.000
0.000,2048481.000
0.000,2048482.000
0.000,2048483.000
0.000,2048484.000
0.000,2048485.000
1.000,2048486.000
0.000,2048487.000
0.000,2048488.000
0.000,2048489.000
0.000,2048490.000
0.000,2048491.000
0.000,2048492.000
0.000,2048493.000
0.000,2048494.000
0.000,2048495.000
0.000,2048496.000
0.000,2048497.000
0.000,2048498.000
0.000,2048499.000
0.000,2048500.000
0.000,2048501.000
0.000,2048502.000
0.000,2048503.000
0.000,2048504.000
0.000,2048505.000
0.000,2048506.000
0.000,2048507.000
0.000,2048508.000
0.000,2048509.000
0.000,2048510.000
0.000,2048511.000
0.000,2048512.000
0.000,2048513.000
0.000,2048514.000
0.000,2048515.000
0.000,2048516.000
0.000,2048517.000
0.000,2048518.000
0.000,2048519.000
0.000,2048520.000
0.000,2048521.000
0.000,2048522.000
0.000,2048523.000
0.000,2048524.000
0.000,2048525.000
0.000,2048526.000
0.000,2048527.000
0.000,2048528.000
0.000,2048529.000
0.000,2048530.000
0.000,2048531.000
0.000,2048532.000
0.000,2048533.000
0.000,2048534.000
0.000,2048535.000
0.000,2048536.000
0.000,2048537.000
0.000,2048538.000
0.000,2048539.000
0.000,2048540.000
0.000,2048541.000
0.000,2048542.000
0.000,2048543.000
0.000,2048544.000
0.000,2048545.000
0.000,2048546.000
0.000,2048547.000
0.000,2048548.000
0.000,2048549.000
0.000,2048550.000
0.000,2048551.000
0.000,2048552.000
0.000,2048553.000
0.000,2048554.000
0.000,2048555.000
0.000,2048556.000
0.000,2048557.000
0.000,2048558.000
0.000,2048559.000
0.000,2048560.000
0.000,2048561.000
0.000,2048562.000
0.000,2048563.000
0.000,2048564.000
0.000,2048565.000
0.000,2048566.000
0.000,2048567.000
0.000,2048568.000
0.000,2048569.000
0.000,2048570.000
0.000,2048571.000
0.000,2048572.000
0.000,2048573.000
0.000,2048574.000
0.000,2048575.000
0.000,2048576.000
0.000,2048577.000
0.000,2048578.000
0.000,2048579.000
0.000,2048580.000
0.000,2048581.000
0.000,2048582.000
0.000,2048583.000
0.000,2048584.000
0.000,2048585.000
0.000,2048586.000
0.000,2048587.000
0.000,2048588.000
0.000,2048589.000
0.000,2048590.000
0.000,2048591.000
0.000,2048592.000
0.000,2048593.000
0.000,2048594.000
0.000,2048595.000
0.000,2048596.000
0.000,2048597.000
0.000,2048598.000
0.000,2048599.000
0.000,2048600.000
0.000,2048601.000
0.000,2048602.000
0.000,2048603.000
0.000,2048604.000
0.000,2048605.000
0.000,2048606.000
0.000,2048607.000
0.000,2048608.000
0.000,2048609.000
0.000,2048610.000
0.000,2048611.000
0.000,2048612.000
0.000,2048613.000
0.000,2048614.000
0.000,2048615.000
0.000,2048616.000
0.000,2048617.000
0.000,2048618.000
0.000,2048619.000
0.000,2048620.000
0.000,2048621.000
0.000,2048622.000
0.000,2048623.000
0.000,2048624.000
0.000,2048625.000
0.000,2048626.000
0.000,2048627.000
0.000,2048628.000
0.000,2048629.000
0.000,2048630.000
0.000,2048631.000
0.000,2048632.000
0.000,2048633.000
0.000,2048634.000
0.000,2048635.000
0.000,2048636.000
0.000,2048637.000
0.000,2048638.000
0.000,2048639.000
0.000,2048640.000
0.000,2048641.000
0.000,2048642.000
0.000,2048643.000
0.000,2048644.000
0.000,2048645.000
0.000,2048646.000
0.000,2048647.000
0.000,2048648.000
0.000,2048649.000
0.000,2048650.000
0.000,2048651.000
0.000,2048652.000
0.000,2048653.000
0.000,2048654.000
0.000,2048655.000
0.000,2048656.000
0.000,2048657.000
0.000,2048658.000
0.000,2048659.000
0.000,2048660.000
0.000,2048661.000
0.000,2048662.000
0.000,2048663.000
0.000,2048664.000
0.000,2048665.000
0.000,2048666.000
0.000,2048667.000
0.000,2048668.000
0.000,2048669.000
0.000,2048670.000
0.000,2048671.000
0.000,2048672.000
0.000,2048673.000
0.000,2048674.000
0.000,2048675.000
0.000,2048676.000
0.000,2048677.000
0.000,2048678.000
0.000,2048679.000
0.000,2048680.000
0.000,2048681.000
0.000,2048682.000
0.000,2048683.000
0.000,2048684.000
0.000,2048685.000
0.000,2048686.000
0.000,2048687.000
0.000,2048688.000
0.000,2048689.000
0.000,2048690.000
0.000,2048691.000
0.000,2048692.000
0.000,2048693.000
0.000,2048694.000
0.000,2048695.000
0.000,2048696.000
0.000,2048697.000
0.000,2048698.000
0.000,2048699.000
0.000,2048700.000
0.000,2048701.000
0.000,2048702.000
0.000,2048703.000
0.000,2048704.000
0.000,2048705.000
0.000,2048706.000
0.000,2048707.000
0.000,2048708.000
0.000,2048709.000
0.000,2048710.000
0.000,2048711.000
0.000,2048712.000
0.000,2048713.000
0.000,2048714.000
0.000,2048715.000
0.000,2048716.000
0.000,2048717.000
0.000,2048718.000
0.000,2048719.000
0.000,2048720.000
0.000,2048721.000
0.000,2048722.000
0.000,2048723.000
0.000,2048724.000
0.000,2048725.000
0.000,2048726.000
0.000,2048727.000
0.000,2048728.000
0.000,2048729.000
0.000,2048730.000
0.000,2048731.000
0.000,2048732.000
0.000,2048733.000
0.000,2048734.000
0.000,2048735.000
0.000,2048736.000
0.000,2048737.000
0.000,2048738.000
0.000,2048739.000
0.000,2048740.000
0.000,2048741.000
0.000,2048742.000
0.000,2048743.000
0.000,2048744.000
0.000,2048745.000
0.000,2048746.000
0.000,2048747.000
0.000,2048748.000
0.000,2048749.000
0.000,2048750.000
0.000,2048751.000
0.000,2048752.000
0.000,2048753.000
0.000,2048754.000
0.000,2048755.000
0.000,2048756.000
0.000,2048757.000
0.000,2048758.000
0.000,2048759.000
0.000,2048760.000
0.000,2048761.000
0.000,2048762.000
0.000,2048763.000
0.000,2048764.000
0.000,2048765.000
0.000,2048766.000
0.000,2048767.000
0.000,2048768.000
0.000,2048769.000
0.000,2048770.000
0.000,2048771.000
0.000,2048772.000
0.000,2048773.000
0.000,2048774.000
0.000,2048775.000
0.000,2048776.000
0.000,2048777.000
0.000,2048778.000
0.000,2048779.000
0.000,2048780.000
0.000,2048781.000
0.000,2048782.000
0.000,2048783.000
0.000,2048784.000
0.000,2048785.000
0.000,2048786.000
0.000,2048787.000
0.000,2048788.000
0.000,2048789.000
0.000,2048790.000
0.000,2048791.000
0.000,2048792.000
0.000,2048793.000
0.000,2048794.000
0.000,2048795.000
0.000,2048796.000
0.000,2048797.000
0.000,2048798.000
0.000,2048799.000
0.000,2048800.000
0.000,2048801.000
0.000,2048802.000
0.000,2048803.000
0.000,2048804.000
0.000,2048805.000
0.000,2048806.000
0.000,2048807.000
0.000,2048808.000
0.000,2048809.000
0.000,2048810.000
0.000,2048811.000
0.000,2048812.000
0.000,2048813.000
0.000,2048814.000
0.000,2048815.000
0.000,2048816.000
0.000,2048817.000
0.000,2048818.000
0.000,2048819.000
0.000,2048820.000
0.000,2048821.000
0.000,2048822.000
0.000,2048823.000
0.000,2048824.000
0.000,2048825.000
0.000,2048826.000
0.000,2048827.000
0.000,2048828.000
0.000,2048829.000
0.000,2048830.000
0.000,2048831.000
0.000,2048832.000
0.000,2048833.000
0.000,2048834.000
0.000,2048835.000
0.000,2048836.000
0.000,2048837.000
0.000,2048838.000
0.000,2048839.000
0.000,2048840.000
0.000,2048841.000
0.000,2048842.000
0.000,2048843.000
0.000,2048844.000
0.000,2048845.000
0.000,2048846.000
0.000,2048847.000
0.000,2048848.000
0.000,2048849.000
0.000,2048850.000
0.000,2048851.000
0.000,2048852.000
0.000,2048853.000
0.000,2048854.000
0.000,2048855.000
0.000,2048856.000
0.000,2048857.000
0.000,2048858.000
0.000,2048859.000
0.000,2048860.000
0.000,2048861.000
0.000,2048862.000
0.000,2048863.000
0.000,2048864.000
0.000,2048865.000
0.000,2048866.000
0.000,2048867.000
0.000,2048868.000
0.000,2048869.000
0.000,2048870.000
0.000,2048871.000
0.000,2048872.000
0.000,2048873.000
0.000,2048874.000
0.000,2048875.000
0.000,2048876.000
0.000,2048877.000
0.000,2048878.000
0.000,2048879.000
0.000,2048880.000
0.000,2048881.000
0.000,2048882.000
0.000,2048883.000
0.000,2048884.000
0.000,2048885.000
0.000,2048886.000
0.000,2048887.000
0.000,2048888.000
0.000,2048889.000
0.000,2048890.000
0.000,2048891.000
0.000,2048892.000
0.000,2048893.000
0.000,2048894.000
0.000,2048895.000
0.000,2048896.000
0.000,2048897.000
0.000,2048898.000
0.000,2048899.000
0.000,2048900.000
0.000,2048901.000
0.000,2048902.000
0.000,2048903.000
0.000,2048904.000
0.000,2048905.000
0.000,2048906.000
0.000,2048907.000
0.000,2048908.000
0.000,2048909.000
0.000,2048910.000
0.000,2048911.000
0.000,2048912.000
0.000,2048913.000
0.000,2048914.000
0.000,2048915.000
0.000,2048916.000
0.000,2048917.000
0.000,2048918.000
0.000,2048919.000
0.000,2048920.000
0.000,2048921.000
0.000,2048922.000
0.000,2048923.000
0.000,2048924.000
0.000,2048925.000
0.000,2048926.000
0.000,2048927.000
0.000,2048928.000
0.000,2048929.000
0.000,2048930.000
0.000,2048931.000
0.000,2048932.000
0.000,2048933.000
0.000,2048934.000
0.000,2048935.000
0.000,2048936.000
0.000,2048937.000
0.000,2048938.000
0.000,2048939.000
0.000,2048940.000
0.000,2048941.000
0.000,2048942.000
0.000,2048943.000
0.000,2048944.000
0.000,2048945.000
0.000,2048946.000
0.000,2048947.000
0.000,2048948.000
0.000,2048949.000
0.000,2048950.000
0.000,2048951.000
0.000,2048952.000
0.000,2048953.000
0.000,2048954.000
0.000,2048955.000
0.000,2048956.000
0.000,2048957.000
0.000,2048958.000
0.000,2048959.000
0.000,2048960.000
0.000,2048961.000
0.000,2048962.000
0.000,2048963.000
0.000,2048964.000
0.000,2048965.000
0.000,2048966.000
0.000,2048967.000
0.000,2048968.000
0.000,2048969.000
0.000,2048970.000
0.000,2048971.000
0.000,2048972.000
0.000,2048973.000
0.000,2048974.000
0.000,2048975.000
0.000,2048976.000
0.000,2048977.000
0.000,2048978.000
0.000,2048979.000
0.000,2048980.000
1.000,2048981.000
0.000,2048982.000
0.000,2048983.000
0.000,2048984.000
0.000,2048985.000
0.000,2048986.000
0.000,2048987.000
0.000,2048988.000
0.000,2048989.000
0.000,2048990.000
0.000,2048991.000
0.000,2048992.000
0.000,2048993.000
0.000,2048994.000
0.000,2048995.000
0.000,2048996.000
0.000,2048997.000
0.000,2048998.000
0.000,2048999.000
0.000,2049000.000
0.000,2049001.000
0.000,2049002.000
0.000,2049003.000
0.000,2049004.000
0.000,2049005.000
0.000,2049006.000
0.000,2049007.000
0.000,2049008.000
0.000,2049009.000
0.000,2049010.000
0.000,2049011.000
0.000,2049012.000
0.000,2049013.000
0.000,2049014.000
0.000,2049015.000
0.000,2049016.000
0.000,2049017.000
0.000,2049018.000
0.000,2049019.000
0.000,2049020.000
0.000,2049021.000
0.000,2049022.000
0.000,2049023.000
0.000,2049024.000
0.000,2049025.000
0.000,2049026.000
0.000,2049027.000
0.000,2049028.000
0.000,2049029.000
0.000,2049030.000
0.000,2049031.000
0.000,2049032.000
0.000,2049033.000
0.000,2049034.000
0.000,2049035.000
0.000,2049036.000
0.000,2049037.000
0.000,2049038.000
0.000,2049039.000
0.000,2049040.000
0.000,2049041.000
0.000,2049042.000
0.000,2049043.000
0.000,2049044.000
0.000,2049045.000
0.000,2049046.000
0.000,2049047.000
0.000,2049048.000
0.000,2049049.000
0.000,2049050.000
0.000,2049051.000
0.000,2049052.000
0.000,2049053.000
0.000,2049054.000
0.000,2049055.000
0.000,2049056.000
0.000,2049057.000
0.000,2049058.000
0.000,2049059.000
0.000,2049060.000
0.000,2049061.000
0.000,2049062.000
0.000,2049063.000
0.000,2049064.000
0.000,2049065.000
0.000,2049066.000
0.000,2049067.000
0.000,2049068.000
0.000,2049069.000
0.000,2049070.000
0.000,2049071.000
0.000,2049072.000
0.000,2049073.000
0.000,2049074.000
0.000,2049075.000
0.000,2049076.000
0.000,2049077.000
0.000,2049078.000
0.000,2049079.000
0.000,2049080.000
0.000,2049081.000
1.000,2049082.000
0.000,2049083.000
0.000,2049084.000
0.000,2049085.000
0.000,2049086.000
0.000,2049087.000
0.000,2049088.000
0.000,2049089.000
0.000,2049090.000
0.000,2049091.000
0.000,2049092.000
0.000,2049093.000
0.000,2049094.000
0.000,2049095.000
0.000,2049096.000
0.000,2049097.000
0.000,2049098.000
0.000,2049099.000
0.000,2049100.000
0.000,2049101.000
0.000,2049102.000
0.000,2049103.000
0.000,2049104.000
0.000,2049105.000
0.000,2049106.000
0.000,2049107.000
0.000,2049108.000
0.000,2049109.000
0.000,2049110.000
0.000,2049111.000
0.000,2049112.000
0.000,2049113.000
0.000,2049114.000
0.000,2049115.000
0.000,2049116.000
0.000,2049117.000
0.000,2049118.000
0.000,2049119.000
0.000,2049120.000
0.000,2049121.000
0.000,2049122.000
0.000,2049123.000
0.000,2049124.000
0.000,2049125.000
0.000,2049126.000
0.000,2049127.000
0.000,2049128.000
0.000,2049129.000
0.000,2049130.000
0.000,2049131.000
0.000,2049132.000
0.000,2049133.000
0.000,2049134.000
0.000,2049135.000
0.000,2049136.000
0.000,2049137.000
0.000,2049138.000
0.000,2049139.000
0.000,2049140.000
0.000,2049141.000
0.000,2049142.000
0.000,2049143.000
0.000,2049144.000
0.000,2049145.000
0.000,2049146.000
0.000,2049147.000
0.000,2049148.000
0.000,2049149.000
0.000,2049150.000
0.000,2049151.000
0.000,2049152.000
0.000,2049153.000
0.000,2049154.000
0.000,2049155.000
0.000,2049156.000
0.000,2049157.000
0.000,2049158.000
0.000,2049159.000
0.000,2049160.000
0.000,2049161.000
0.000,2049162.000
0.000,2049163.000
0.000,2049164.000
0.000,2049165.000
0.000,2049166.000
0.000,2049167.000
0.000,2049168.000
0.000,2049169.000
0.000,2049170.000
0.000,2049171.000
0.000,2049172.000
0.000,2049173.000
0.000,2049174.000
0.000,2049175.000
0.000,2049176.000
0.000,2049177.000
0.000,2049178.000
0.000,2049179.000
0.000,2049180.000
0.000,2049181.000
0.000,2049182.000
0.000,2049183.000
0.000,2049184.000
0.000,2049185.000
0.000,2049186.000
0.000,2049187.000
0.000,2049188.000
0.000,2049189.000
0.000,2049190.000
0.000,2049191.000
0.000,2049192.000
0.000,2049193.000
0.000,2049194.000
0.000,2049195.000
0.000,2049196.000
0.000,2049197.000
0.000,2049198.000
0.000,2049199.000
0.000,2049200.000
0.000,2049201.000
1.000,2049202.000
0.000,2049203.000
0.000,2049204.000
0.000,2049205.000
0.000,2049206.000
0.000,2049207.000
0.000,2049208.000
0.000,2049209.000
0.000,2049210.000
0.000,2049211.000
0.000,2049212.000
0.000,2049213.000
0.000,2049214.000
0.000,2049215.000
0.000,2049216.000
0.000,2049217.000
0.000,2049218.000
0.000,2049219.000
0.000,2049220.000
0.000,2049221.000
0.000,2049222.000
0.000,2049223.000
0.000,2049224.000
0.000,2049225.000
0.000,2049226.000
0.000,2049227.000
0.000,2049228.000
0.000,2049229.000
0.000,2049230.000
0.000,2049231.000
1.000,2049232.000
0.000,2049233.000
0.000,2049234.000
0.000,2049235.000
0.000,2049236.000
0.000,2049237.000
0.000,2049238.000
0.000,2049239.000
0.000,2049240.000
0.000,2049241.000
0.000,2049242.000
0.000,2049243.000
0.000,2049244.000
0.000,2049245.000
0.000,2049246.000
0.000,2049247.000
0.000,2049248.000
0.000,2049249.000
0.000,2049250.000
0.000,2049251.000
0.000,2049252.000
0.000,2049253.000
0.000,2049254.000
0.000,2049255.000
0.000,2049256.000
0.000,2049257.000
0.000,2049258.000
0.000,2049259.000
0.000,2049260.000
0.000,2049261.000
0.000,2049262.000
0.000,2049263.000
0.000,2049264.000
0.000,2049265.000
0.000,2049266.000
0.000,2049267.000
0.000,2049268.000
0.000,2049269.000
0.000,2049270.000
0.000,2049271.000
0.000,2049272.000
0.000,2049273.000
0.000,2049274.000
0.000,2049275.000
0.000,2049276.000
0.000,2049277.000
0.000,2049278.000
0.000,2049279.000
0.000,2049280.000
0.000,2049281.000
0.000,2049282.000
0.000,2049283.000
0.000,2049284.000
0.000,2049285.000
0.000,2049286.000
0.000,2049287.000
0.000,2049288.000
0.000,2049289.000
0.000,2049290.000
0.000,2049291.000
0.000,2049292.000
0.000,2049293.000
0.000,2049294.000
0.000,2049295.000
0.000,2049296.000
0.000,2049297.000
0.000,2049298.000
0.000,2049299.000
0.000,2049300.000
0.000,2049301.000
0.000,2049302.000
0.000,2049303.000
0.000,2049304.000
0.000,2049305.000
0.000,2049306.000
0.000,2049307.000
0.000,2049308.000
0.000,2049309.000
0.000,2049310.000
0.000,2049311.000
0.000,2049312.000
0.000,2049313.000
0.000,2049314.000
0.000,2049315.000
0.000,2049316.000
0.000,2049317.000
0.000,2049318.000
0.000,2049319.000
0.000,2049320.000
0.000,2049321.000
0.000,2049322.000
0.000,2049323.000
0.000,2049324.000
0.000,2049325.000
0.000,2049326.000
0.000,2049327.000
0.000,2049328.000
0.000,2049329.000
0.000,2049330.000
0.000,2049331.000
0.000,2049332.000
0.000,2049333.000
0.000,2049334.000
0.000,2049335.000
0.000,2049336.000
0.000,2049337.000
0.000,2049338.000
0.000,2049339.000
0.000,2049340.000
0.000,2049341.000
0.000,2049342.000
0.000,2049343.000
0.000,2049344.000
0.000,2049345.000
0.000,2049346.000
0.000,2049347.000
0.000,2049348.000
0.000,2049349.000
0.000,2049350.000
0.000,2049351.000
0.000,2049352.000
0.000,2049353.000
0.000,2049354.000
0.000,2049355.000
0.000,2049356.000
0.000,2049357.000
0.000,2049358.000
0.000,2049359.000
0.000,2049360.000
0.000,2049361.000
0.000,2049362.000
0.000,2049363.000
0.000,2049364.000
0.000,2049365.000
1.000,2049366.000
0.000,2049367.000
0.000,2049368.000
0.000,2049369.000
0.000,2049370.000
0.000,2049371.000
0.000,2049372.000
0.000,2049373.000
0.000,2049374.000
0.000,2049375.000
0.000,2049376.000
0.000,2049377.000
0.000,2049378.000
0.000,2049379.000
0.000,2049380.000
1.000,2049381.000
0.000,2049382.000
0.000,2049383.000
0.000,2049384.000
0.000,2049385.000
0.000,2049386.000
0.000,2049387.000
0.000,2049388.000
0.000,2049389.000
0.000,2049390.000
0.000,2049391.000
0.000,2049392.000
0.000,2049393.000
0.000,2049394.000
0.000,2049395.000
0.000,2049396.000
0.000,2049397.000
0.000,2049398.000
0.000,2049399.000
0.000,2049400.000
0.000,2049401.000
0.000,2049402.000
1.000,2049403.000
0.000,2049404.000
0.000,2049405.000
0.000,2049406.000
0.000,2049407.000
0.000,2049408.000
0.000,2049409.000
0.000,2049410.000
0.000,2049411.000
0.000,2049412.000
0.000,2049413.000
0.000,2049414.000
0.000,2049415.000
0.000,2049416.000
0.000,2049417.000
0.000,2049418.000
0.000,2049419.000
0.000,2049420.000
0.000,2049421.000
0.000,2049422.000
0.000,2049423.000
0.000,2049424.000
0.000,2049425.000
0.000,2049426.000
0.000,2049427.000
0.000,2049428.000
0.000,2049429.000
0.000,2049430.000
0.000,2049431.000
0.000,2049432.000
0.000,2049433.000
0.000,2049434.000
0.000,2049435.000
0.000,2049436.000
0.000,2049437.000
0.000,2049438.000
0.000,2049439.000
1.000,2049440.000
0.000,2049441.000
0.000,2049442.000
0.000,2049443.000
0.000,2049444.000
0.000,2049445.000
0.000,2049446.000
0.000,2049447.000
0.000,2049448.000
0.000,2049449.000
0.000,2049450.000
0.000,2049451.000
0.000,2049452.000
0.000,2049453.000
0.000,2049454.000
0.000,2049455.000
0.000,2049456.000
0.000,2049457.000
0.000,2049458.000
0.000,2049459.000
0.000,2049460.000
0.000,2049461.000
0.000,2049462.000
0.000,2049463.000
0.000,2049464.000
0.000,2049465.000
0.000,2049466.000
0.000,2049467.000
0.000,2049468.000
0.000,2049469.000
0.000,2049470.000
0.000,2049471.000
0.000,2049472.000
0.000,2049473.000
0.000,2049474.000
0.000,2049475.000
0.000,2049476.000
0.000,2049477.000
0.000,2049478.000
0.000,2049479.000
0.000,2049480.000
0.000,2049481.000
0.000,2049482.000
0.000,2049483.000
0.000,2049484.000
0.000,2049485.000
0.000,2049486.000
0.000,2049487.000
0.000,2049488.000
0.000,2049489.000
0.000,2049490.000
0.000,2049491.000
0.000,2049492.000
0.000,2049493.000
0.000,2049494.000
0.000,2049495.000
0.000,2049496.000
0.000,2049497.000
0.000,2049498.000
0.000,2049499.000
0.000,2049500.000
0.000,2049501.000
0.000,2049502.000
0.000,2049503.000
0.000,2049504.000
0.000,2049505.000
0.000,2049506.000
0.000,2049507.000
0.000,2049508.000
0.000,2049509.000
0.000,2049510.000
0.000,2049511.000
0.000,2049512.000
0.000,2049513.000
0.000,2049514.000
0.000,2049515.000
0.000,2049516.000
0.000,2049517.000
0.000,2049518.000
0.000,2049519.000
0.000,2049520.000
0.000,2049521.000
0.000,2049522.000
0.000,2049523.000
0.000,2049524.000
0.000,2049525.000
1.000,2049526.000
0.000,2049527.000
0.000,2049528.000
0.000,2049529.000
0.000,2049530.000
0.000,2049531.000
0.000,2049532.000
0.000,2049533.000
0.000,2049534.000
0.000,2049535.000
0.000,2049536.000
0.000,2049537.000
0.000,2049538.000
0.000,2049539.000
0.000,2049540.000
0.000,2049541.000
0.000,2049542.000
0.000,2049543.000
0.000,2049544.000
0.000,2049545.000
0.000,2049546.000
0.000,2049547.000
0.000,2049548.000
0.000,2049549.000
0.000,2049550.000
0.000,2049551.000
0.000,2049552.000
0.000,2049553.000
0.000,2049554.000
0.000,2049555.000
0.000,2049556.000
0.000,2049557.000
0.000,2049558.000
0.000,2049559.000
0.000,2049560.000
0.000,2049561.000
0.000,2049562.000
0.000,2049563.000
0.000,2049564.000
0.000,2049565.000
0.000,2049566.000
0.000,2049567.000
0.000,2049568.000
0.000,2049569.000
0.000,2049570.000
0.000,2049571.000
0.000,2049572.000
0.000,2049573.000
0.000,2049574.000
0.000,2049575.000
0.000,2049576.000
0.000,2049577.000
0.000,2049578.000
0.000,2049579.000
0.000,2049580.000
0.000,2049581.000
0.000,2049582.000
0.000,2049583.000
0.000,2049584.000
0.000,2049585.000
0.000,2049586.000
0.000,2049587.000
0.000,2049588.000
0.000,2049589.000
0.000,2049590.000
0.000,2049591.000
0.000,2049592.000
0.000,2049593.000
0.000,2049594.000
0.000,2049595.000
0.000,2049596.000
0.000,2049597.000
0.000,2049598.000
0.000,2049599.000
0.000,2049600.000
0.000,2049601.000
0.000,2049602.000
0.000,2049603.000
0.000,2049604.000
0.000,2049605.000
0.000,2049606.000
0.000,2049607.000
0.000,2049608.000
0.000,2049609.000
0.000,2049610.000
0.000,2049611.000
0.000,2049612.000
0.000,2049613.000
0.000,2049614.000
0.000,2049615.000
0.000,2049616.000
0.000,2049617.000
0.000,2049618.000
0.000,2049619.000
0.000,2049620.000
0.000,2049621.000
0.000,2049622.000
0.000,2049623.000
0.000,2049624.000
0.000,2049625.000
0.000,2049626.000
0.000,2049627.000
0.000,2049628.000
0.000,2049629.000
0.000,2049630.000
0.000,2049631.000
0.000,2049632.000
0.000,2049633.000
0.000,2049634.000
0.000,2049635.000
0.000,2049636.000
0.000,2049637.000
0.000,2049638.000
0.000,2049639.000
0.000,2049640.000
0.000,2049641.000
0.000,2049642.000
0.000,2049643.000
0.000,2049644.000
0.000,2049645.000
0.000,2049646.000
0.000,2049647.000
0.000,2049648.000
0.000,2049649.000
0.000,2049650.000
0.000,2049651.000
0.000,2049652.000
0.000,2049653.000
0.000,2049654.000
0.000,2049655.000
0.000,2049656.000
0.000,2049657.000
0.000,2049658.000
0.000,2049659.000
1.000,2049660.000
0.000,2049661.000
0.000,2049662.000
0.000,2049663.000
0.000,2049664.000
0.000,2049665.000
0.000,2049666.000
0.000,2049667.000
0.000,2049668.000
0.000,2049669.000
0.000,2049670.000
0.000,2049671.000
0.000,2049672.000
0.000,2049673.000
0.000,2049674.000
0.000,2049675.000
0.000,2049676.000
0.000,2049677.000
0.000,2049678.000
0.000,2049679.000
0.000,2049680.000
0.000,2049681.000
0.000,2049682.000
0.000,2049683.000
0.000,2049684.000
0.000,2049685.000
0.000,2049686.000
0.000,2049687.000
0.000,2049688.000
0.000,2049689.000
0.000,2049690.000
0.000,2049691.000
0.000,2049692.000
0.000,2049693.000
0.000,2049694.000
0.000,2049695.000
0.000,2049696.000
0.000,2049697.000
0.000,2049698.000
0.000,2049699.000
0.000,2049700.000
0.000,2049701.000
0.000,2049702.000
0.000,2049703.000
0.000,2049704.000
0.000,2049705.000
0.000,2049706.000
0.000,2049707.000
0.000,2049708.000
0.000,2049709.000
0.000,2049710.000
0.000,2049711.000
0.000,2049712.000
0.000,2049713.000
0.000,2049714.000
0.000,2049715.000
0.000,2049716.000
0.000,2049717.000
0.000,2049718.000
0.000,2049719.000
0.000,2049720.000
0.000,2049721.000
0.000,2049722.000
0.000,2049723.000
0.000,2049724.000
0.000,2049725.000
0.000,2049726.000
0.000,2049727.000
0.000,2049728.000
0.000,2049729.000
0.000,2049730.000
0.000,2049731.000
1.000,2049732.000
0.000,2049733.000
0.000,2049734.000
0.000,2049735.000
0.000,2049736.000
0.000,2049737.000
0.000,2049738.000
0.000,2049739.000
0.000,2049740.000
0.000,2049741.000
0.000,2049742.000
0.000,2049743.000
0.000,2049744.000
0.000,2049745.000
0.000,2049746.000
0.000,2049747.000
0.000,2049748.000
0.000,2049749.000
0.000,2049750.000
0.000,2049751.000
0.000,2049752.000
0.000,2049753.000
0.000,2049754.000
0.000,2049755.000
0.000,2049756.000
0.000,2049757.000
0.000,2049758.000
0.000,2049759.000
0.000,2049760.000
0.000,2049761.000
0.000,2049762.000
0.000,2049763.000
0.000,2049764.000
0.000,2049765.000
0.000,2049766.000
0.000,2049767.000
0.000,2049768.000
0.000,2049769.000
0.000,2049770.000
0.000,2049771.000
0.000,2049772.000
0.000,2049773.000
0.000,2049774.000
0.000,2049775.000
0.000,2049776.000
0.000,2049777.000
0.000,2049778.000
0.000,2049779.000
0.000,2049780.000
0.000,2049781.000
0.000,2049782.000
0.000,2049783.000
0.000,2049784.000
0.000,2049785.000
0.000,2049786.000
0.000,2049787.000
0.000,2049788.000
0.000,2049789.000
0.000,2049790.000
0.000,2049791.000
0.000,2049792.000
0.000,2049793.000
0.000,2049794.000
0.000,2049795.000
0.000,2049796.000
0.000,2049797.000
0.000,2049798.000
0.000,2049799.000
0.000,2049800.000
0.000,2049801.000
0.000,2049802.000
0.000,2049803.000
0.000,2049804.000
0.000,2049805.000
0.000,2049806.000
0.000,2049807.000
0.000,2049808.000
0.000,2049809.000
0.000,2049810.000
0.000,2049811.000
0.000,2049812.000
0.000,2049813.000
0.000,2049814.000
0.000,2049815.000
0.000,2049816.000
0.000,2049817.000
0.000,2049818.000
0.000,2049819.000
0.000,2049820.000
0.000,2049821.000
0.000,2049822.000
0.000,2049823.000
0.000,2049824.000
0.000,2049825.000
0.000,2049826.000
0.000,2049827.000
0.000,2049828.000
0.000,2049829.000
0.000,2049830.000
0.000,2049831.000
0.000,2049832.000
0.000,2049833.000
0.000,2049834.000
0.000,2049835.000
0.000,2049836.000
0.000,2049837.000
0.000,2049838.000
0.000,2049839.000
0.000,2049840.000
0.000,2049841.000
0.000,2049842.000
0.000,2049843.000
0.000,2049844.000
0.000,2049845.000
0.000,2049846.000
0.000,2049847.000
0.000,2049848.000
0.000,2049849.000
0.000,2049850.000
0.000,2049851.000
0.000,2049852.000
0.000,2049853.000
0.000,2049854.000
0.000,2049855.000
0.000,2049856.000
0.000,2049857.000
0.000,2049858.000
0.000,2049859.000
0.000,2049860.000
0.000,2049861.000
0.000,2049862.000
0.000,2049863.000
0.000,2049864.000
1.000,2049865.000
0.000,2049866.000
0.000,2049867.000
0.000,2049868.000
0.000,2049869.000
0.000,2049870.000
0.000,2049871.000
0.000,2049872.000
0.000,2049873.000
0.000,2049874.000
0.000,2049875.000
0.000,2049876.000
0.000,2049877.000
0.000,2049878.000
0.000,2049879.000
0.000,2049880.000
0.000,2049881.000
0.000,2049882.000
0.000,2049883.000
0.000,2049884.000
0.000,2049885.000
0.000,2049886.000
0.000,2049887.000
0.000,2049888.000
0.000,2049889.000
0.000,2049890.000
0.000,2049891.000
0.000,2049892.000
0.000,2049893.000
0.000,2049894.000
0.000,2049895.000
0.000,2049896.000
0.000,2049897.000
0.000,2049898.000
0.000,2049899.000
0.000,2049900.000
0.000,2049901.000
0.000,2049902.000
0.000,2049903.000
0.000,2049904.000
0.000,2049905.000
0.000,2049906.000
0.000,2049907.000
0.000,2049908.000
0.000,2049909.000
0.000,2049910.000
0.000,2049911.000
0.000,2049912.000
0.000,2049913.000
0.000,2049914.000
0.000,2049915.000
0.000,2049916.000
0.000,2049917.000
0.000,2049918.000
0.000,2049919.000
0.000,2049920.000
0.000,2049921.000
0.000,2049922.000
0.000,2049923.000
0.000,2049924.000
0.000,2049925.000
0.000,2049926.000
0.000,2049927.000
0.000,2049928.000
0.000,2049929.000
0.000,2049930.000
0.000,2049931.000
0.000,2049932.000
0.000,2049933.000
0.000,2049934.000
0.000,2049935.000
0.000,2049936.000
0.000,2049937.000
0.000,2049938.000
0.000,2049939.000
0.000,2049940.000
0.000,2049941.000
0.000,2049942.000
0.000,2049943.000
0.000,2049944.000
0.000,2049945.000
0.000,2049946.000
0.000,2049947.000
0.000,2049948.000
0.000,2049949.000
0.000,2049950.000
0.000,2049951.000
0.000,2049952.000
0.000,2049953.000
0.000,2049954.000
0.000,2049955.000
0.000,2049956.000
0.000,2049957.000
0.000,2049958.000
0.000,2049959.000
0.000,2049960.000
0.000,2049961.000
0.000,2049962.000
0.000,2049963.000
0.000,2049964.000
0.000,2049965.000
0.000,2049966.000
0.000,2049967.000
0.000,2049968.000
0.000,2049969.000
0.000,2049970.000
0.000,2049971.000
0.000,2049972.000
0.000,2049973.000
0.000,2049974.000
0.000,2049975.000
0.000,2049976.000
1.000,2049977.000
0.000,2049978.000
0.000,2049979.000
0.000,2049980.000
0.000,2049981.000
0.000,2049982.000
0.000,2049983.000
0.000,2049984.000
0.000,2049985.000
0.000,2049986.000
0.000,2049987.000
0.000,2049988.000
0.000,2049989.000
0.000,2049990.000
0.000,2049991.000
0.000,2049992.000
0.000,2049993.000
0.000,2049994.000
0.000,2049995.000
0.000,2049996.000
0.000,2049997.000
0.000,2049998.000
0.000,2049999.000
0.000,2050000.000
0.000,2050001.000
0.000,2050002.000
0.000,2050003.000
0.000,2050004.000
0.000,2050005.000
0.000,2050006.000
0.000,2050007.000
0.000,2050008.000
0.000,2050009.000
0.000,2050010.000
0.000,2050011.000
0.000,2050012.000
0.000,2050013.000
0.000,2050014.000
0.000,2050015.000
0.000,2050016.000
0.000,2050017.000
0.000,2050018.000
0.000,2050019.000
0.000,2050020.000
0.000,2050021.000
0.000,2050022.000
0.000,2050023.000
0.000,2050024.000
0.000,2050025.000
0.000,2050026.000
0.000,2050027.000
0.000,2050028.000
0.000,2050029.000
0.000,2050030.000
0.000,2050031.000
0.000,2050032.000
0.000,2050033.000
0.000,2050034.000
0.000,2050035.000
0.000,2050036.000
0.000,2050037.000
0.000,2050038.000
0.000,2050039.000
0.000,2050040.000
0.000,2050041.000
0.000,2050042.000
0.000,2050043.000
0.000,2050044.000
0.000,2050045.000
0.000,2050046.000
1.000,2050047.000
0.000,2050048.000
0.000,2050049.000
0.000,2050050.000
0.000,2050051.000
0.000,2050052.000
0.000,2050053.000
0.000,2050054.000
0.000,2050055.000
0.000,2050056.000
0.000,2050057.000
0.000,2050058.000
0.000,2050059.000
0.000,2050060.000
0.000,2050061.000
0.000,2050062.000
0.000,2050063.000
0.000,2050064.000
0.000,2050065.000
0.000,2050066.000
0.000,2050067.000
0.000,2050068.000
0.000,2050069.000
0.000,2050070.000
0.000,2050071.000
0.000,2050072.000
0.000,2050073.000
0.000,2050074.000
0.000,2050075.000
0.000,2050076.000
0.000,2050077.000
0.000,2050078.000
0.000,2050079.000
0.000,2050080.000
0.000,2050081.000
0.000,2050082.000
0.000,2050083.000
0.000,2050084.000
0.000,2050085.000
0.000,2050086.000
0.000,2050087.000
0.000,2050088.000
0.000,2050089.000
0.000,2050090.000
0.000,2050091.000
0.000,2050092.000
0.000,2050093.000
0.000,2050094.000
0.000,2050095.000
0.000,2050096.000
0.000,2050097.000
0.000,2050098.000
0.000,2050099.000
0.000,2050100.000
0.000,2050101.000
0.000,2050102.000
0.000,2050103.000
0.000,2050104.000
0.000,2050105.000
1.000,2050106.000
0.000,2050107.000
0.000,2050108.000
0.000,2050109.000
0.000,2050110.000
0.000,2050111.000
0.000,2050112.000
0.000,2050113.000
0.000,2050114.000
0.000,2050115.000
0.000,2050116.000
0.000,2050117.000
0.000,2050118.000
0.000,2050119.000
0.000,2050120.000
0.000,2050121.000
0.000,2050122.000
0.000,2050123.000
0.000,2050124.000
0.000,2050125.000
0.000,2050126.000
0.000,2050127.000
0.000,2050128.000
0.000,2050129.000
0.000,2050130.000
0.000,2050131.000
0.000,2050132.000
0.000,2050133.000
0.000,2050134.000
0.000,2050135.000
0.000,2050136.000
0.000,2050137.000
0.000,2050138.000
0.000,2050139.000
0.000,2050140.000
0.000,2050141.000
0.000,2050142.000
0.000,2050143.000
0.000,2050144.000
0.000,2050145.000
0.000,2050146.000
0.000,2050147.000
0.000,2050148.000
0.000,2050149.000
0.000,2050150.000
0.000,2050151.000
0.000,2050152.000
0.000,2050153.000
0.000,2050154.000
0.000,2050155.000
0.000,2050156.000
0.000,2050157.000
0.000,2050158.000
1.000,2050159.000
0.000,2050160.000
0.000,2050161.000
0.000,2050162.000
0.000,2050163.000
0.000,2050164.000
0.000,2050165.000
0.000,2050166.000
0.000,2050167.000
0.000,2050168.000
0.000,2050169.000
0.000,2050170.000
0.000,2050171.000
0.000,2050172.000
1.000,2050173.000
0.000,2050174.000
0.000,2050175.000
0.000,2050176.000
0.000,2050177.000
0.000,2050178.000
0.000,2050179.000
0.000,2050180.000
0.000,2050181.000
0.000,2050182.000
0.000,2050183.000
0.000,2050184.000
0.000,2050185.000
0.000,2050186.000
0.000,2050187.000
0.000,2050188.000
0.000,2050189.000
0.000,2050190.000
0.000,2050191.000
0.000,2050192.000
0.000,2050193.000
0.000,2050194.000
0.000,2050195.000
0.000,2050196.000
0.000,2050197.000
0.000,2050198.000
0.000,2050199.000
0.000,2050200.000
0.000,2050201.000
0.000,2050202.000
0.000,2050203.000
0.000,2050204.000
0.000,2050205.000
0.000,2050206.000
0.000,2050207.000
0.000,2050208.000
0.000,2050209.000
0.000,2050210.000
0.000,2050211.000
0.000,2050212.000
0.000,2050213.000
0.000,2050214.000
0.000,2050215.000
0.000,2050216.000
0.000,2050217.000
0.000,2050218.000
0.000,2050219.000
0.000,2050220.000
0.000,2050221.000
0.000,2050222.000
0.000,2050223.000
0.000,2050224.000
0.000,2050225.000
0.000,2050226.000
0.000,2050227.000
0.000,2050228.000
0.000,2050229.000
0.000,2050230.000
0.000,2050231.000
0.000,2050232.000
0.000,2050233.000
0.000,2050234.000
0.000,2050235.000
0.000,2050236.000
0.000,2050237.000
0.000,2050238.000
0.000,2050239.000
0.000,2050240.000
0.000,2050241.000
0.000,2050242.000
0.000,2050243.000
0.000,2050244.000
0.000,2050245.000
0.000,2050246.000
0.000,2050247.000
0.000,2050248.000
0.000,2050249.000
0.000,2050250.000
0.000,2050251.000
0.000,2050252.000
0.000,2050253.000
0.000,2050254.000
0.000,2050255.000
0.000,2050256.000
0.000,2050257.000
0.000,2050258.000
0.000,2050259.000
0.000,2050260.000
0.000,2050261.000
0.000,2050262.000
0.000,2050263.000
0.000,2050264.000
0.000,2050265.000
0.000,2050266.000
0.000,2050267.000
0.000,2050268.000
0.000,2050269.000
0.000,2050270.000
0.000,2050271.000
0.000,2050272.000
0.000,2050273.000
0.000,2050274.000
0.000,2050275.000
0.000,2050276.000
0.000,2050277.000
0.000,2050278.000
0.000,2050279.000
0.000,2050280.000
0.000,2050281.000
0.000,2050282.000
0.000,2050283.000
0.000,2050284.000
0.000,2050285.000
0.000,2050286.000
0.000,2050287.000
0.000,2050288.000
0.000,2050289.000
0.000,2050290.000
0.000,2050291.000
0.000,2050292.000
0.000,2050293.000
0.000,2050294.000
0.000,2050295.000
0.000,2050296.000
0.000,2050297.000
0.000,2050298.000
0.000,2050299.000
0.000,2050300.000
0.000,2050301.000
0.000,2050302.000
0.000,2050303.000
0.000,2050304.000
0.000,2050305.000
0.000,2050306.000
0.000,2050307.000
0.000,2050308.000
0.000,2050309.000
0.000,2050310.000
0.000,2050311.000
0.000,2050312.000
0.000,2050313.000
0.000,2050314.000
0.000,2050315.000
0.000,2050316.000
0.000,2050317.000
0.000,2050318.000
0.000,2050319.000
0.000,2050320.000
0.000,2050321.000
0.000,2050322.000
0.000,2050323.000
0.000,2050324.000
0.000,2050325.000
0.000,2050326.000
0.000,2050327.000
0.000,2050328.000
0.000,2050329.000
0.000,2050330.000
0.000,2050331.000
0.000,2050332.000
0.000,2050333.000
0.000,2050334.000
0.000,2050335.000
0.000,2050336.000
0.000,2050337.000
0.000,2050338.000
0.000,2050339.000
0.000,2050340.000
0.000,2050341.000
0.000,2050342.000
0.000,2050343.000
0.000,2050344.000
0.000,2050345.000
0.000,2050346.000
0.000,2050347.000
0.000,2050348.000
0.000,2050349.000
0.000,2050350.000
0.000,2050351.000
0.000,2050352.000
0.000,2050353.000
0.000,2050354.000
0.000,2050355.000
0.000,2050356.000
0.000,2050357.000
0.000,2050358.000
0.000,2050359.000
0.000,2050360.000
0.000,2050361.000
0.000,2050362.000
0.000,2050363.000
0.000,2050364.000
0.000,2050365.000
0.000,2050366.000
0.000,2050367.000
0.000,2050368.000
0.000,2050369.000
0.000,2050370.000
0.000,2050371.000
0.000,2050372.000
0.000,2050373.000
0.000,2050374.000
0.000,2050375.000
0.000,2050376.000
0.000,2050377.000
0.000,2050378.000
0.000,2050379.000
0.000,2050380.000
0.000,2050381.000
0.000,2050382.000
0.000,2050383.000
0.000,2050384.000
0.000,2050385.000
0.000,2050386.000
0.000,2050387.000
0.000,2050388.000
0.000,2050389.000
0.000,2050390.000
0.000,2050391.000
0.000,2050392.000
0.000,2050393.000
0.000,2050394.000
0.000,2050395.000
0.000,2050396.000
0.000,2050397.000
0.000,2050398.000
0.000,2050399.000
0.000,2050400.000
0.000,2050401.000
0.000,2050402.000
0.000,2050403.000
0.000,2050404.000
0.000,2050405.000
0.000,2050406.000
0.000,2050407.000
0.000,2050408.000
0.000,2050409.000
0.000,2050410.000
0.000,2050411.000
0.000,2050412.000
0.000,2050413.000
0.000,2050414.000
0.000,2050415.000
0.000,2050416.000
0.000,2050417.000
0.000,2050418.000
0.000,2050419.000
0.000,2050420.000
0.000,2050421.000
0.000,2050422.000
0.000,2050423.000
0.000,2050424.000
0.000,2050425.000
0.000,2050426.000
0.000,2050427.000
0.000,2050428.000
0.000,2050429.000
0.000,2050430.000
0.000,2050431.000
0.000,2050432.000
0.000,2050433.000
0.000,2050434.000
0.000,2050435.000
0.000,2050436.000
0.000,2050437.000
1.000,2050438.000
0.000,2050439.000
0.000,2050440.000
0.000,2050441.000
0.000,2050442.000
0.000,2050443.000
0.000,2050444.000
0.000,2050445.000
0.000,2050446.000
0.000,2050447.000
0.000,2050448.000
0.000,2050449.000
0.000,2050450.000
0.000,2050451.000
0.000,2050452.000
0.000,2050453.000
0.000,2050454.000
0.000,2050455.000
0.000,2050456.000
0.000,2050457.000
0.000,2050458.000
0.000,2050459.000
0.000,2050460.000
0.000,2050461.000
0.000,2050462.000
0.000,2050463.000
0.000,2050464.000
0.000,2050465.000
0.000,2050466.000
0.000,2050467.000
0.000,2050468.000
0.000,2050469.000
0.000,2050470.000
0.000,2050471.000
0.000,2050472.000
0.000,2050473.000
0.000,2050474.000
0.000,2050475.000
0.000,2050476.000
0.000,2050477.000
0.000,2050478.000
0.000,2050479.000
0.000,2050480.000
0.000,2050481.000
0.000,2050482.000
0.000,2050483.000
0.000,2050484.000
0.000,2050485.000
0.000,2050486.000
0.000,2050487.000
0.000,2050488.000
0.000,2050489.000
0.000,2050490.000
0.000,2050491.000
0.000,2050492.000
0.000,2050493.000
0.000,2050494.000
0.000,2050495.000
0.000,2050496.000
0.000,2050497.000
0.000,2050498.000
0.000,2050499.000
0.000,2050500.000
0.000,2050501.000
0.000,2050502.000
0.000,2050503.000
0.000,2050504.000
0.000,2050505.000
0.000,2050506.000
0.000,2050507.000
0.000,2050508.000
0.000,2050509.000
0.000,2050510.000
0.000,2050511.000
0.000,2050512.000
1.000,2050513.000
0.000,2050514.000
0.000,2050515.000
0.000,2050516.000
0.000,2050517.000
0.000,2050518.000
0.000,2050519.000
0.000,2050520.000
0.000,2050521.000
0.000,2050522.000
0.000,2050523.000
0.000,2050524.000
0.000,2050525.000
0.000,2050526.000
0.000,2050527.000
0.000,2050528.000
0.000,2050529.000
0.000,2050530.000
0.000,2050531.000
0.000,2050532.000
0.000,2050533.000
0.000,2050534.000
0.000,2050535.000
0.000,2050536.000
0.000,2050537.000
0.000,2050538.000
0.000,2050539.000
0.000,2050540.000
0.000,2050541.000
0.000,2050542.000
0.000,2050543.000
0.000,2050544.000
0.000,2050545.000
0.000,2050546.000
0.000,2050547.000
0.000,2050548.000
0.000,2050549.000
0.000,2050550.000
0.000,2050551.000
0.000,2050552.000
0.000,2050553.000
0.000,2050554.000
0.000,2050555.000
0.000,2050556.000
0.000,2050557.000
0.000,2050558.000
0.000,2050559.000
0.000,2050560.000
0.000,2050561.000
0.000,2050562.000
0.000,2050563.000
0.000,2050564.000
0.000,2050565.000
0.000,2050566.000
0.000,2050567.000
0.000,2050568.000
0.000,2050569.000
0.000,2050570.000
0.000,2050571.000
0.000,2050572.000
0.000,2050573.000
0.000,2050574.000
0.000,2050575.000
0.000,2050576.000
0.000,2050577.000
0.000,2050578.000
0.000,2050579.000
0.000,2050580.000
0.000,2050581.000
0.000,2050582.000
0.000,2050583.000
0.000,2050584.000
0.000,2050585.000
0.000,2050586.000
0.000,2050587.000
0.000,2050588.000
0.000,2050589.000
0.000,2050590.000
0.000,2050591.000
0.000,2050592.000
0.000,2050593.000
0.000,2050594.000
0.000,2050595.000
0.000,2050596.000
0.000,2050597.000
0.000,2050598.000
0.000,2050599.000
0.000,2050600.000
0.000,2050601.000
0.000,2050602.000
0.000,2050603.000
0.000,2050604.000
0.000,2050605.000
0.000,2050606.000
0.000,2050607.000
0.000,2050608.000
0.000,2050609.000
0.000,2050610.000
0.000,2050611.000
0.000,2050612.000
0.000,2050613.000
0.000,2050614.000
0.000,2050615.000
0.000,2050616.000
0.000,2050617.000
0.000,2050618.000
0.000,2050619.000
0.000,2050620.000
0.000,2050621.000
0.000,2050622.000
0.000,2050623.000
0.000,2050624.000
0.000,2050625.000
0.000,2050626.000
0.000,2050627.000
0.000,2050628.000
0.000,2050629.000
0.000,2050630.000
0.000,2050631.000
0.000,2050632.000
0.000,2050633.000
0.000,2050634.000
0.000,2050635.000
0.000,2050636.000
0.000,2050637.000
0.000,2050638.000
0.000,2050639.000
0.000,2050640.000
0.000,2050641.000
0.000,2050642.000
0.000,2050643.000
0.000,2050644.000
0.000,2050645.000
0.000,2050646.000
0.000,2050647.000
0.000,2050648.000
0.000,2050649.000
0.000,2050650.000
0.000,2050651.000
0.000,2050652.000
0.000,2050653.000
0.000,2050654.000
0.000,2050655.000
0.000,2050656.000
0.000,2050657.000
0.000,2050658.000
0.000,2050659.000
0.000,2050660.000
0.000,2050661.000
0.000,2050662.000
0.000,2050663.000
0.000,2050664.000
0.000,2050665.000
0.000,2050666.000
0.000,2050667.000
0.000,2050668.000
0.000,2050669.000
0.000,2050670.000
0.000,2050671.000
0.000,2050672.000
0.000,2050673.000
0.000,2050674.000
0.000,2050675.000
0.000,2050676.000
0.000,2050677.000
0.000,2050678.000
0.000,2050679.000
0.000,2050680.000
0.000,2050681.000
0.000,2050682.000
0.000,2050683.000
0.000,2050684.000
0.000,2050685.000
0.000,2050686.000
0.000,2050687.000
0.000,2050688.000
0.000,2050689.000
0.000,2050690.000
0.000,2050691.000
0.000,2050692.000
0.000,2050693.000
0.000,2050694.000
0.000,2050695.000
0.000,2050696.000
0.000,2050697.000
0.000,2050698.000
0.000,2050699.000
0.000,2050700.000
0.000,2050701.000
0.000,2050702.000
0.000,2050703.000
0.000,2050704.000
0.000,2050705.000
0.000,2050706.000
0.000,2050707.000
0.000,2050708.000
0.000,2050709.000
0.000,2050710.000
0.000,2050711.000
0.000,2050712.000
0.000,2050713.000
0.000,2050714.000
0.000,2050715.000
0.000,2050716.000
0.000,2050717.000
0.000,2050718.000
0.000,2050719.000
0.000,2050720.000
0.000,2050721.000
0.000,2050722.000
0.000,2050723.000
0.000,2050724.000
0.000,2050725.000
0.000,2050726.000
0.000,2050727.000
0.000,2050728.000
0.000,2050729.000
0.000,2050730.000
0.000,2050731.000
0.000,2050732.000
0.000,2050733.000
0.000,2050734.000
0.000,2050735.000
0.000,2050736.000
0.000,2050737.000
0.000,2050738.000
0.000,2050739.000
0.000,2050740.000
0.000,2050741.000
0.000,2050742.000
0.000,2050743.000
0.000,2050744.000
0.000,2050745.000
0.000,2050746.000
0.000,2050747.000
0.000,2050748.000
0.000,2050749.000
0.000,2050750.000
0.000,2050751.000
0.000,2050752.000
0.000,2050753.000
0.000,2050754.000
0.000,2050755.000
0.000,2050756.000
0.000,2050757.000
0.000,2050758.000
0.000,2050759.000
0.000,2050760.000
0.000,2050761.000
0.000,2050762.000
0.000,2050763.000
0.000,2050764.000
0.000,2050765.000
0.000,2050766.000
0.000,2050767.000
0.000,2050768.000
0.000,2050769.000
0.000,2050770.000
0.000,2050771.000
0.000,2050772.000
0.000,2050773.000
0.000,2050774.000
0.000,2050775.000
0.000,2050776.000
0.000,2050777.000
0.000,2050778.000
0.000,2050779.000
0.000,2050780.000
0.000,2050781.000
0.000,2050782.000
0.000,2050783.000
0.000,2050784.000
0.000,2050785.000
0.000,2050786.000
0.000,2050787.000
0.000,2050788.000
0.000,2050789.000
0.000,2050790.000
0.000,2050791.000
0.000,2050792.000
0.000,2050793.000
0.000,2050794.000
0.000,2050795.000
0.000,2050796.000
0.000,2050797.000
0.000,2050798.000
0.000,2050799.000
0.000,2050800.000
0.000,2050801.000
0.000,2050802.000
0.000,2050803.000
0.000,2050804.000
0.000,2050805.000
0.000,2050806.000
0.000,2050807.000
0.000,2050808.000
0.000,2050809.000
0.000,2050810.000
0.000,2050811.000
0.000,2050812.000
0.000,2050813.000
0.000,2050814.000
0.000,2050815.000
0.000,2050816.000
0.000,2050817.000
0.000,2050818.000
0.000,2050819.000
0.000,2050820.000
0.000,2050821.000
0.000,2050822.000
0.000,2050823.000
0.000,2050824.000
0.000,2050825.000
0.000,2050826.000
0.000,2050827.000
0.000,2050828.000
0.000,2050829.000
0.000,2050830.000
0.000,2050831.000
0.000,2050832.000
1.000,2050833.000
0.000,2050834.000
0.000,2050835.000
0.000,2050836.000
0.000,2050837.000
0.000,2050838.000
0.000,2050839.000
0.000,2050840.000
0.000,2050841.000
0.000,2050842.000
0.000,2050843.000
0.000,2050844.000
0.000,2050845.000
0.000,2050846.000
0.000,2050847.000
0.000,2050848.000
0.000,2050849.000
0.000,2050850.000
0.000,2050851.000
0.000,2050852.000
0.000,2050853.000
0.000,2050854.000
0.000,2050855.000
0.000,2050856.000
0.000,2050857.000
0.000,2050858.000
0.000,2050859.000
0.000,2050860.000
0.000,2050861.000
0.000,2050862.000
0.000,2050863.000
0.000,2050864.000
0.000,2050865.000
0.000,2050866.000
0.000,2050867.000
0.000,2050868.000
0.000,2050869.000
0.000,2050870.000
0.000,2050871.000
0.000,2050872.000
0.000,2050873.000
0.000,2050874.000
0.000,2050875.000
0.000,2050876.000
0.000,2050877.000
0.000,2050878.000
0.000,2050879.000
0.000,2050880.000
0.000,2050881.000
0.000,2050882.000
0.000,2050883.000
0.000,2050884.000
0.000,2050885.000
0.000,2050886.000
0.000,2050887.000
0.000,2050888.000
0.000,2050889.000
0.000,2050890.000
0.000,2050891.000
0.000,2050892.000
0.000,2050893.000
0.000,2050894.000
0.000,2050895.000
0.000,2050896.000
0.000,2050897.000
0.000,2050898.000
0.000,2050899.000
0.000,2050900.000
0.000,2050901.000
0.000,2050902.000
0.000,2050903.000
0.000,2050904.000
0.000,2050905.000
0.000,2050906.000
0.000,2050907.000
0.000,2050908.000
0.000,2050909.000
0.000,2050910.000
0.000,2050911.000
0.000,2050912.000
0.000,2050913.000
0.000,2050914.000
0.000,2050915.000
0.000,2050916.000
0.000,2050917.000
0.000,2050918.000
0.000,2050919.000
0.000,2050920.000
0.000,2050921.000
0.000,2050922.000
0.000,2050923.000
0.000,2050924.000
0.000,2050925.000
0.000,2050926.000
0.000,2050927.000
0.000,2050928.000
0.000,2050929.000
0.000,2050930.000
0.000,2050931.000
0.000,2050932.000
0.000,2050933.000
0.000,2050934.000
0.000,2050935.000
0.000,2050936.000
0.000,2050937.000
0.000,2050938.000
0.000,2050939.000
0.000,2050940.000
0.000,2050941.000
0.000,2050942.000
0.000,2050943.000
0.000,2050944.000
0.000,2050945.000
0.000,2050946.000
0.000,2050947.000
0.000,2050948.000
0.000,2050949.000
0.000,2050950.000
0.000,2050951.000
0.000,2050952.000
0.000,2050953.000
0.000,2050954.000
0.000,2050955.000
0.000,2050956.000
0.000,2050957.000
0.000,2050958.000
0.000,2050959.000
0.000,2050960.000
0.000,2050961.000
0.000,2050962.000
0.000,2050963.000
0.000,2050964.000
0.000,2050965.000
0.000,2050966.000
0.000,2050967.000
0.000,2050968.000
0.000,2050969.000
0.000,2050970.000
0.000,2050971.000
0.000,2050972.000
0.000,2050973.000
0.000,2050974.000
0.000,2050975.000
0.000,2050976.000
0.000,2050977.000
0.000,2050978.000
0.000,2050979.000
0.000,2050980.000
0.000,2050981.000
0.000,2050982.000
0.000,2050983.000
0.000,2050984.000
1.000,2050985.000
0.000,2050986.000
0.000,2050987.000
0.000,2050988.000
0.000,2050989.000
0.000,2050990.000
0.000,2050991.000
0.000,2050992.000
0.000,2050993.000
0.000,2050994.000
0.000,2050995.000
0.000,2050996.000
0.000,2050997.000
0.000,2050998.000
0.000,2050999.000
0.000,2051000.000
0.000,2051001.000
0.000,2051002.000
0.000,2051003.000
0.000,2051004.000
0.000,2051005.000
0.000,2051006.000
0.000,2051007.000
0.000,2051008.000
0.000,2051009.000
0.000,2051010.000
0.000,2051011.000
0.000,2051012.000
0.000,2051013.000
0.000,2051014.000
0.000,2051015.000
0.000,2051016.000
0.000,2051017.000
0.000,2051018.000
0.000,2051019.000
0.000,2051020.000
0.000,2051021.000
0.000,2051022.000
0.000,2051023.000
0.000,2051024.000
0.000,2051025.000
0.000,2051026.000
0.000,2051027.000
0.000,2051028.000
0.000,2051029.000
0.000,2051030.000
0.000,2051031.000
0.000,2051032.000
0.000,2051033.000
0.000,2051034.000
0.000,2051035.000
0.000,2051036.000
0.000,2051037.000
0.000,2051038.000
0.000,2051039.000
0.000,2051040.000
0.000,2051041.000
0.000,2051042.000
0.000,2051043.000
0.000,2051044.000
0.000,2051045.000
0.000,2051046.000
0.000,2051047.000
0.000,2051048.000
0.000,2051049.000
0.000,2051050.000
0.000,2051051.000
0.000,2051052.000
0.000,2051053.000
0.000,2051054.000
0.000,2051055.000
0.000,2051056.000
0.000,2051057.000
0.000,2051058.000
0.000,2051059.000
0.000,2051060.000
0.000,2051061.000
0.000,2051062.000
0.000,2051063.000
0.000,2051064.000
0.000,2051065.000
0.000,2051066.000
0.000,2051067.000
0.000,2051068.000
0.000,2051069.000
0.000,2051070.000
0.000,2051071.000
0.000,2051072.000
0.000,2051073.000
0.000,2051074.000
0.000,2051075.000
0.000,2051076.000
0.000,2051077.000
0.000,2051078.000
0.000,2051079.000
0.000,2051080.000
0.000,2051081.000
0.000,2051082.000
0.000,2051083.000
0.000,2051084.000
0.000,2051085.000
0.000,2051086.000
0.000,2051087.000
0.000,2051088.000
0.000,2051089.000
0.000,2051090.000
0.000,2051091.000
0.000,2051092.000
0.000,2051093.000
0.000,2051094.000
0.000,2051095.000
0.000,2051096.000
0.000,2051097.000
0.000,2051098.000
0.000,2051099.000
0.000,2051100.000
0.000,2051101.000
0.000,2051102.000
0.000,2051103.000
0.000,2051104.000
0.000,2051105.000
0.000,2051106.000
0.000,2051107.000
0.000,2051108.000
0.000,2051109.000
0.000,2051110.000
0.000,2051111.000
0.000,2051112.000
0.000,2051113.000
0.000,2051114.000
0.000,2051115.000
0.000,2051116.000
0.000,2051117.000
0.000,2051118.000
0.000,2051119.000
0.000,2051120.000
0.000,2051121.000
0.000,2051122.000
0.000,2051123.000
0.000,2051124.000
0.000,2051125.000
0.000,2051126.000
0.000,2051127.000
0.000,2051128.000
0.000,2051129.000
0.000,2051130.000
0.000,2051131.000
0.000,2051132.000
0.000,2051133.000
0.000,2051134.000
0.000,2051135.000
0.000,2051136.000
0.000,2051137.000
0.000,2051138.000
0.000,2051139.000
0.000,2051140.000
0.000,2051141.000
0.000,2051142.000
0.000,2051143.000
0.000,2051144.000
0.000,2051145.000
0.000,2051146.000
0.000,2051147.000
0.000,2051148.000
0.000,2051149.000
0.000,2051150.000
0.000,2051151.000
0.000,2051152.000
0.000,2051153.000
0.000,2051154.000
0.000,2051155.000
0.000,2051156.000
0.000,2051157.000
0.000,2051158.000
0.000,2051159.000
0.000,2051160.000
0.000,2051161.000
0.000,2051162.000
0.000,2051163.000
0.000,2051164.000
0.000,2051165.000
0.000,2051166.000
0.000,2051167.000
0.000,2051168.000
0.000,2051169.000
0.000,2051170.000
0.000,2051171.000
0.000,2051172.000
0.000,2051173.000
0.000,2051174.000
0.000,2051175.000
0.000,2051176.000
0.000,2051177.000
0.000,2051178.000
0.000,2051179.000
0.000,2051180.000
0.000,2051181.000
0.000,2051182.000
0.000,2051183.000
0.000,2051184.000
0.000,2051185.000
0.000,2051186.000
0.000,2051187.000
0.000,2051188.000
0.000,2051189.000
0.000,2051190.000
0.000,2051191.000
0.000,2051192.000
0.000,2051193.000
0.000,2051194.000
0.000,2051195.000
0.000,2051196.000
0.000,2051197.000
0.000,2051198.000
0.000,2051199.000
0.000,2051200.000
0.000,2051201.000
0.000,2051202.000
0.000,2051203.000
0.000,2051204.000
0.000,2051205.000
0.000,2051206.000
0.000,2051207.000
0.000,2051208.000
0.000,2051209.000
0.000,2051210.000
0.000,2051211.000
0.000,2051212.000
0.000,2051213.000
0.000,2051214.000
0.000,2051215.000
0.000,2051216.000
0.000,2051217.000
0.000,2051218.000
0.000,2051219.000
0.000,2051220.000
0.000,2051221.000
0.000,2051222.000
0.000,2051223.000
0.000,2051224.000
0.000,2051225.000
0.000,2051226.000
0.000,2051227.000
0.000,2051228.000
0.000,2051229.000
0.000,2051230.000
0.000,2051231.000
0.000,2051232.000
0.000,2051233.000
0.000,2051234.000
0.000,2051235.000
0.000,2051236.000
0.000,2051237.000
0.000,2051238.000
0.000,2051239.000
0.000,2051240.000
0.000,2051241.000
0.000,2051242.000
0.000,2051243.000
0.000,2051244.000
0.000,2051245.000
0.000,2051246.000
0.000,2051247.000
0.000,2051248.000
0.000,2051249.000
0.000,2051250.000
0.000,2051251.000
0.000,2051252.000
0.000,2051253.000
0.000,2051254.000
0.000,2051255.000
0.000,2051256.000
0.000,2051257.000
0.000,2051258.000
0.000,2051259.000
0.000,2051260.000
0.000,2051261.000
0.000,2051262.000
0.000,2051263.000
0.000,2051264.000
0.000,2051265.000
0.000,2051266.000
0.000,2051267.000
0.000,2051268.000
0.000,2051269.000
0.000,2051270.000
1.000,2051271.000
0.000,2051272.000
0.000,2051273.000
0.000,2051274.000
0.000,2051275.000
0.000,2051276.000
0.000,2051277.000
0.000,2051278.000
0.000,2051279.000
0.000,2051280.000
0.000,2051281.000
0.000,2051282.000
0.000,2051283.000
0.000,2051284.000
0.000,2051285.000
0.000,2051286.000
0.000,2051287.000
0.000,2051288.000
0.000,2051289.000
0.000,2051290.000
0.000,2051291.000
0.000,2051292.000
0.000,2051293.000
0.000,2051294.000
0.000,2051295.000
0.000,2051296.000
0.000,2051297.000
0.000,2051298.000
0.000,2051299.000
0.000,2051300.000
0.000,2051301.000
0.000,2051302.000
0.000,2051303.000
0.000,2051304.000
0.000,2051305.000
0.000,2051306.000
