UDI,Product ID,Type,Cooling temperature [K],Process temperature [K],Rotational speed [rpm],Torque [Nm],Lubricant pressure [bar],Tool wear [min],TWF,HDF,PWF,OSF,RNF,Air temperature [K]
9255,L56434,L,393.2765578,309.1,1616,31.1,5.117555856,195,,0,0,0,0,298.3
1562,L48741,L,106.8329,308.4,1388,53.8,4.415554541,137,0,0,0,0,0,298.2
1671,L48850,L,140.6665538,307.8,1528,31.1,4.954007228,194,0,0,0,0,0,298.2
6088,M20947,M,173.704231,310.8,1599,33,4.662550381,7,0,0,0,0,0,300.9
6670,L53849,L,180.1589491,310.5,1571,33.9,6.885536189,208,0,0,0,0,0,301.4
5934,L53113,L,330.3960429,310.5,1373,47.4,9.395991432,56,0,0,0,0,0,300.5
8830,M23689,M,124.5449012,308.8,1469,44.1,1.473890306,150,0,0,0,0,0,297.3
7946,L55125,L,321.9291774,311.7,1655,32.2,8.611745223,12,0,0,0,0,0,300.8
3509,L50688,L,261.9633696,310.9,1608,33,4.550093414,160,0,0,0,0,0,301.7
2003,L49182,L,174.3260484,308.2,1654,27.1,5.575328725,13,0,0,0,0,0,298.5
5867,L53046,L,230.6791528,311.1,1459,45.1,2.294790238,97,0,0,0,0,0,301.5
169,L47348,L,229.3996221,308.3,1433,62.3,6.976930073,20,0,0,1,0,0,298.4
2589,L49768,L,189.4637531,308.7,1706,28.6,1.554401303,206,0,0,0,0,0,299
5906,H35319,H,289.7955525,310.5,1582,,4.692487164,193,0,0,0,0,0,300.8
9530,L56709,L,338.672719,310.3,1459,46.7,3.504157187,84,0,0,0,0,0,299.1
6385,H35798,H,310.1982049,309.6,1463,45.1,1.183766899,113,0,0,0,0,0,
7825,L55004,L,246.5160406,311.3,1535,38.1,4.600940102,160,0,0,0,0,0,299.9
9780,L56959,L,189.9117192,309.8,1509,36.2,3.032003467,57,,0,0,0,0,298.8
4630,L51809,L,303.3057891,311.2,1735,26.1,9.942438375,194,0,0,0,0,0,303
8561,L55740,L,252.7952224,309,1408,45.4,1.934384663,98,0,0,0,0,0,298.3
9292,L56471,L,306.075028,309,1353,57.8,6.433116229,89,0,0,0,0,0,298.2
6875,H36288,H,154.5998637,311.3,1295,58.9,1.999889487,77,0,0,0,0,0,300.9
6522,L53701,L,174.0736652,310.1,1666,27.2,3.815541076,40,0,0,0,0,0,301.1
8980,M23839,M,134.5017583,307.5,1332,51.1,7.24310805,121,0,0,0,0,0,296.9
6648,L53827,L,356.4834512,310.5,1927,22.4,4.338415448,149,0,0,0,0,0,301.5
9826,L57005,L,363.6185566,309.2,1610,32.4,3.96961808,194,0,0,0,0,0,298.4
211,L47390,L,228.9169655,308.7,1523,36.1,3.020407844,126,0,0,0,0,0,298.4
5279,M20138,M,304.3328306,312.9,1618,30.4,2.526883195,130,0,0,0,0,0,
1920,L49099,L,167.3452289,308,1658,30,1.127170557,3,0,0,0,0,0,298.2
719,L47898,L,337.793024,308.8,1477,39,7.572904212,127,0,0,0,0,0,297.5
4869,L52048,L,259.7330315,312.4,1418,46,6.366782809,128,0,0,0,0,0,303.6
7835,L55014,L,346.5333603,311.4,1483,45.6,9.174468733,187,0,0,0,0,0,300
1299,M16158,M,249.7856639,309.8,1343,53.6,1.26173417,134,0,0,0,0,0,
9194,M24053,M,368.0024473,309,1530,40.9,3.939808505,42,0,0,0,0,0,297.9
4618,M19477,M,288.1162931,311.4,1831,23.3,5.91789668,161,0,0,0,0,0,303.1
3129,M17988,M,213.5689526,309.5,1462,42.8,1.749198389,50,0,0,0,0,0,300.1
9796,L56975,L,122.5310958,309.3,1623,,9.908504703,109,0,0,0,0,0,298.5
3980,L51159,L,261.808667,311.3,1439,41.8,1.101189613,96,0,0,0,0,0,302.3
9925,M24784,M,123.2113378,308.6,1384,54.4,8.842283764,44,0,0,0,0,0,298.5
8318,L55497,L,163.1263832,309.7,1667,30.4,7.464709171,92,0,0,0,0,0,298.7
4394,M19253,M,147.9526629,310.1,1572,,1.697085648,17,0,0,0,0,0,302.2
1288,L48467,L,356.2425959,309.6,1419,41.5,5.535634361,105,0,0,0,0,0,298.5
4356,H33769,H,371.5213952,309.8,1280,57.3,6.603946908,147,0,1,0,0,0,302
7014,M21873,M,100.755677,310.4,1544,36.3,4.4241479,21,0,0,0,0,0,300.4
3886,L51065,L,237.7143067,311.5,1677,29.2,1.611536879,49,0,0,0,0,0,302.5
5750,H35163,H,293.4585831,311.8,1330,,7.877287119,31,0,0,0,0,0,302.2
9170,L56349,L,119.5394566,308.8,1896,24.5,5.518560821,186,0,0,0,0,0,
2408,M17267,M,342.6770972,308.6,1499,45.1,6.953889443,185,0,0,0,0,0,299.1
2014,L49193,L,113.5650911,308.4,1485,,5.778989628,38,0,0,0,0,0,298.6
5154,L52333,L,127.9421396,313.4,1644,31.7,8.926181233,23,0,0,0,0,0,304.2
8552,M23411,M,318.9860714,309.1,1457,49,7.045285222,77,0,0,0,0,0,298.2
4377,M19236,M,140.8264045,309.6,1551,34.6,6.439826768,211,0,0,0,0,0,301.9
8823,L56002,L,233.101524,308.8,1462,,3.443622656,132,0,0,0,0,0,
4274,L51453,L,140.8633493,310.8,1486,36.4,1.565906519,160,,0,0,0,0,302.6
5826,L53005,,293.4448935,311.1,1413,42,3.515506826,221,0,0,0,0,0,301.3
6700,M21559,M,271.0167957,310.8,1516,40.4,5.661567006,48,0,0,0,0,0,301.7
7244,M22103,M,360.2752426,310.2,1393,51.2,2.41423209,190,0,0,0,0,0,300
450,L47629,L,313.1792715,308.7,1622,37.9,1.246391255,79,0,0,0,0,0,297.6
2228,L49407,L,306.5472434,308.8,1965,20.4,1.003249015,164,0,0,0,0,0,299.5
5757,M20616,M,273.2839691,311.5,1366,52.3,4.320079711,54,0,0,0,0,0,302
811,L47990,L,131.8676521,307.7,1550,39.7,4.748355626,124,0,0,0,0,0,296.9
4181,L51360,L,129.5297022,310.8,1686,28.8,3.778011247,150,0,0,0,0,0,302.4
9001,L56180,L,334.6444898,307.9,1493,46.1,6.43839286,173,0,0,0,0,0,297
5439,L52618,L,238.9526741,312.5,1683,32.1,9.932533023,85,0,0,0,0,0,302.9
7534,L54713,L,377.1607482,311.2,1504,37.9,9.525368955,58,0,0,0,0,0,300
6370,H35783,H,305.6056307,309.5,1781,24.9,1.370777805,70,0,0,0,0,0,300
8417,M23276,M,344.8044518,310.1,1585,31.3,1.280570356,147,0,0,0,0,0,298.8
1478,L48657,L,396.4317048,309.4,1570,35.6,4.656067678,138,,0,0,0,0,298.3
1791,L48970,L,228.1365354,307.9,1847,,9.664070627,69,0,0,0,0,,
2009,L49188,L,351.6508707,308.3,1811,24.7,7.080896334,27,0,0,0,0,0,298.5
683,H30096,H,132.1914555,309,1410,48.8,3.313999772,23,0,0,0,0,0,297.8
2817,L49996,L,269.7319384,309.4,1434,47.3,8.797194959,127,0,0,0,0,0,300.1
9432,L56611,L,172.1644472,308.6,1430,57,5.87993713,43,0,0,0,0,0,298
3775,M18634,M,303.263973,311.1,1480,45.7,1.184258422,200,0,0,0,0,0,302.4
6496,M21355,M,132.7750657,309.8,1694,31.1,9.234387997,187,0,0,0,0,0,300.6
8879,L56058,L,347.7370259,309.2,1802,26.9,5.618376153,83,0,0,0,0,0,298.1
7362,L54541,L,367.634999,310,1502,38.5,7.668824959,52,0,0,0,0,0,299.5
8367,M23226,M,315.2178856,309.8,1836,,4.870398719,18,0,0,0,0,0,298.9
7475,L54654,L,314.4044126,311.7,1989,22.3,9.174168779,121,0,0,0,0,0,300.3
47,M14906,M,166.7077374,309,1843,25.8,8.233858571,130,0,0,0,0,0,298.7
31,M14890,M,386.6480112,309.5,1339,48.2,4.874456222,86,0,0,0,0,0,299.1
8251,M23110,M,150.4472081,310.4,1394,45.2,1.84025143,122,0,0,0,0,0,299
6936,L54115,L,358.9544874,311.2,1878,24.3,2.790056108,24,0,0,0,0,0,300.7
1469,M16328,M,182.4150166,309.8,1419,44.9,4.155089604,115,0,0,0,0,0,298.6
1666,H31079,H,138.2811164,307.9,1491,39.7,1.423468009,181,0,0,0,0,0,298.2
1417,M16276,M,174.0540958,309.9,2083,18.2,9.525242878,205,0,0,0,0,0,298.7
6481,L53660,L,271.7828642,309.9,1775,26.6,9.79503373,149,0,0,0,0,0,300.7
4853,L52032,L,190.0887505,312.2,1619,34.9,3.333964016,92,0,0,0,0,0,303.7
2471,L49650,L,180.5937623,308.5,1467,44.7,5.952412334,136,0,0,0,0,0,
4374,M19233,M,264.6961939,309.7,1533,35.9,2.78145375,204,0,0,0,0,0,301.9
8525,L55704,L,136.7515085,309.4,1468,,1.218594961,10,0,0,0,0,0,298.3
430,L47609,L,122.0074555,308.6,1208,62.3,6.162084393,28,0,0,0,0,0,297.5
5245,L52424,L,263.6668783,313,1593,31.6,8.585869273,52,0,0,0,0,0,303.6
2120,M16979,M,282.9963333,308.9,1858,24.7,8.761022771,101,0,0,0,0,0,
386,M15245,M,322.3299483,308.6,1414,45.4,9.075999539,138,0,0,0,0,0,297.6
1946,L49125,L,175.9657243,308.1,1616,32.8,8.196984406,65,0,0,0,0,0,298.1
4225,L51404,L,191.0327353,310.7,1698,28.1,8.190492192,39,0,0,0,0,0,302
474,M15333,M,275.0804975,309,1520,37,3.893075983,147,0,0,0,0,0,297.4
2130,H31543,H,237.1120592,309,1607,33.7,5.363900548,130,0,0,0,0,0,299.4
6557,L53736,L,227.3320123,310.7,1686,27.9,6.379432572,135,0,0,0,0,0,
6999,M21858,M,219.6730273,310.7,1388,42.9,5.388234289,190,0,0,0,0,0,300.6
1056,L48235,L,118.9160221,307.8,1480,39.4,3.261074827,122,0,0,0,0,0,296.8
3275,L50454,L,228.0205181,310,1665,31.4,5.996047986,0,0,0,0,0,0,301.3
4962,L52141,L,274.2394482,312.7,1800,24.3,1.665769386,158,0,0,0,0,0,303.9
5364,L52543,L,282.5007685,312.5,1518,39.9,8.221990857,146,0,0,0,0,0,303.2
5817,L52996,L,108.1067327,311,1582,35.6,5.433535521,202,0,0,0,0,0,301.3
812,L47991,L,220.7622239,307.6,1588,37.6,4.368205786,126,0,0,0,0,0,296.8
4574,H33987,H,337.3839885,311,1436,43.5,2.843524918,47,0,0,0,0,0,
6138,M20997,,217.123527,310.8,1988,19.7,5.859974229,136,0,0,0,0,0,300.9
2389,M17248,M,395.1390794,308.5,1526,37.3,9.395874243,135,0,0,0,0,0,299.2
9649,L56828,L,293.7623816,310.1,1416,41.2,1.662983024,185,0,0,0,0,0,299.1
6226,M21085,M,240.4455321,311,1424,41.4,2.376002008,131,0,0,0,0,0,301.2
112,H29525,H,319.7795783,308.6,1499,43.5,3.648789953,84,0,0,0,0,0,298.7
8910,L56089,L,337.1306024,308.4,1529,40.4,2.067005447,165,0,0,0,0,0,297.1
1746,L48925,,316.577818,308,1624,29.8,2.209475897,160,0,0,0,0,0,298.5
7852,L55031,L,321.7287685,311.7,1373,47.2,2.609005117,3,0,0,0,0,0,300.4
1453,L48632,L,396.6058035,310.3,1584,34.4,5.578339663,83,0,0,0,0,0,299
320,L47499,L,123.4359199,308.4,1612,32.1,4.850866621,183,0,0,0,0,0,297.8
8594,M23453,M,374.67431,308,1601,34.6,9.178884702,181,0,0,0,0,0,297.4
3334,M18193,M,198.5870447,310.8,1343,49.5,6.625318166,140,0,0,0,0,0,301.6
1923,L49102,L,155.2731804,307.8,1716,26.6,3.372591649,9,0,0,0,0,,298
5866,M20725,M,396.9159483,311.1,1402,40,8.675044557,94,0,0,0,0,0,301.5
9529,M24388,M,286.428646,310.3,1233,59,5.652358737,81,0,0,0,0,0,299.1
3686,M18545,M,271.9308233,311.1,1380,51.6,6.362988352,184,0,0,0,0,0,301.9
4276,M19135,M,340.0012001,310.5,1500,36.7,9.136919894,164,0,0,0,0,0,302.4
4890,L52069,L,108.855444,312.5,1632,36.6,2.057241607,186,,0,0,0,0,303.7
5226,M20085,M,274.6837753,313.2,1437,53.9,1.883539773,7,0,0,0,0,0,304
7473,M22332,M,356.8965181,311.6,1617,32.5,5.005363403,115,0,0,0,0,0,300.3
3606,L50785,L,119.2505284,310.7,1641,31.9,3.494241125,192,0,0,0,0,0,301.7
1053,L48232,L,340.8862972,307.7,1927,23.9,6.510387574,112,0,0,0,0,0,296.7
4157,M19016,M,266.890052,310.5,1823,25.1,6.018804732,87,0,0,0,0,0,302
9677,L56856,L,153.0863699,310.1,1886,21.2,2.83124771,13,0,0,0,0,0,299
100,L47279,L,248.327707,308.8,1523,44.4,3.703408752,55,0,0,0,0,0,298.8
7509,M22368,M,399.1075652,311.9,1730,27.5,8.875899994,209,0,0,0,0,0,300.5
1457,L48636,L,333.0242222,310.3,1501,43,5.376264094,91,0,0,0,0,0,299
7689,L54868,L,353.947424,311.7,1553,39.8,3.996988611,0,0,0,0,0,0,300.6
4005,L51184,L,287.7592879,311.1,1373,55.7,6.082825987,157,0,0,0,0,0,302
6867,M21726,M,116.7976763,311.3,1454,41.5,8.623962739,57,,0,0,0,0,301
4510,L51689,L,173.0639775,310.1,1429,43.7,1.993232628,104,0,0,0,0,0,302.4
3300,L50479,L,221.7521046,310.5,1390,45.8,1.623223311,63,0,0,0,0,0,301.3
3800,L50979,L,398.3196531,310.9,1506,34,6.857783998,49,0,0,0,0,0,302.2
4282,L51461,L,146.0825838,310,1832,22.9,6.51828076,178,0,0,0,0,0,302
9052,L56231,L,213.6706151,308.6,1820,24.6,8.067866577,79,0,0,0,0,0,297.4
6463,H35876,H,317.1768896,310,1483,44,4.722862291,97,0,0,0,0,0,300.6
7913,L55092,L,205.8692964,312.1,1498,44,2.88976642,155,0,0,0,0,0,300.7
1415,M16274,M,114.9835048,309.8,1570,42.1,7.814913032,200,0,0,0,0,0,298.7
541,L47720,L,213.5510046,309.4,1473,45.5,4.762949422,94,0,0,0,0,0,297.4
5816,L52995,L,289.9887684,311,1670,33,7.149187754,200,0,0,0,0,0,301.2
8200,L55379,L,158.8705743,310.7,1737,27,6.685605861,225,,0,0,0,0,299.2
3681,L50860,L,155.3122511,311.5,1744,31.2,3.623189144,172,0,0,0,0,0,302.2
755,M15614,M,330.451405,308.1,1483,44.3,4.417197118,219,0,0,0,0,0,296.9
4197,M19056,M,245.4499946,311,1563,35.6,4.785980065,190,0,0,0,0,0,302.5
2651,L49830,L,200.9005361,309.6,1280,59.3,8.293460636,163,0,0,0,0,0,299.9
4523,M19382,M,378.0020264,310.5,1918,21.6,7.223473099,131,0,0,0,0,0,302.5
9520,L56699,L,198.4598182,310.1,1531,36,7.61619515,57,,0,0,0,0,299
3119,M17978,M,360.9164766,309.5,1458,46.9,4.351550599,23,0,0,0,0,0,300.2
3729,L50908,L,224.1906592,311.3,1457,44.5,9.841092547,83,,0,0,0,0,302.3
3887,L51066,L,240.8046718,311.3,1392,50.5,9.74937145,51,0,0,0,0,0,302.4
7108,H36521,H,115.9533412,310.5,1512,41.2,9.774044609,49,0,0,0,0,0,300.9
8069,M22928,M,153.7193602,311.9,1676,35.2,5.100782293,97,0,0,0,0,0,300.5
7326,L54505,L,360.8386134,310.4,1419,45.7,1.428933299,178,0,0,0,0,0,299.9
8484,L55663,L,277.0705815,309.4,1618,31.5,7.010592184,108,0,0,0,0,0,298.3
8768,L55947,L,113.0767134,308.6,1380,53.5,2.312673858,192,0,0,0,0,0,297.5
6501,M21360,M,160.0635711,310,1416,46.6,9.190426674,201,0,0,0,0,0,300.9
8427,L55606,L,284.9175857,310.5,1628,35.9,5.417532524,174,0,0,0,0,0,299.1
7964,L55143,L,119.3109641,312.2,1510,39.9,8.879857471,61,0,0,0,0,0,301
602,L47781,L,136.0706329,309.7,2194,16.8,4.491986235,27,0,0,0,0,0,297.9
9250,L56429,L,293.5296329,309,1657,32.2,5.700823355,179,0,0,0,0,0,298.3
8920,L56099,L,122.7528597,308.3,1693,28,8.061429784,188,0,0,0,0,0,297.2
6815,H36228,H,215.7623463,310.6,1465,44.1,4.527314042,136,0,0,0,0,0,300.8
5412,L52591,L,373.6830152,312.6,1462,39.4,4.193262532,22,,0,0,0,0,302.8
8748,L55927,L,289.0348153,308.5,1504,,1.829999982,142,0,0,0,0,0,297.3
5523,L52702,L,358.7181438,311.9,1453,39.1,8.305140256,84,0,0,0,0,0,302.6
1045,L48224,L,161.41949,307.6,1512,43.6,8.632040239,92,0,0,0,0,0,296.5
7335,L54514,L,150.1381246,310.4,1694,30.3,1.811282431,204,0,0,0,0,0,
1558,L48737,L,132.2123852,308.4,1585,30.6,9.825004813,127,0,0,0,0,0,298.3
3740,M18599,M,185.493017,311.2,1663,29.6,3.448530709,115,0,0,0,0,0,302.2
3523,L50702,L,260.7345986,311,1651,32.5,2.660560361,195,0,0,0,0,0,301.8
181,L47360,L,245.2004199,308.3,1475,49.9,1.221244271,47,0,0,0,0,0,298.2
2116,L49295,L,273.6645842,309,1404,47.3,1.228225631,86,0,0,0,0,0,299.4
1700,L48879,L,292.0901105,307.7,1289,48.3,1.156321626,42,0,0,0,0,0,298.1
1380,L48559,L,202.2955355,310.1,1620,34.8,7.133007041,112,0,0,0,0,0,298.7
7230,L54409,L,165.2432954,309.8,1749,33.4,4.053493432,153,0,0,0,0,0,299.8
9144,L56323,L,262.7823127,308.5,1452,42.6,5.173107501,116,0,0,0,0,0,297.6
619,H30032,H,374.1079457,310,1433,44.2,5.761941188,68,0,0,0,0,0,
3182,L50361,L,203.7305748,309.4,1527,37,1.728362574,194,0,0,0,0,0,300.2
9852,M24711,M,243.598936,309.3,1761,27.2,7.512198918,49,0,0,0,0,0,
1601,M16460,M,298.1392052,307.8,1543,43.7,1.129217831,8,0,0,0,0,0,297.8
5964,H35377,H,374.7858066,310.7,1656,36.3,2.4304146,127,0,0,0,0,0,300.4
1616,L48795,L,111.6815808,307.9,1447,48.6,1.968511538,46,0,0,0,0,0,297.8
5921,L53100,L,116.0460862,310.2,1764,25.9,4.915543265,27,0,0,0,0,0,300.5
9592,L56771,L,236.7762835,310.4,1570,37.3,5.403819086,37,0,0,0,0,0,299.2
3892,L51071,L,282.1806386,311.1,1418,47,3.035133362,61,0,0,0,0,0,
2084,H31497,H,370.2932783,309.3,1743,28.2,7.010010259,0,0,0,0,0,0,299.4
4575,M19434,M,310.3308154,311,1402,40.7,6.125733889,52,0,0,0,0,0,302.9
5595,L52774,L,150.1133531,311.9,1598,35.5,3.762403766,69,0,0,0,0,0,302.6
5122,L52301,L,192.152362,313.6,1469,40,4.834087033,154,0,0,0,0,0,304.2
4588,M19447,M,312.8182588,311,1507,33.4,8.279424227,82,0,0,0,0,0,302.8
4903,L52082,L,129.9777682,312.3,1616,29.3,5.101975895,226,0,0,0,0,0,303.6
8253,L55432,L,130.9799732,310.4,1565,36.1,3.307253683,127,0,0,0,0,0,299
5917,L53096,L,286.6635369,310.2,1555,41.9,2.751780356,19,0,0,0,0,0,300.6
5130,M19989,M,309.2066758,313.3,1725,28.3,1.053157875,177,0,0,0,0,0,304.1
8335,M23194,M,384.120646,309.7,1459,47.3,3.050230115,141,0,0,0,0,0,298.8
1919,M16778,M,292.193371,307.9,1496,40,7.782234675,0,0,0,0,0,0,298.1
8331,L55510,L,109.9357505,309.7,1505,39,2.893436806,131,0,0,0,0,0,298.8
5708,L52887,L,131.0866059,311.8,1448,43.4,2.917577932,141,0,0,0,0,0,302.4
5385,M20244,M,257.7358292,312.4,1421,,6.739479007,206,0,0,0,0,0,302.9
6337,L53516,L,141.0206944,309.8,1395,,6.833549356,201,,0,0,0,0,300.4
2055,M16914,M,376.8203471,309.4,1605,29.8,4.204606962,142,0,0,0,0,0,299.6
7613,M22472,M,147.165334,311.4,1743,27.6,9.702068241,46,0,0,0,0,0,300.5
9210,M24069,M,362.9086632,309,1393,55.9,1.012902304,79,0,0,0,0,0,298
3964,H33377,H,202.7806508,311.5,1526,38.2,7.582455484,47,0,0,0,0,0,302.3
1127,L48306,L,240.094609,307.9,1706,30.8,8.400929659,111,,0,0,0,0,296.8
3429,L50608,L,231.9792968,310.6,1391,49.4,4.268060621,164,0,0,0,0,0,301.6
4602,M19461,M,143.0344316,311.1,1372,54.3,6.154815135,117,0,1,0,0,0,303
3722,M18581,M,165.2012302,311.2,1544,43.6,6.453914934,63,,0,0,0,0,302.2
2390,L49569,L,251.1196563,308.5,1867,27,5.348122507,138,0,0,0,0,0,299.2
1323,H30736,H,314.3971791,310.1,1452,49.9,4.47663898,187,0,0,0,0,0,298.9
1604,M16463,M,263.2233943,307.8,1622,32.1,7.175104505,18,0,0,0,0,0,297.8
7225,L54404,L,301.9237028,309.6,1598,31,9.020307714,139,0,0,0,0,0,299.8
7426,M22285,M,106.4775872,311.4,1791,24.1,1.495190408,213,0,0,0,0,0,300
4337,H33750,H,281.4579595,309.9,1423,53.6,2.880359625,95,0,0,0,0,0,301.6
5594,L52773,L,202.1776309,311.9,1354,48,1.045220118,67,,0,0,0,0,302.6
4412,L51591,L,247.4185172,310.3,1688,31.6,9.720870103,66,0,0,0,0,0,302.5
5859,L53038,L,362.7594957,311,1348,44.5,7.309227268,78,0,0,0,0,0,301.3
9344,M24203,M,393.6239363,308.8,1391,50.4,1.794185074,13,0,0,0,0,0,298.3
3992,L51171,L,191.4972684,311.3,1682,34.4,2.302919291,127,0,0,0,0,0,302.3
6080,M20939,M,171.5411616,310.7,1371,44.7,8.504648985,205,0,0,0,0,0,
1560,L48739,L,256.900001,308.3,1458,41.8,9.54716416,132,0,0,0,0,0,298.2
4683,L51862,L,115.679329,311.8,1567,31.7,3.387627145,97,0,0,0,0,0,303.6
7558,M22417,M,366.5294105,311.5,1750,27.3,3.197271174,116,0,0,0,0,0,300.4
3773,L50952,L,294.5195616,311.1,1448,44.8,4.086482005,195,0,0,0,0,0,302.4
8780,M23639,M,323.4559387,308.6,1349,51.5,6.01639409,21,0,0,0,0,0,297.5
3458,M18317,M,306.115454,310.4,2639,12,8.846788814,21,0,0,1,0,0,301.5
8384,M23243,M,273.2460587,309.9,1495,35.2,1.298679373,60,0,0,0,0,0,298.8
1355,L48534,L,231.6962261,310,1334,48,1.295853343,42,0,0,0,0,0,298.6
46,L47225,L,350.6132188,309.1,1489,49.1,9.388590268,128,0,0,0,0,0,298.8
9873,L57052,L,109.2019447,309.9,1373,52.1,6.065772672,108,0,0,0,0,0,298.9
749,H30162,H,325.3777982,308.1,1528,46.3,8.625535283,203,0,0,0,0,0,296.7
7918,L55097,L,309.6514959,312.1,1474,42.4,3.083857602,171,0,0,0,0,0,300.9
4242,L51421,L,149.7026134,311,1475,47.9,8.91313229,79,,0,0,0,0,302.4
5629,L52808,L,207.794473,312.1,1688,32,1.17828438,155,,0,0,0,0,
4658,L51837,L,304.1132612,311.2,1628,35.2,5.20309483,23,0,0,0,0,0,303.1
4239,M19098,M,267.7687672,311,1521,34.8,3.003102222,72,0,0,0,0,0,302.3
3461,L50640,L,309.3299665,310.3,1415,41.6,1.369946228,28,0,0,0,0,0,
7382,L54561,L,276.2513644,310.3,1495,,4.937366087,101,0,0,0,0,0,299.7
5550,H34963,H,267.7606107,311.9,1374,52.4,9.593035137,154,0,0,0,0,0,302.3
7076,L54255,L,177.1190781,310.5,1536,47.4,5.65990843,192,0,0,0,0,0,300.7
5839,M20698,M,179.2987893,311.2,1476,36.5,3.001510715,25,,0,0,0,0,301.4
8092,L55271,L,338.0368765,311.6,1375,56.9,2.389825933,155,0,0,0,0,0,300.2
5475,M20334,M,393.3624595,312.1,1378,46.9,7.132492587,176,0,0,0,0,0,302.7
3615,L50794,L,376.9324785,311,1606,33.3,4.52203791,4,0,0,0,0,0,301.8
7502,L54681,L,172.5500401,311.7,1640,30.8,8.035721725,191,0,0,0,0,0,300.2
7054,H36467,H,294.4552474,310.5,1567,38.7,2.755885664,129,0,0,0,0,0,300.7
7368,M22227,M,388.8796401,310.1,1359,61.1,9.921401523,67,0,0,0,0,0,299.5
8020,L55199,L,260.586907,312.1,1675,30.7,7.759984207,200,0,0,0,0,0,301
9639,H39052,H,186.1832346,310.4,1393,44.9,7.466545597,162,0,0,0,0,0,299.3
9056,H38469,H,357.9479704,308.4,1864,23.1,1.914809206,90,0,0,0,0,0,297.3
665,L47844,L,195.0182423,308.9,1390,47.4,3.56765006,187,0,0,0,0,0,297.5
2320,M17179,M,309.7826333,308.8,1700,33.5,1.152033915,185,0,0,0,0,0,299.2
3543,L50722,,207.8024352,310.9,1899,24.7,3.72122658,31,0,0,0,0,0,301.8
3678,M18537,M,210.2744463,311.7,1368,53.6,9.884767389,165,0,0,0,0,0,302.3
9600,L56779,L,251.458412,310.1,1463,37.4,2.704313483,56,0,0,0,0,0,299
3092,L50271,L,354.62536,309.3,1558,29.7,2.038301346,168,0,0,0,0,0,300
676,M15535,M,151.4349031,309.1,1424,45.5,6.075123117,2,0,0,0,0,0,297.8
8677,M23536,M,340.696747,308.5,1520,42.4,2.299773854,171,0,0,0,0,0,
4885,H34298,H,149.4275427,312.5,1655,28,1.70689792,170,0,0,0,0,0,303.8
8080,L55259,L,329.9865672,311.5,1528,36.1,4.58735971,125,0,0,0,0,0,300.2
1963,L49142,L,223.3913308,307.5,1391,48.6,2.733218485,109,0,0,0,0,0,297.8
1841,M16700,M,114.2787949,307.2,1405,43.7,2.785298075,2,0,0,0,0,0,297.7
7169,L54348,L,314.0887327,310.3,1704,29.5,5.658101181,0,0,0,0,0,0,300.3
9899,L57078,L,170.6464305,309.2,1396,44.8,2.73367379,178,0,0,0,0,0,298.7
3539,L50718,L,174.8441566,311.1,1635,36,7.186627241,23,0,0,0,0,0,302
8027,L55206,L,273.814537,311.9,1399,50.2,7.790838386,222,0,0,0,1,0,300.7
4867,L52046,L,340.3064334,312.4,1781,28.7,8.068145597,124,0,0,0,0,0,303.6
4175,L51354,L,396.0467084,310.7,1499,37.8,8.809972972,137,0,0,0,0,0,
8089,L55268,L,258.2929733,311.4,1356,45.7,5.822993575,149,0,0,0,0,0,300.1
4378,M19237,M,325.4471297,309.6,1436,49,4.310535787,214,0,0,0,0,0,301.8
6212,L53391,L,294.3089286,310.6,1360,48.8,8.23507313,91,0,0,0,0,0,300.8
4767,M19626,M,396.454002,312,1645,35.7,4.22823942,81,0,0,0,0,0,303.6
412,L47591,L,350.9095683,308.7,1429,44.3,6.608849302,201,0,0,0,0,0,297.5
614,L47793,L,207.1712631,309.9,1634,30,8.192399522,53,0,0,0,0,0,298.1
6127,L53306,,243.2477434,310.9,1370,52.5,9.122539592,107,0,0,0,0,0,
5211,L52390,L,302.7775176,312.6,1466,42.5,2.2859172,183,0,0,0,0,0,303.7
1431,L48610,L,133.8944227,310,1378,49.3,5.586525124,18,0,0,0,0,0,298.9
2426,L49605,L,261.0636582,308.1,1472,53.5,3.42102354,28,0,0,0,0,0,
8842,L56021,L,180.8144298,308.7,1506,39.3,6.197999024,187,0,0,0,0,0,297.3
3834,M18693,M,176.694817,311,1541,36.6,7.448559395,143,0,0,0,0,0,302.3
4719,L51898,,166.8146562,311.6,1337,56.8,1.385871483,187,0,1,0,0,0,303.3
7186,L54365,L,190.4099245,310.4,1672,29.2,5.876751659,39,0,0,0,0,0,300.3
1418,L48597,L,236.9802526,309.9,1541,38.5,2.09344745,208,0,0,0,0,0,298.7
7200,L54379,L,244.3754628,309.9,1507,41.4,6.188142249,74,0,0,0,0,0,300
605,L47784,L,230.5702136,309.9,1542,33.8,1.201451274,33,,0,0,0,0,297.9
1273,H30686,H,250.2472228,309.4,1562,38.1,5.470065127,58,0,0,0,0,0,298
3965,M18824,M,343.5370112,311.6,1668,33.2,4.527294593,52,0,0,0,0,0,302.3
6368,L53547,L,243.1938352,309.6,1571,33.1,1.979330508,65,0,0,0,0,0,300
8747,L55926,L,217.7871231,308.5,1528,44.5,8.252160722,140,0,0,0,0,0,297.3
248,L47427,L,313.0521643,308.2,1469,45.5,9.169929966,214,0,0,0,0,0,298
9227,L56406,L,355.2360455,309.1,1822,23.5,1.755152525,122,0,0,0,0,0,298
1983,M16842,M,303.5698635,307.7,1487,41.3,5.54532424,160,0,0,0,0,0,298
2836,L50015,L,216.9137648,309.2,1572,32,9.494999457,173,0,0,0,0,0,300.3
5376,L52555,L,140.3955652,312.3,1530,,5.694164865,185,0,0,0,0,0,302.9
200,L47379,L,186.3305297,308.6,1433,47.1,6.308802732,101,0,0,0,0,0,298.4
486,M15345,M,214.2297083,309,1685,30.7,1.944482007,177,0,0,0,0,0,297.4
6084,L53263,L,176.5259314,310.7,1389,50,8.165461704,214,0,0,0,0,0,300.9
8957,L56136,L,378.0004849,308.1,1348,57.4,6.126851409,66,0,0,0,0,0,
456,L47635,L,121.4533139,308.7,1429,57.4,5.019397347,96,0,0,0,0,0,297.4
9799,L56978,L,312.0471298,309.3,1471,44.7,4.248357736,119,0,0,0,0,0,298.5
8827,M23686,M,203.7631598,308.8,1485,47.9,7.009312723,143,0,0,0,0,0,297.2
6516,L53695,L,275.5294351,310,1480,43.5,1.234782565,21,0,0,0,0,0,301
1722,L48901,L,101.6063569,307.7,1688,32.4,2.981249089,91,0,0,0,0,0,298.2
7051,L54230,L,379.2746994,310.4,1457,47.7,4.856263995,120,0,0,0,0,0,300.6
6383,L53562,L,333.5751293,309.8,1481,41.9,7.258199376,106,0,0,0,0,0,300.2
8166,L55345,L,355.9666293,311,1552,33.2,1.833568113,139,0,0,0,0,0,299.6
5768,M20627,M,232.9848492,311.2,1415,46.5,4.431663754,82,0,0,0,0,0,301.6
5810,H35223,H,331.666361,311,1580,36.6,5.519004063,184,0,0,0,0,0,301.3
4627,L51806,L,236.8952117,311.2,1664,29.8,2.212292597,186,0,0,0,0,0,303
863,H30276,H,338.0698464,306.8,1645,31,1.041928724,41,0,0,0,0,0,296.1
2095,L49274,L,359.2826669,309.3,1377,43.6,8.946553031,28,0,0,0,0,0,299.4
948,L48127,L,120.5071247,306.2,1428,44.5,8.264858489,51,,0,0,0,0,295.6
5642,L52821,L,158.1041389,312.1,1473,37.3,9.028100245,184,0,0,0,0,0,302.6
1445,L48624,L,360.3533226,310.2,1477,37.9,4.970668875,60,0,0,0,0,0,299
1281,H30694,H,368.9055584,309.5,1521,37.1,8.706745427,84,0,0,0,0,0,298.3
3111,H32524,H,171.5734533,309.2,1525,,8.872746304,0,0,0,0,0,0,299.9
8953,M23812,M,312.8750451,308,1478,42.5,5.302050921,56,0,0,0,0,0,297.2
7610,L54789,L,193.3897285,311.3,1490,41.8,2.043866109,39,0,0,0,0,0,300.5
5136,L52315,L,375.5106677,313.3,1883,24.5,9.883964764,190,0,0,0,0,0,304.1
3017,L50196,L,398.7789811,309.8,1441,48.8,2.401983389,200,0,0,0,0,0,300.5
2303,L49482,L,239.1239421,308.5,1515,39.8,3.349573406,141,0,0,0,0,0,
2005,L49184,L,359.722323,308.2,1451,47.5,2.660733543,18,0,0,0,0,,298.5
4581,L51760,L,358.4281099,311.2,1494,37,5.013791397,67,0,0,0,0,0,303
8705,L55884,L,366.4315344,308.5,1425,40,1.372768598,35,0,0,0,0,0,
1006,L48185,L,167.8378234,307.2,1382,52,2.843468513,201,0,0,0,0,0,296.2
5139,M19998,M,326.1833645,313.6,1489,40.3,2.155661086,196,0,0,0,0,0,304.3
4318,M19177,M,330.507604,310,1417,44.6,6.317259051,49,0,0,0,0,0,
6559,M21418,M,245.0148868,310.6,1447,41.9,6.569367206,140,0,0,0,0,0,301.5
4388,L51567,L,234.9571844,309.8,1532,39.4,1.2818157,2,0,0,0,0,,302
2133,L49312,L,136.1499497,309,1660,28.4,5.623921815,139,0,0,0,0,,299.4
4266,L51445,L,200.5527591,311,1424,38,7.609271877,144,0,0,0,0,0,302.6
2058,L49237,L,323.4780439,309.3,1520,42.3,8.444005071,149,,0,0,0,0,299.5
5387,L52566,L,319.0093034,312.2,1469,42,2.344474625,214,0,0,0,0,0,302.9
230,L47409,L,361.8091171,308.5,1538,32.2,6.793932575,173,0,0,0,0,0,
2890,M17749,M,119.9662687,309.7,1523,38.2,9.771640786,73,0,0,0,0,0,300.7
4473,L51652,L,389.0632883,310.6,1501,48.7,8.511449336,4,0,0,0,0,0,302.7
6065,L53244,L,182.7291716,311.1,1889,23.8,3.614910567,170,0,0,0,0,0,301.1
7925,H37338,H,393.2864013,311.9,1389,46.5,2.818705257,186,0,0,0,0,0,300.7
7650,H37063,H,297.5103587,311.5,1662,29,7.847664505,137,0,0,0,0,0,300.4
8382,H37795,H,234.6235391,310,1530,,3.467305568,53,0,0,0,0,0,298.8
210,L47389,L,279.4675179,308.6,1477,44,3.834928647,124,0,0,0,0,0,298.4
2759,M17618,M,164.3650979,309.2,1412,45.3,5.673855209,205,0,0,0,0,0,299.7
8472,L55651,L,289.7127092,309.8,1332,46.4,4.859654871,76,0,0,0,0,0,298.6
2949,L50128,L,320.226165,309.5,1850,24.5,8.312637811,19,0,0,0,0,0,300.7
7117,L54296,L,223.9459105,310.5,1601,33.2,4.651135103,77,0,0,0,0,0,301
6331,M21190,M,383.1218008,310,1580,37,4.904882424,181,0,0,0,0,0,300.5
1729,L48908,L,238.6774016,307.7,1465,49.4,8.414248248,109,0,0,0,0,0,298.3
4177,M19036,M,132.9712675,310.7,1544,39.7,4.104827133,141,0,0,0,0,0,302.3
338,L47517,L,272.0643874,308.3,1742,27.7,7.746558178,13,0,0,0,0,0,297.6
4985,L52164,L,157.5419661,313.1,1256,58.7,8.266915224,213,0,0,0,1,0,303.8
6879,H36292,H,157.6108368,311.2,1518,35,7.265649769,90,0,0,0,0,0,300.9
7249,L54428,L,389.2760945,310.1,1762,,6.9627948,202,0,0,0,0,0,300
8453,M23312,M,260.6725592,310,1512,37.5,6.340194822,27,0,0,0,0,0,298.6
1227,L48406,L,155.3573267,308.4,1488,42.5,2.489882359,146,0,0,0,0,0,297.1
7609,L54788,L,280.9129369,311.4,1642,27.1,3.721180784,37,0,0,0,0,0,300.5
6828,M21687,M,383.561127,310.9,1515,41.8,2.876654604,170,0,0,0,0,0,301
3541,L50720,L,291.6000227,310.9,1574,31.4,2.089546758,27,0,0,0,0,0,301.9
5869,L53048,L,159.3678916,311.1,1731,27.9,2.981199672,101,,0,0,0,0,
2112,L49291,L,296.9631262,309,1436,,7.563054412,75,0,0,0,0,0,299.4
2692,L49871,L,214.0519612,309.6,1431,47.7,2.484328459,39,0,0,0,0,0,300
7154,L54333,L,310.9331691,310,1493,47.3,3.338345433,172,0,0,0,0,0,
3708,M18567,M,164.2901912,311.3,1497,38.4,3.650098905,28,0,0,0,0,0,302.1
1018,L48197,L,186.9852616,307.2,1637,31.6,3.690500089,27,,0,0,0,0,296.3
8512,L55691,L,322.6549454,309.7,1457,44.2,7.005287467,175,0,0,0,0,0,298.4
2808,M17667,M,299.6398175,309.3,1452,41.9,7.687175856,106,0,0,0,0,0,299.9
5016,L52195,L,364.0368116,313,1759,28.4,9.9939949,74,0,0,0,0,0,303.9
1929,L49108,L,340.4322654,307.8,1623,29.9,8.172237886,24,0,0,0,0,0,298
351,H29764,H,316.9348684,308.3,1400,44.3,4.039156924,43,0,0,0,0,0,297.6
5174,M20033,M,297.0618765,313.5,1739,28.1,6.140640848,80,0,0,0,0,0,304.2
4193,M19052,M,296.7154527,311,1463,43.1,4.79708782,181,0,0,0,0,0,302.5
1935,L49114,L,299.2422583,307.9,1698,33.3,3.723420636,40,0,0,0,0,0,298.1
6902,L54081,L,268.6440796,311.7,1547,,7.183642853,152,0,0,0,0,0,301
4824,L52003,L,222.9089996,311.9,1493,38.7,6.311307446,14,0,0,0,0,0,303.5
565,H29978,H,344.3164442,309.6,1669,32.1,6.642405547,155,0,0,0,0,0,297.6
1583,H30996,H,295.3456108,308.3,1530,42,7.428961493,184,0,0,0,0,0,298.1
4695,L51874,L,270.4522998,311.5,1424,50.8,9.019366286,128,0,0,0,0,0,303.4
2176,M17035,M,305.9599731,309.2,1590,35.9,2.180452642,22,0,0,0,0,0,299.5
7029,M21888,M,397.1456665,310.6,1403,,8.831529351,64,,0,0,0,0,300.6
4881,M19740,M,279.4402941,312.6,1527,41.9,7.449298836,159,0,0,0,0,0,303.8
2229,H31642,H,248.5283391,308.6,1542,41.8,5.841259356,166,0,0,0,0,0,299.4
1116,M15975,M,350.3863544,307.3,2077,19.1,2.065691946,80,0,0,0,0,0,296.4
3127,L50306,L,322.0125916,309.4,1499,35.7,4.206468649,46,0,0,0,0,0,300
3545,M18404,M,373.4044252,310.9,1483,37,4.633012059,35,0,0,0,0,0,301.9
5049,H34462,H,276.8789283,313.2,1271,68.6,1.394828593,161,0,0,1,0,0,304
7477,L54656,L,128.8833445,311.5,1492,41.8,7.540699837,128,0,0,0,0,0,300.2
822,L48001,L,136.470782,307.6,1474,41.7,8.219051038,148,0,0,0,0,0,
6533,H35946,H,245.1688809,310.6,1352,52,4.399939274,69,0,0,0,0,0,301.2
2273,M17132,M,134.6396923,308.6,1448,52.1,6.720484631,71,0,0,0,0,0,299.3
5546,H34959,H,303.4906929,311.6,1357,44.2,2.953143879,142,0,0,0,0,0,302.2
82,L47261,L,155.4529111,308.9,1450,47.5,3.146348615,9,0,0,0,0,0,298.9
1324,L48503,L,230.1939642,310.1,1361,51.7,4.264239733,192,0,0,0,0,0,298.9
9406,M24265,M,335.2609202,308.1,1469,48.8,2.740950287,183,0,0,0,0,0,297.7
1615,M16474,M,153.2129325,307.9,1802,25.8,1.274467291,43,0,0,0,0,0,297.8
832,M15691,M,152.0505316,307.4,1544,42.3,1.939589075,170,0,0,0,0,0,296.6
3884,M18743,M,326.0178264,311.4,1534,40.1,5.593475957,41,0,0,0,0,0,302.4
8642,M23501,M,192.8187165,308.5,1360,48.6,8.516991699,77,0,0,0,0,0,297.6
4465,L51644,L,354.8549874,310.6,1671,30.5,3.953566644,201,0,0,0,0,0,302.8
5340,M20199,M,109.2475112,312.7,1594,32.8,5.951989818,79,0,0,0,0,0,303.4
8067,L55246,L,179.3884503,311.9,1868,21.3,6.289588149,92,0,0,0,0,0,300.4
1650,H31063,H,376.3564322,307.9,1482,37.8,9.349553579,132,0,0,0,0,0,298
4066,M18925,M,255.8655133,310.7,1511,37.6,2.206061267,70,0,0,0,0,0,301.9
9666,L56845,L,350.6527139,310.3,1610,33.3,9.167214619,233,,0,0,0,0,299.2
3039,L50218,L,108.1282225,309.5,1349,50.4,7.448427257,30,0,0,0,0,0,300.4
3321,L50500,L,374.4806491,310.5,2289,16.4,3.078427675,112,0,0,0,0,0,301.5
7144,H36557,H,352.8298457,309.7,1582,30.8,8.140882436,144,0,0,0,0,0,300.3
6890,H36303,H,334.6391299,311.4,1387,42.7,7.341783303,121,0,0,0,0,0,300.9
5093,M19952,M,120.5695673,313.2,1608,40.6,1.553037086,79,0,0,0,0,0,303.9
3721,M18580,M,169.6267856,311.4,1508,41.2,9.820117976,60,0,0,0,0,0,302.4
2424,M17283,M,315.1745625,308.2,2022,20,6.479753937,23,0,0,0,0,0,298.9
750,L47929,L,239.2513238,308,1978,22.3,8.389542206,208,0,0,0,0,0,296.6
5272,L52451,L,335.1673534,313,1534,39.7,7.828883259,115,0,0,0,0,0,303.6
2374,L49553,L,363.2135218,308.4,1350,51.3,4.602520015,96,0,0,0,0,0,299.2
4694,M19553,M,247.4731263,311.5,1817,24.7,1.346512065,125,0,0,0,0,0,303.4
9880,M24739,M,279.5745672,309.8,1490,38.6,5.371176889,127,0,0,0,0,0,298.8
8371,L55550,L,251.4656731,309.8,1634,,7.081120302,27,0,0,0,0,0,298.8
7320,L54499,L,155.5652906,310.2,1654,32.7,4.759605821,159,0,0,0,0,0,299.8
4369,L51548,L,229.5381879,310,1664,28.6,7.897712419,190,0,0,0,0,0,302
6786,L53965,L,112.17416,310.6,1389,45.3,6.127901596,64,0,0,0,0,0,301.2
7402,L54581,L,230.0451601,310.8,1409,51.9,8.789414721,154,0,0,0,0,0,299.8
1140,M15999,M,293.7157033,307.9,1569,33.3,3.801399178,141,0,0,0,0,0,297
7632,L54811,L,107.5556782,311.6,1444,49.3,5.995801125,92,,0,0,0,0,300.5
2232,L49411,L,327.3384742,308.6,1415,56.4,3.953854546,175,0,0,0,0,0,299.4
2165,L49344,L,257.0048824,309.2,1540,36.7,4.28926803,221,0,0,0,0,0,299.6
5218,M20077,M,129.8574943,312.8,1420,,6.214799658,200,0,0,0,0,0,303.8
9445,L56624,L,195.7439502,308.9,2136,15.9,3.815054816,78,0,0,0,0,0,298.1
9238,M24097,M,360.4054652,308.8,1811,,2.558822705,147,0,0,0,0,0,298.1
4562,L51741,,345.8017384,310.8,1610,32.2,2.655727148,17,0,0,0,0,0,302.9
1571,L48750,L,309.1859753,308.4,1452,43.5,2.055927688,158,0,0,0,0,0,298.2
173,M15032,M,291.1243503,308,1924,,1.84957037,29,0,0,0,0,0,298.1
7164,M22023,M,367.4074111,310.1,1501,39.3,9.361158814,195,0,0,0,0,0,300.1
2088,L49267,L,263.1627384,309.3,1577,36.6,2.181989366,14,0,0,0,0,0,299.5
4668,H34081,H,188.9884344,311.4,1651,30.6,7.200502705,50,0,0,0,0,0,303.3
4566,H33979,H,123.6139491,310.8,1275,55,1.142096647,25,0,1,0,0,0,302.7
7090,L54269,L,382.5974249,310.2,1622,34.1,2.031381435,3,0,0,0,0,0,
6570,M21429,M,116.8923644,310.7,1375,42,2.933243886,168,0,0,0,0,0,301.4
4784,L51963,L,233.094326,312.5,1641,36,9.088154717,125,,0,0,0,0,303.7
2685,L49864,L,272.2541388,309.4,1460,37.4,9.660989583,25,0,0,0,0,0,299.8
1833,M16692,M,218.8897333,307.4,1330,51.7,6.596645157,183,0,0,0,0,0,297.8
8547,L55726,L,317.318535,309.3,1716,28.4,7.949735244,66,0,0,0,0,0,298.4
5066,L52245,L,318.4063412,313,1566,37.2,5.863530746,7,0,0,0,0,0,304.1
9131,L56310,L,243.9948279,308.6,1576,32.7,6.735037561,83,0,0,0,0,0,297.6
9356,L56535,L,299.8214946,308.9,1708,28,9.427437386,42,0,0,0,0,0,298.3
4413,L51592,L,375.2265807,310.5,1450,43.2,6.085830641,68,0,0,0,0,0,302.6
7208,M22067,M,191.030195,309.6,1540,34.4,7.150261325,91,0,0,0,0,0,299.7
9891,L57070,L,301.8992012,309.5,1645,32.8,7.711078727,157,0,0,0,0,0,298.8
835,H30248,H,397.3158245,307.4,1333,50.2,6.43423219,177,0,0,0,0,0,296.6
6822,M21681,M,341.8739039,310.6,1545,37.5,2.715685894,155,0,0,0,0,0,300.8
3782,L50961,L,255.5730852,310.8,1465,43.8,9.011472118,7,,0,0,0,0,
9013,L56192,L,122.3937649,308,1705,26,3.3503497,200,0,0,0,0,0,297.2
7500,L54679,L,153.4852143,311.8,1746,26.3,5.847619354,187,0,0,0,0,0,300.3
3425,L50604,L,245.6030714,310.5,1593,32.9,9.376448579,155,0,0,0,0,0,301.5
66,L47245,L,288.030537,309.1,1394,45.1,8.381360083,179,0,0,0,0,0,299
2964,M17823,M,311.7422344,309.6,1439,43,6.18703901,61,0,0,0,0,0,300.7
5670,M20529,M,265.2310304,311.5,1479,39.5,3.725147431,36,0,0,0,0,0,302.2
8963,L56142,L,361.136789,307.9,1628,30.2,3.841505439,80,0,0,0,0,0,297.3
355,L47534,L,345.4390851,308.3,1658,34.3,7.721302404,59,0,0,0,0,0,297.6
8172,H37585,H,231.4375484,311.4,1641,34.5,9.838012464,155,0,0,0,0,0,300
4031,L51210,L,159.466084,310.8,2143,17.3,9.601973026,227,,0,0,0,0,302
8535,M23394,M,191.9447181,309.5,1404,43.3,5.362782997,33,0,0,0,0,0,298.6
3652,L50831,L,102.693524,311.5,1444,44.9,6.979380971,97,0,0,0,0,0,302.1
6740,L53919,L,183.8787962,311.2,1482,43.6,4.913472991,154,0,0,0,0,0,
3298,L50477,L,102.8779401,310.3,1548,38.6,7.871095592,59,0,0,0,0,0,301.2
4128,H33541,H,195.1798253,310.6,1438,43.2,8.520449567,12,0,0,0,0,0,302
8044,L55223,L,325.1731576,311.9,1486,35.8,9.776204922,32,0,0,0,0,0,300.7
4768,L51947,L,127.8207365,311.9,1473,,1.019574418,84,0,0,0,0,0,303.6
473,M15332,M,100.6425559,309,1497,41.8,4.028178551,144,0,0,0,0,0,
3762,M18621,M,182.7974054,311,1490,37.1,1.842518994,168,0,0,0,0,0,302.4
8618,L55797,L,338.6276967,308.6,1529,45.3,5.927463347,15,0,0,0,0,0,297.6
3567,L50746,L,211.6992757,310.6,1295,62.3,3.382530923,91,0,0,0,0,0,301.8
2761,L49940,L,387.3461854,309.2,1400,42.6,8.640528659,210,0,0,0,0,0,299.8
869,M15728,M,298.4416466,306.5,1514,37.7,6.503982909,60,0,0,0,0,0,295.8
9383,L56562,L,371.9924349,308.2,1610,33.6,6.067461955,115,0,0,0,0,0,297.5
8689,L55868,L,158.9998192,308.5,1483,46.9,3.471047766,203,0,0,0,0,0,297.1
4053,M18912,,180.1246981,310.8,1563,39.2,3.464082168,39,0,0,0,0,0,301.9
6131,L53310,L,198.9535912,310.9,1473,44.2,2.931820799,116,0,0,0,0,0,301
3245,M18104,M,121.3399537,309.6,1397,48,4.225851904,135,0,0,0,0,0,301
4843,M19702,M,371.5903341,311.8,1489,49.4,3.755304256,64,0,0,0,0,0,303.3
9331,M24190,M,261.5186903,309,1507,36.1,1.426670043,191,0,0,0,0,0,298.4
5641,L52820,L,294.3624088,312.1,1420,51.6,9.423545779,182,0,0,0,0,0,302.6
5781,L52960,L,382.5530789,311.2,1517,42.4,8.211900191,113,,0,0,0,0,301.7
8541,L55720,L,289.203916,309.5,1687,29.3,5.983484207,47,0,0,0,0,0,298.6
1076,H30489,H,147.4681411,307.8,1345,54.5,5.817700105,172,0,0,0,0,0,296.9
2958,L50137,L,317.8308922,309.6,1498,45.8,4.77181214,47,0,0,0,0,0,300.8
6753,L53932,L,295.3604898,310.9,1706,29.5,3.910821383,193,,0,0,0,0,301.6
8658,L55837,L,309.0020001,308.4,1421,46,7.117297338,124,0,0,0,0,0,297.4
7273,L54452,L,260.3863017,310.3,1202,,9.482491817,40,0,0,0,0,0,300.2
4760,L51939,L,352.8644739,311.6,1361,46.5,6.878462498,62,0,1,0,0,0,303.5
4863,L52042,L,373.497209,312.1,1326,55.7,1.193888551,114,0,0,0,0,0,303.5
7026,H36439,H,300.1188721,310.6,1448,44.7,4.364573447,55,0,0,0,0,0,300.6
7648,L54827,L,172.566861,311.4,1728,31.7,2.15231641,133,0,0,0,0,0,300.4
7162,L54341,L,229.3558354,310.2,1440,42.9,9.857695148,191,0,0,0,0,0,300.2
74,L47253,L,150.6082624,309.1,1592,35,2.855080989,200,0,0,0,0,0,299
4902,M19761,M,323.3330214,312.3,1630,32.4,4.733050425,223,0,0,0,0,0,
4376,L51555,L,242.3428374,309.7,1414,36.3,1.040511844,209,0,0,0,0,0,302
6699,L53878,L,344.7651353,310.8,1418,44.7,1.100159713,46,0,0,0,0,0,301.6
9806,L56985,L,208.0250064,309.2,1651,28.5,9.104184266,141,0,0,0,0,0,298.4
1102,H30515,H,146.5632643,307.5,1607,,9.120836841,38,0,0,0,0,0,296.7
9538,M24397,M,111.2851935,310.6,1457,42.1,5.23798458,104,0,0,0,0,0,299.3
7656,L54835,L,119.8690882,311.5,1596,32.5,8.370063808,154,0,0,0,0,0,300.4
5236,M20095,M,173.6775892,312.9,1511,41,8.743543202,33,,0,0,0,0,303.7
5166,L52345,L,195.1110403,313.4,1421,43.4,4.711117607,56,0,0,0,0,0,304.2
119,M14978,M,109.8588,308.6,1707,28.1,6.571837904,103,0,0,0,0,0,298.8
2023,L49202,L,386.0712288,308.4,1373,46.9,1.956179626,60,0,0,0,0,0,298.7
9886,L57065,L,372.8322228,309.6,1613,27.7,4.821016572,143,0,0,0,0,0,298.8
2639,L49818,L,178.8617233,309.5,1739,27.5,9.865168098,128,0,0,0,0,0,299.8
2035,M16894,M,202.447027,308.5,1425,47.4,8.87550148,90,0,0,0,0,0,298.8
2565,L49744,L,242.3994851,309.1,1493,38,9.545309391,151,0,0,0,0,0,299.3
8666,L55845,L,118.4949376,308.7,1365,,2.559521916,143,0,0,0,0,0,297.6
3544,L50723,L,238.9984581,310.9,1449,36.5,4.237563888,33,0,0,0,0,0,301.8
1220,M16079,M,368.2975814,308.1,1357,41.8,2.643930326,127,,0,0,0,0,296.9
9715,L56894,L,200.2177891,310.1,1894,20.1,9.823266685,106,,0,0,0,0,299.1
6712,L53891,L,295.6317537,310.7,1426,46.1,9.682371253,81,0,0,0,0,0,
2904,M17763,M,112.1405159,309.5,1733,26.7,7.142421886,108,0,0,0,0,0,300.7
3027,M17886,M,179.2046318,309.5,1888,21.9,6.215841376,221,0,0,0,0,0,300.4
2511,L49690,L,199.8681489,309,1405,53.8,4.090176581,18,0,0,0,0,0,299.1
4202,L51381,L,117.7353976,311,2211,15.4,4.49504475,203,0,0,0,0,0,302.4
3208,M18067,M,293.3418315,309,1642,31.2,4.669722616,37,0,0,0,0,0,
4490,L51669,L,144.1429276,310.4,1487,40.2,3.566720231,48,0,0,0,0,0,302.5
2756,L49935,L,253.2096497,309.2,1478,38.8,8.048627378,199,0,0,0,0,0,299.7
8890,M23749,M,325.127459,308.8,2089,19.1,5.675865386,111,0,0,0,0,0,297.7
178,L47357,L,198.6762122,308.2,1988,21.4,6.920030125,41,0,0,0,0,0,298.2
1644,L48823,L,344.1296013,307.8,1453,37.7,3.416268977,119,0,0,0,0,0,298
9293,L56472,L,319.0786523,309,1643,34.1,5.091634177,91,0,0,0,0,0,298.2
3519,L50698,L,197.6307481,311,1376,44.9,9.452631011,186,0,0,0,0,0,301.9
1375,L48554,L,278.3061301,310.3,1553,36.8,6.277983433,97,0,0,0,0,0,298.8
1721,L48900,L,296.3291942,307.7,1459,44.5,2.670239075,89,0,0,0,0,0,298.2
3996,L51175,L,358.3329347,311.3,1621,31.6,2.791955956,135,0,0,0,0,0,302.3
3689,L50868,L,387.7006683,311.2,1420,45.8,1.094191754,192,0,0,0,0,0,302
2265,M17124,M,103.4003253,308.4,1415,43.5,3.097519936,53,0,0,0,0,0,
88,L47267,L,276.0353523,309,1544,31.8,1.433109293,25,0,0,0,0,0,299
2849,M17708,M,237.871271,309.3,1391,57.9,9.239156247,204,0,0,0,0,0,300.3
8688,M23547,M,120.3745884,308.5,1604,,5.328409286,200,0,0,0,0,0,297.2
404,L47583,L,353.7383044,308.6,1273,59.8,7.567242879,182,0,0,0,0,0,297.3
9901,H39314,H,313.77751,309.2,1449,42.3,1.061326315,182,0,0,0,0,0,298.7
4078,L51257,L,386.890774,310.5,1635,39.8,9.720670882,99,0,0,0,0,0,302
6836,L54015,L,103.710567,310.9,1809,,7.240459381,192,0,0,0,0,0,301
6538,M21397,M,128.2708374,310.5,1481,39.7,7.362576421,85,0,0,0,0,0,301.3
2457,L49636,L,338.145203,308.6,1555,36.6,6.677581419,104,0,0,0,0,0,299.1
2752,L49931,L,396.1900106,309.1,1417,50.1,2.901355357,187,0,0,0,0,0,299.7
2215,H31628,H,301.5801144,309.2,1355,44.8,7.975951791,127,0,0,0,0,0,299.7
1028,M15887,M,192.6559747,307.4,1335,50.5,2.657650908,48,0,0,0,0,0,296.3
9704,L56883,L,387.1801071,310,1422,,5.446321003,78,0,0,0,0,0,298.9
1422,L48601,L,139.1365818,309.8,1589,31.8,4.347874824,217,0,0,0,0,0,
2437,H31850,H,247.5915592,308.2,1662,30.4,5.859241811,55,0,0,0,0,0,299
4278,L51457,L,147.2825688,310.4,1743,28.1,3.337272669,170,0,0,0,0,0,302.2
9610,L56789,L,286.3812551,310.1,1470,,5.164836238,83,0,0,0,0,0,299
1279,L48458,L,125.9084394,309.4,1398,52.9,2.331090814,79,0,0,0,0,0,298.2
6221,L53400,L,380.9164103,310.8,1470,49.3,9.232116646,116,0,0,0,0,0,301.1
4908,M19767,M,207.2726541,312.5,1607,33.7,7.939667824,14,0,0,0,0,0,303.6
5065,L52244,L,325.3553382,313,1407,42.1,8.364751732,5,0,0,0,0,0,304
1979,L49158,L,162.8445708,307.7,1442,43.6,2.605176965,148,,0,0,0,0,298
1062,L48241,L,289.7544744,307.9,1420,50.1,6.0558529,138,0,0,0,0,0,296.7
5015,L52194,L,345.3657303,313,1452,38.6,3.176808448,72,0,0,0,0,0,303.8
4536,L51715,L,193.6192729,310.2,1503,36.2,5.434365471,166,0,0,0,0,0,302.4
6994,M21853,M,385.5379568,311,1740,25.6,2.099157662,176,0,0,0,0,0,300.7
9254,M24113,M,366.6809944,309,1508,40.5,4.711811079,192,0,0,0,0,0,298.2
1503,L48682,L,347.5890237,308.7,1462,48.2,2.412895608,204,0,0,0,0,0,298
8569,L55748,L,347.9220102,308.6,1691,29.6,4.234536443,116,0,0,0,0,0,297.9
9315,M24174,M,156.727169,309.4,1565,33.7,2.490879381,150,0,0,0,0,0,298.5
8837,L56016,L,242.4944305,308.9,1708,28.8,5.827732941,174,0,0,0,0,0,297.4
8921,L56100,L,272.2589965,308.3,1496,45.8,6.721728255,190,0,0,0,0,,297.1
4919,L52098,L,183.1620317,312.2,1457,40.7,8.403126187,48,0,0,0,0,0,303.3
679,M15538,M,285.0552714,309.2,1295,61.2,8.909291818,12,0,0,0,0,0,297.8
5077,L52256,L,237.1677173,313.2,1464,44.9,9.199898714,37,0,0,0,0,0,304.2
8065,L55244,L,216.1639454,311.8,1596,34.8,8.184042607,87,0,0,0,0,0,300.5
7569,L54748,L,311.1887021,311,1627,33.7,1.768438038,147,0,0,0,0,0,300.2
103,L47282,L,398.2894838,308.8,1555,,2.481661724,61,0,0,0,0,0,298.8
958,M15817,M,206.8549723,306.4,1387,40.1,4.055807492,81,0,0,0,0,0,295.7
8557,L55736,L,296.4490209,309,1489,40.6,3.639584744,89,0,0,0,0,0,298.2
3786,L50965,L,176.9706984,310.9,1545,36.7,3.120196741,18,0,0,0,0,0,302.3
9631,L56810,L,329.8806167,310.1,1583,35.8,8.377670368,142,0,0,0,0,0,299
7174,L54353,L,127.1287671,310.1,1684,30.8,5.704373518,13,0,0,0,0,0,300.1
4044,M18903,M,368.584493,310.8,1445,,1.328226175,17,0,0,0,0,0,302
2649,L49828,L,137.998775,309.4,1436,51.6,9.50659787,158,0,0,0,0,0,299.8
6001,H35414,H,244.4622446,310.2,1431,43.2,8.025422766,0,0,0,0,0,0,300.4
7928,L55107,L,300.6031031,311.9,1476,42,1.244018754,196,0,0,0,0,0,300.7
2827,M17686,M,390.1947545,309.4,1612,33.1,2.91757774,150,0,0,0,0,0,300.3
4095,L51274,L,161.3288146,310.5,1651,30.9,7.844932526,146,0,0,0,0,0,302
7775,L54954,L,172.6267921,311.5,1634,31.9,7.733265106,36,0,0,0,0,0,300.3
9259,H38672,H,277.6549901,309,1379,43.2,4.276194763,0,0,0,0,0,0,298.3
8114,L55293,L,379.5010117,311.7,1459,,1.216986401,3,0,0,0,0,0,300.4
4773,M19632,M,184.8265946,312,1435,37.9,5.275214743,98,0,0,0,0,0,303.6
1948,L49127,L,242.9059821,308.1,1462,49.9,5.048962881,69,0,0,0,0,0,298.2
6110,M20969,M,345.2852394,310.9,1514,38.7,8.324517616,66,0,0,0,0,0,300.8
2300,L49479,L,318.8596823,308.7,1446,62.9,7.624999253,134,0,0,1,0,0,299.4
7845,L55024,L,148.2757401,311.7,1503,42.6,7.504314385,208,0,0,0,0,0,300.1
4383,L51562,L,188.8449259,309.5,1525,39.6,5.131691193,227,0,0,0,0,0,301.8
5426,L52605,L,358.1939089,312.2,1775,27.9,5.6958669,56,0,0,0,0,0,302.5
6772,M21631,M,256.995509,310.7,1962,22.5,1.241172876,28,0,0,0,0,0,301.2
8579,L55758,L,254.7979606,308.2,1489,40.7,1.867277039,141,0,0,0,0,0,297.5
4292,L51471,L,230.2260795,310,2032,19,7.863165591,203,0,0,0,0,0,301.8
529,M15388,M,312.6801829,309.5,1553,42.4,8.850449553,60,0,0,0,0,0,297.5
1234,M16093,M,240.9747946,308.5,1364,55.6,1.076740736,163,0,0,0,0,0,297.2
780,L47959,L,116.7810533,308,1666,29.8,4.340483381,41,0,0,0,0,0,296.8
5860,L53039,L,286.4777498,311,1542,33.6,4.194455084,80,0,0,0,0,0,301.3
3060,M17919,M,177.8797651,309,1368,45.8,8.504589885,81,0,0,0,0,0,300
8588,M23447,M,309.0378398,307.9,1627,34.3,8.235338955,166,0,0,0,0,0,
1861,L49040,L,147.2714653,307.6,1607,30.3,2.011779998,62,0,0,0,0,0,297.8
8439,L55618,L,376.9521518,309.8,1469,42.8,5.363414336,205,,0,0,0,0,298.6
7404,L54583,L,223.4002357,310.8,1376,48.6,9.576667702,159,0,0,0,0,0,299.8
4640,L51819,L,107.0139854,311.3,1657,31.8,1.858386142,217,0,0,0,0,0,303.1
4251,L51430,L,367.2880023,311,1660,38,8.955107704,99,0,0,0,0,0,302.6
1993,L49172,L,145.2779822,307.8,1375,46.6,3.967654802,188,0,0,0,0,0,298.2
7380,M22239,M,256.9876527,310.1,1357,48.7,4.541302452,96,0,0,0,0,0,299.6
7306,M22165,M,124.0519515,310.5,1790,25.7,9.541630855,123,0,0,0,0,0,300
5304,L52483,L,180.8811743,313.2,1481,44.1,2.502406364,197,0,0,0,0,0,303.9
8193,L55372,L,103.0887334,310.9,1229,65.2,2.515608297,209,0,0,0,1,0,299.6
7448,M22307,M,275.5395106,311.9,1677,30.8,3.281491737,48,0,0,0,0,0,300.3
2472,L49651,L,114.7512598,308.4,1301,,9.213309542,138,0,0,0,0,0,298.9
7198,L54377,L,370.477589,310,1486,,3.639782489,69,0,0,0,0,0,300
5313,L52492,L,351.5367093,312.9,1873,23.5,7.800560953,7,0,0,0,0,0,303.6
9036,M23895,M,374.5309185,308.1,1731,27.7,3.977105445,42,0,0,0,0,0,297.3
1397,L48576,L,323.0434725,310.3,1483,39.2,1.443122118,153,0,0,0,0,0,299
4003,L51182,L,187.948349,311.2,1454,59.2,6.624740766,153,0,0,1,0,0,302.1
5372,L52551,L,305.8037281,312.3,1435,47.7,2.745459992,173,0,0,0,0,0,302.9
3236,L50415,L,221.6633572,309.4,1946,20.5,9.25052375,111,0,0,0,0,0,300.8
1043,L48222,,330.1764179,307.6,1542,37.4,2.467106483,88,0,0,0,0,0,296.6
3299,L50478,L,119.2354817,310.3,1499,38.1,7.863446931,61,0,0,0,0,0,301.2
7257,H36670,,345.4205304,310.3,1408,42.5,1.64142775,0,0,0,0,0,0,300.2
258,L47437,L,284.7969749,308,1615,29.5,2.462502091,15,0,0,0,0,0,298
7287,M22146,M,289.5188389,310.4,1480,,7.046093518,77,0,0,0,0,0,300.1
8617,L55796,L,112.9320943,308.6,1355,46.4,3.162739923,13,0,0,0,0,0,297.6
7817,L54996,L,107.2430864,311.2,1533,35.9,5.293273035,137,0,0,0,0,0,299.8
5844,L53023,L,230.8617965,311.2,1700,28.8,3.368586157,39,0,0,0,0,0,301.5
2090,L49269,L,356.9643823,309.3,1941,22.5,3.673914118,18,0,0,0,0,0,299.5
7703,M22562,M,295.7029317,311.7,1701,30.8,4.019551063,44,0,0,0,0,0,300.7
504,M15363,M,300.8037302,309.2,1442,48.1,9.312873071,0,0,0,0,0,0,297.6
5266,M20125,M,187.3317513,312.9,1883,23.3,2.60773563,100,0,0,0,0,0,303.5
8815,L55994,L,351.069685,308.4,1462,,1.143489128,102,0,0,0,0,0,297.2
1346,L48525,L,207.7024079,310,1804,26.1,4.776760419,22,0,0,0,0,0,298.5
8456,L55635,L,288.5433219,309.9,1356,59.5,9.848241148,34,0,0,0,0,0,298.6
5047,M19906,M,295.4613651,313.2,1410,42.4,2.793252591,155,0,0,0,0,0,304.1
2249,M17108,M,152.8222086,308.5,1304,60.6,4.325266889,8,0,0,0,0,0,299.3
4982,M19841,M,368.0543751,312.8,1558,37.7,2.355450806,206,,0,0,0,0,303.7
373,M15232,M,260.6843332,308.3,1405,51.7,9.43446066,108,0,0,0,0,0,297.4
8455,L55634,L,136.8787186,310,1522,40.3,8.535745308,32,0,0,0,0,0,298.6
3371,L50550,L,315.7397357,310.7,1584,32.2,3.117961093,17,0,0,0,0,0,301.4
2007,M16866,M,152.8504443,308.3,1381,50.5,8.197989556,22,0,0,0,0,0,298.5
3657,M18516,M,343.6494836,311.5,1383,53.6,5.397357541,108,0,0,0,0,0,302.1
8328,M23187,M,181.3157399,309.6,1254,57.1,7.452221907,124,0,0,0,0,0,298.7
7522,M22381,M,230.8945038,311.6,1467,40.7,3.609920417,23,0,0,0,0,0,300.2
4002,H33415,H,354.4068124,311.2,1598,37.9,7.067890913,148,0,0,0,0,0,302.1
6073,M20932,M,167.0063316,310.8,1695,30.2,3.115909296,188,,0,0,0,0,300.9
8737,L55916,L,254.6997024,308.7,1491,40.2,9.036727071,112,0,0,0,0,0,297.3
998,M15857,M,222.0085408,307.2,1446,45.9,3.107965919,180,0,0,0,0,0,296.3
8180,L55359,L,370.9122009,311.3,1560,35.4,2.136435347,178,0,0,0,0,0,299.8
3291,L50470,L,327.4639587,310.2,1385,42.3,3.970191743,42,0,0,0,0,0,301.2
1177,M16036,M,267.141584,308.3,1429,42,2.093513761,6,0,0,0,0,0,297.2
552,L47731,L,280.2340994,309.2,1274,54.3,6.790490586,121,0,0,0,0,0,297.4
745,L47924,L,393.3907694,308.1,1450,40.9,6.456128939,195,0,0,0,0,0,296.7
7224,L54403,L,394.6710826,309.6,1374,51.6,2.671126438,137,0,0,0,0,0,299.8
4555,L51734,L,199.8197223,310.5,1748,28.2,9.102512989,2,0,0,0,0,0,302.6
2860,L50039,L,179.3116381,309.4,1549,,6.419589039,233,0,0,0,0,0,300.6
8821,L56000,L,130.3975788,308.7,1551,40,2.050350052,125,0,0,0,0,,297.3
3460,L50639,L,200.5995483,310.4,1270,54.2,8.454873638,26,0,0,0,0,0,301.5
2725,M17584,M,346.5325067,309.3,1470,42.7,7.9110091,119,,0,0,0,0,299.8
6848,L54027,L,385.6412486,311.4,1757,28,5.378006878,6,0,0,0,0,0,301.2
7616,L54795,L,289.0807326,311.4,1442,47,8.362648343,53,0,0,0,0,0,300.5
7548,L54727,L,307.7509793,311.4,1430,40.9,8.931307127,93,0,0,0,0,0,300.1
9175,L56354,L,371.4743085,308.9,1871,25.6,5.559087362,200,1,0,0,0,0,297.8
6394,L53573,L,145.0360673,309.7,1678,,3.920452616,142,0,0,0,0,0,300.2
5359,H34772,H,215.7917501,312.6,1827,24.2,1.666783312,132,0,0,0,0,0,303.3
9489,M24348,M,251.3883726,309.6,1567,34.5,9.805789042,204,0,0,0,0,0,298.9
2969,M17828,M,150.8636066,309.4,1312,45.2,4.560179371,73,0,0,0,0,0,300.6
694,L47873,L,308.5548369,309.1,1477,38.3,2.258902109,60,0,0,0,0,0,297.7
2534,L49713,L,349.0340459,308.7,1490,33.6,3.532330702,71,0,0,0,0,0,298.8
6400,M21259,M,177.9485053,309.6,1501,,2.63971218,157,,0,0,0,0,
983,L48162,L,363.1250739,306.9,1516,39.1,1.037180971,138,0,0,0,0,0,296.2
5365,L52544,L,305.0539703,312.6,1601,35.3,8.302191971,148,0,0,0,0,0,303.2
80,L47259,L,104.1827006,308.9,1402,37.9,8.75259359,2,0,0,0,0,0,298.8
4054,M18913,M,229.4014207,310.9,2305,16.1,6.053760717,42,0,0,0,0,0,301.9
6259,M21118,M,312.7456359,310.7,1583,40.7,3.819521765,2,0,0,0,0,0,301.1
9577,L56756,L,129.9845405,310.7,1922,23.3,7.634721903,205,1,0,0,0,0,299.6
9026,L56205,L,351.1221905,308.4,1440,35.9,1.856013822,13,0,0,0,0,0,297.5
3108,M17967,M,117.2367555,309.1,1456,39.4,4.164958395,209,0,0,0,0,0,299.8
3602,L50781,L,248.1655904,310.5,1377,43.1,9.557910031,183,0,0,0,0,0,301.7
6074,M20933,M,220.6723626,310.8,1790,26.2,7.459239104,191,0,0,0,0,0,300.9
8127,L55306,L,217.2501723,311.4,1433,37.9,7.119291027,36,,0,0,0,0,300.2
2143,L49322,L,283.045587,308.9,1376,60.3,3.651366717,163,0,0,0,0,0,299.3
6311,L53490,L,376.9076932,310.1,2090,17.8,2.750573757,133,0,0,0,0,0,300.9
2269,L49448,L,343.4149669,308.5,1438,46.6,8.526946261,63,0,0,0,0,0,299.2
446,L47625,L,229.8200965,308.6,1793,26.7,3.468007517,70,0,0,0,0,0,297.5
4884,M19743,M,203.7978055,312.6,1684,29.3,6.757360696,167,0,0,0,0,0,303.8
4467,L51646,L,294.2874059,310.6,1470,41.1,2.391787383,205,0,0,0,0,0,302.8
9027,M23886,M,362.9038158,308.4,1685,28.1,9.923817828,15,0,0,0,0,0,297.5
6633,L53812,L,294.4397735,310.4,1301,51.2,7.296458585,112,0,0,0,0,0,301.4
3317,M18176,M,340.2720049,310.5,1217,60.6,4.418579062,103,0,0,0,0,0,301.4
1702,L48881,L,283.2578184,307.7,1479,42.5,6.224646309,47,0,0,0,0,0,298
2527,L49706,L,237.3289863,308.6,1501,35,4.7937462,55,0,0,0,0,,298.8
69,L47248,L,321.5771956,308.9,1527,32.4,7.0200552,189,0,0,0,0,0,298.8
1169,L48348,L,328.2461854,308.1,1584,36.8,9.101671532,215,0,0,0,0,0,297.1
49,H29462,H,394.0850996,309.2,1425,53.9,1.62558725,135,0,0,0,0,0,298.8
1054,M15913,M,225.9685605,307.7,1597,32.1,3.814828913,114,0,0,0,0,0,296.7
4030,H33443,H,108.7003621,310.9,1679,29,8.617504326,222,0,0,0,0,0,302
881,M15740,M,283.9782373,306.3,1235,76.2,6.606464876,89,0,0,1,0,0,295.8
2652,L49831,L,244.9887715,309.5,2008,20.4,2.981576029,165,0,0,0,0,0,299.9
7760,L54939,L,147.9071419,311.8,1272,59.2,2.830869393,198,0,0,0,1,0,300.4
2440,L49619,L,296.2373604,308.4,1693,31.6,1.653261523,65,,0,0,0,0,
4925,H34338,H,182.9399449,312.3,1522,42.1,9.822946569,62,0,0,0,0,0,303.4
1468,L48647,L,173.0685795,309.8,1544,30.2,7.201604803,113,0,0,0,0,0,298.6
7293,M22152,M,371.9200493,310.4,1556,,2.832426459,92,0,0,0,0,,300.1
5036,M19895,M,183.9237662,313.2,1500,40.6,3.135791592,124,0,0,0,0,0,304
2442,L49621,L,194.6550858,308.5,1676,31,7.271912318,69,0,0,0,0,,299.1
6555,M21414,M,385.5372561,310.7,1639,29.8,8.832761887,127,0,0,0,0,0,301.4
231,L47410,L,326.1753802,308.6,1570,34.8,7.357430338,175,0,0,0,0,0,298.3
1321,M16180,M,130.2150438,310.3,1540,38.1,3.259318721,182,0,0,0,0,0,299
42,L47221,L,309.0265391,309.1,1368,,9.891083877,115,0,0,0,0,0,298.8
778,L47957,L,281.9992317,307.8,1382,47.5,6.132023826,37,0,0,0,0,0,
8951,L56130,L,231.2656233,308.2,1419,50,9.77503135,52,0,0,0,0,0,297.4
8405,L55584,L,315.5084881,309.5,1545,36.6,7.863308279,117,0,0,0,0,0,298.4
1730,M16589,M,227.4016071,307.7,1439,43.8,1.252500524,111,0,0,0,0,0,298.3
3911,L51090,L,264.2840198,311.4,1831,26.9,3.638032985,121,0,0,0,0,0,302.4
580,M15439,M,380.3001729,309.7,1700,31.3,8.716326853,200,0,0,0,0,0,297.8
9942,L57121,L,358.8855702,308.1,1395,44,1.563650049,92,0,0,0,0,0,298.4
5840,M20699,M,255.6079347,311.2,1541,36.3,9.394491805,28,0,0,0,0,0,301.4
8272,L55451,L,208.1491998,310.7,1309,51.1,4.291021671,188,0,0,0,0,0,299.1
7276,L54455,L,163.015267,310.3,1514,38.7,7.070496124,48,0,0,0,0,0,300.2
1492,M16351,M,325.9339776,308.9,1353,46.2,1.395112593,173,0,0,0,0,0,298.1
9110,L56289,L,350.5317248,308.6,1513,39.7,3.230290298,32,0,0,0,0,0,
5611,L52790,L,299.93396,312.4,1407,41.2,4.81266668,107,0,0,0,0,0,
62,M14921,M,188.6274854,309,1592,38.2,6.78036449,169,0,0,0,0,0,298.8
5472,L52651,L,182.1641542,312.3,1346,61.2,2.700542833,170,0,0,0,0,1,302.7
3906,M18765,M,210.292594,311.2,1561,34.9,2.412379711,106,0,0,0,0,0,302.2
6532,H35945,H,306.3630705,310.7,1656,26.2,5.645319959,64,0,0,0,0,0,301.2
403,L47582,L,369.9218148,308.6,1678,32.3,7.852702572,180,0,0,0,0,0,297.4
333,M15192,M,306.3335001,308.3,1538,40.2,5.738554199,0,0,0,0,0,0,297.6
2085,L49264,L,396.8542263,309.3,1442,46.2,1.951154719,5,0,0,0,0,0,299.5
9558,M24417,M,207.0193196,310.8,1507,40.2,1.9821177,156,0,0,0,0,0,299.5
165,M15024,M,126.2534439,308.3,1440,43.6,6.2005049,5,,0,0,0,0,298.5
4380,M19239,M,215.2486599,309.5,1732,30.1,3.688478557,220,0,0,0,0,0,301.8
2716,M17575,M,320.6038407,309,1701,28.6,2.441497389,98,0,0,0,0,0,299.5
8924,M23783,M,161.9981169,308.1,1363,45.3,5.30712632,196,0,0,0,0,0,297
7347,L54526,L,263.5994843,310.2,1469,47,5.954836543,15,0,0,0,0,0,299.6
5454,L52633,L,364.7254377,312.6,1451,42.1,9.330923593,125,0,0,0,0,0,303
7047,M21906,M,376.236471,310.5,1863,22.2,5.136837523,111,0,0,0,0,0,300.7
1335,L48514,L,248.8507751,310.4,1365,49.1,9.561415592,226,0,0,0,1,0,
8699,H38112,H,199.0539731,308.7,1438,46.2,9.569391687,16,,0,0,0,0,
1660,L48839,L,154.6533027,308,1697,31,5.068124364,164,0,0,0,0,0,298.1
3579,M18438,M,282.2821761,310.5,1625,35.9,5.563750461,121,0,0,0,0,0,301.7
754,L47933,L,334.0793994,308,1536,40.4,4.977973057,217,0,0,0,0,0,296.8
6585,L53764,L,192.2212866,310.5,1372,44,9.125842658,203,0,0,0,0,0,301.5
707,M15566,M,119.291455,309,1434,,8.134466129,96,0,0,0,0,0,297.8
3015,L50194,L,339.1871987,309.7,1580,42.8,1.261914989,196,0,0,0,0,0,300.5
8559,M23418,M,390.7414345,309,1505,41.3,6.438749354,93,0,0,0,0,0,298.3
9876,M24735,M,137.3028791,309.8,1363,50.6,1.282184973,115,0,0,0,0,0,298.9
9583,M24442,M,339.4652701,310.5,1404,47.5,8.914561343,12,0,0,0,0,0,299.3
8929,L56108,L,152.4401129,308.4,1531,41.5,9.11951515,213,0,0,0,0,0,297.4
9557,L56736,L,199.8965508,310.8,1374,48.3,2.885034729,154,0,0,0,0,0,299.5
8984,M23843,M,153.1852337,307.7,1261,51.1,8.635389067,130,,0,0,0,0,297
1835,L49014,L,191.2218058,307.2,1498,38.1,7.478465087,188,0,0,0,0,0,297.8
2997,M17856,M,335.1693719,309.8,1508,37.8,6.786607825,150,0,0,0,0,0,300.5
5428,L52607,L,291.9134669,312.4,1423,51.9,3.87385357,60,,0,0,0,0,302.7
3880,M18739,M,366.3948102,311.7,1430,51.7,9.315502684,32,0,0,0,0,0,302.6
7157,M22016,M,375.9939879,310,1664,30.7,8.852901747,179,0,0,0,0,0,300.2
5082,M19941,M,277.4050327,313.3,1494,39,3.695176137,49,0,0,0,0,0,304.1
9115,L56294,L,108.8845556,308.7,1476,39,1.609545491,44,0,0,0,0,0,297.6
7245,L54424,L,125.6588305,310.2,1760,26.9,7.639751731,193,0,0,0,0,0,300
5401,L52580,L,129.4168289,312.4,1477,46.3,3.018425363,251,0,0,0,1,0,302.7
5396,L52575,L,278.8795382,312.4,1529,36.8,3.531282038,237,0,0,0,0,0,302.8
9428,L56607,L,139.4459969,308.8,1540,34.8,1.49289039,32,0,0,0,0,0,298.2
2247,L49426,L,347.6340616,308.4,1406,47.4,8.553746796,3,0,0,0,0,0,299.3
836,M15695,M,289.4966011,307.4,1533,32.5,5.260697324,182,0,0,0,0,0,
8395,M23254,M,241.0307782,309.5,1566,38.1,1.118875886,89,0,0,0,0,0,298.6
9043,M23902,M,286.6359746,308.4,1599,32.9,2.467090614,58,0,0,0,0,0,
433,M15292,M,336.4351648,308.5,1466,39.7,6.063980985,34,0,0,0,0,0,
3379,L50558,L,103.4132987,310.7,1568,33.1,2.782834465,38,0,0,0,0,0,301.5
6818,M21677,M,149.6537233,310.7,1493,48.1,2.352568531,145,0,0,0,0,0,301
8132,H37545,H,236.7709425,311.2,1364,49.6,3.000123752,50,0,0,0,0,0,299.9
9622,M24481,M,185.8857997,310,2049,19.5,4.117313388,111,0,0,0,0,0,299
6067,L53246,L,369.5400995,311,1804,25.8,1.248062421,174,0,0,0,0,0,301
1194,L48373,L,169.0522882,308.2,1347,50.8,4.209825347,49,0,0,0,0,0,297.1
6935,L54114,L,377.9577911,311.4,1536,40.9,9.00554126,22,0,0,0,0,0,300.8
5462,M20321,M,238.49979,312.3,1339,52.1,9.675572136,145,0,0,0,0,0,302.9
3072,L50251,L,127.0643907,309,2174,16.9,5.371160061,112,0,0,0,0,0,
3045,L50224,L,279.4530019,309.4,1981,21.4,3.608410875,44,0,0,0,0,0,
3264,L50443,L,273.0767049,310,1344,54.8,8.843338272,186,0,0,0,0,0,301.3
2730,L49909,L,272.4782517,309.3,1417,54.6,9.083009041,131,0,0,0,0,0,299.7
3434,M18293,M,346.0875951,310.6,1924,23.6,7.9379531,181,0,0,0,0,0,301.6
434,M15293,M,316.1049229,308.5,1848,23.7,1.031204851,37,,0,0,0,0,297.6
3273,M18132,M,250.0417837,310,1593,30.8,5.412320363,210,0,0,0,0,0,
7002,L54181,L,143.8130936,310.5,1564,38.2,6.04581269,199,0,0,0,0,0,300.5
9727,L56906,L,322.2088712,309.8,1557,37.2,4.831088653,139,0,0,0,0,0,298.8
105,L47284,L,245.888295,308.7,1450,43.4,8.809886541,66,0,0,0,0,0,298.8
3316,M18175,,311.2837624,310.6,1492,43,5.427833226,100,0,0,0,0,0,301.5
1657,L48836,L,324.4207323,308.1,1532,42.5,4.92300784,154,0,0,0,0,0,298.2
1534,M16393,M,227.8111723,308.9,1339,51.4,8.600213959,68,0,0,0,0,0,298
4681,L51860,L,187.8897676,311.7,1491,39.8,6.134616771,92,0,0,0,0,0,303.6
8814,L55993,L,196.0995721,308.4,1693,29.5,4.788842066,100,0,0,0,0,0,297.1
9003,L56182,L,209.6408415,307.8,1477,36.6,5.72042847,177,0,0,0,0,0,297.1
6623,L53802,L,330.3581002,310.7,1493,51.1,5.339172356,87,0,0,0,0,0,301.7
1444,L48623,L,201.7668252,310.1,1602,38.2,4.248803038,58,0,0,0,0,0,298.9
215,M15074,M,355.3942826,308.6,1589,37.1,3.786019289,137,0,0,0,0,0,298.3
5357,H34770,H,380.8566651,312.6,1692,29,5.544407857,125,0,0,0,0,0,303.3
9219,L56398,L,135.3501679,308.8,1354,50.2,9.772058615,103,0,0,0,0,0,297.7
6323,M21182,M,170.2699682,310.1,1483,40.2,2.016454096,162,0,0,0,0,0,300.7
4990,L52169,L,197.3661856,313.2,1499,,4.213892135,7,0,0,0,0,0,303.9
1420,L48599,L,136.2124628,309.8,1354,53.3,7.20455079,212,0,0,0,1,0,298.7
9517,L56696,L,162.5251512,310.1,1341,54.5,8.494314334,51,0,0,0,0,0,298.9
8607,M23466,M,317.6607901,308.4,1505,37.2,7.787898646,215,0,0,0,0,0,297.5
182,H29595,H,213.8305281,308.3,1824,24.2,2.043554843,49,0,0,0,0,0,298.2
4353,L51532,L,233.3383126,309.7,1424,42.8,3.336805061,140,0,0,0,0,0,301.9
8701,M23560,M,244.3770861,308.7,1451,43.8,4.864726034,24,0,0,0,0,0,297.3
2447,L49626,L,273.4806172,308.6,1422,48.9,8.622563674,83,0,0,0,0,0,299.3
5322,M20181,M,102.9054385,312.7,1576,49.9,7.0240642,28,0,0,0,0,0,303.4
8046,M22905,M,177.6527808,311.9,1366,55.1,8.926981351,36,0,0,0,0,0,
5685,H35098,H,206.823933,311.6,1594,36.8,9.04227772,82,0,0,0,0,0,302.2
3533,L50712,L,295.3857962,310.9,1486,40.3,9.679728661,6,0,0,0,0,0,301.9
8245,L55424,L,132.4168428,310.4,1512,38.8,9.391233307,109,0,0,0,0,0,299
7977,H37390,H,313.6028327,312.4,1395,47.8,7.923001938,90,0,0,0,0,0,301.2
3699,H33112,H,144.8803852,311.3,1758,26.4,1.627950449,4,0,0,0,0,0,302.2
71,M14930,M,158.0254809,309,1924,22.6,3.876957621,193,0,0,0,0,0,298.9
545,M15404,M,247.6234741,309.4,1831,26.6,8.581874783,105,0,0,0,0,0,297.5
1205,L48384,L,275.2920624,308,1521,34.5,1.838312827,84,0,0,0,0,0,296.9
3079,M17938,M,344.9442533,309.4,1349,56.2,2.19617427,127,0,0,0,0,0,300.1
9107,L56286,L,292.0587129,308.3,1854,21.8,2.703476262,24,0,0,0,0,0,297.4
9121,L56300,L,349.4295325,308.4,1525,38.7,9.630344429,62,0,0,0,0,0,
9681,L56860,,308.7755812,310.1,1894,24.2,3.362966926,22,,0,0,0,0,299.1
6181,L53360,L,111.7406159,310.9,1492,,6.525544631,15,0,0,0,0,0,301
8330,L55509,L,209.8300588,309.7,1424,49.6,6.000780637,129,0,0,0,0,0,298.8
4285,L51464,L,148.1991591,310,1493,40.3,1.158608541,185,0,0,0,0,0,301.8
4008,L51187,L,324.7255061,311.2,1369,50.8,7.702562405,164,0,0,0,0,0,302.1
8714,L55893,L,310.4876176,308.6,1917,24.1,2.120375991,54,0,0,0,0,0,297.2
878,M15737,M,246.165776,306.2,1584,33.6,2.239068314,81,0,0,0,0,0,295.6
8061,H37474,H,125.0144662,311.5,1426,44.3,8.94146497,73,0,0,0,0,0,300.2
197,H29610,H,192.7640791,308.6,1432,49.5,9.909928176,91,0,0,0,0,0,298.3
9747,L56926,L,298.2538473,310,1403,45.6,7.242648943,185,0,0,0,0,0,298.8
4011,M18870,M,114.7695401,311.1,1605,,7.165549897,171,0,0,0,0,0,302.1
9963,L57142,L,238.9405129,307.9,1429,49.4,4.344619788,141,0,0,0,0,0,298.2
2572,M17431,M,357.7934008,309.2,1497,40.9,3.162381637,169,0,0,0,0,0,299.5
3754,L50933,L,177.5924152,311,1463,46.8,3.203042341,150,0,0,0,0,0,302.2
9248,L56427,L,314.3020804,308.9,1695,,6.549457367,174,0,0,0,0,0,298.3
8629,L55808,L,200.01273,308.4,1747,31,5.371798589,45,0,0,0,0,0,297.5
9369,L56548,L,357.3171593,308.4,1510,38.6,7.047056778,72,0,0,0,0,0,297.7
6160,L53339,L,135.9089063,311,1399,58,6.025918341,190,0,0,0,1,0,301
4792,M19651,M,345.7741479,312.7,1469,48.5,2.557891072,147,0,0,0,0,0,303.7
5338,M20197,M,313.3911215,312.6,1482,44.4,8.10491687,73,0,0,0,0,0,303.3
3025,L50204,L,238.481192,309.6,1465,41.6,5.414895948,217,0,0,0,0,0,300.5
2719,L49898,L,253.9044831,309.1,1357,47.3,2.703501967,106,0,0,0,0,0,299.5
8656,L55835,L,124.9970625,308.3,1268,60.6,8.37029291,119,0,0,0,0,0,297.3
6917,M21776,M,173.1582599,311.3,1603,31.8,4.427445617,190,0,0,0,0,0,300.9
3985,L51164,L,171.7163847,311.3,1652,32.8,3.030486758,108,0,0,0,0,0,302.3
7309,L54488,L,310.2773529,310.4,1333,49.1,7.054257675,131,0,0,0,0,0,300
5954,M20813,M,388.6949289,310.9,1486,38.9,9.815700805,106,0,0,0,0,0,300.7
3845,L51024,L,243.2392586,311.1,1484,45.9,6.427575852,169,0,0,0,0,0,302.4
2683,M17542,M,337.5923109,309.6,1364,44.4,9.318819436,20,0,0,0,0,0,299.9
4025,M18884,M,194.2987736,311,1351,60.3,6.845229216,207,0,0,0,1,0,302.1
8716,L55895,L,243.4893042,308.6,1442,37.1,5.533686021,59,0,0,0,0,0,297.1
3140,H32553,H,143.2225049,309.9,1513,38.7,1.877764503,76,0,0,0,0,0,300.4
4238,L51417,L,113.4937736,311,1832,23.2,3.217164898,70,0,0,0,0,0,302.2
219,L47398,L,206.0103815,308.6,1447,38.1,1.981223979,146,0,0,0,0,0,298.3
6619,M21478,M,114.2847643,310.6,1309,65.8,7.768407235,75,0,0,1,0,0,
9607,L56786,L,112.6914714,310.1,1401,44.4,6.369674282,76,,0,0,0,0,298.9
5269,L52448,L,143.0204109,312.9,1389,54.1,6.085752114,109,0,0,0,0,0,303.4
2544,L49723,L,334.1936858,309,1786,23.5,1.834267129,100,0,0,0,0,0,299.3
2871,M17730,M,332.8792439,309.7,1519,39.7,7.002838243,16,0,0,0,0,0,300.8
1245,L48424,L,247.1669839,308.4,1726,28.4,4.012094259,202,0,0,0,0,0,297.1
421,M15280,M,384.6495248,308.3,1301,39.6,2.34079682,5,0,0,0,0,0,297.3
6228,L53407,L,367.1206152,310.8,1479,38.2,9.212077924,139,0,0,0,0,,301.2
2059,M16918,M,271.5477781,309.3,1902,24,6.143944378,151,0,0,0,0,0,299.5
8494,M23353,M,221.7691487,309.5,1560,36.9,6.232309406,131,0,0,0,0,0,298.3
6435,M21294,M,328.2906589,309.9,1494,38.5,5.081264312,33,0,0,0,0,0,300.3
3423,L50602,L,397.0469215,310.4,1629,34.1,6.271540951,151,0,0,0,0,0,301.5
4511,L51690,L,121.4357169,310.2,1346,62.4,9.79005519,106,0,1,0,0,0,302.4
1167,M16026,M,343.2060447,308.1,1506,37.7,3.251600266,210,0,0,0,0,0,297.1
255,L47434,L,207.4787155,308.2,1514,37.9,7.662808752,9,0,0,0,0,0,298
416,L47595,L,365.2165892,308.4,1511,42.8,4.548108282,209,0,0,0,0,0,297.5
9176,L56355,L,391.5434018,309,1403,64.2,1.888854016,0,0,0,1,0,0,297.8
3470,M18329,M,242.8962608,310.7,1429,47.9,9.130922383,53,0,0,0,0,0,301.8
3051,L50230,,360.5194607,309.2,1431,51.3,5.45300399,57,0,0,0,0,0,300.2
760,M15619,M,175.8293674,307.8,1537,36.3,7.226530189,233,,0,0,0,0,296.7
1386,M16245,M,151.785501,310.2,1603,36.1,1.773625081,126,0,0,0,0,0,298.9
655,L47834,L,160.3715171,309.2,1683,30.9,9.951606522,163,0,0,0,0,0,297.8
1202,L48381,L,177.4296669,308,1658,41,5.005615392,74,0,0,0,0,0,296.9
2414,L49593,L,380.6164724,308.5,1886,23,8.279855619,198,0,0,0,0,0,299
5580,L52759,L,152.886306,312.2,1695,27.1,8.602666857,32,0,0,0,0,0,302.6
5994,M20853,M,368.2605135,310.6,1407,42.4,5.984170431,218,0,0,0,0,0,300.7
5295,L52474,L,158.4513758,313.4,1442,,9.283875234,174,0,0,0,0,0,303.9
3056,L50235,L,399.1200846,309.2,1427,37.6,4.300610855,73,0,0,0,0,0,300.1
2831,M17690,M,151.3402516,309.3,1411,41.6,6.762449411,160,0,0,0,0,0,300.4
2971,M17830,M,260.3249679,309.4,1452,39.4,2.318321136,78,0,0,0,0,0,300.6
329,H29742,H,331.3242928,308.4,1703,31.4,5.92881141,205,0,0,0,0,0,297.6
4271,L51450,L,135.7209067,310.9,1331,52,7.001066355,154,0,1,0,0,0,302.6
5995,L53174,L,303.7517067,310.4,1608,,8.223330105,221,0,0,0,0,0,300.6
4393,L51572,L,127.3513956,310.1,1458,45.1,7.398494446,15,0,0,0,0,0,302.2
2064,L49243,L,285.0059901,309.6,1321,53.4,5.379496964,166,0,0,0,0,0,299.7
8302,M23161,M,327.4980487,310.1,1644,34.1,8.106551789,46,0,0,0,0,0,298.7
9014,H38427,H,161.8824303,308,1435,43,1.782745635,202,0,0,0,0,0,297.2
9330,L56509,L,101.5290246,309.1,1474,41.3,7.189863148,189,0,0,0,0,0,298.5
5170,L52349,L,183.9565469,313.3,1470,39.9,7.464838841,70,0,0,0,0,0,304.1
4430,M19289,M,278.8302335,310.1,1731,33.4,2.694411006,112,0,0,0,0,0,302.3
1282,H30695,H,145.673923,309.5,1427,54.3,2.688677428,89,0,0,0,0,0,298.3
3382,L50561,L,399.1780148,310.6,1376,,9.583859573,45,,0,0,0,0,301.3
2637,L49816,L,303.6487453,309.6,1254,61.3,5.675325555,124,0,0,0,0,0,299.9
3329,L50508,L,314.7044747,310.6,1418,43.9,2.868789913,129,0,0,0,0,0,
6437,L53616,L,257.7255624,310,1769,26.1,7.841872913,38,0,0,0,0,0,300.4
5019,M19878,M,242.2153589,313,1620,36.6,7.753329518,80,0,0,0,0,0,303.9
7325,M22184,M,245.1826936,310.4,1820,26.6,7.211339515,175,0,0,0,0,0,299.9
3796,M18655,M,156.2682819,310.8,1409,41.3,5.791451899,39,0,0,0,0,0,
2664,L49843,L,142.304516,309.3,1620,31.1,3.907056733,196,0,0,0,0,0,299.9
8283,M23142,,258.6167592,310.7,1638,33.6,8.546042893,218,0,0,0,0,0,298.9
1283,L48462,L,363.3076376,309.4,1546,36.1,9.312771321,94,,0,0,0,0,
4149,L51328,L,287.0238666,310.3,1972,21.3,9.021343578,67,0,0,0,0,0,301.9
1363,L48542,L,353.3650333,310,1517,41.2,8.553203203,64,0,0,0,0,0,298.6
1438,H30851,H,393.3979992,309.9,1439,45.2,1.44874197,40,0,0,0,0,0,298.8
9629,H39042,H,331.9539353,310,1569,34.3,5.020637769,132,0,0,0,0,0,299
3442,L50621,L,164.0329658,310.4,1559,39.4,1.043429994,199,0,0,0,0,0,301.4
57,L47236,L,383.1104736,309.1,1477,42.4,6.063390983,158,0,0,0,0,0,298.8
4598,M19457,M,192.7278036,311.1,1490,43,1.669254526,108,0,0,0,0,0,303
8480,L55659,L,193.7004737,309.7,1627,33.4,2.304945022,99,0,0,0,0,0,298.6
5366,L52545,L,369.9543919,312.6,1548,36.4,3.977649528,150,0,0,0,0,0,303.1
1845,M16704,M,363.3209482,307.1,1471,44.9,5.946310568,14,0,0,0,0,0,297.6
5516,H34929,H,278.0779697,312,1484,41.5,9.323531151,65,0,0,0,0,0,302.7
8574,L55753,L,229.7921051,308.4,1626,32.4,6.401729815,130,0,0,0,0,0,297.6
6264,M21123,M,299.9382055,310.6,1698,27.3,6.577409279,14,0,0,0,0,0,301
2881,L50060,L,245.7807519,309.5,1541,37.2,1.640233876,48,0,0,0,0,0,300.7
1744,M16603,M,109.9705821,308,1713,25.8,2.645264958,154,0,0,0,0,,298.5
8399,L55578,L,146.4047818,309.7,2617,12.1,1.955801529,102,0,0,1,0,0,298.5
4170,L51349,L,105.5549738,310.5,1559,36,4.460742347,124,,0,0,0,0,302.1
5198,H34611,H,168.7943473,312.9,1570,35.8,8.459526907,147,0,0,0,0,0,303.8
8994,M23853,M,384.9191734,307.9,1632,37.5,4.937564743,156,0,0,0,0,,297.2
741,M15600,M,179.8983175,308.4,1450,46.9,4.09294766,186,0,0,0,0,0,296.9
9067,L56246,L,384.9766506,308.3,1656,30.3,9.538609224,124,0,0,0,0,0,297.2
1625,M16484,M,270.6545793,307.8,1310,57.9,3.897096814,70,0,0,0,0,0,297.8
525,L47704,L,306.1040002,309.4,1620,35.4,1.698945701,51,0,0,0,0,0,297.4
8000,M22859,M,177.3623147,312.1,1617,31,4.972964177,148,0,0,0,0,0,300.9
4420,M19279,M,267.9185376,310.2,2676,10.8,5.24922427,84,0,0,1,0,0,302.6
5427,L52606,L,155.7813835,312.3,1554,42,3.776835749,58,,0,0,0,0,302.6
6690,L53869,L,105.419229,311,1546,43,9.178974769,23,0,0,0,0,0,301.7
7383,L54562,L,334.8790865,310.4,1698,28.3,9.249318828,103,0,0,0,0,0,299.8
436,L47615,,213.2682671,308.3,1493,41.2,6.041456672,43,0,0,0,0,0,297.4
2961,L50140,L,104.3308906,309.5,1467,44.3,1.479874659,55,0,0,0,0,0,300.7
309,L47488,L,189.4929445,308.5,1305,47.2,3.226941441,155,0,0,0,0,0,297.9
1566,L48745,L,320.730909,308.2,1459,42.1,3.568101584,146,0,0,0,0,0,298
2632,H32045,H,391.6315615,309.7,1529,42.4,3.972050028,107,0,0,0,0,0,
5598,L52777,L,176.076774,312,1501,37,6.339466299,77,0,0,0,0,,302.7
9478,M24337,M,225.5557876,309.6,1693,33.3,1.550924278,170,0,0,0,0,0,298.8
402,L47581,L,131.1874731,308.5,1722,30.4,1.607683535,178,0,0,0,0,0,297.5
3827,H33240,H,328.2656839,310.8,1438,43.8,9.818759951,119,,0,0,0,0,302.3
882,L48061,L,354.6750014,306.2,1464,46.2,2.216255325,92,0,0,0,0,0,295.7
3998,L51177,L,396.9972714,311.1,1394,53.7,1.647107,140,0,0,0,0,0,302.2
7119,L54298,L,144.0119879,310.5,1565,35.9,1.237882672,81,0,0,0,0,0,300.9
3266,L50445,L,104.317261,310.1,1355,53.6,2.726023383,193,0,0,0,0,0,301.3
8407,M23266,M,113.0216968,309.5,1344,45.3,2.579021972,122,0,0,0,0,0,298.4
5010,L52189,L,318.0887066,312.8,1523,40.7,6.744558906,59,0,0,0,0,0,303.7
5737,M20596,M,163.8190179,311.9,1439,36.6,2.876933234,212,0,0,0,0,0,302.4
5555,M20414,M,382.781978,312,1521,40.2,4.715805478,174,0,0,0,0,0,302.5
289,H29702,H,398.3849978,308.4,1385,42.2,4.969337697,98,0,0,0,0,0,298.2
5565,L52744,L,207.4149751,311.8,1416,46.1,4.826805843,202,0,0,0,0,0,302.4
8325,M23184,M,305.8796007,309.5,1394,46,3.56216125,113,0,0,0,0,0,298.7
2624,M17483,M,161.2339724,309.4,1283,62.1,8.039385096,83,0,0,0,0,0,299.6
8860,L56039,L,316.1373081,309.1,1457,44.4,7.531534999,28,0,0,0,0,0,297.9
477,L47656,L,266.7084649,309,1570,37.9,6.033145878,154,0,0,0,0,0,297.4
8592,L55771,L,282.7860863,307.9,1606,33.4,6.175330322,176,0,0,0,0,0,297.4
9714,L56893,L,124.9797857,310.2,1496,45,3.682024385,104,0,0,0,0,0,299.1
6523,L53702,L,191.9210362,310.1,1489,45.8,5.680917171,42,0,0,0,0,0,301.1
3112,L50291,L,280.883924,309.2,1759,27.9,8.657755368,5,0,0,0,0,0,300
9471,H38884,H,241.5458041,309.4,1439,47.1,8.907962864,149,0,0,0,0,0,298.6
738,H30151,H,250.4648518,308.3,1474,39.2,7.080142727,177,0,0,0,0,0,296.9
3134,H32547,H,116.5885171,309.6,1442,49.2,2.804737727,61,0,0,0,0,0,300.2
8048,L55227,L,233.0243163,311.9,1463,38.2,1.363545424,41,0,0,0,0,0,300.6
6552,L53731,L,369.8867476,310.7,1616,36.5,1.032819478,121,0,0,0,0,0,
5408,L52587,L,201.7719416,312.4,1954,24.8,4.885931524,13,0,0,0,0,0,302.7
5564,M20423,M,351.1895526,311.7,1640,31.5,6.289777505,199,0,0,0,0,0,302.3
5329,M20188,M,311.6515443,312.9,1406,41.9,9.841618036,48,0,0,0,0,0,303.7
6719,L53898,L,195.6859363,310.6,2137,18,5.500007067,99,0,0,0,0,0,301.4
5119,M19978,M,204.8057854,313.6,1512,33.4,5.601197108,146,0,0,0,0,0,304.2
4620,H34033,H,172.9189508,311.3,2056,19.7,1.098546644,167,0,0,0,0,0,
3690,L50869,L,284.5402894,311.4,1889,22.7,2.868475852,194,0,0,0,0,0,302.1
7717,M22576,M,178.4868606,311.5,1378,48.2,1.826439135,82,0,0,0,0,0,300.5
1840,L49019,L,274.722894,307.1,1715,30.2,1.213817041,0,0,0,0,0,0,297.7
1996,L49175,L,337.2168981,308,1451,47.1,2.408644341,196,0,0,0,0,0,298.3
2400,M17259,M,290.099534,308.5,1594,35.8,6.893536431,160,0,0,0,0,0,299.2
6511,L53690,L,295.7876625,310.2,1455,55.3,3.931864796,9,0,0,0,0,0,301.1
9357,L56536,L,389.9506236,308.9,1270,52.7,5.66653322,44,,0,0,0,0,298.3
4120,L51299,L,139.0252189,310.7,1325,45.1,7.997257663,208,0,1,0,0,0,
5895,L53074,L,345.8501725,310.9,1597,37.9,9.307472204,164,0,0,0,0,0,301.2
801,M15660,M,223.3467535,307.9,1882,24.2,4.433771301,97,0,0,0,0,0,297
8424,L55603,L,306.334546,310.4,1452,46.2,3.69078863,168,0,0,0,0,0,299
7681,L54860,L,249.1174023,311.7,1395,43.7,1.082577937,215,0,0,0,0,0,300.7
1406,L48585,L,370.3066369,310.1,1394,42.7,6.029388806,179,0,0,0,0,0,298.9
5432,L52611,L,143.9607964,312.5,1462,43.4,8.094834452,68,0,0,0,0,0,302.8
70,L47249,L,137.7973179,309,1410,65.7,1.75258185,191,0,0,1,1,0,298.9
9544,M24403,M,106.7668978,310.9,1378,48.7,1.027232594,119,0,0,0,0,0,299.5
2760,L49939,L,184.9309293,309.1,1483,41.1,1.363378769,208,0,0,0,0,0,299.7
8295,M23154,M,378.756612,310.5,1525,38.5,9.083395987,27,0,0,0,0,0,298.9
1587,M16446,M,399.3306248,308.4,1486,44.2,8.371104699,196,0,0,0,0,0,298.3
6667,L53846,L,287.758966,310.4,1414,51.4,7.222251568,199,0,0,0,0,0,301.3
8015,L55194,L,110.5735543,312,1500,44.2,5.070745736,188,0,0,0,0,0,300.9
1075,L48254,L,367.6015095,307.9,1595,31.7,7.532256006,170,0,0,0,0,0,297
3064,L50243,L,129.0376877,309.1,1431,45.4,6.141373069,90,0,0,0,0,0,300
6488,H35901,H,350.2448781,309.8,1541,36.2,7.012867641,166,0,0,0,0,0,300.6
4706,L51885,L,224.3247799,311.8,1614,33.2,9.147336549,155,0,0,0,0,0,303.6
9070,M23929,M,282.0346726,308.2,1678,28.1,5.864630368,133,0,0,0,0,0,297.2
2604,M17463,M,347.833887,309.2,1334,46.3,4.395563077,31,0,0,0,0,0,299.3
7739,M22598,M,365.1793558,312,1263,,5.15476479,146,0,0,0,0,0,300.5
1580,L48759,L,277.3378127,308.3,1444,43.8,9.1621143,176,,0,0,0,0,298.3
5059,L52238,L,201.1847221,312.9,1526,,9.780672013,194,0,0,0,0,0,303.9
5754,L52933,L,330.9297997,311.6,1416,54.1,3.356784576,48,0,0,0,0,0,302.2
3549,L50728,L,232.7967128,310.9,1616,34.5,7.248817112,46,0,0,0,0,0,301.9
410,L47589,L,221.9994847,308.6,1459,41.3,2.025721944,196,0,0,0,0,0,297.4
4098,L51277,L,181.5032595,310.4,1518,34.1,2.087179441,155,0,0,0,0,0,
6462,L53641,L,201.5157025,310,1505,35.9,6.394327358,95,0,0,0,0,0,300.6
5602,L52781,L,264.5764978,312.2,1605,33.9,8.158871397,86,0,0,0,0,0,
5232,L52411,L,333.7602687,313.1,1458,42.2,9.58401501,25,0,0,0,0,0,
3778,M18637,M,330.3004542,311.1,1721,30.1,6.949154166,210,0,0,0,0,0,302.4
2727,M17586,M,365.1788664,309.4,1423,42.9,1.99613106,124,0,0,0,0,,299.8
478,H29891,H,158.138059,309,1468,41.4,8.380885945,156,0,0,0,0,0,
1330,H30743,H,329.2972454,310.2,1663,30.4,7.934713291,209,,0,0,0,0,298.8
4036,L51215,L,171.3834336,310.8,1454,36.6,1.519175798,0,0,0,0,0,0,302
9643,L56822,L,141.9544303,310.5,1372,46.3,4.775543562,173,0,0,0,0,0,299.4
1778,H31191,H,161.1725161,308.2,1555,36.8,7.995725534,36,0,0,0,0,0,298.6
6097,M20956,M,336.3410728,310.7,1483,,3.787462914,28,0,0,0,0,0,300.8
752,M15611,M,156.0986217,308.1,1843,24.2,4.615875401,212,0,0,0,0,0,296.8
5793,M20652,M,286.8141571,311.3,1624,31.6,8.714188861,145,0,0,0,0,0,301.8
4061,M18920,M,256.6960771,310.9,1352,55.5,3.669736905,59,0,0,0,0,0,302
9042,L56221,L,116.0065136,308.3,1309,61.5,4.491955467,56,0,0,0,0,0,297.3
6031,L53210,L,359.7882113,310.7,1397,53.7,1.639283805,80,0,0,0,0,0,300.6
5899,L53078,L,328.1463586,310.7,1300,,7.41657536,174,0,0,0,0,0,301
9339,H38752,H,318.8608716,309,1531,30.8,2.120557343,212,0,0,0,0,0,298.5
9161,H38574,H,390.6370697,308.5,1671,28,4.241192011,158,0,0,0,0,0,297.5
9997,H39410,H,243.8187305,308.4,1632,31.8,1.542073814,17,0,0,0,0,0,298.9
5152,L52331,L,186.2648197,313.6,1409,56,5.809985517,19,0,0,0,0,0,304.3
469,L47648,L,206.7549024,308.7,1619,31.6,9.332315378,129,0,0,0,0,0,297.3
1546,M16405,M,260.080376,309,1544,38.8,7.785349091,97,0,0,0,0,0,298.4
6312,L53491,L,120.232269,310.3,1446,44.5,6.361560091,135,0,0,0,0,0,300.9
2684,L49863,L,102.3958723,309.5,1590,28.5,9.577937526,23,0,0,0,0,0,299.8
8967,L56146,L,310.152001,307.8,1636,30.3,9.496917225,90,0,0,0,0,0,297.1
6182,L53361,L,180.0515228,310.8,1975,19.7,4.655110839,17,0,0,0,0,0,301
1026,L48205,L,255.5750709,307.3,1475,37,8.206539576,44,0,0,0,0,0,
5113,M19972,M,256.7810714,313.6,1441,43.7,8.391661626,131,0,0,0,0,0,
8563,L55742,L,313.4272481,308.9,1351,52.4,4.658165826,102,0,0,0,0,0,298.1
5369,M20228,M,381.6595556,312.5,1667,30,1.059474722,160,0,0,0,0,0,303.1
2355,L49534,L,124.901278,308.6,1433,37.7,7.314258824,42,0,0,0,0,0,299.3
7279,H36692,H,177.7057887,310.1,1714,28.7,5.203567766,55,0,0,0,0,0,300
3603,M18462,M,208.7425262,310.6,1417,45.2,7.743944201,185,0,0,0,0,0,301.7
774,L47953,L,340.6680171,308,1510,39.4,7.138493726,29,0,0,0,0,0,296.8
6774,L53953,L,392.4614477,310.8,1381,47.9,5.787480249,33,0,0,0,0,0,301.3
8810,L55989,L,216.2010986,308.5,1503,43.3,5.359530165,90,0,0,0,0,0,297.3
3383,L50562,L,378.1154079,310.6,1510,38.5,1.01071677,47,0,0,0,0,0,301.3
642,L47821,L,203.710348,309.5,1390,47.9,1.867584759,127,0,0,0,0,0,297.9
4234,M19093,M,238.3915432,310.9,1302,53.4,3.665082106,58,0,0,0,0,0,302.2
3816,L50995,L,230.6835414,310.7,1769,24.9,7.66946914,91,,0,0,0,0,302.2
4105,L51284,L,236.3041379,310.5,1389,49.6,6.833524575,169,0,0,0,0,0,302.1
9926,M24785,M,232.4118301,308.7,1367,47.3,1.678657821,47,0,0,0,0,0,298.5
1109,L48288,L,256.7161272,307.4,1504,45.8,2.223894381,58,0,0,0,0,0,296.6
3528,M18387,M,277.536126,310.9,1573,38.9,4.878239833,209,0,0,0,0,0,301.9
3496,M18355,M,306.7231462,311,1384,47.4,6.563320632,121,0,0,0,0,0,301.9
1421,M16280,M,297.3491172,309.9,1495,35.2,2.366326898,214,0,0,0,0,0,298.8
6924,L54103,L,266.3381455,311.7,1433,49.3,2.857892988,206,0,0,0,0,0,301.2
3882,L51061,L,265.984234,311.5,1521,44.1,2.123083618,37,0,0,0,0,0,302.5
8354,L55533,L,143.8131536,309.6,1442,55.6,2.705329249,194,0,0,0,0,0,298.7
6246,L53425,L,327.5662933,310.4,1445,41.7,7.600531438,180,0,0,0,0,0,300.9
4939,M19798,M,290.5481468,312.4,1606,30.1,9.823977142,98,0,0,0,0,0,303.5
6799,L53978,L,213.0872446,310.7,1676,32.4,6.493629859,98,0,0,0,0,0,301.2
7813,L54992,L,225.0400483,311.5,1666,32,2.902170662,128,0,0,0,0,0,300
1681,M16540,M,241.2785485,307.4,1610,34.6,4.468580017,219,0,0,0,0,0,297.9
6716,L53895,L,390.0117076,310.6,1576,30.4,6.398200485,92,0,0,0,0,0,301.3
634,L47813,L,110.5472718,310,1442,,2.673367188,110,0,0,0,0,0,298.3
2570,H31983,H,196.1370294,309.2,1872,22.6,2.209891106,162,0,0,0,0,0,299.5
7360,M22219,M,377.7821873,310,1512,43.2,7.094737501,47,0,0,0,0,0,299.4
2167,M17026,M,374.8583829,309.2,1867,23.4,9.641530829,225,1,0,0,0,0,299.6
8170,M23029,M,355.8498203,311.2,1745,26.3,9.505431518,150,0,0,0,0,0,299.8
8846,M23705,M,366.0883382,308.9,1348,59.1,2.169146932,201,0,0,0,0,0,297.4
2826,L50005,L,359.1359914,309.4,1470,33.5,5.975594931,148,0,0,0,0,0,300.3
4088,L51267,L,262.971678,310.4,1376,54.9,6.645718309,126,0,1,0,0,0,301.9
6244,L53423,L,346.4955255,310.4,2204,16.6,6.705771177,175,0,0,0,0,0,301
8365,L55544,L,254.8446769,309.8,1396,49,2.200442841,13,0,0,0,0,0,298.9
3942,L51121,L,155.5981943,311.4,1987,19.9,3.540314864,200,0,0,0,0,0,302.2
9180,H38593,H,295.6561518,309.1,1435,44.7,9.81083304,8,0,0,0,0,0,297.9
8076,L55255,L,346.4072192,312,1366,43,9.788179104,117,0,0,0,0,0,300.4
9196,L56375,L,350.1854418,309,1532,37.6,3.192991218,47,0,0,0,0,0,297.9
4129,L51308,L,238.5773432,310.4,1708,24.8,5.636820295,17,0,0,0,0,,301.9
1173,L48352,L,384.5907508,308.1,1446,36.6,3.650556595,227,0,0,0,0,0,297.1
8669,L55848,L,388.3581017,308.8,1502,45.9,1.951061873,150,0,0,0,0,0,297.5
4223,M19082,M,366.5849203,310.6,1535,38.6,8.199635775,34,0,0,0,0,0,302
4835,M19694,M,320.9918021,311.9,1510,42.2,1.992280238,36,0,0,0,0,0,303.4
2577,L49756,L,340.557169,309.3,1523,41.5,6.597141525,181,0,0,0,0,0,299.5
1990,L49169,L,206.2304206,307.9,1785,23.4,8.430997656,181,0,0,0,0,0,298.2
6974,L54153,L,159.7553473,311,1462,41.9,2.661945497,126,0,0,0,0,0,300.7
5837,L53016,L,189.8962782,311.1,1550,39.7,7.624482308,20,0,0,0,0,0,301.2
4533,H33946,H,241.5190329,310.4,1422,41.9,3.22780946,156,0,0,0,0,0,302.5
3210,L50389,L,131.0560496,309.2,1587,31.4,5.845479317,43,0,0,0,0,0,300.3
3856,H33269,H,156.0898002,311.1,1578,,5.797475903,196,0,0,0,0,0,302.4
2629,H32042,H,132.7282803,309.6,1410,51.2,8.1590401,98,0,0,0,0,0,299.9
7804,M22663,M,277.6909053,311.3,1517,41.2,3.584694802,105,0,0,0,0,0,299.8
1411,M16270,M,267.9954166,310.1,1469,53.2,1.935217952,189,0,0,0,0,0,298.9
8258,M23117,M,321.5555623,310.6,1587,34.2,4.184014728,141,0,0,0,0,0,299
7387,M22246,M,359.2069626,310.6,1574,31.8,8.72540818,113,0,0,0,0,,299.8
4304,L51483,L,344.197964,310.2,1435,48.1,1.139540812,12,0,0,0,0,0,301.7
6751,M21610,M,299.1030905,311,1505,44,3.91785363,187,0,0,0,0,0,301.7
6556,H35969,H,353.692478,310.7,1394,46.7,6.760959945,130,,0,0,0,0,301.5
816,M15675,M,326.1009236,307.5,1516,36.7,9.553582747,135,0,0,0,0,0,296.8
2405,M17264,M,324.6349461,308.7,2008,20.3,3.314849176,178,,0,0,0,0,299.1
5398,M20257,M,120.7729297,312.3,1416,42.7,3.406273682,241,0,0,0,0,0,302.8
9957,M24816,M,100.5946823,307.8,1578,34.5,5.165042355,127,0,0,0,0,0,298.2
2132,L49311,L,224.9775701,309.1,1432,,6.005850056,137,0,0,0,0,0,299.4
1798,M16657,M,264.8654193,307.6,1508,41.8,5.310995337,89,0,0,0,0,0,298
3091,H32504,H,305.2996181,309.3,1448,45.8,3.467026994,163,0,0,0,0,0,300.1
4185,L51364,L,360.4189194,310.6,1334,53.2,6.172249424,159,0,1,0,0,0,302.2
4565,L51744,L,256.2932782,310.8,1516,39.5,9.150501912,23,0,0,0,0,0,302.8
5031,M19890,M,109.8438747,313.1,1437,48.3,9.569656234,110,0,0,0,0,0,303.9
8049,L55228,L,237.5794256,311.9,1413,41.3,9.759194083,43,0,0,0,0,0,
123,L47302,L,267.7492973,308.8,1310,50.7,1.504641766,112,0,0,0,0,0,299
180,L47359,L,144.9459341,308.3,1304,49.8,9.141425517,45,0,0,0,0,0,298.2
9251,H38664,H,281.3341449,309,1823,25.9,1.1346831,181,0,0,0,0,0,298.3
8096,L55275,L,246.2083339,311.7,1493,48.3,1.131406179,167,0,0,0,0,0,300.2
6430,M21289,M,269.5830292,309.8,1394,47.4,5.540653584,21,0,0,0,0,0,300.2
9738,L56917,L,395.3095129,310,1791,27.6,7.435140733,166,0,0,0,0,0,298.9
4993,L52172,L,361.5076292,312.9,1573,34.6,3.85538726,14,0,0,0,0,0,303.8
1158,L48337,L,285.7642042,307.8,1583,37.2,7.755034223,189,0,0,0,0,0,297
9004,L56183,L,179.5199713,307.9,1342,49.1,3.458814293,179,0,0,0,0,0,297.1
1533,M16392,M,214.4217616,308.9,1417,39.2,4.074012027,65,0,0,0,0,0,298.1
8993,H38406,H,311.8183473,307.9,1450,37.2,3.464001041,151,0,0,0,0,0,297.2
7860,M22719,M,328.7245909,311.9,1370,44.8,2.879169816,20,0,0,0,0,0,
9111,M23970,M,361.3952384,308.6,1389,49,5.194181963,34,0,0,0,0,0,297.6
1536,L48715,L,390.1578189,308.8,1581,36.1,4.43202492,73,0,0,0,0,0,
9260,M24119,M,392.9563336,309,1694,28,9.015711055,5,0,0,0,0,0,298.2
5518,L52697,L,289.94694,311.9,1448,49.5,8.421156032,72,0,0,0,0,0,302.6
2606,L49785,L,299.1554912,309.2,1552,37.4,1.355280933,37,0,0,0,0,0,299.4
6128,L53307,L,271.9433397,310.9,1228,66.4,1.0273548,109,0,0,0,0,0,300.9
9142,L56321,L,237.3301382,308.5,1597,36.4,6.296463829,112,0,0,0,0,0,297.5
7459,M22318,M,160.6400461,311.6,1433,51.4,6.891243914,76,0,0,0,0,0,300.1
2178,M17037,M,362.3527596,309.2,1393,47.7,8.261564447,28,0,0,0,0,0,299.6
7991,M22850,M,201.378768,312.4,1809,25.1,8.905940163,126,0,0,0,0,0,301.1
2352,L49531,L,373.4159785,308.4,1393,48.4,5.767246158,35,0,0,0,0,0,299.2
9178,L56357,L,155.4120101,309.1,1504,43,8.782123058,4,0,0,0,0,0,297.9
3503,M18362,M,229.9335171,310.9,1346,44.6,1.355576174,142,0,0,0,0,0,301.8
2135,L49314,L,367.6124693,309,1473,46.3,4.844066679,146,0,0,0,0,0,299.3
1481,M16340,M,261.9407611,309.3,2056,18.7,4.092014065,144,0,0,0,0,,298.2
2794,L49973,L,151.8423581,309.6,1597,31.8,2.236937403,73,,0,0,0,0,300.3
4844,L52023,L,204.5690884,311.8,1842,24.5,5.66453796,67,0,0,0,0,0,303.3
9781,M24640,M,265.2595577,309.8,1477,46.7,6.179029799,59,0,0,0,0,0,298.8
9935,L57114,L,184.5236672,308.2,1472,44.3,7.608688865,71,0,0,0,0,0,298.3
4763,M19622,M,368.3677279,312,2663,11.4,4.889649502,71,0,0,1,0,0,303.7
7192,L54371,L,267.5798771,310.3,1629,34.1,4.915701276,52,0,0,0,0,0,300.3
6042,M20901,M,346.7474951,311,1418,49.3,3.221300947,106,0,0,0,0,0,300.7
9637,L56816,L,341.0774501,310.3,1507,41.3,6.797377862,158,0,0,0,0,0,299.2
3446,M18305,M,216.0218158,310.6,1599,36.1,6.154205124,208,0,0,0,0,0,301.6
8150,M23009,M,256.4432425,310.8,1427,50.4,8.925339274,98,0,0,0,0,0,299.6
7766,H37179,H,217.2142078,311.6,1427,56.2,1.494383277,8,0,0,0,0,0,300.3
3621,H33034,H,371.8954686,311.2,1474,41.8,7.834894607,18,0,0,0,0,0,301.9
1953,L49132,L,205.7748783,307.8,1266,60.5,5.643722379,81,0,0,0,0,0,298
556,M15415,M,256.1596163,309.4,1539,42.2,6.180374681,134,0,0,0,0,0,297.4
4265,M19124,M,263.0672763,311,1542,39.7,4.752941679,141,0,0,0,0,0,302.6
1164,L48343,L,124.6826744,307.9,1367,47.1,8.364912885,204,0,0,0,0,0,296.9
1585,M16444,M,397.1992767,308.3,1639,33.3,3.7257813,191,0,0,0,0,0,298.2
6152,L53331,L,269.8342541,311.2,1555,35.3,3.730818408,172,0,0,0,0,0,301.1
9721,M24580,M,356.8261568,309.9,1357,54.5,5.07816092,121,0,0,0,0,0,298.9
5838,M20697,M,282.8922733,311.1,1834,25.4,2.458562815,22,,0,0,0,,301.3
5262,L52441,L,257.4725782,312.8,1513,35.8,1.499811533,92,0,0,0,0,0,303.4
5240,L52419,L,164.6266754,313,1753,29,2.788762865,42,0,0,0,0,0,303.7
7914,L55093,L,193.2069498,312.1,1395,41.9,4.988823262,157,0,0,0,0,0,300.7
9163,M24022,M,324.3536197,308.6,1509,39.7,8.561936593,166,0,0,0,0,0,297.6
1599,L48778,L,258.2866918,308,1501,36.7,3.796253173,4,0,0,0,0,0,297.9
7183,L54362,L,166.3988707,310.3,2158,16.8,1.330202141,32,0,0,0,0,0,300.3
301,L47480,L,258.0345379,308.4,1622,38.3,4.791569182,134,0,0,0,0,0,297.8
9661,M24520,M,255.9078273,309.8,1392,43.1,1.631189579,218,0,0,0,0,0,298.9
6948,M21807,M,382.3123844,311.3,1562,37.1,5.382072373,58,0,0,0,0,0,
3795,M18654,M,138.0796257,310.8,1356,48.3,8.146534032,36,0,0,0,0,0,302.2
4573,M19432,M,132.281931,311,1556,36.5,1.630996815,44,0,0,0,0,0,302.9
4336,L51515,L,390.8760917,309.9,1607,37.7,5.807647051,93,0,0,0,0,0,301.7
2859,L50038,L,269.0761564,309.3,1417,51.5,3.566645805,231,0,0,0,1,0,300.5
5695,L52874,L,336.2460446,311.8,1508,,8.611192038,108,0,0,0,0,0,302.4
3143,L50322,L,145.9175229,310,1658,34.7,9.553868402,88,0,0,0,0,0,
1360,L48539,L,128.4153576,310.2,1404,50.3,6.737811535,54,0,0,0,0,0,298.7
4534,M19393,M,207.9532921,310.3,1375,,6.529432477,161,0,1,0,0,0,302.4
9750,H39163,H,188.4549628,310.1,1483,45.4,3.477158782,192,0,0,0,0,0,298.8
5688,L52867,L,395.707155,311.7,2170,18.2,4.289949513,91,0,0,0,0,0,302.3
487,M15346,M,348.0994896,309.1,1582,35.9,2.602163719,180,0,0,0,0,0,297.4
7837,L55016,L,130.4997562,311.4,1604,35,2.394801471,191,0,0,0,0,0,300.1
9555,M24414,M,172.1984245,310.7,1440,45.5,6.772660133,146,,0,0,0,0,299.3
5901,M20760,M,168.3476251,310.7,1485,41,5.885614312,181,0,0,0,0,0,300.9
8117,L55296,L,324.9285436,311.8,2004,19.6,2.570020115,12,,0,0,0,0,300.3
7363,L54542,L,115.0572384,310,1594,35.1,1.373748932,54,0,0,0,0,0,299.5
1153,L48332,L,362.5976523,307.9,1507,38.3,3.80726719,170,0,0,0,0,0,297.1
5383,L52562,L,155.8344213,312.4,1698,,1.395952314,202,0,0,0,0,0,302.9
9742,L56921,L,117.4960681,310.1,1495,42.9,5.41845056,175,0,0,0,0,0,298.9
5425,L52604,L,346.9381194,312.2,1377,45.5,6.910676272,54,0,0,0,0,0,302.6
8808,M23667,M,282.959578,308.6,1604,32.8,2.662839943,85,0,0,0,0,0,297.4
5187,L52366,L,250.1161179,313,2354,15,9.960849389,117,0,0,0,0,0,304
8410,L55589,L,126.6176325,309.6,1861,,7.963855362,130,0,0,0,0,0,298.5
6190,M21049,M,209.5483861,310.9,1910,21.9,9.784056281,37,0,0,0,0,0,301
9703,L56882,L,383.5140131,310,1633,31.2,6.080641177,76,0,0,0,0,0,298.9
8270,H37683,H,244.5924767,310.8,1761,30.4,1.076614652,180,0,0,0,0,0,299.2
5315,L52494,L,143.8897282,312.8,1701,30.8,7.443430153,12,0,0,0,0,0,303.6
9904,M24763,M,340.9237358,309.2,1437,45.7,3.07571309,195,0,0,0,0,0,298.7
666,L47845,L,167.2307587,308.9,1729,28.1,8.432812279,189,0,0,0,0,0,297.5
3354,L50533,L,277.0268264,310.9,1632,31.6,9.032807065,189,0,0,0,0,0,301.6
8852,M23711,M,127.7701582,308.9,1573,35.1,6.243402772,9,0,0,0,0,0,297.7
8062,M22921,M,279.1935146,311.6,1465,41.4,1.101190053,78,0,0,0,0,0,300.2
643,M15502,M,204.3402599,309.4,1226,58.7,5.701465924,129,0,0,0,0,0,297.8
9243,M24102,M,228.2644649,308.7,1269,60.9,2.416136268,163,0,0,0,0,0,298.2
177,L47356,L,287.7940115,308.1,1618,34.7,1.213944059,39,0,0,0,0,0,298.2
6432,L53611,L,261.8816339,309.8,1353,59.4,1.706049934,26,0,0,0,0,0,300.2
9911,L57090,L,312.1624087,309,1469,46,4.680953658,4,0,0,0,0,0,298.6
3439,L50618,L,279.8128633,310.4,1471,37.5,9.224139778,193,0,0,0,0,0,301.4
787,L47966,L,293.9358029,308.1,1741,28.8,6.998858966,60,0,0,0,0,0,296.9
6392,M21251,M,169.6176685,309.7,1413,43,6.075706798,137,0,0,0,0,0,300.2
9066,H38479,H,206.0076679,308.4,2182,17.3,3.175036493,119,0,0,0,0,0,297.2
9928,L57107,L,212.545803,308.6,1522,36.9,4.268456413,53,0,0,0,0,0,298.5
3203,L50382,L,313.4001152,309.2,1430,43.4,8.955415594,24,,0,0,0,0,300.2
4804,L51983,L,110.6960975,312.5,1710,31.4,9.866947314,180,,0,0,0,0,303.6
7836,L55015,L,198.6317884,311.5,1549,34.7,8.551346153,189,0,0,0,0,0,300.1
7941,M22800,M,138.6722688,311.7,1532,,3.935733517,0,0,0,0,0,0,300.7
92,L47271,L,158.1224056,308.9,1830,24.9,4.267531869,35,0,0,0,0,0,298.9
5763,L52942,L,140.5654306,311.2,1334,52.3,5.570482206,68,,0,0,0,0,301.8
9028,M23887,M,249.5971738,308.3,1444,44,4.811967895,18,0,0,0,0,0,297.4
9505,L56684,L,347.0381739,310.3,1440,47,6.36764798,21,,0,0,0,0,299.2
8238,L55417,L,206.7540132,310.6,1796,26,4.732812542,90,0,0,0,0,0,299.1
1972,L49151,L,176.4720872,307.6,1298,52.7,1.31204429,132,0,0,0,0,0,297.9
2906,L50085,L,256.6957858,309.4,1552,36.4,3.530274801,113,0,0,0,0,0,300.6
531,M15390,M,330.5718589,309.5,1709,32.2,5.430251088,65,,0,0,0,0,297.6
3636,M18495,M,124.3907633,311.2,1616,35.1,4.988025333,57,0,0,0,0,0,302.1
997,M15856,M,157.9218919,307.2,1286,51.1,8.689985192,177,0,0,0,0,0,296.3
5853,H35266,H,114.5864095,310.9,1798,22.3,1.284058836,59,,0,0,0,,301.2
4227,L51406,L,135.3656927,310.8,1596,37.1,4.112420438,43,0,0,0,0,0,302.1
5617,L52796,L,102.4395197,312.3,1480,41.4,1.072192426,125,0,0,0,0,0,303
2313,M17172,M,394.2156724,308.6,1441,36.2,4.116605693,169,0,0,0,0,0,299.1
2155,M17014,M,143.2104728,308.9,1767,24.8,3.711317923,196,0,0,0,0,0,299.3
5318,L52497,L,232.0859118,312.7,1637,32.9,9.4117455,19,0,0,0,0,0,303.6
1428,L48607,L,198.1739661,309.8,1394,40.3,6.306950305,11,0,0,0,0,0,298.7
8631,L55810,L,127.2447131,308.4,1371,57.4,6.122339501,52,0,0,0,0,0,297.4
6033,L53212,L,327.6133064,310.8,1754,27.7,6.234838703,84,0,0,0,0,0,300.7
4416,L51595,L,264.481865,310.4,1514,42.7,8.285963605,75,0,0,0,0,0,302.6
8819,M23678,M,169.1788776,308.7,1481,48,9.6740567,117,0,0,0,0,0,297.4
3086,L50265,L,363.8390389,309.2,1441,42.9,3.113578185,148,0,0,0,0,0,300.1
7799,L54978,L,356.1003689,311.5,1812,28.3,6.234789157,94,0,0,0,0,0,300
9154,L56333,L,122.6123974,308.6,1546,33.8,5.577992805,139,0,0,0,0,0,297.5
8210,L55389,L,380.2127259,310.8,1391,46.9,2.57506997,21,0,0,0,0,0,299.3
9574,L56753,L,212.9456938,310.9,1491,40.1,3.732357129,195,0,0,0,0,0,299.7
9535,L56714,L,272.3904489,310.6,1443,45.7,9.710285604,97,0,0,0,0,0,299.3
496,H29909,H,388.2107115,309.3,1459,49.7,9.16947811,201,0,0,0,0,0,297.5
3750,L50929,L,146.2006086,311.1,1652,33.9,2.885795212,139,0,0,0,0,,302.4
2322,M17181,M,135.8286304,308.8,1314,52.5,6.937936503,193,0,0,0,0,0,299.2
4268,L51447,L,263.4714615,311,1520,42.8,3.488035327,148,0,0,0,0,0,302.6
3406,M18265,M,382.8067347,310.4,1635,32.5,8.011629146,110,0,0,0,0,0,301.3
152,M15011,M,360.7886532,308.2,1463,37.6,1.096705496,188,0,0,0,0,0,298.4
7370,M22229,M,202.79036,310.1,1646,29.6,8.207238686,73,0,0,0,0,0,299.6
695,L47874,,286.4962512,309.1,1394,50,9.940863461,62,0,0,0,0,0,297.6
4418,L51597,L,192.7356607,310.4,1365,66.8,1.1088076,80,,1,1,0,0,302.6
5698,L52877,L,319.4442447,311.9,1354,49.4,4.192772824,117,0,0,0,0,0,302.5
1739,H31152,H,353.9250907,307.9,1948,21.4,2.187353288,136,0,0,0,0,0,298.4
3002,L50181,L,161.5866721,309.8,1445,43.9,4.817503128,164,0,0,0,0,0,300.5
168,H29581,H,234.7755043,308.3,1458,42.9,7.062304812,15,0,0,0,0,0,
6112,M20971,M,184.0622913,310.8,1486,41.2,9.576106119,71,0,0,0,0,0,300.7
4623,M19482,M,308.5558062,311.1,1526,37.3,5.688721937,176,0,0,0,0,0,303
2866,H32279,H,213.8479172,309.7,1623,32.7,5.434043982,0,0,0,0,0,0,300.7
8545,H37958,H,258.356399,309.4,2011,21,2.34459551,59,0,0,0,0,0,
4703,L51882,L,250.0720915,311.8,1222,66.8,9.663362416,148,0,1,0,0,0,303.6
2884,L50063,L,214.6496417,309.5,1437,40,3.837605001,55,0,0,0,0,0,300.6
3032,M17891,M,274.5452666,309.7,1389,43.3,4.102164295,9,0,0,0,0,0,300.5
8184,L55363,L,281.1791809,311.1,1452,47.3,7.237516727,188,0,0,0,0,0,299.8
8981,L56160,L,279.1520652,307.6,1513,42.4,4.872183037,124,0,0,0,0,0,297
8529,L55708,L,303.8398585,309.3,1512,35.8,8.825658582,18,0,0,0,0,0,298.4
5682,L52861,L,362.5424543,311.6,1383,44.3,4.611220554,72,0,0,0,0,0,302.2
7210,L54389,L,304.213575,309.7,1624,34.2,8.887191644,96,0,0,0,0,0,
5992,L53171,L,170.505752,310.7,1416,40.4,6.33466894,214,0,0,0,0,0,300.7
2277,L49456,L,319.2070446,308.7,1393,54.2,1.796126006,80,0,0,0,0,0,299.3
7133,L54312,L,393.1947215,309.9,1423,47.9,9.773994446,114,0,0,0,0,0,300.5
5706,L52885,L,245.0985905,311.9,1452,43.1,8.489884544,137,0,0,0,0,0,302.4
7999,L55178,L,277.9679765,312.1,1359,51.7,7.187028452,146,0,0,0,0,0,
5293,M20152,M,381.1466072,313.3,1567,35,7.15107699,168,0,0,0,0,0,303.9
4305,L51484,L,303.8477291,310.1,1694,26.3,3.463156799,14,0,0,0,0,0,301.6
7446,L54625,L,263.6412588,311.7,1553,,8.931881871,44,0,0,0,0,0,300.2
429,M15288,M,153.8203069,308.6,1595,36.9,9.686678402,25,,0,0,0,0,
7069,L54248,L,103.0825635,310.7,1461,42.8,5.284968326,173,0,0,0,0,0,300.8
6365,M21224,M,376.4646182,309.6,1489,41.7,2.538457337,56,0,0,0,0,0,299.9
4216,M19075,M,114.9601014,310.7,2157,17.8,8.027570841,17,0,0,0,0,0,302
427,L47606,L,215.8210159,308.5,1501,44.9,5.907364997,20,0,0,0,0,0,297.4
2224,L49403,L,338.0356967,309,1413,48.5,4.45995273,153,0,0,0,0,0,
101,L47280,L,128.9997748,308.9,1852,25,6.024323979,57,0,0,0,0,0,298.8
9245,L56424,L,382.7100654,308.8,1767,27.3,9.229764825,168,0,0,0,0,0,298.3
3308,M18167,M,254.1429818,310.5,1563,39.9,9.332391011,83,0,0,0,0,0,301.4
2763,L49942,L,272.4626968,309.2,1479,44.4,5.483755488,214,0,0,0,0,0,299.8
5858,L53037,L,257.1591286,310.9,1760,23.9,6.869282686,76,0,0,0,0,0,301.3
4739,M19598,M,193.0909017,311.4,2102,19,5.709028662,5,0,0,0,0,0,303.2
7093,L54272,L,174.6911767,310.2,1493,35.9,5.875437595,10,0,0,0,0,0,300.7
9633,M24492,M,257.6727155,310,1337,57.4,4.071243144,146,0,0,0,0,0,299
3287,L50466,L,264.6223996,310,1618,37.6,6.517228396,32,0,0,0,0,0,301.2
7713,L54892,L,195.8145602,311.5,1499,37.6,4.273503513,73,0,0,0,0,0,300.5
7869,H37282,H,365.6652289,311.9,1438,46.7,3.772641416,41,0,0,0,0,1,300.4
6068,L53247,L,214.50032,311,1582,37.5,4.464914808,176,0,0,0,0,0,301
9236,M24095,M,249.2178497,308.9,1592,35.2,3.26006742,142,0,0,0,0,0,298.2
3578,M18437,M,348.8248355,310.4,1455,39,3.659155956,118,0,0,0,0,0,301.6
1466,L48645,L,211.5043375,309.8,1546,40.9,2.678880278,109,0,0,0,0,0,298.7
7676,L54855,L,109.9462586,311.6,1447,45.4,3.809580943,204,0,0,0,0,0,300.5
2235,L49414,L,134.2546476,308.6,1492,,4.531540354,181,0,0,0,0,0,299.4
1745,M16604,M,313.1602379,308,1461,51.9,5.781085808,157,0,0,0,0,0,298.5
9755,M24614,M,143.1618413,309.7,1552,34,8.217244121,205,0,0,0,0,0,298.5
6095,M20954,M,253.0656534,310.8,1402,48.1,5.997561548,22,0,0,0,0,0,300.9
8782,L55961,L,135.1610799,308.7,1552,42.3,7.88024888,27,0,0,0,0,0,297.6
9402,M24261,M,196.9872151,308.2,1720,25.6,6.159438451,174,0,0,0,0,0,297.7
8372,L55551,L,113.2562717,309.7,1881,21.7,6.598073454,29,0,0,0,0,0,
5028,L52207,L,325.201407,313.3,1294,54.6,3.11077596,102,0,0,0,0,0,304
9235,L56414,L,245.860862,309.1,1904,20.3,3.211410934,140,0,0,0,0,0,298.3
3945,L51124,L,193.7475294,311.2,1381,,6.761929755,207,,0,0,0,0,302.2
6863,M21722,M,314.7470175,311.2,1384,49.4,5.712204127,48,0,0,0,0,0,301.1
5351,M20210,M,248.753122,312.8,1622,35.1,4.103746975,107,0,0,0,0,0,303.4
9423,L56602,L,310.3223724,308.5,1665,29.6,6.789578778,20,0,0,0,0,0,298.1
2122,M16981,M,185.7992561,308.8,1503,37.4,6.565030485,109,,0,0,0,0,299.2
4973,H34386,H,378.1320706,312.6,1811,24.9,5.199634189,183,0,0,0,0,0,303.8
8577,L55756,L,186.0896078,308.3,1523,39.5,2.190619725,137,0,0,0,0,0,
3785,L50964,L,159.6591632,310.8,1744,29.7,6.187374027,16,0,0,0,0,0,302.2
6873,L54052,L,200.5062317,311.3,1472,35.3,7.658080424,73,0,0,0,0,0,301
917,M15776,M,149.2649596,305.8,1589,36.2,2.25177135,184,0,0,0,0,0,295.3
9395,L56574,,174.3954724,308.2,1334,53,5.342014362,156,0,0,0,0,0,297.7
7253,H36666,H,374.1759954,310.4,1501,42.9,3.757683568,212,0,0,0,0,0,300.2
8013,M22872,M,111.2768994,312,1375,56.1,5.602534077,182,0,0,0,0,0,300.9
5822,L53001,L,387.7784727,311.1,1303,49.2,4.908143825,212,0,0,0,0,0,301.3
4404,L51583,L,228.5047946,310.1,1388,,5.119894281,48,0,0,0,0,0,
4864,M19723,M,113.193051,312.3,1915,22.3,5.897497708,116,0,0,0,0,0,303.6
8516,L55695,L,112.3932615,309.4,1443,45.4,2.588425035,187,0,0,0,0,0,298.2
5423,M20282,M,235.8346041,312.4,1422,44.5,2.925621158,49,0,0,0,0,0,302.7
7734,L54913,L,154.9502689,312,1481,40.9,5.642121143,132,0,0,0,0,0,300.6
1204,H30617,H,238.6164395,308.1,1410,47.6,8.283049989,79,0,0,0,0,0,297
3769,L50948,L,114.9799418,311,1555,34.2,2.800339873,185,0,0,0,0,0,302.2
5358,L52537,L,318.9937076,312.5,1968,20.6,7.51211674,130,0,0,0,0,0,303.3
3853,L51032,L,242.5484901,310.9,2034,19.7,8.722946539,190,0,0,0,0,0,302.3
1927,L49106,L,237.1058473,307.7,1606,30.8,2.846508618,17,0,0,0,0,0,298
3115,M17974,M,104.6272833,309.2,1683,30.5,4.170306265,13,0,0,0,0,0,299.9
2642,H32055,H,155.4570646,309.5,1420,46.7,6.258566359,136,0,0,0,0,0,299.8
7640,L54819,L,282.5631972,311.4,1466,41.8,5.658869926,112,0,0,0,0,0,300.5
7361,L54540,L,387.7023896,310.1,1585,35.2,3.485657524,50,0,0,0,0,0,299.5
8183,M23042,M,168.7089136,311.1,1649,32.7,4.732911703,185,0,0,0,0,0,299.7
7611,M22470,M,267.9503083,311.3,1507,43.4,8.718931766,41,0,0,0,0,0,300.5
2729,L49908,L,112.8963623,309.3,1779,25.5,5.352337586,129,0,0,0,0,,299.7
9598,L56777,L,384.6886945,310.1,1510,38,8.602446518,52,0,0,0,0,0,298.9
4986,M19845,M,373.9677887,313,1789,,4.805641096,215,0,0,0,0,0,303.8
6847,M21706,M,296.0063438,311.5,1498,49.5,8.924612034,3,0,0,0,0,0,301.2
7699,L54878,L,389.8070006,311.5,1419,38.6,7.039790164,31,0,0,0,0,0,300.6
4013,M18872,M,360.8445048,311.2,1360,52.8,3.760070574,176,0,0,0,0,0,302.2
2627,L49806,L,114.13896,309.4,1650,29.8,7.702566657,93,0,0,0,0,0,299.7
7239,L54418,L,312.4545051,310,1697,36,8.446463171,175,0,0,0,0,0,299.8
8256,L55435,L,154.5413627,310.4,1606,31.1,5.050691271,134,0,0,0,0,0,
9566,M24425,M,322.4560837,311.1,1498,38.1,5.764147577,176,0,0,0,0,0,299.8
806,M15665,M,335.7563817,307.9,1412,47.4,3.817879646,112,0,0,0,0,0,297
4635,L51814,L,388.7119219,311.2,1755,30.4,9.191212297,205,0,0,0,0,0,303
5248,L52427,L,357.0287993,313.1,1405,38.3,2.018091226,58,0,0,0,0,0,303.6
5567,L52746,L,270.2007809,312,1457,45.5,3.035331859,206,0,0,0,0,0,302.4
5740,M20599,M,294.1838866,311.7,1653,31.4,9.877916608,2,0,0,0,0,0,302.2
5144,M20003,M,263.5842896,313.5,1525,42,6.965130832,2,0,0,0,0,0,304.3
8266,H37679,H,145.7830888,310.6,1791,28,1.535694069,168,0,0,0,0,0,299.1
4460,L51639,L,190.8251936,310.4,1743,26.3,1.540292418,191,0,0,0,0,0,302.6
1243,L48422,L,193.3277856,308.4,1468,44.4,4.10323212,197,0,0,0,0,0,297.1
6946,M21805,M,202.2407002,311.4,1852,22.2,5.244547319,53,0,0,0,0,0,300.8
5741,M20600,,217.60579,311.7,1535,38.3,4.28851591,5,0,0,0,0,0,302.3
5326,L52505,L,162.3119988,312.7,1694,27.3,2.909875162,40,,0,0,0,0,303.5
548,M15407,M,368.8881658,309.4,1482,39.3,2.516703266,112,0,0,0,0,0,297.5
3023,L50202,L,255.8413668,309.6,1760,30.6,4.102993663,213,0,0,0,0,0,300.5
5762,L52941,L,390.7843015,311.2,1369,49.8,9.576648066,66,0,0,0,0,0,301.9
4032,L51211,L,226.0812125,310.8,1447,42.7,8.171057661,229,0,0,0,0,0,302
27,L47206,L,179.5940357,309.5,1512,39,9.174199415,75,0,0,0,0,0,299.1
4953,M19812,M,144.9285033,312.7,1374,53.6,7.256289871,136,0,0,0,0,0,303.8
5153,L52332,L,217.1925577,313.5,2643,12.7,2.5713086,21,0,0,0,0,0,304.3
2509,L49688,L,395.2154292,308.9,1615,30.6,2.967477371,14,0,0,0,0,0,299
1434,L48613,L,249.1250471,309.8,1363,44,7.240015595,25,,0,0,0,0,298.8
2583,L49762,L,190.1948699,309,1615,33.7,4.870358886,193,0,0,0,0,0,299.2
1303,L48482,L,145.5980036,309.8,1505,45.7,6.63037415,144,,0,0,0,1,298.6
5813,L52992,L,149.3727953,311.1,1495,36.3,9.205161601,193,0,0,0,0,0,
7350,L54529,L,256.8525209,310.2,1633,36.5,4.309639281,24,0,0,0,0,0,299.7
5282,M20141,M,125.6085036,313,1469,39.9,8.838304515,137,0,0,0,0,0,303.7
6115,M20974,M,341.8824585,310.8,1549,35.5,8.068481593,79,0,0,0,0,0,300.8
1222,M16081,M,382.2908087,308.3,1399,46.4,8.208697381,132,0,0,0,0,1,297
7436,L54615,L,146.6910122,311.3,1504,40.7,6.937270881,20,0,0,0,0,0,299.9
2549,M17408,M,253.7504453,309.2,1440,37.5,9.331702387,111,0,0,0,0,0,299.3
751,L47930,L,215.5753706,308,1535,36.8,2.75254184,210,0,0,0,0,0,296.7
438,L47617,L,326.3816878,308.3,1538,38.5,5.171263524,47,0,0,0,0,0,297.3
4372,L51551,L,102.3213425,309.8,1480,40,5.651978266,199,0,0,0,0,0,302
4449,L51628,L,164.1874424,310.3,1374,51.2,5.286821132,163,0,1,0,0,0,302.4
2848,L50027,L,219.1020355,309.3,1525,39.6,4.915255679,202,0,0,0,0,0,300.4
1174,H30587,H,258.4193974,308,1559,38.8,4.232880743,229,0,0,0,0,0,297.1
7496,L54675,L,136.374911,311.9,1609,34,7.77376365,177,0,0,0,0,0,300.3
2700,L49879,L,317.4411711,309.4,1363,60.9,4.773311727,57,0,0,0,0,0,299.9
9889,M24748,M,208.0313075,309.6,1575,34.4,3.643795897,149,0,0,0,0,0,298.8
9507,H38920,H,181.907995,310.4,1548,41.6,6.955553628,25,0,0,0,0,0,299.3
6396,M21255,M,129.6346241,309.6,1376,52.1,4.786504549,147,0,0,0,0,0,
2482,L49661,L,280.6390785,308.6,1378,47.8,7.498458542,163,0,0,0,0,0,299
5457,M20316,M,144.096618,312.6,1567,32.9,9.366080274,132,0,0,0,0,0,303.1
8445,M23304,M,350.7774527,309.9,1818,24.9,8.814305742,9,0,0,0,0,0,298.6
2707,M17566,M,382.9212878,309.1,1560,37.1,9.590278636,73,0,0,0,0,0,299.6
4662,L51841,L,335.1748332,311.3,1350,48.1,8.075789497,32,0,1,0,0,0,303.3
327,L47506,L,271.1153255,308.5,1501,41.4,1.89018063,201,0,0,0,0,0,297.7
1040,L48219,L,215.7111236,307.7,1524,36.8,6.023142232,82,0,0,0,0,0,296.7
2638,L49817,L,142.7467694,309.6,1294,49.7,4.606556994,126,0,0,0,0,0,299.9
5023,L52202,L,161.6993014,313.1,1404,47.1,4.48880632,90,0,0,0,0,0,304
2500,M17359,M,347.282641,308.9,1325,48.4,1.09984372,220,0,0,0,0,0,299.1
1005,H30418,H,333.4906083,307.2,1424,42,3.229029448,196,0,0,0,0,0,296.3
2862,L50041,L,331.8497616,309.5,1479,43.6,4.092452116,240,0,0,0,0,0,300.7
3234,H32647,H,148.2333855,309.4,1474,40.7,3.983646285,104,0,0,0,0,0,300.8
1871,L49050,L,111.8704204,308,1486,42.3,6.772726635,86,0,0,0,0,0,298.3
4246,M19105,M,214.0643994,311.1,1520,,1.960324735,88,0,0,0,0,0,
6928,L54107,L,253.7677049,311.6,1488,43.4,9.454236579,5,0,0,0,0,0,301.1
8386,H37799,H,262.9696807,309.8,1563,38.8,8.65429549,65,0,0,0,0,0,298.8
535,L47714,L,332.1842886,309.3,1623,33.4,3.042875329,74,0,0,0,0,0,297.5
9828,M24687,M,293.4238427,309.3,1376,57,5.774719582,198,0,0,0,0,0,
7149,M22008,M,294.7234725,309.8,1617,40.8,4.104832599,158,0,0,0,0,0,
7366,L54545,L,215.0702623,310.1,2057,20.4,1.537950841,60,0,0,0,0,0,299.6
586,L47765,L,239.3006068,309.5,2001,20.5,8.395275177,220,0,0,0,0,0,297.6
9915,L57094,L,160.5508256,308.8,1670,29.6,3.405069192,13,0,0,0,0,0,
3036,M17895,M,149.0944506,309.7,1428,42.6,8.399011686,23,0,0,0,0,0,300.6
4429,L51608,L,360.5263617,310.1,1906,21.2,5.101823553,110,0,0,0,0,0,302.4
4090,M18949,M,326.9627861,310.5,1590,40.3,1.147948454,130,0,0,0,0,0,301.9
1704,M16563,M,281.5282801,307.8,1636,36.7,4.935676234,51,0,0,0,0,0,298.1
4296,L51475,L,302.2706351,310.2,1457,40.4,9.033441589,213,0,0,0,0,0,301.8
5720,L52899,L,125.7980452,312,1398,43.3,6.668093421,171,0,0,0,0,0,302.3
492,L47671,L,319.6493759,309.2,1420,45.6,4.193560895,193,0,0,0,0,0,297.4
6900,L54079,L,315.1629164,311.6,1671,33.5,7.002436179,148,0,0,0,0,0,300.9
4354,M19213,M,330.938426,309.7,1386,62.7,2.99060103,142,0,0,1,0,0,302
2837,M17696,M,249.7168397,309.1,1458,44.3,2.728320378,175,0,0,0,0,0,300.3
2267,L49446,L,196.6287638,308.5,1381,60.6,9.927038757,59,0,0,0,0,,
7719,H37132,H,321.1520914,311.7,1427,44.6,4.796636635,87,,0,0,0,0,300.6
9524,L56703,L,176.7627827,310.2,1494,40.6,5.251926993,67,0,0,0,0,0,299
8023,L55202,L,379.4620464,312,1441,43.8,5.309693839,210,0,0,0,0,0,300.9
4708,L51887,L,217.4249878,311.8,1944,23.5,4.566828035,159,0,0,0,0,0,303.5
9844,L57023,L,158.2124008,309.2,1383,52.1,2.261500813,26,0,0,0,0,0,
2901,L50080,L,227.6404042,309.3,1574,33.5,3.668423248,101,0,0,0,0,0,300.5
9619,L56798,L,168.8110579,310.1,1447,42.8,5.025353307,104,0,0,0,0,0,299
2945,L50124,L,182.0184261,309.6,1505,34.9,1.757649512,7,0,0,0,0,0,300.7
1917,L49096,L,290.8621137,307.7,1387,50.8,7.680647779,204,0,0,0,0,0,298
3186,L50365,L,153.1413373,309.3,1685,27.1,4.430737682,203,0,0,0,0,0,300.1
8627,L55806,L,391.3816284,308.2,1402,49.7,8.410327304,41,0,0,0,0,0,297.4
9435,L56614,L,229.6381322,308.6,1626,33.3,6.391133375,50,0,0,0,0,0,298
7256,M22115,M,178.9071152,310.3,1704,29.4,6.788749807,221,0,0,0,0,0,300.2
4247,L51426,L,264.4078956,311,1537,35.5,2.944855429,91,0,0,0,0,0,302.6
8616,L55795,L,297.1653131,308.6,1382,47.1,1.294791724,11,0,0,0,0,0,297.6
5147,L52326,L,280.5196614,313.6,1585,38.9,4.169847672,9,0,0,0,0,0,304.4
8566,L55745,L,279.6371255,308.8,1489,36.5,9.263742271,109,0,0,0,0,0,298
2519,M17378,M,379.5671774,308.6,1425,,7.24734063,35,0,0,0,0,0,
398,M15257,M,297.2400624,308.3,1774,28.9,8.098881378,166,0,0,0,0,0,297.4
1318,L48497,L,295.7259508,310.3,1428,46.3,4.141048783,175,0,0,0,0,0,299
4561,L51740,L,343.5003361,310.7,1597,41.9,5.508534531,15,0,0,0,0,0,302.7
122,L47301,L,207.6948034,308.7,1558,41.2,7.4572936,110,0,0,0,0,0,298.9
2450,L49629,L,293.6641199,308.8,1772,25.2,5.332430672,89,0,0,0,0,0,299.3
8856,L56035,L,157.7633759,308.9,1662,28.1,1.814870544,19,0,0,0,0,0,297.7
8109,M22968,M,393.5244779,311.8,1607,33.7,1.220327827,199,0,0,0,0,0,300.3
1567,M16426,M,290.5130955,308.1,1403,44.8,9.732647365,148,0,0,0,0,0,298
1985,M16844,M,137.7384431,307.5,1387,45.5,5.423262797,166,0,0,0,0,0,298
4334,L51513,L,101.3476333,309.8,1588,33.9,5.384276086,89,0,0,0,0,0,
7911,M22770,M,336.72562,312.2,1664,25.7,2.088778915,150,,0,0,0,0,300.8
9287,L56466,L,273.0174804,308.9,1605,32,2.00197754,79,0,0,0,0,0,298.2
3919,M18778,M,103.1907817,311.5,1358,52.7,5.617283287,139,0,0,0,0,0,302.5
2174,M17033,M,379.9669102,309.2,1495,41.6,9.673450827,17,0,0,0,0,0,299.5
3284,L50463,L,240.0437175,309.9,1449,,1.994498332,23,0,0,0,0,0,301.2
8496,L55675,L,230.0620527,309.4,1668,27.1,2.553409826,136,0,0,0,0,0,298.3
8585,L55764,L,306.8179982,307.9,1390,47.7,1.197985936,156,0,0,0,0,0,297.4
2334,L49513,L,319.7785345,308.5,1445,45.2,4.79978921,222,0,0,0,0,0,
574,L47753,L,189.710564,309.9,1472,45,6.348865613,183,0,0,0,0,0,297.9
3661,L50840,L,201.2272709,311.6,1398,49.1,9.724502481,119,0,0,0,0,0,
9076,L56255,L,212.9918683,308.1,1506,36,6.524400242,150,0,0,0,0,0,297.3
982,L48161,L,386.5554248,306.8,1655,31.1,2.568473586,136,0,0,0,0,0,296.2
9371,H38784,H,218.6808774,308.4,1418,51.9,6.148628837,77,,0,0,0,0,297.7
1408,L48587,L,182.0203293,310,1564,33.8,9.016044601,183,0,0,0,0,0,298.9
536,H29949,H,180.2047695,309.3,1365,52.4,4.203801077,76,0,0,0,0,0,297.4
4316,M19175,M,354.719076,310,1651,29.8,3.9008933,44,0,0,0,0,0,301.4
4599,L51778,L,214.9161081,311.2,1399,49.2,1.131618898,111,0,0,0,0,0,303.1
8623,L55802,L,206.2801712,308.3,1437,42.3,4.609127157,29,,0,0,0,0,297.5
8759,M23618,M,365.6873631,308.7,1446,53,8.221390426,168,0,0,0,0,0,297.5
1435,M16294,M,172.0093171,309.8,1377,49.6,7.021787027,27,0,0,0,0,0,298.8
6995,L54174,L,127.1372616,310.8,1375,53.2,2.751646216,179,0,0,0,0,0,300.6
2580,L49759,,324.5789864,309.1,1795,24.7,9.217236925,187,0,0,0,0,0,299.3
9404,L56583,L,310.8903632,308.1,1697,29.1,3.294939875,179,0,0,0,0,0,297.7
3270,M18129,M,125.6641006,310,1696,32.4,5.843452365,202,0,0,0,0,0,301.3
9554,L56733,L,261.9983493,310.7,1495,39.2,1.112836237,144,0,0,0,0,0,299.3
3839,L51018,L,162.769185,311.1,1880,24.5,1.223277049,156,0,0,0,0,0,302.4
1868,L49047,L,359.700108,307.9,1502,41.8,4.215879333,79,0,0,0,0,0,298.1
1455,L48634,L,185.164401,310.4,1428,46.9,8.755960145,87,0,0,0,0,0,299.1
1787,L48966,L,134.3711354,308.2,1618,33,9.624913252,61,0,0,0,0,0,298.4
9913,L57092,L,222.1882573,308.9,1327,58.8,4.728415102,9,0,0,0,0,0,298.6
7096,L54275,L,117.9506303,310.1,1485,49.9,1.794992948,19,0,0,0,0,0,300.6
2522,L49701,L,213.090275,308.6,1584,,2.383528587,42,0,0,0,0,0,298.8
4440,M19299,M,398.8833854,310.2,1392,,1.071907772,143,0,0,0,0,0,
1821,L49000,L,195.2336666,307.5,1493,43.7,5.2964242,153,0,0,0,0,0,298.1
5616,M20475,M,293.8218142,312.2,1257,,2.92257042,122,,0,1,0,0,303
2930,M17789,M,371.4332368,309.7,1482,39,4.793688023,171,,0,0,0,0,300.8
52,L47231,L,113.2086883,309.1,1383,,9.044525393,145,0,0,0,0,0,298.9
4727,M19586,M,368.6101382,311.8,2133,18.3,6.768323704,207,0,0,0,0,0,303.4
5717,L52896,L,268.0379042,312,1354,52.2,2.569323394,165,0,0,0,0,0,302.3
5466,L52645,L,291.5171293,312.4,1424,49.5,7.742057443,155,0,0,0,0,0,302.9
470,M15329,M,100.1851968,308.8,1586,32.7,1.449460957,131,0,0,0,0,0,297.3
2630,L49809,L,350.4365672,309.7,1586,37.8,2.023597699,103,0,0,0,0,0,300
6514,L53693,L,399.1047287,310,1513,38,9.374332134,17,0,0,0,0,0,301.1
7468,H36881,H,111.1529778,311.6,1463,41.6,3.088536484,102,0,0,0,0,0,300.3
3946,L51125,L,229.0255574,311.3,1570,36.1,8.499875579,0,0,0,0,0,0,302.2
6205,M21064,M,322.2100127,310.8,1519,,3.863100065,73,0,0,0,0,0,300.9
4263,L51442,L,220.4104826,311,2001,,3.720630581,137,,0,0,0,0,302.6
1859,M16718,M,150.2041029,307.4,1488,36.1,3.032308596,57,0,0,0,0,0,297.8
9533,L56712,L,370.2035874,310.5,1384,48.7,5.703085962,93,0,0,0,0,0,299.2
866,L48045,L,257.8703776,306.6,1414,50.2,2.602474624,51,0,0,0,0,0,295.9
6391,L53570,L,311.4304572,309.8,1450,55,4.791432449,135,0,0,0,0,0,300.3
7213,M22072,M,223.9730709,309.7,1705,28.5,3.230912155,103,0,0,0,0,0,299.8
4922,L52101,L,189.3374392,312.3,1287,54.8,4.532142485,54,0,0,0,0,0,303.4
8102,L55281,L,303.6137938,311.8,1567,37.7,7.758811548,180,0,0,0,0,0,300.3
4793,H34206,H,300.9278886,312.7,1564,40.2,2.720595693,150,0,0,0,0,0,303.7
8855,M23714,M,239.5891954,309,1433,41.8,6.199891087,16,0,0,0,0,0,297.7
6251,L53430,L,184.2364588,310.2,1520,37.7,6.454514454,193,0,0,0,0,0,300.8
5937,M20796,M,268.4787023,310.4,1548,37.3,2.735444749,65,0,0,0,0,0,300.5
426,M15285,M,312.4771615,308.4,1665,28.9,5.299358581,17,0,0,0,0,0,297.3
189,L47368,L,296.2259934,308.5,1606,33.6,5.308754857,67,0,0,0,0,0,298.3
5630,L52809,L,226.7702118,312.2,1405,51.4,3.94265616,157,0,0,0,0,0,302.7
4360,M19219,,123.6300323,310,1531,38,5.076980957,161,0,0,0,0,0,302.1
229,M15088,M,152.7467574,308.5,1629,37.1,8.084582587,170,0,0,0,0,0,298.3
7758,M22617,M,120.6604729,311.7,1723,28.3,5.754089225,193,0,0,0,0,0,300.3
7678,L54857,L,378.330562,311.7,1428,52.6,4.314764315,208,0,0,0,0,0,300.6
2742,L49921,L,103.6646654,309,1378,51.9,9.626613242,162,0,0,0,0,0,299.6
1042,L48221,L,211.627463,307.6,1809,25.1,7.074043368,86,0,0,0,0,0,296.6
4076,L51255,L,369.6987048,310.6,1583,38.9,9.579443864,94,0,0,0,0,0,302
9141,L56320,L,134.4889889,308.5,1373,39.9,1.979755853,110,0,0,0,0,0,297.5
6119,M20978,M,251.0611675,311.1,1325,61.4,6.676273497,88,0,0,0,0,0,300.9
6903,L54082,L,348.814003,311.6,1461,40.6,8.519148907,154,0,0,0,0,0,301
472,H29885,H,343.6211542,308.8,1419,42.4,8.86031022,139,0,0,0,0,0,297.3
2922,L50101,L,138.0635798,309.8,1657,31.1,9.489205585,151,0,0,0,0,0,300.8
1906,L49085,L,239.9668652,307.6,1687,29.1,8.66793097,176,0,0,0,0,0,297.9
8877,M23736,M,391.5673085,309.3,1752,25.2,8.196332779,77,0,0,0,0,0,298.1
802,L47981,L,332.94526,307.8,1285,,8.956942567,100,0,0,0,0,0,296.9
1488,L48667,L,220.7538225,309.1,1429,48.5,9.612720553,164,0,0,0,0,0,298.2
8442,L55621,L,197.0922024,309.9,1630,30.6,3.12562638,2,0,0,0,0,0,298.6
228,L47407,L,322.1516261,308.5,1539,36.1,4.29504695,168,0,0,0,0,0,298.3
7891,L55070,L,166.8365238,312.4,1767,25.6,1.766861572,105,0,0,0,0,0,300.8
1129,M15988,M,176.5438591,307.9,1843,25.2,4.811382113,116,0,0,0,0,0,296.8
5071,M19930,M,320.4041313,313.1,1608,31.1,1.58561361,20,0,0,0,0,0,304.2
9167,M24026,M,216.737034,308.6,1390,53.4,5.868328801,175,0,0,0,0,0,297.6
2209,H31622,H,102.1799542,309.2,1435,42.6,8.282340936,111,0,0,0,0,0,299.8
7994,L55173,L,173.0578537,312.3,1595,31.9,3.32537772,134,0,0,0,0,0,301.1
9843,L57022,L,149.8146196,309.3,1395,,2.293275936,24,0,0,0,0,0,298.4
6560,H35973,H,372.7840765,310.6,1512,39,1.770584051,143,0,0,0,0,0,301.5
9922,M24781,M,231.1493662,308.7,1347,48.5,7.071096235,33,0,0,0,0,0,298.5
3154,M18013,M,199.9903086,309.9,1483,49.3,2.349633361,124,0,0,0,0,0,300.5
4442,L51621,L,339.7293595,310.2,1329,50.6,5.475296707,148,0,1,0,0,0,302.5
7506,L54685,L,252.3672698,311.9,1546,39.4,9.044699811,203,0,0,0,0,0,300.5
8958,L56137,L,347.8616397,308.1,1348,53.7,4.102743377,68,0,0,0,0,0,297.4
6216,L53395,L,322.0435224,310.8,1521,41,6.813054141,99,,0,0,0,0,301.1
9599,L56778,L,264.3181527,310.2,1490,41.1,5.957645536,54,0,0,0,0,0,299
2145,L49324,L,337.8307539,308.9,1451,40.5,8.010418484,168,0,0,0,0,0,299.4
7412,L54591,L,288.5131092,311.1,1425,47.8,1.609403425,179,0,0,0,0,0,300
8930,M23789,M,285.0126568,308.4,1620,35.8,4.375431415,215,0,0,0,0,0,297.4
2375,M17234,M,267.4558425,308.4,1538,38,3.319319918,98,0,0,0,0,0,299.2
2578,L49757,L,262.4992309,309.4,1563,41.5,3.766029001,183,0,0,0,0,0,299.5
1633,L48812,L,391.1725472,307.9,1426,43.6,2.753019351,89,0,0,0,0,0,297.9
4833,L52012,L,245.3651014,312,1436,45.1,1.24893629,32,0,0,0,0,0,303.5
2299,L49478,L,336.7694335,308.6,1482,37.6,5.103981313,132,0,0,0,0,0,299.3
5034,L52213,L,223.6915233,313.1,1564,50.9,5.135653982,119,0,0,0,0,0,304
157,M15016,M,396.5185823,308.1,1495,46,9.967507149,203,0,0,0,0,0,298.4
8047,L55226,L,360.6534769,311.8,1471,41.4,1.452700461,39,0,0,0,0,0,300.6
6707,L53886,L,265.8713898,310.6,1381,46.1,9.826409262,70,0,0,0,0,0,301.4
3350,L50529,L,375.2015559,310.7,1673,27.8,9.805900699,181,0,0,0,0,0,301.4
2880,M17739,M,201.2618782,309.4,1367,63.2,7.155229382,45,0,0,1,0,0,300.6
3414,L50593,L,180.9079847,310.3,1560,36.3,2.781500651,129,0,0,0,0,0,
7769,M22628,M,126.3518479,311.4,1960,20.9,9.944158981,20,0,0,0,0,0,
4190,L51369,L,275.2583743,310.9,1560,31.8,4.882744798,172,0,0,0,0,0,302.4
9611,L56790,L,273.2671781,310.1,1505,41.3,4.157836134,85,0,0,0,0,0,299
9735,H39148,H,371.2284063,310.1,1458,44.3,6.223366221,156,0,0,0,0,0,298.9
7252,M22111,M,156.6292785,310.3,1448,40.1,9.231715009,209,0,0,0,0,0,300.2
7614,L54793,L,354.9479471,311.3,1475,46.3,5.288279885,49,0,0,0,0,0,300.5
6920,L54099,L,286.524583,311.5,1444,39.8,9.616548363,197,0,0,0,0,0,301
9682,M24541,M,271.3286741,310.1,1412,44.4,5.629687567,24,0,0,0,0,0,299.1
9672,L56851,L,332.6481202,310.2,1412,44.1,1.240189841,246,0,0,0,0,0,
4795,L51974,L,227.3772266,312.6,1699,27.9,9.024890345,160,0,0,0,0,0,303.6
5655,L52834,L,271.6579084,311.6,1544,34.3,9.74966249,0,0,0,0,0,0,302.3
2496,M17355,M,351.4474915,308.8,1491,41,4.298750788,209,0,0,0,0,0,
7305,L54484,L,325.1586094,310.5,1394,44.3,6.594435614,121,0,0,0,0,0,300.1
2373,M17232,M,376.5150445,308.5,1404,49.4,9.944454433,93,0,0,0,0,0,299.3
4092,M18951,M,175.6629568,310.4,1595,32.9,8.819372724,135,0,0,0,0,0,302
9472,M24331,M,367.8982892,309.4,1774,27.5,9.963802642,154,0,0,0,0,0,298.6
3462,H32875,H,202.9782865,310.4,1330,49.5,9.929765292,30,0,0,0,0,0,301.6
7007,H36420,H,364.1547046,310.6,1419,39.6,3.514981857,3,0,0,0,0,0,
5392,L52571,L,224.860471,312.2,1572,,1.155562673,228,0,0,0,0,0,302.7
7173,M22032,M,250.6097974,310.1,1402,,4.833607202,10,0,0,0,0,0,300.1
5697,H35110,H,306.3152362,311.9,1595,34.6,5.033938023,112,0,0,0,0,0,
5665,M20524,M,388.5461826,311.4,1539,35.1,4.819887978,24,0,0,0,0,0,302.2
4504,M19363,M,303.4364877,310.2,1751,30.5,7.085349624,90,0,0,0,0,0,302.5
2551,L49730,L,251.748251,309.3,1366,48.4,9.380047751,116,0,0,0,0,0,299.4
4716,L51895,L,311.987958,311.7,1476,42.3,2.71041774,180,0,0,0,0,0,303.4
848,L48027,L,144.3439242,307.4,2833,5.6,2.223579655,213,,0,1,0,0,296.4
3345,L50524,,141.0175347,310.7,1706,27.9,9.396114167,170,0,0,0,0,0,301.4
939,L48118,L,269.4871975,306.2,1823,25.8,8.280850642,29,0,0,0,0,0,295.6
4826,L52005,L,223.8634214,311.8,1692,30.6,4.308997207,18,0,0,0,0,0,303.3
9694,L56873,L,237.6889164,310,1693,28.8,7.817018653,56,0,0,0,0,0,298.9
8864,L56043,L,253.0111468,309.2,1731,28.7,3.214023339,38,0,0,0,0,0,298
8611,L55790,L,273.7605227,308.3,1561,38.3,3.439000771,0,0,0,0,0,0,297.4
5355,L52534,L,311.52198,312.6,1462,37.5,7.540978037,118,0,0,0,0,0,303.4
5478,L52657,L,366.2064746,312.1,1763,26.5,2.019438931,184,0,0,0,0,0,302.7
9724,L56903,L,294.074278,309.8,1599,33.6,5.138895418,131,0,0,0,0,0,298.8
757,L47936,L,307.4660254,308,1584,40.4,1.956736414,227,,0,0,0,0,296.8
4751,M19610,M,216.4363203,311.2,1688,31.9,8.151705968,33,0,0,0,0,0,303.2
2645,L49824,L,262.4410315,309.4,1510,42.5,2.590832296,146,0,0,0,0,0,299.8
4163,L51342,L,192.9397405,310.4,1591,29.8,6.627487324,105,0,0,0,0,0,302
8649,M23508,M,278.3847055,308.4,1478,46.2,6.663183549,95,,0,0,0,0,297.4
3166,L50345,L,393.16511,309.6,1536,34.5,7.27073722,154,0,0,0,0,0,300.4
6498,L53677,L,378.8820549,309.9,1312,65.3,7.637717848,192,0,0,0,1,0,300.8
5988,L53167,L,114.6995861,310.8,1608,39.5,5.664446693,202,0,0,0,0,0,300.7
3874,L51053,L,376.2347014,311.8,1638,35.1,4.27178368,17,0,0,0,0,0,302.6
7752,M22611,M,217.0089351,311.7,1398,42.6,7.132654558,176,0,0,0,0,0,300.4
6524,M21383,M,246.2391716,310.2,1850,27.7,8.931871205,44,0,0,0,0,0,301.1
3419,H32832,H,309.6253157,310.6,1555,40.4,2.980190368,139,0,0,0,0,0,301.6
9905,L57084,L,218.4364818,309.1,1537,35.7,8.949153209,198,0,0,0,0,0,298.6
2062,L49241,L,317.7053343,309.6,1359,50.7,1.340989899,161,0,0,0,0,0,299.7
550,L47729,L,274.3672047,309.2,1437,40.4,1.930115322,117,,0,0,0,0,297.4
4454,L51633,L,310.2801582,310.2,1400,53.7,8.998486966,175,0,0,0,0,0,302.4
2813,M17672,M,392.854918,309.3,1413,40.7,1.48503829,117,,0,0,0,0,300
8778,H38191,H,309.4877657,308.6,1481,,6.417003618,14,0,0,0,0,0,297.5
8996,L56175,L,374.5461546,308,1474,43.7,4.567122401,162,0,0,0,0,0,297.2
2550,L49729,L,312.1685765,309.2,1489,42.3,5.808166727,114,0,0,0,0,0,299.4
6070,L53249,L,120.8562622,310.9,1601,34,7.098625251,181,0,0,0,0,0,300.9
3170,M18029,M,249.0644101,309.6,1675,35.5,4.826748901,164,0,0,0,0,0,300.4
7055,H36468,H,280.8301583,310.5,1476,43.1,3.038362831,134,0,0,0,0,0,300.7
4829,L52008,L,298.1923491,311.9,1515,39.2,2.068525054,24,0,0,0,0,0,303.5
9571,L56750,L,331.6857961,310.9,1384,48.2,2.167870908,188,0,0,0,0,0,299.7
1260,M16119,M,208.4732109,308.9,1280,48.5,8.918512338,19,0,0,0,0,0,297.5
8713,L55892,L,155.1082121,308.6,1652,32.1,5.694038877,52,0,0,0,0,0,297.2
3662,M18521,M,285.0221557,311.7,1639,36.6,3.161168939,121,0,0,0,0,0,302.3
7923,L55102,L,180.3181976,311.9,1462,39.7,2.128417627,181,0,0,0,0,0,300.7
1025,L48204,L,311.7557369,307.3,1711,29.9,8.682035488,42,0,0,0,0,0,296.2
4966,M19825,M,220.3334824,312.7,1364,49.3,2.120178811,167,,0,0,0,0,303.8
753,L47932,L,109.3184276,308.1,1422,48.7,1.245966297,215,0,0,0,0,0,296.9
3943,M18802,M,150.5762422,311.4,1398,47.2,4.584148952,202,0,0,0,0,0,
3711,L50890,L,179.9357161,311.5,1489,38.3,7.424080956,35,0,0,0,0,0,302.2
9961,L57140,L,284.1230228,307.8,1575,35,2.430028357,137,0,0,0,0,0,298.2
1952,L49131,L,316.4010388,307.8,1839,22.7,6.32132937,79,0,0,0,0,0,298
6315,M21174,M,228.95204,310.4,1793,25,3.551873171,142,,0,0,0,0,301
352,M15211,M,145.5858034,308.4,1611,,9.273840268,48,0,0,0,0,0,297.6
1512,L48691,L,287.9242718,308.7,1642,30.3,4.089879235,3,0,0,0,0,0,298.1
4830,L52009,L,292.7231569,311.9,1491,38.2,9.360013217,26,0,0,0,0,0,303.4
9617,L56796,L,195.7177093,310.1,1580,37.3,4.940094689,100,0,0,0,0,0,298.9
3747,H33160,H,106.5679114,311.3,1393,47.5,5.515484995,130,0,0,0,0,0,302.5
5800,L52979,L,364.4871144,310.8,1593,34.5,2.824270602,162,0,0,0,0,0,301.5
702,L47881,L,237.9719365,308.8,1515,40.1,2.765560969,82,0,0,0,0,0,297.7
3694,L50873,L,252.1903665,311.3,1521,31.5,6.866161031,202,0,0,0,0,0,302.1
4615,H34028,H,150.0608023,311.2,1503,37,4.096869649,152,0,0,0,0,0,303
7214,M22073,M,368.1555615,309.8,1427,45.2,8.807307782,106,0,0,0,0,0,299.8
562,M15421,M,287.1197278,309.4,1678,34.4,1.857681682,148,0,0,0,0,0,297.5
2319,L49498,L,324.70362,308.8,1405,51.4,9.952479456,183,0,0,0,0,0,299.2
3099,M17958,M,327.1035393,309.2,1389,51.2,5.943025516,185,0,0,0,0,0,299.9
4839,H34252,H,169.3463567,311.8,1649,29.4,6.773740846,49,0,0,0,0,0,303.3
3151,L50330,L,352.4009063,309.8,1513,32.9,8.534106134,117,0,0,0,0,0,300.4
5609,M20468,M,293.5204223,312.3,1623,31.6,5.150718613,101,0,0,0,0,0,303.1
4300,L51479,L,185.3804581,310.1,1402,50.1,5.067616464,3,0,0,0,0,0,301.7
4619,M19478,M,238.2734946,311.3,1335,53.6,2.64378392,164,0,1,0,0,0,303
4075,L51254,L,390.5343024,310.7,1453,42.7,2.36298488,92,0,0,0,0,0,302
3995,L51174,L,215.5593208,311.4,1434,40.3,6.28258187,133,0,0,0,0,0,302.3
6374,H35787,H,206.3384608,309.5,1735,28.9,2.573427271,82,0,0,0,0,0,300
6168,M21027,M,137.2066514,310.7,1362,51.6,6.873138287,212,0,0,0,0,0,300.9
1048,M15907,M,282.5688955,307.7,1474,52.6,7.751584966,101,0,0,0,0,0,296.6
2940,L50119,L,232.0780466,309.7,1431,41.4,4.159552516,199,,0,0,0,0,300.9
1809,L48988,L,204.5744869,307.7,2567,12.8,1.036137226,125,0,0,1,0,0,298.1
3167,M18026,M,369.6515679,309.7,1539,37.7,6.035787059,156,,0,0,0,0,300.4
415,L47594,L,389.229233,308.4,1588,32.5,8.486337699,207,0,0,0,0,0,297.4
1341,L48520,L,142.1194382,310.2,1569,36.3,2.472943754,10,0,0,0,0,0,298.6
9372,L56551,L,398.6484009,308.4,1289,51.3,6.371591893,82,0,0,0,0,0,297.7
7741,L54920,L,113.784749,312,1453,45.1,6.711647258,151,0,0,0,0,0,300.5
5061,L52240,L,336.2415945,312.8,1542,42.7,7.718546009,198,0,0,0,0,0,
4634,L51813,L,204.8061821,311.2,1382,50.5,9.053779021,203,0,0,0,0,0,303
4610,L51789,L,280.3191133,311.2,1456,44,8.317156338,142,0,0,0,0,0,303
7367,H36780,H,311.7315236,310.1,1531,36.8,3.017772057,62,0,0,0,0,0,299.6
1470,L48649,L,151.8834578,309.8,1497,41.6,5.645630029,118,0,0,0,0,0,298.6
1711,L48890,L,114.3435132,307.8,1530,35.9,9.8176233,68,0,0,0,0,0,298.2
6271,L53450,L,159.6541026,310.4,2021,18.8,9.487491474,30,0,0,0,0,0,300.9
8733,L55912,L,165.3371158,308.6,1864,23.6,6.148674605,103,0,0,0,0,0,297.2
2272,L49451,L,142.9606049,308.5,1821,26.1,9.486866001,69,0,0,0,0,0,
1584,L48763,L,104.7834012,308.4,1310,61,2.292059423,189,0,0,0,1,0,298.2
1413,M16272,M,397.78388,309.9,1415,53.2,1.518548837,194,0,0,0,0,0,298.8
4112,M18971,M,295.2499863,310.6,1563,41,8.877013321,184,0,0,0,0,0,302
7653,L54832,L,375.1775418,311.4,1346,51.1,5.994702501,147,0,0,0,0,0,300.3
6694,M21553,M,279.5234767,311,1756,26.7,5.658467369,33,0,0,0,0,0,301.8
1723,M16582,M,144.9607459,307.7,1952,21.6,4.218726689,93,,0,0,0,0,298.2
2025,M16884,M,353.1489401,308.6,1722,24.7,2.513837937,64,0,0,0,0,0,298.7
2213,L49392,L,170.3350054,309.1,1475,40,3.641413511,123,0,0,0,0,0,299.7
1508,M16367,M,177.4287266,308.6,1376,55.7,3.52676819,214,0,0,0,0,0,298
2623,M17482,M,365.8981604,309.4,1642,30.3,2.029189818,80,0,0,0,0,0,299.6
5291,L52470,L,386.3891874,313.3,1526,,4.404914378,164,0,0,0,0,0,303.9
9129,M23988,M,209.1199859,308.6,1486,45.9,6.321860452,78,0,0,0,0,0,297.5
1322,L48501,L,307.4297929,310.2,1362,53,8.698227655,185,0,0,0,0,0,298.9
843,M15702,M,251.4200391,307.5,1566,35,9.694903156,201,0,0,0,0,0,296.6
1147,L48326,L,379.747792,307.9,1529,42.2,7.140665249,157,,0,0,0,0,297
3625,M18484,M,241.3708028,311.4,1587,35.9,5.620611927,30,0,0,0,0,0,302
4281,L51460,L,329.4848442,310.1,1753,28.9,6.801837962,176,0,0,0,0,0,302.1
9011,L56190,L,367.0361034,307.9,1441,40,5.71640328,195,0,0,0,0,0,
8987,M23846,M,242.0475052,307.8,1443,43.9,9.638768013,137,0,0,0,0,0,297.1
4682,M19541,M,133.9785302,311.8,1659,34.7,3.886558549,94,0,0,0,0,0,303.6
464,L47643,L,213.3865595,308.7,2874,4.2,6.25684523,118,0,0,1,0,0,297.4
1755,M16614,M,100.0483849,307.4,1463,46.5,6.153225077,182,0,0,0,0,0,298
3937,L51116,L,368.950599,311.5,1985,,4.699382204,190,0,0,0,0,0,302.5
7934,L55113,L,130.5363781,311.8,1928,21.8,5.975917554,209,0,0,0,0,0,300.8
9461,M24320,M,152.4838466,309.2,1399,45.2,1.316162725,125,0,0,0,0,0,298.4
4402,H33815,H,217.6890207,310,1468,43.6,3.052145481,38,0,0,0,0,0,302.2
4701,L51880,L,211.6680669,311.7,1620,31,8.401997252,141,0,0,0,0,0,
8992,M23851,M,390.900905,308,1598,29.4,7.543153559,148,0,0,0,0,0,297.3
379,L47558,L,169.5418742,308.2,1754,29.4,3.809564838,123,0,0,0,0,0,297.3
3107,L50286,L,219.8586464,309.1,1485,39.9,5.8601519,207,0,0,0,0,0,299.8
8216,L55395,L,204.1188264,310.5,1437,43.1,6.520786596,40,0,0,0,0,0,299.1
1336,L48515,L,334.3619118,310.4,1371,53.8,3.944289265,228,0,0,0,1,0,299
1224,L48403,L,365.6365589,308.3,1492,,6.6273415,137,0,0,0,0,0,297
3849,L51028,L,172.4932545,310.9,1720,28.1,5.237007256,178,0,0,0,0,0,302.3
2717,L49896,L,249.1273162,309,1498,44.6,2.066910867,101,0,0,0,0,0,299.5
6838,M21697,M,140.11085,311,1423,38.6,5.649609061,199,0,0,0,0,0,301
2953,H32366,H,182.056121,309.5,1667,30.5,7.484964467,29,0,0,0,0,0,300.7
1351,L48530,L,200.4070077,310.2,1436,47.5,4.573851172,32,0,0,0,0,0,298.7
1083,H30496,H,199.4106719,307.9,1420,,3.928784422,192,0,0,0,0,0,297.1
6454,L53633,L,206.9306779,310.2,1807,24.2,3.645366753,77,0,0,0,0,0,300.7
1812,M16671,M,229.8233485,307.8,1569,31.2,3.930424922,131,0,0,0,0,0,298.1
4122,M18981,M,347.1003068,310.7,1364,47.8,7.97275056,213,0,1,0,0,0,302.1
1352,L48531,L,375.512322,310.2,1525,43.7,6.81533472,34,0,0,0,0,0,298.7
7818,H37231,H,247.5521903,311.3,1785,25.4,9.000706262,139,,0,0,0,0,299.8
8797,L55976,L,124.160527,308.3,1796,23.8,2.951788534,61,0,0,0,0,0,297.2
1895,H31308,H,207.092536,307.5,1880,23.3,7.536179421,146,0,0,0,0,0,297.9
6640,L53819,L,287.3172874,310.5,1380,48.4,8.168104254,131,0,0,0,0,0,301.4
566,H29979,H,198.9549207,309.7,1570,35.8,2.523458943,160,0,0,0,0,0,297.7
3904,H33317,H,387.1766308,311.1,1476,39.6,4.392988392,96,0,0,0,0,0,302.2
7101,L54280,L,115.8862072,310.2,1569,32.8,6.459806586,31,,0,0,0,0,300.7
3674,H33087,H,332.9310112,311.7,1449,44.5,7.757982392,152,0,0,0,0,0,302.3
4367,L51546,L,303.9200219,309.9,1388,51.4,7.845782762,183,0,0,0,0,0,302
7546,L54725,L,133.8800954,311.4,1891,,6.524766614,86,0,0,0,0,0,300.2
1213,L48392,L,289.6593263,307.9,1359,56.5,3.842010198,110,0,0,0,0,0,296.9
1190,M16049,M,107.0617593,308.3,1794,27.5,3.503044608,38,0,0,0,0,0,297.2
3956,L51135,L,180.5681947,311.5,1448,,1.453134262,28,0,0,0,0,0,302.3
899,L48078,L,211.4213496,306.2,1446,49.9,1.654159378,133,0,0,0,0,0,295.6
4787,L51966,L,336.1270676,312.6,1577,41.3,5.872565107,134,0,0,0,0,0,303.8
8093,M22952,M,197.8990682,311.6,1513,40.8,8.457690542,157,0,0,0,0,0,300.2
4603,M19462,M,126.8418592,311,1409,,9.578939301,120,0,0,0,0,0,303
8897,L56076,L,137.3530893,308.7,1638,31.9,3.755239443,131,0,0,0,0,0,297.4
3455,L50634,L,131.2877788,310.4,1918,21.8,7.563031444,9,0,0,0,0,0,301.5
3610,M18469,M,204.2118463,310.9,1644,32.5,5.255009818,201,0,0,0,0,0,301.7
8158,L55337,L,142.5196158,310.8,1498,46.9,8.289626653,116,0,0,0,0,0,299.6
8766,L55945,L,171.4800179,308.8,1353,,3.315498405,188,0,0,0,0,0,297.4
9678,L56857,L,129.0606289,310.1,2033,19.3,9.567612572,15,0,0,0,0,0,299
7573,L54752,L,138.0826812,311.1,1676,28.6,1.299175652,158,0,0,0,0,0,300.3
3910,H33323,H,127.0258392,311.3,1744,30.3,5.372090543,116,0,0,0,0,0,302.3
4029,L51208,L,114.0905284,310.9,1455,43.2,2.34262225,220,0,0,0,0,0,302
3932,M18791,M,138.1645076,311.7,1784,25.1,5.071580698,177,0,0,0,0,0,302.7
2333,L49512,L,327.4077989,308.5,1378,,7.493587392,220,0,0,0,1,0,
7303,L54482,L,380.1220414,310.5,1494,44.2,7.232987206,117,0,0,0,0,0,
2263,L49442,L,310.1892423,308.3,1533,42.4,8.32542982,48,0,0,0,0,0,299.1
9261,L56440,L,321.3833278,309,1377,57.8,7.20051169,8,0,0,0,0,0,298.2
5782,M20641,M,317.0655285,311.1,1618,36.7,3.357140518,115,0,0,0,0,0,301.7
2596,M17455,M,159.8495756,308.6,1486,41.1,4.884705782,13,0,0,0,0,0,298.8
7201,L54380,L,153.1656218,309.9,1608,33.4,7.894528308,76,0,0,0,0,0,300
3594,M18453,M,281.3700263,310.4,1377,44.9,2.974716161,161,0,0,0,0,0,301.6
5217,M20076,M,189.6380019,312.7,1316,51.8,8.125274453,197,0,0,0,0,0,303.7
1031,L48210,L,202.6786068,307.4,1760,28.4,4.253410513,56,0,0,0,0,0,296.3
7434,M22293,M,358.8085573,311.4,1913,21.9,8.208087239,15,,0,0,0,0,300.1
7878,L55057,L,312.6336922,312.3,1420,53.8,2.458986495,67,0,0,0,0,0,300.7
8824,M23683,M,263.0660694,308.8,1447,57.4,6.325308382,134,0,0,0,0,0,297.3
8237,L55416,L,228.5214169,310.6,1498,41.1,2.479608758,88,0,0,0,0,0,
5734,L52913,L,383.0706925,311.8,1487,43.2,4.853490728,206,0,0,0,0,0,302.3
5379,L52558,L,293.1766797,312.4,1550,36.9,6.413810355,194,0,0,0,0,0,302.9
7763,M22622,M,340.5472753,311.5,1400,43.8,8.364955372,0,0,0,0,0,0,300.3
1756,L48935,L,381.4230458,307.3,1424,46.5,4.57123472,185,0,0,0,0,0,
7356,L54535,L,173.0329371,310.2,1588,34.1,8.339307047,38,0,0,0,0,0,299.6
4162,H33575,H,138.9020938,310.3,1653,32.4,5.077703637,100,0,0,0,0,0,301.9
232,L47411,L,334.3887566,308.4,1408,43.1,1.159547838,177,0,0,0,0,0,298.3
8105,L55284,L,396.9845921,311.9,1692,31.5,9.900924101,187,0,0,0,0,0,300.3
111,L47290,L,241.7482149,308.6,1872,22.5,2.570787445,82,0,0,0,0,0,298.8
5458,M20317,M,211.4245809,312.5,1602,33.7,7.785389387,135,0,0,0,0,0,303
6709,M21568,M,253.6140921,310.6,1464,37.4,3.984225564,74,0,0,0,0,0,301.4
2515,L49694,L,389.6417653,308.6,2069,18.7,6.921788097,27,0,0,0,0,0,298.9
5962,L53141,L,165.248195,310.7,1539,32.3,6.066945462,123,0,0,0,0,0,300.3
4280,L51459,L,330.6715802,310.1,1361,45.4,5.016714334,174,0,1,0,0,0,302
4721,M19580,M,314.5755609,311.7,1353,44.1,2.578256464,192,0,1,0,0,0,303.4
2918,L50097,L,380.0582443,309.5,1516,39,7.137956429,142,0,0,0,0,0,300.6
9391,M24250,M,343.3871413,308,1560,39,9.445691718,141,0,0,0,0,0,297.5
2993,M17852,M,112.8477767,309.7,1685,29.4,5.897147432,140,0,0,0,0,0,300.5
2318,L49497,L,381.9061264,308.8,1605,31.1,4.389833719,181,0,0,0,0,0,299.2
4848,L52027,L,189.8793199,311.9,1434,44.6,3.873608339,78,0,0,0,0,0,303.4
4293,M19152,M,170.2201689,310.1,2372,13.9,6.525032597,205,0,0,1,0,0,301.8
6992,L54171,L,253.5383657,311.1,1509,,2.546262151,172,0,0,0,0,0,300.8
1516,M16375,M,164.6978892,308.9,1614,35.5,5.782288529,15,0,0,0,0,0,298.2
217,L47396,L,304.6968447,308.6,1499,38.3,5.060555221,142,0,0,0,0,0,298.3
9214,L56393,L,160.1478009,309,1679,32.4,5.046203173,90,0,0,0,0,0,298
9062,M23921,M,273.2076908,308.4,1863,26,8.083835203,110,0,0,0,0,0,297.2
8418,H37831,H,246.5553318,310.1,1704,30.7,5.322855973,150,0,0,0,0,0,298.8
2264,M17123,M,377.7820656,308.4,1529,43,4.343926577,50,0,0,0,0,0,299.2
5327,M20186,M,111.1238705,312.7,1420,,8.481760959,42,0,0,0,0,0,303.5
6841,L54020,L,110.1695769,311.1,1799,21.7,4.377912927,206,0,0,0,0,0,301.1
8499,L55678,L,349.0068817,309.6,1479,37.8,3.199464641,144,0,0,0,0,0,298.4
6011,H35424,H,184.5350622,310.7,1428,43.4,6.596584817,26,0,0,0,0,0,300.7
894,M15753,M,182.0236082,306.2,1423,42.5,3.655473735,121,0,0,0,0,0,295.7
1491,L48670,L,213.6685014,309,1341,43.8,1.602114056,171,0,0,0,0,0,298.2
3004,M17863,M,284.3683623,309.9,1449,42.4,9.941878281,169,0,0,0,0,0,300.6
1851,M16710,M,372.5493491,307.2,1372,52.8,9.742977996,33,0,0,0,0,0,297.7
5200,L52379,L,222.8754628,312.8,1503,40,1.008114811,154,0,0,0,0,0,
6381,L53560,L,226.6290744,309.8,1430,55,7.030762382,102,0,0,0,0,0,300.2
325,M15184,M,335.1992973,308.5,1488,41.9,6.751504791,196,0,0,0,0,0,297.8
1216,L48395,L,250.9320887,307.9,1709,28.4,5.964533099,118,,0,0,0,0,296.8
2900,L50079,L,383.3730821,309.4,1410,40.6,7.34360651,99,0,0,0,0,0,300.6
2934,M17793,M,149.2265831,309.7,1751,,4.270867109,183,0,0,0,0,0,300.8
3659,M18518,M,119.9224619,311.5,1449,44.5,2.531903264,113,0,0,0,0,0,302.2
8679,L55858,L,336.9594309,308.5,1514,44.5,5.868491598,177,0,0,0,0,0,297.3
6674,L53853,L,157.4098148,310.7,1380,,1.921884166,216,0,0,0,1,0,301.6
7973,L55152,L,215.7019748,312.2,1397,,9.008126301,81,0,0,0,0,0,301.1
8587,H38000,H,293.3704727,307.9,1461,37.5,7.540924197,161,0,0,0,0,0,297.3
6170,L53349,L,276.6038928,310.5,1448,,8.44705756,218,0,0,0,0,0,300.7
9725,M24584,M,105.77397,309.7,2098,19,6.145824293,133,,0,0,0,0,298.8
1130,L48309,L,135.6939606,307.9,1690,29.6,8.753202331,119,0,0,0,0,0,296.7
8857,M23716,M,293.664751,308.9,1327,63.7,9.888537855,21,0,0,0,0,0,297.7
2919,M17778,M,203.232948,309.5,1492,34,1.045221247,144,0,0,0,0,0,300.6
3903,L51082,L,109.156357,311.1,1630,34.6,5.543720514,94,0,0,0,0,0,302.2
7948,L55127,L,237.3764804,311.7,1426,45.5,4.593314488,16,0,0,0,0,0,300.8
9098,L56277,L,134.4606665,308.1,1642,36.9,5.89159289,206,0,0,0,0,0,297.3
3828,M18687,M,239.1868462,310.9,1469,41.6,9.665571787,124,0,0,0,0,0,302.4
4924,M19783,M,167.9678148,312.2,1972,23.5,8.220780314,59,0,0,0,0,,303.4
209,L47388,L,345.3502564,308.6,1591,36.7,9.77578173,122,0,0,0,0,0,298.4
3255,M18114,M,326.8934777,309.7,1288,58.4,1.096798654,162,0,0,0,0,0,301
2796,M17655,M,238.8849138,309.5,1405,49.4,4.484934966,77,0,0,0,0,0,300.3
5107,L52286,L,261.3449982,313.3,1519,36.7,7.523738609,117,0,0,0,0,0,304
9012,M23871,M,122.8208258,307.9,1530,35.9,9.520719767,197,0,0,0,0,0,297.2
799,M15658,M,164.5952413,307.8,1828,24.6,3.577557184,91,0,0,0,0,0,296.9
9106,M23965,M,169.453654,308.2,1677,34.9,7.894201091,21,0,0,0,0,0,297.3
735,H30148,H,311.5301436,308.4,1305,54.6,1.706276751,168,0,0,0,0,0,297
2245,M17104,M,250.5953302,308.4,1542,37.5,3.638279923,203,1,0,0,0,0,299.3
179,L47358,L,119.3838599,308.2,1436,50.2,6.894011622,43,0,0,0,0,0,298.2
5831,M20690,M,162.8693033,311.2,1438,42.4,8.369078046,7,0,0,0,0,0,301.3
7009,L54188,L,334.3538129,310.6,1368,49.6,7.841920548,10,0,0,0,0,0,300.5
1175,M16034,M,374.3721652,308.1,1352,44.4,6.971276605,0,0,0,0,0,0,297.1
6643,L53822,L,380.4785043,310.6,1431,37.5,3.680782735,137,,0,0,0,0,301.6
5849,L53028,L,165.971781,311.3,2323,15.9,2.850735673,50,0,0,0,0,0,301.4
1832,M16691,M,330.5896594,307.3,1315,54,5.829977768,180,0,0,0,0,0,297.8
7996,L55175,L,336.2827333,312.2,1776,28.8,9.857364278,138,,0,0,0,0,301
9280,M24139,M,108.6109412,308.8,1645,28.2,3.223683704,58,0,0,0,0,0,298.2
7898,L55077,L,254.3156436,312.5,1434,50.7,7.387489082,121,0,0,0,0,0,300.8
8598,L55777,L,244.0873699,308.3,1410,47,5.175660813,191,0,0,0,0,0,297.6
8523,H37936,H,229.2603422,309.4,1631,29.8,8.005422641,0,0,0,0,0,0,298.3
199,L47378,L,117.4226724,308.7,1588,35,3.877928018,99,,0,0,0,0,298.4
7929,L55108,L,158.6893397,311.7,1497,43.6,9.217556442,198,0,0,0,0,0,300.6
7077,L54256,L,213.2156384,310.5,1960,21,6.329525476,194,0,0,0,0,0,300.7
9285,L56464,L,389.6370159,308.9,1683,31.7,8.267337927,74,0,0,0,0,0,298.2
1098,H30511,H,230.9601153,307.5,1397,48.3,2.024272404,22,0,0,0,0,0,296.9
549,L47728,L,294.573941,309.3,1332,53.2,6.781377957,115,0,0,0,0,0,297.4
6909,L54088,L,230.0947473,311.3,1613,32.7,3.798012906,170,0,0,0,0,0,300.9
8230,L55409,L,315.1287297,310.5,1739,27.4,7.466401792,72,0,0,0,0,0,299.1
4707,L51886,L,187.7005649,311.7,1959,22.3,7.336846458,157,0,0,0,0,0,303.5
6913,M21772,M,341.3436451,311.2,1634,31.9,2.039526478,178,0,0,0,0,0,300.8
3370,L50549,L,114.5981697,310.9,2760,8,6.789490898,15,0,0,1,0,0,301.5
7584,L54763,L,165.3233787,311.1,1480,46.6,8.840798714,185,0,0,0,0,0,300.3
2533,L49712,L,249.4929147,308.7,1389,44.9,4.551416174,69,0,0,0,0,0,298.9
4056,L51235,L,105.5491671,311,1865,22.7,5.242719793,48,0,0,0,0,0,302
2315,L49494,L,272.136438,308.9,1368,47.2,6.689024411,175,0,0,0,0,0,299.2
6654,M21513,M,298.3757965,310.3,1610,29.1,3.064238201,166,0,0,0,0,0,301.4
6886,L54065,L,195.3556446,311.2,1397,48.7,6.8284748,111,0,0,0,0,0,300.8
5938,M20797,M,248.5466362,310.5,1462,41.3,9.301566354,68,0,0,0,0,0,300.6
2816,M17675,M,251.622856,309.4,1569,31.6,6.566202889,124,0,0,0,0,0,300.1
3438,L50617,L,125.6231688,310.5,2297,15.8,1.025895288,191,0,0,0,0,0,301.5
3881,L51060,L,245.1994506,311.6,1595,29.5,6.71496296,35,0,0,0,0,0,302.5
4158,L51337,L,194.0228369,310.5,1263,60.6,3.945239296,90,0,1,0,0,0,302
67,M14926,M,130.6248717,308.9,1679,28.7,6.816108606,181,0,0,0,0,0,298.9
7867,L55046,L,261.7290483,311.9,1431,49.4,3.837036487,37,0,0,0,0,0,300.5
617,H30030,H,364.3437714,309.9,1686,29.1,5.071087346,60,0,0,0,0,0,298.1
1119,L48298,L,169.8384067,307.5,1443,41.8,1.254953921,87,0,0,0,0,0,296.5
3261,M18120,M,275.2471915,310,2068,17.8,6.215933168,176,,0,0,0,0,301.3
3402,M18261,M,183.7162329,310.7,1617,34.3,6.082370429,101,0,0,0,0,0,301.4
3693,L50872,L,356.204082,311.3,1758,24.4,7.081509452,200,0,0,0,0,0,302.1
938,L48117,L,190.228456,306.2,1263,61.8,2.515749499,27,0,0,0,0,0,295.6
6605,M21464,M,270.4867365,310.6,1573,37.4,9.972629573,37,0,0,0,0,0,301.5
2573,M17432,M,240.2552444,309.1,1352,44.7,7.260754095,172,0,0,0,0,0,299.4
7537,L54716,L,351.4293573,311.3,2579,12.5,9.34046884,64,0,0,1,0,0,300.1
6325,M21184,M,328.9796611,310.1,1367,52.6,5.194371317,167,0,0,0,0,0,300.7
623,M15482,M,304.9223769,310.2,1725,32,5.519498176,80,0,0,0,0,0,298.4
1682,M16541,M,186.606927,307.3,1804,26,9.310607098,222,0,0,0,0,,297.8
2127,L49306,L,337.1965246,309,1449,46.5,8.238378827,121,0,0,0,0,0,299.3
788,L47967,L,222.1422707,308.1,1435,45.3,7.92983994,62,0,0,0,0,0,296.9
3333,M18192,M,260.6516533,310.8,1671,31.6,5.24729963,137,0,0,0,0,0,301.7
7237,M22096,M,338.1557641,310,1460,37.1,6.636340698,169,0,0,0,0,0,299.8
1093,M15952,M,155.9748406,307.6,1685,32,2.69719987,10,0,0,0,0,0,296.9
9104,L56283,L,102.6487264,308.2,1490,41,9.562918224,16,0,0,0,0,0,297.3
5021,L52200,L,267.9271892,313.1,1556,36.3,5.63215614,86,,0,0,0,0,304.1
9354,L56533,L,204.041386,308.8,1345,44.3,7.058662497,37,0,0,0,0,0,298.2
5945,M20804,M,197.9801986,310.6,1484,38,8.069112166,84,0,0,0,0,0,300.7
3281,M18140,M,228.0806582,309.9,1456,50.8,2.172858029,15,0,0,0,0,0,301.2
8187,L55366,L,349.3682159,311,1827,25.4,8.041471263,194,0,0,0,0,0,299.7
2202,L49381,L,199.2643402,309,1567,36.1,1.9245979,95,0,0,0,0,0,299.8
1161,H30574,H,189.7172249,307.7,1834,23.8,6.740479931,195,0,0,0,0,0,297
5582,M20441,M,260.3886767,312.1,1454,47.6,9.69741626,37,0,0,0,0,0,302.5
3593,H33006,H,391.0804357,310.4,1369,45.4,1.663364123,156,0,0,0,0,0,301.6
3953,L51132,L,205.6234058,311.4,1476,37.3,7.266555569,20,0,0,0,0,0,302.3
9692,L56871,L,269.4761105,310,1582,31.9,2.190804387,51,0,0,0,0,0,299
6248,L53427,L,287.9429202,310.2,1492,46.3,4.840164876,187,0,0,0,0,0,300.8
4154,M19013,M,124.5277847,310.4,1212,55.6,1.101237224,79,0,1,0,0,0,302
479,L47658,L,321.9902853,309,1833,22.6,5.979531673,161,0,0,0,0,0,297.4
1353,M16212,M,365.5776611,310.2,1598,33.3,6.992405499,36,0,0,0,0,0,298.7
4310,M19169,M,169.0495563,309.9,1501,39.5,5.804462242,27,0,0,0,0,0,301.3
5699,L52878,L,398.955832,311.9,1265,59.8,2.681217808,119,0,0,0,0,0,302.5
2648,L49827,L,128.3433202,309.4,1408,45.6,4.269446187,156,0,0,0,0,0,299.8
8461,L55640,L,383.712992,309.9,1372,54.7,3.120905129,44,0,0,0,0,0,298.7
8199,M23058,M,215.7130003,310.7,1374,48.9,5.069628059,222,0,0,0,0,0,299.3
7690,L54869,L,233.2261501,311.7,1432,39.2,5.141222344,2,,0,0,0,0,
9258,M24117,M,394.5886568,309.1,1296,58.7,7.97627139,201,0,0,0,0,0,298.3
2590,L49769,L,388.7055546,308.7,2250,16.6,9.893307738,208,0,0,0,0,0,299
1034,H30447,H,227.9431851,307.5,1556,38,1.806050161,62,0,0,0,0,0,296.4
4687,M19546,M,341.4343445,311.6,1562,34.2,2.290256341,107,0,0,0,0,0,303.5
5012,M19871,M,170.6396693,312.8,1634,33.8,8.363537591,63,0,0,0,0,0,
2599,L49778,L,390.7614747,308.8,1320,67.5,9.950721706,20,,0,1,0,0,299.1
5820,L52999,L,278.8372953,311,1418,41.9,7.73369321,208,0,0,0,0,0,301.3
4609,M19468,M,288.3359233,311.2,1519,38,4.719031539,139,0,0,0,0,0,303
8471,L55650,L,341.1790014,309.9,1464,38,2.380284472,74,0,0,0,0,0,
9041,L56220,L,127.6679219,308.3,1550,37,6.615991564,54,0,0,0,0,0,297.3
7451,L54630,L,267.7672543,311.8,1451,41,8.77322857,55,0,0,0,0,0,300.3
4672,L51851,L,253.4604361,311.4,1511,43.4,8.319838756,65,0,0,0,0,0,
5584,L52763,L,115.4657722,312,1673,29.9,5.791643491,42,0,0,0,0,0,302.5
3718,H33131,H,298.6550959,311.4,1443,44.1,1.919227815,51,0,0,0,0,0,302.3
9328,L56507,L,372.690125,309.2,1504,33.7,5.648977092,182,0,0,0,0,0,298.5
3929,L51108,L,323.4418458,311.5,1442,59.8,2.217145667,169,0,0,1,0,0,302.6
3618,L50797,L,293.079252,311,1529,41.6,1.058068322,12,0,0,0,0,0,301.8
1426,L48605,L,126.9455829,309.7,1356,54,4.444062694,6,0,0,0,0,0,298.6
9379,L56558,L,326.8962272,308.3,1816,28.8,9.152444241,106,0,0,0,0,0,297.6
2920,L50099,L,261.7156533,309.6,1726,30,2.796891141,147,0,0,0,0,0,300.6
3820,L50999,L,278.5211124,310.7,1567,36.4,9.862993877,100,0,0,0,0,0,302.2
1872,L49051,L,346.8464222,308.1,1840,21.5,6.620711754,88,0,0,0,0,0,298.3
5488,M20347,M,369.0567623,312.1,1611,39.9,5.674368336,210,0,0,0,0,0,302.6
481,L47660,L,131.3665353,309,1583,32,4.149190946,166,0,0,0,0,0,297.4
5973,L53152,L,382.7716085,310.8,1445,46.6,9.899065584,155,0,0,0,0,0,300.5
9601,M24460,M,283.0712356,310,1561,45.3,3.821019744,58,0,0,0,0,0,298.9
2889,M17748,M,341.9226269,309.6,1365,50,8.792927264,70,0,0,0,0,0,300.6
6687,L53866,L,176.5182006,311,1715,24.8,7.938984189,17,0,0,0,0,0,301.7
6316,M21175,M,173.184782,310.4,1517,46.1,5.159850791,145,,0,0,0,0,301
528,M15387,M,230.7015173,309.6,1592,35.8,2.735136585,57,0,0,0,0,0,297.6
4130,M18989,M,184.4596555,310.3,1666,32.7,6.703678627,19,0,0,0,0,0,301.8
723,L47902,L,290.8839449,308.9,1427,,9.55511321,135,0,0,0,0,0,297.5
5121,M19980,M,177.8186426,313.6,1424,43.7,8.767359611,151,0,0,0,0,0,304.2
4723,M19582,M,228.5769116,311.8,1391,42.7,8.192594091,197,0,0,0,0,0,303.4
221,L47400,L,192.2959793,308.5,1416,52.7,7.099715149,151,0,0,0,0,0,298.3
9189,L56368,L,304.9391888,309,1502,40.2,2.494114997,30,0,0,0,0,0,297.9
1936,M16795,M,309.2897837,307.9,1377,55.1,5.634112455,42,0,0,0,0,0,298.1
345,M15204,M,219.2623615,308.2,2448,13.8,5.840508343,29,0,0,0,0,0,297.5
8333,L55512,L,203.0611279,309.7,1529,44,3.182951704,136,0,0,0,0,0,298.8
9675,L56854,L,225.11768,310.2,1695,29.6,5.636543822,8,0,0,0,0,0,299.1
4484,L51663,L,194.9143232,310.4,1489,42.7,6.161185024,33,0,0,0,0,0,302.7
9707,M24566,M,225.4407698,310.1,1705,30.1,4.98865505,84,0,0,0,0,0,299
8487,M23346,M,137.0256943,309.5,1501,40.2,7.772712519,114,0,0,0,0,0,298.5
9217,H38630,H,115.5136762,308.8,1469,43.7,2.190033592,96,0,0,0,0,0,297.7
6904,M21763,M,268.6147733,311.6,1609,35.8,6.509829874,156,0,0,0,0,0,301
9155,L56334,L,133.8460675,308.6,1596,,2.648939645,141,,0,0,0,0,
5961,L53140,L,253.4854806,310.7,1606,33.5,4.162758492,121,0,0,0,0,0,300.5
7035,H36448,H,131.0176761,310.6,1830,26.2,7.012026649,78,0,0,0,0,,300.6
6052,L53231,L,300.9889597,311,1382,51.2,4.610897229,136,0,0,0,0,0,300.9
2392,L49571,L,155.8387214,308.4,1580,32.6,3.936997516,142,0,0,0,0,0,299.2
7182,L54361,L,201.0091412,310.3,1331,52.1,3.722884126,30,0,0,0,0,0,300.2
4329,L51508,L,263.3151136,310.1,1326,48.2,7.056954422,77,0,1,0,0,0,301.6
6453,L53632,L,274.8992173,310.1,1376,50.8,6.262969339,75,0,0,0,0,0,300.7
1984,M16843,M,326.9727392,307.6,1459,44.4,5.954053034,163,0,0,0,0,0,298
8247,L55426,L,341.4314896,310.3,1552,39.9,8.31847206,114,0,0,0,0,0,299
1555,M16414,M,134.0411494,308.7,1584,31.7,2.821703694,117,0,0,0,0,0,298.4
4851,L52030,L,264.5709267,312,1441,56.8,2.407979168,88,0,0,0,0,0,303.5
9096,L56275,L,177.3179826,308.1,1458,45.7,7.601156719,202,0,0,0,0,0,297.3
9923,H39336,H,113.9491471,308.8,1566,39.1,5.355973262,36,0,0,0,0,0,298.6
7533,M22392,M,370.0853055,311.3,1629,32.1,6.446632953,55,0,0,0,0,0,300
6854,L54033,,211.1898289,311.1,1417,40.7,8.475204094,24,0,0,0,0,0,300.9
4642,H34055,H,238.6469054,311.3,1494,42.7,5.741611688,221,0,0,0,0,0,303.1
2882,M17741,M,101.4529969,309.6,1588,37,9.966838375,50,0,0,0,0,0,300.6
1678,M16537,M,144.2086721,307.5,1647,30.8,7.537536518,212,0,0,0,0,0,297.9
4886,H34299,H,397.2595038,312.5,1748,25.1,2.655610575,175,0,0,0,0,0,303.8
1965,M16824,M,310.2656621,307.5,1405,46.9,8.249420652,113,0,0,0,0,0,297.8
902,H30315,H,184.9393986,306.1,1256,62.3,7.428554303,142,0,0,0,0,0,295.6
7131,L54310,L,237.5123537,309.9,1428,48.8,2.492831461,109,0,0,0,0,0,300.6
3069,H32482,H,148.8345226,309,1622,31.8,7.021970522,103,0,0,0,0,0,300
2297,L49476,L,240.109866,308.7,1553,42.7,5.592836978,128,0,0,0,0,0,299.4
6238,L53417,L,166.0053798,310.9,1414,38.8,2.097162517,162,0,0,0,0,0,301.4
5863,L53042,L,201.763575,311,1470,40.6,4.959653504,86,0,0,0,0,0,301.4
297,L47476,L,334.961896,308.5,1395,46.2,9.422329974,122,0,0,0,0,0,298
8779,L55958,L,117.8010666,308.7,1454,45,8.577625689,19,0,0,0,0,0,297.5
58,L47237,L,123.5107495,309.1,1513,40.3,5.268970873,160,0,0,0,0,0,298.8
7243,H36656,H,356.5565569,310.1,1447,51.4,6.187728626,185,0,0,0,0,0,299.9
4386,L51565,L,205.3007332,309.7,1442,45.3,8.254454732,233,1,0,0,0,0,301.8
2985,L50164,L,339.7532994,309.7,1639,30.4,8.744708873,121,0,0,0,0,0,
28,H29441,H,253.4069456,309.4,1811,24.6,2.280439437,77,0,0,0,0,0,299.1
4408,L51587,L,270.213892,310.2,1394,55.4,4.070370759,57,0,0,0,0,0,302.3
9878,L57057,L,269.4230376,309.7,1374,58.6,4.447152772,123,0,0,0,0,0,298.8
2677,L49856,L,271.8729996,309.3,1592,34.2,1.036943848,8,0,0,0,0,0,299.7
8546,L55725,L,184.7346992,309.3,1806,27.6,5.436839325,64,0,0,0,0,0,298.4
5263,L52442,L,259.3787376,312.8,1449,43.9,7.956341619,94,,0,0,0,0,
5842,M20701,M,247.1787031,311.1,1678,30.7,5.644022825,34,0,0,0,0,0,301.3
7022,H36435,H,392.8907448,310.6,1631,32.6,7.245238308,43,0,0,0,0,0,300.7
3249,M18108,M,145.5933807,309.7,1511,39.3,3.048312875,146,0,0,0,0,0,301
5668,L52847,L,343.7811417,311.4,2080,19.2,4.470803874,31,0,0,0,0,0,302.2
3885,H33298,H,345.255279,311.5,1626,36,6.415215863,44,0,0,0,0,0,302.5
7664,L54843,L,390.0825213,311.6,1385,54.8,6.011774905,173,0,0,0,0,0,300.5
296,M15155,M,108.0188815,308.6,1716,30.7,7.509160595,119,0,0,0,0,0,298.1
3162,L50341,L,290.7279077,309.8,1314,63.1,1.074436183,146,,0,0,0,0,300.4
2581,L49760,L,138.8302444,309.1,1293,53.7,5.933620743,189,0,0,0,0,0,299.3
3871,L51050,L,287.6363005,311.8,1461,46.1,3.735552341,10,0,0,0,0,0,302.7
9211,M24070,M,262.0038606,309,2456,13.9,4.082974537,82,0,0,0,0,0,297.9
4405,M19264,M,216.0467235,310.2,1485,45.9,6.171410365,50,0,0,0,0,0,302.4
6953,L54132,L,183.0492204,311.3,1498,40.2,1.66560841,73,0,0,0,0,0,300.8
649,H30062,H,242.5953374,309.3,1400,48.9,1.815166134,147,0,0,0,0,0,297.7
1371,L48550,L,184.7814138,310.3,1451,40,5.077133096,86,0,0,0,0,0,298.7
9856,L57035,L,391.4779261,309.6,1516,,8.758614775,61,0,0,0,0,0,298.7
6993,L54172,L,188.2820629,311,1596,36.9,2.148809219,174,0,0,0,0,0,300.7
5533,L52712,L,204.9306405,311.8,1476,46.6,1.987878033,110,0,0,0,0,0,302.4
9621,L56800,L,179.2916678,310,1470,45.9,8.469740405,109,0,0,0,0,0,298.9
5709,L52888,L,355.425698,311.7,1611,38.6,2.143969639,143,0,0,0,0,0,302.3
4210,M19069,M,315.0806012,310.8,1422,47,8.797473998,3,0,0,0,0,0,302.2
682,M15541,M,245.1419969,309,1656,33.2,7.871839168,20,0,0,0,0,0,297.7
435,M15294,M,281.8488647,308.5,1484,44.7,9.808587924,40,0,0,0,0,0,297.5
9310,L56489,L,376.2506879,309.2,1562,37.6,4.758075008,137,0,0,0,0,0,298.3
4825,L52004,L,254.9534198,311.8,1499,45,7.283729308,16,0,0,0,0,0,303.4
9762,L56941,L,329.9609192,309.7,1703,26.1,5.093200143,5,0,0,0,0,0,
3160,H32573,H,255.6858008,309.8,1409,47.5,3.70867072,138,0,0,0,0,0,300.4
1490,M16349,M,154.5203385,309,1723,26.6,9.282807338,168,,0,0,0,0,298.2
2988,M17847,M,332.3722636,309.8,1659,28.9,5.674967483,127,0,0,0,0,0,300.6
813,L47992,L,115.0052636,307.6,1338,44.4,1.736651911,128,0,0,0,0,0,296.8
1883,M16742,M,208.5275554,307.6,1581,43.4,6.647136583,113,0,0,0,0,0,298
9268,L56447,L,197.871465,308.8,1362,57.3,5.35194104,28,0,0,0,0,0,298.2
4937,L52116,L,256.9324735,312.4,1284,70.6,3.668691588,94,0,0,1,0,0,303.5
9936,L57115,L,386.8205581,308.3,1452,48.5,2.462067522,73,0,0,0,0,0,298.4
1941,L49120,L,124.5532579,307.9,1578,35.6,7.115129758,55,0,0,0,0,0,298.1
3297,M18156,M,232.6332751,310.3,1379,43.2,7.01780365,56,0,0,0,0,0,301.2
3535,M18394,M,172.2068093,311.1,1769,26,4.190487903,10,0,0,0,0,0,302
4526,M19385,M,249.4192442,310.4,1463,42.2,2.186245598,139,0,0,0,0,0,302.4
3730,M18589,M,290.1939179,311.3,1312,61.5,6.989042626,85,0,0,0,0,0,302.4
7016,L54195,L,321.9853711,310.5,1452,42.9,2.238429618,29,0,0,0,0,0,300.5
1613,M16472,M,242.4970744,307.9,1540,39.8,7.998364963,38,0,0,0,0,0,297.9
1182,L48361,L,295.4135349,308.3,1379,,8.434956013,21,0,0,0,0,0,297.2
1376,M16235,M,109.5594391,310.3,1528,37.1,1.527534795,99,0,0,0,0,0,298.8
9225,L56404,L,283.3045984,309,1450,46.8,9.787513333,118,0,0,0,0,0,297.9
3947,M18806,M,155.1478618,311.3,1658,31,2.456732708,2,0,0,0,0,0,302.2
7211,M22070,M,347.4637449,309.6,1331,50.2,3.088305755,98,0,0,0,0,0,299.8
5212,L52391,L,367.1065779,312.5,1433,53.6,8.329255783,185,0,0,0,0,0,303.7
64,M14923,M,389.0593375,309,1812,25.9,8.262872074,174,0,0,0,0,0,
627,L47806,L,296.1557568,310.1,1533,,2.702817955,92,0,0,0,0,0,298.4
4422,L51601,L,196.8844271,310.2,1325,62.4,5.220751499,92,0,1,0,0,0,302.6
1670,L48849,L,116.5693405,307.9,1544,31.4,2.652998457,192,0,0,0,0,0,298.2
2113,L49292,L,175.0612612,309.1,1852,22.6,3.431439792,77,0,0,0,0,0,299.5
5805,L52984,L,288.9000671,310.9,1365,46.5,9.784730066,172,0,0,0,0,0,301.5
9764,M24623,M,395.6743712,309.6,1635,29.7,1.734561559,9,0,0,0,0,0,298.6
4033,L51212,L,252.5683605,310.8,1383,50.3,9.195922715,231,0,0,0,1,0,302
6546,M21405,M,177.2757826,310.8,1738,30.3,7.644455076,104,0,0,0,0,0,301.4
7949,L55128,L,284.8768066,311.7,1479,39.4,8.527663119,18,0,0,0,0,0,300.8
85,L47264,L,271.3049248,308.9,1422,47.6,3.017045411,15,0,0,0,0,0,298.9
9181,L56360,L,245.0827811,309.1,1507,36.9,4.941669124,13,0,0,0,0,0,297.9
1463,L48642,L,258.6263122,310.2,1706,27.6,4.544988141,103,0,0,0,0,0,
2284,L49463,L,334.5244613,308.5,1387,51.1,1.912514463,98,0,0,0,0,0,299.2
2888,M17747,M,113.0796113,309.5,1691,27.6,6.714429654,67,0,0,0,0,0,300.5
5835,L53014,L,259.7140025,311.3,1434,49.8,2.684421464,16,0,0,0,0,0,301.3
685,L47864,L,142.0607782,309,1538,43.2,7.406335134,30,0,0,0,0,0,297.7
4470,L51649,L,106.8197159,310.5,1446,40.9,7.228446712,211,1,0,0,0,0,302.7
419,L47598,L,394.6160952,308.4,2151,17.7,2.434501764,0,0,0,0,0,0,297.4
5229,M20088,M,329.088221,313.1,1343,61.4,6.857121872,14,0,0,0,0,0,303.9
4254,M19113,M,133.4079338,311,1329,48.6,1.395339788,111,0,1,0,0,0,302.6
2710,L49889,L,176.1206076,309.1,1641,35.8,1.012949103,81,0,0,0,0,0,
2358,L49537,L,346.859007,308.5,1772,26.1,4.079111959,52,,0,0,0,0,299.3
8060,L55239,L,273.8216855,311.6,1540,,5.33845304,71,0,0,0,0,0,300.2
1367,M16226,M,390.7080777,310.1,1368,56.8,5.703683156,72,0,0,0,0,0,298.7
6278,L53457,L,376.0328779,310.8,1461,40.6,2.61295824,47,0,0,0,0,0,301.2
3917,L51096,L,137.7697554,311.6,1453,37,7.378946746,135,0,0,0,0,0,302.6
294,H29707,H,275.2905412,308.5,1392,44.8,2.342895953,111,0,0,0,0,0,
2640,M17499,M,333.9004703,309.4,1412,47.8,1.686964123,130,0,0,0,0,0,299.8
9459,L56638,L,269.6043562,309.1,1417,40.6,9.126547985,121,0,0,0,0,0,298.4
1507,L48686,L,364.5661334,308.8,1610,33.7,5.673940338,212,0,0,0,0,0,298
9038,L56217,L,313.6083437,308.2,1896,24.4,5.726198547,47,0,0,0,0,0,297.3
7394,M22253,M,291.9858387,310.5,1594,,4.586144278,134,0,0,0,0,0,299.7
1635,H31048,H,186.4100873,307.9,1406,58.5,3.152155425,93,0,0,0,0,0,297.9
2458,L49637,L,335.0501604,308.6,1661,32.2,6.136540917,106,0,0,0,0,0,299
9892,L57071,L,251.0523889,309.5,1374,48.1,1.798055998,159,0,0,0,0,0,298.8
5559,L52738,L,163.5082877,311.9,1553,40.1,7.400302193,187,0,0,0,0,0,302.5
9752,L56931,L,392.254756,309.9,1615,28.8,2.10822063,199,0,0,0,0,0,298.6
2301,L49480,L,268.6081226,308.6,1371,50.5,5.212993107,136,0,0,0,0,0,299.3
4538,L51717,L,173.8247773,310.2,1548,35.3,8.384975579,170,0,0,0,0,0,302.3
2939,L50118,L,126.242971,309.5,1479,34.5,8.649339212,197,,0,0,0,0,300.7
1564,L48743,L,368.3221875,308.3,1402,51,7.850586199,141,0,0,0,0,0,298.2
5690,L52869,L,237.2937379,311.8,1543,31.1,8.876579533,96,,0,0,0,0,302.4
8659,L55838,L,185.466819,308.5,1496,36.4,6.068143505,126,0,0,0,0,0,297.4
7518,L54697,L,286.29041,311.7,1445,47.3,5.048818741,15,0,0,0,0,0,300.3
1980,H31393,H,223.5883965,307.6,1420,45.8,1.611533405,150,,0,0,0,0,298
1884,M16743,M,374.1211691,307.6,1472,46.7,1.578090998,116,0,0,0,0,0,298
3804,L50983,L,316.6563038,310.9,1531,37.5,3.068425625,60,0,0,0,0,0,302.2
439,L47618,L,209.7506833,308.4,1341,52.2,9.673159905,49,0,0,0,0,0,297.4
4636,M19495,M,338.1782505,311.2,1614,35.7,8.045951211,207,0,0,0,0,0,303
4529,L51708,L,197.1259899,310.5,1507,39.5,7.831040198,147,0,0,0,0,0,302.5
4333,M19192,M,306.9489291,309.9,1452,41.5,3.887408696,86,0,0,0,0,,301.7
3574,L50753,L,269.5734351,310.6,1452,48.4,8.845282772,110,0,0,0,0,0,301.8
8742,L55921,L,286.5149688,308.8,1538,41.2,8.697802025,126,0,0,0,0,0,297.4
8912,L56091,L,352.9983254,308.3,1773,,7.97426161,169,0,0,0,0,0,
4818,L51997,L,369.2170143,312.1,1674,30.8,6.926584021,0,0,0,0,0,0,303.5
6436,L53615,L,363.0814897,309.9,1621,34.1,1.019012373,36,0,0,0,0,0,300.3
2987,L50166,L,384.6450117,309.8,1455,48,2.836660728,125,0,0,0,0,0,
7839,L55018,L,373.8104394,311.6,1372,49.2,1.022051087,195,0,0,0,0,0,300.2
705,L47884,L,330.5819148,308.9,1516,33.7,1.814618436,92,0,0,0,0,0,297.7
2281,L49460,L,109.3781306,308.8,1390,57,5.695830186,92,0,0,0,0,0,299.4
8735,L55914,L,182.7191502,308.6,1392,41.5,8.645389325,108,0,0,0,0,0,297.2
4148,L51327,L,222.4926842,310.3,1398,44,8.416404118,65,0,0,0,0,0,301.9
5413,L52592,L,134.1338161,312.6,1328,59.9,7.727467225,24,0,0,0,0,0,302.9
374,L47553,L,230.8130569,308.3,1412,42,9.55722628,111,0,0,0,0,0,297.4
6406,L53585,L,188.2175496,309.7,2151,17.5,3.179132735,173,,0,0,0,0,300.1
9224,L56403,L,215.59655,309,1382,43.9,3.682430749,116,0,0,0,0,0,297.9
2586,M17445,M,138.3858196,308.7,1620,35.4,7.750666793,199,0,0,0,0,0,299
1333,L48512,L,267.877742,310.3,1868,24,2.950587682,221,0,0,0,0,0,299
9573,M24432,M,298.7584603,310.8,1405,47.6,4.019347876,192,0,0,0,0,0,299.7
5283,H34696,H,218.1821115,313.2,1381,52.4,8.12265957,140,0,0,0,0,0,303.8
9132,H38545,H,313.9657511,308.6,1463,46.7,9.464500496,85,0,0,0,0,0,297.6
8316,H37729,H,295.023503,309.8,1422,40.7,9.711346929,85,0,0,0,0,0,298.7
9810,M24669,M,352.6875867,309,1353,50.3,4.502246833,150,0,0,0,0,0,298.2
1785,L48964,L,370.3948217,308,2886,3.8,8.758459052,57,0,0,1,0,,298.3
3183,M18042,M,366.0046927,309.3,1443,50.3,4.952973807,196,0,0,0,0,0,300.1
495,L47674,L,289.8842144,309.4,1326,49.8,8.729189831,199,0,0,0,0,0,297.6
7364,L54543,L,352.0750518,310,1412,48.9,9.489480871,56,0,0,0,0,0,299.5
2861,H32274,H,320.1729701,309.4,1463,49.2,3.125313344,235,0,0,0,0,0,300.6
7930,M22789,M,325.3355335,311.6,1669,29.2,3.896610746,200,,0,0,0,0,300.6
4042,L51221,L,247.8493354,310.9,1539,,4.771842797,13,0,0,0,0,0,302
7179,L54358,L,383.7332615,310.2,1600,31.5,6.161224257,23,0,0,0,0,0,
2898,M17757,M,264.8883693,309.5,1530,40.2,6.469108601,93,0,0,0,0,0,300.6
367,M15226,M,189.1182259,308.5,1552,40.9,4.126715634,90,0,0,0,0,0,297.6
850,H30263,H,255.766376,307.4,1586,,5.604755654,0,0,0,0,0,0,296.4
7441,L54620,L,396.2932091,311.4,1655,29.6,8.857939198,30,0,0,0,0,0,300
9455,L56634,L,307.1872664,309.2,1583,35.4,2.3841532,112,0,0,0,0,0,298.4
4302,L51481,L,291.3780685,310.2,1471,,7.335362436,8,0,0,0,0,0,301.7
2654,L49833,L,237.8491821,309.5,1779,26.1,6.27155895,169,0,0,0,0,0,299.9
3504,L50683,L,201.7300997,310.8,1493,47.6,1.079974329,145,0,0,0,0,0,301.7
1542,L48721,L,216.4305886,309,2304,15.1,8.425498136,89,0,0,0,0,0,298.4
4166,M19025,M,204.3989861,310.5,1507,40.4,2.929339139,111,0,0,0,0,0,302.2
8867,H38280,H,309.2025779,308.9,1416,39.6,8.328547409,45,0,0,0,0,0,297.9
323,L47502,L,253.2624244,308.5,1448,40,2.482465523,192,,0,0,0,0,297.8
2032,L49211,L,374.0965846,308.6,1331,62.8,6.342337889,81,0,0,0,0,0,298.8
814,L47993,L,135.7424076,307.6,1513,40,2.023169683,130,0,0,0,0,0,296.8
8940,M23799,M,387.7684699,308.4,1434,44.8,8.233037554,21,0,0,0,0,0,297.3
9376,H38789,H,318.2257629,308.4,1288,49.5,1.438844685,91,0,0,0,0,0,297.7
1080,L48259,L,242.6279148,307.7,1731,28.5,3.99224434,186,0,0,0,0,0,297
2227,M17086,M,192.2894126,308.9,1685,27.8,6.019595583,161,0,0,0,0,0,299.6
9137,L56316,L,313.2321171,308.7,1694,29.1,1.130135213,102,0,0,0,0,0,297.7
9532,L56711,L,211.0056056,310.5,1458,44.1,7.516893406,91,0,0,0,0,0,299.2
2706,L49885,L,207.0262556,309.2,1326,64.8,4.897175216,71,0,0,0,0,0,299.7
6825,L54004,L,233.8482136,310.7,1740,25.3,7.158269644,164,0,0,0,0,0,300.9
7557,L54736,L,214.3206194,311.4,1471,37,8.669612749,114,0,0,0,0,0,300.3
1165,L48344,L,185.768951,308.1,1754,30.3,8.540367512,206,0,0,0,0,0,297.1
3262,H32675,H,214.4574275,310.1,1469,,5.278786152,179,0,0,0,0,0,301.3
4688,L51867,L,282.0199143,311.6,2183,17,8.25611921,110,0,0,0,0,0,303.5
1451,M16310,M,344.7385719,310.3,1447,39.9,5.685926391,78,0,0,0,0,0,299
3863,H33276,H,273.0940488,311.5,1496,43.8,2.938002944,218,0,0,0,0,0,302.5
6104,L53283,L,161.0667896,310.8,1407,45.1,3.960916587,51,0,0,0,0,0,300.8
9216,L56395,L,209.311307,308.8,1681,31.7,5.570317163,94,0,0,0,0,0,297.9
7121,L54300,L,124.2668412,310.5,2288,16.1,6.538975454,85,,0,0,0,0,300.9
6399,L53578,L,334.9854627,309.7,1351,58.2,9.40972135,155,0,0,0,0,0,300.1
9589,H39002,H,195.8555774,310.4,1510,45.5,3.163700785,27,0,0,0,0,0,299.3
6215,L53394,L,143.8704738,310.7,1392,44.2,5.589135442,97,0,0,0,0,0,300.9
9646,L56825,L,355.1052197,310.5,1749,28.1,8.283848272,179,0,0,0,0,0,299.4
5337,L52516,L,322.2468134,312.4,1663,33.7,4.794492232,71,0,0,0,0,0,303.2
4057,L51236,L,192.6448134,310.9,1597,36.9,2.862154804,50,0,0,0,0,0,
9512,L56691,L,319.7152797,310.3,1449,40.7,8.293603501,40,0,0,0,0,0,299.1
3000,L50179,,393.378499,309.7,1395,61,5.5865683,157,0,0,0,0,0,300.5
9025,L56204,L,306.6771718,308.3,1366,45.5,1.454768702,11,0,0,0,0,0,297.4
1232,M16091,M,365.9450751,308.5,1604,40.7,7.916973355,158,0,0,0,0,0,297.2
1515,M16374,M,330.0411929,308.8,1628,37.6,1.744004572,12,0,0,0,0,0,298.1
2314,M17173,M,318.7595126,308.8,1725,26.6,6.302771372,172,0,0,0,0,0,299.1
1452,L48631,L,154.4367947,310.4,1831,25.4,5.697263771,81,0,0,0,0,0,298.9
5268,M20127,M,325.0533315,312.9,1438,42.8,6.505529917,106,0,0,0,0,0,303.5
6132,H35545,H,160.8647563,311,1640,37.6,8.786928239,118,0,0,0,0,0,301
8532,L55711,L,274.1376442,309.3,1449,,5.361585437,26,0,0,0,0,0,298.6
6465,M21324,M,309.8869767,309.9,1735,27,4.263761885,107,0,0,0,0,0,300.5
839,H30252,H,239.1186914,307.4,1406,41.5,5.676759659,189,0,0,0,0,0,296.6
9916,M24775,M,287.9429265,308.7,1662,28.3,9.375945724,15,0,0,0,0,0,298.5
8262,H37675,H,167.5775924,310.6,1434,48.4,2.65854292,153,,0,0,0,0,299.2
6415,M21274,M,278.4769062,310.1,1457,35.1,7.86519874,193,0,0,0,0,0,300.4
8505,L55684,L,372.6760699,309.7,1419,41.3,9.69689798,159,,0,0,0,0,298.4
3568,L50747,L,376.6414044,310.5,1548,34.1,4.548880529,93,0,0,0,0,0,
9265,M24124,M,103.2404998,309,1526,,8.999234507,20,0,0,0,0,0,298.3
3088,M17947,,227.6039889,309.1,1474,45.2,8.058500314,152,0,0,0,0,0,300
8644,L55823,L,343.730746,308.5,1448,54.3,6.116314025,83,0,0,0,0,0,297.5
1715,L48894,L,298.7364867,307.8,1388,48.6,7.212218344,76,0,0,0,0,0,
340,M15199,M,110.2508689,308.2,1713,32.2,2.626075409,17,0,0,0,0,0,297.5
9564,M24423,M,315.1176314,311.1,1763,,1.432330438,171,0,0,0,0,0,299.8
5943,L53122,L,301.524227,310.7,1450,43.4,4.405793235,80,0,0,0,0,0,300.7
9870,L57049,L,201.1664248,309.9,1590,31.3,7.274139251,98,0,0,0,0,0,298.9
8103,L55282,L,395.5665334,311.8,1413,,8.534368734,182,0,0,0,0,0,300.3
8489,L55668,L,176.7999079,309.4,1385,43.2,3.597234433,119,0,0,0,0,0,298.4
589,L47768,L,316.0070773,309.4,1628,33.4,6.322313567,229,0,0,0,0,0,
3366,M18225,M,188.8580135,310.6,1630,30.3,2.221156747,2,0,0,0,0,0,301.4
2671,L49850,L,171.231362,309.4,1467,46.2,3.068336809,219,0,0,0,0,0,299.8
3590,L50769,L,126.0696916,310.5,2465,13.7,5.643074315,149,0,0,0,0,0,
35,M14894,M,223.2524076,309.1,1559,34.7,7.960232239,95,,0,0,0,0,298.8
29,L47208,L,141.4955028,309.4,1439,44.2,7.623318416,82,0,0,0,0,0,299.1
8554,M23413,M,297.0819163,309,1661,38.2,9.691085196,82,0,0,0,0,0,298.1
8118,L55297,L,137.8918365,311.7,1406,47.5,4.206795376,14,0,0,0,0,0,300.3
2171,M17030,M,281.5195969,309.1,1500,43.3,4.104403754,10,0,0,0,0,0,299.4
8378,L55557,L,393.8283113,309.7,1336,50.3,7.572000969,44,0,0,0,0,0,298.8
5621,L52800,L,159.0437784,312.3,1533,38.5,5.903152911,134,0,0,0,0,0,303
890,L48069,L,214.7809128,306.1,1389,46.2,7.970255134,113,0,0,0,0,0,295.6
6490,M21349,M,310.1573057,309.8,1490,38.8,5.089881718,173,0,0,0,0,0,300.7
3323,L50502,L,107.6338425,310.5,1351,52.9,3.386975912,116,0,0,0,0,0,301.5
9397,L56576,L,161.1634465,308.3,1498,47.3,9.641206938,160,0,0,0,0,0,297.8
3515,H32928,H,282.7332893,311,1430,49.8,4.874289296,174,0,0,0,0,0,301.9
4421,H33834,H,282.4667971,310.2,1873,21.3,6.347964339,87,0,0,0,0,0,302.6
8352,M23211,M,110.1103027,309.6,1686,,2.623628708,189,0,0,0,0,0,298.7
5362,L52541,L,293.7527789,312.7,1643,30.7,4.947827056,142,0,0,0,0,0,303.3
3734,L50913,L,235.9458361,311.1,1470,39.6,6.736966445,97,0,0,0,0,0,302.2
9464,M24323,M,328.2976755,309.3,1552,36.8,4.079905132,133,0,0,0,0,0,298.5
7082,L54261,L,212.328119,310.4,1366,52.6,7.274637306,205,,0,0,0,,300.7
1655,L48834,L,189.8233675,308.1,1379,,7.177415632,149,0,0,0,0,0,298.2
5033,M19892,M,194.5678309,313.1,1694,31.4,1.083388147,116,0,0,0,0,0,304
224,L47403,L,269.0170127,308.6,1569,34.4,5.423856679,160,0,0,0,0,0,298.4
8626,L55805,L,133.8300877,308.3,1632,33.5,3.361426846,39,0,0,0,0,0,297.4
6195,L53374,L,309.2231991,310.8,1571,,9.136692637,51,0,0,0,0,0,300.9
1591,L48770,L,144.4695321,308.4,1497,37.7,5.525209287,207,0,0,0,0,0,298.2
5983,L53162,L,341.1690929,310.8,1486,,1.358670819,186,0,0,0,0,0,300.7
3257,L50436,L,218.9047736,309.8,1519,39.6,8.760148178,167,0,0,0,0,0,301.1
6681,L53860,L,189.4949761,310.8,1417,49.7,3.389724034,5,0,0,0,0,0,
4771,L51950,L,392.262782,311.9,1344,49.3,6.944194813,93,0,1,0,0,0,303.5
2182,H31595,H,369.2599865,309.1,1548,44.3,4.695619935,40,0,0,0,0,0,299.5
6804,M21663,M,357.2970847,310.7,1367,43.4,7.996582592,111,0,0,0,0,0,301.1
4914,M19773,M,399.300735,312.3,1593,35.2,4.788567705,29,0,0,0,0,0,303.5
6787,L53966,L,292.3213997,310.6,1409,50.9,7.400644363,66,0,0,0,0,0,301.2
4790,L51969,L,237.9816593,312.8,1646,35.8,7.418224629,143,,0,0,0,0,303.8
1210,H30623,H,190.8606621,308.1,2540,13.3,9.473216087,98,0,0,0,0,0,297
422,M15281,M,377.3353972,308.3,1657,,7.130378537,8,0,0,0,0,0,297.3
8741,M23600,M,309.0765343,308.8,1573,33.9,3.981694934,123,0,0,0,0,0,297.4
1707,L48886,L,250.3526261,307.8,1521,42.9,2.240018697,60,0,0,0,0,0,298.2
1159,L48338,L,306.991994,307.9,1436,47.7,7.326604322,191,0,0,0,0,0,297
2307,L49486,L,200.57392,308.6,1260,57.8,1.224192488,152,0,0,0,0,0,299.1
274,L47453,L,243.2577198,308,1426,46,4.093755082,61,0,0,0,0,0,298.1
172,L47351,L,373.8132502,308.1,1462,50.8,7.847444867,27,0,0,0,0,0,298.2
3957,M18816,M,241.9397104,311.4,1500,40.2,2.44765919,30,,0,0,0,0,302.3
6697,L53876,L,217.1179236,310.9,1636,31.3,7.199928714,42,0,0,0,0,0,301.7
3189,M18048,M,316.1513321,309.2,1438,51,2.332994055,211,0,0,0,0,0,300.1
8133,M22992,M,123.7745301,311.3,1389,50,1.248354745,55,0,0,0,0,0,299.9
4809,L51988,L,238.9182319,312.3,1404,48.6,2.417124858,193,0,0,0,0,0,303.5
8084,L55263,L,339.5849301,311.4,1438,42.2,6.769150965,139,0,0,0,0,0,300.1
1565,M16424,M,352.3099179,308.2,2090,19,5.346900944,143,0,0,0,0,0,298
1783,L48962,L,363.858969,308,1571,37.4,7.293608846,50,0,0,0,0,0,298.4
844,L48023,L,279.6517331,307.5,1485,42.7,6.552388843,204,0,0,0,0,0,296.6
9346,L56525,L,186.4532172,308.8,1442,47,9.194556349,18,0,0,0,0,0,298.2
4462,L51641,L,213.391791,310.5,1642,30.8,9.830678824,195,0,0,0,0,0,302.7
905,H30318,H,107.4652597,306.2,1458,49.8,7.995989897,151,0,0,0,0,0,295.7
5912,M20771,M,134.0769396,310.4,1288,,9.41389135,3,0,0,0,0,0,300.8
9951,L57130,L,320.8651427,307.8,1413,54.1,9.737850881,113,0,0,0,0,,298.1
9298,M24157,M,145.6275919,308.9,1479,43.4,8.186815676,105,0,0,0,0,0,298.1
1548,L48727,L,360.2537963,308.9,1348,55.5,4.485307512,102,0,0,0,0,0,298.3
2081,L49260,L,295.4502571,309.2,2280,15.4,3.645968381,207,0,0,0,0,0,299.3
9882,L57061,L,107.5891044,309.8,1493,38.5,6.66014529,132,0,0,0,0,0,298.8
3986,L51165,L,127.486236,311.2,1386,50.3,2.274018562,110,0,0,0,0,0,302.3
6390,H35803,H,249.6561299,309.9,1677,30.1,7.975723105,130,0,0,0,0,0,300.3
7580,L54759,L,134.7245539,311.2,1436,56.8,9.428027525,173,0,0,0,0,0,300.4
9246,L56425,L,199.6388622,308.9,1708,27.3,9.943039365,170,0,0,0,0,0,298.3
6568,M21427,M,173.9775332,310.6,1499,,8.793161874,163,0,0,0,0,0,301.3
8207,L55386,L,172.7714861,310.8,1483,43.5,8.44360211,15,0,0,0,0,0,299.3
3821,L51000,L,376.9951896,310.8,1421,41.4,8.854396893,102,0,0,0,0,0,302.3
2647,M17506,M,314.6276202,309.5,1453,43.2,9.382373102,153,,0,0,0,0,299.8
4455,L51634,L,234.3333134,310.1,1401,48.8,9.309698667,177,0,0,0,0,0,302.4
7160,L54339,L,363.2883387,310,1511,41.7,1.695588497,186,0,0,0,0,0,
8222,M23081,M,355.1668059,310.5,1428,43,3.275269896,53,0,0,0,0,0,299.1
8597,L55776,L,261.9331002,308.2,1327,56.5,1.978381645,189,0,0,0,0,0,297.5
9590,L56769,L,259.5244768,310.4,1472,43.3,2.451736041,32,0,0,0,0,0,299.2
6072,M20931,M,186.2154848,310.8,1452,43.6,2.420918356,185,0,0,0,0,0,300.9
2156,L49335,L,172.1786754,308.8,1341,47.7,3.899814015,199,0,0,0,0,0,299.3
6713,H36126,H,159.3376905,310.7,1516,36.4,3.160980306,83,0,0,0,0,0,301.4
3716,M18575,M,354.7549305,311.4,1475,45.2,9.350333604,46,0,0,0,0,0,302.4
4058,L51237,L,288.3621621,310.9,1495,38.6,8.788662748,52,0,0,0,0,0,302
5953,L53132,L,140.8264679,310.8,1563,33.8,1.935280047,104,0,0,0,0,0,300.7
3103,L50282,L,384.4748793,309.1,1412,48.3,4.324993833,198,0,0,0,0,0,299.9
559,L47738,L,133.9524181,309.4,1650,34.6,9.045616437,142,0,0,0,0,0,297.5
4611,L51790,L,144.7954851,311.2,1394,45.3,1.905613346,144,0,0,0,0,0,303.1
6979,L54158,L,264.7039089,311.1,1427,50.3,1.117143777,137,0,0,0,0,0,300.7
1437,H30850,H,296.5131188,309.8,1510,44.2,1.638769928,35,0,0,0,0,0,298.8
508,H29921,H,130.5188552,309.4,1445,48.2,8.470290819,10,0,0,0,0,0,297.8
1870,M16729,M,214.5976627,308.1,1630,32.7,8.630053035,83,0,0,0,0,0,298.3
756,H30169,H,121.1726639,308.1,1492,43.7,4.608988552,222,0,0,0,0,0,296.8
5420,L52599,L,135.3172821,312.3,1321,53.4,5.864780067,42,,0,0,0,0,302.6
4051,L51230,L,398.6185206,310.8,1456,46.6,1.497569011,35,0,0,0,0,0,301.8
8090,L55269,L,208.3898736,311.3,1676,30.3,5.493922017,151,0,0,0,0,0,300.1
3837,L51016,L,178.5635161,311.2,1466,43.9,6.410662785,152,0,0,0,0,0,302.4
2119,H31532,H,333.6483597,308.9,1429,43,8.830341842,96,,0,0,0,0,299.3
6153,M21012,M,244.6408694,311.1,1592,35.7,9.437267232,174,0,0,0,0,0,301.1
7809,L54988,L,146.3470665,311.4,1627,36.7,6.429789755,118,0,0,0,0,0,299.9
502,M15361,M,104.412606,309.3,1464,46.2,9.669528185,218,0,0,0,0,0,297.6
6260,M21119,M,187.7419072,310.8,1396,47.4,5.902652809,5,0,0,0,0,0,301.2
9744,L56923,L,252.148225,310.2,1562,42.5,4.056744659,179,,0,0,0,0,298.9
1540,M16399,M,348.8331919,309.2,1449,46.4,3.923378546,83,0,0,0,0,0,298.5
6142,L53321,L,202.3048267,310.8,1486,45.7,7.595250867,146,0,0,0,0,0,300.8
1212,H30625,H,257.9147803,308,1416,46.9,6.756721806,105,0,0,0,0,0,296.9
9123,L56302,L,160.6171162,308.4,1580,41.2,4.212158424,66,0,0,0,0,0,297.4
673,M15532,M,282.0708491,308.9,1433,43.2,5.184118601,206,0,0,0,0,0,297.6
3378,H32791,H,221.8057396,310.8,1591,29.6,4.46557584,33,,0,0,0,0,301.5
8784,M23643,M,235.9686079,308.6,1254,45.8,9.302656003,31,0,0,0,0,0,297.6
1465,L48644,L,285.5094692,310,1412,46.3,6.490090382,107,0,0,0,0,0,298.8
1193,M16052,M,157.6907811,308.3,1431,43.7,1.788481279,46,0,0,0,0,0,
6985,M21844,M,245.0189402,311,1706,25,1.587826165,153,0,0,0,0,0,300.7
1873,L49052,L,246.0195389,308.1,1326,58.4,3.246928926,90,0,0,0,0,0,298.3
3591,L50770,L,146.3266497,310.6,1403,46.8,4.804228968,151,0,0,0,0,0,301.8
6727,L53906,L,284.5794098,310.8,1500,41,9.76731867,118,0,0,0,0,0,301.5
506,L47685,L,237.942587,309.3,1610,35,7.916999548,6,0,0,0,0,0,297.6
8119,L55298,L,189.4354868,311.8,1548,33,3.941044167,16,0,0,0,0,0,300.3
507,L47686,L,313.0969451,309.3,1543,34.3,9.244631221,8,0,0,0,0,0,297.6
9450,M24309,M,172.0787524,308.8,1434,41.8,5.662932596,93,0,0,0,0,0,298.1
7132,M21991,M,339.290312,309.8,1410,44.4,7.296474736,111,0,0,0,0,0,300.5
4808,L51987,L,201.2116165,312.4,1503,36.5,7.936594599,191,0,0,0,0,0,303.5
7304,L54483,L,386.6351766,310.6,1374,,3.638375734,119,0,0,0,0,0,300.1
1774,L48953,L,385.1700337,308,1384,59.5,5.913120722,27,0,0,0,0,0,298.5
6855,L54034,L,227.1375202,311.2,1511,,3.706679416,26,0,0,0,0,0,301
4907,H34320,H,123.2101594,312.4,1436,45.6,6.956168835,9,0,0,0,0,0,303.6
798,L47977,L,192.1480573,307.7,1565,40.1,6.202121001,89,0,0,0,0,0,296.8
8786,L55965,L,134.2165802,308.6,1694,27.1,4.186817575,36,0,0,0,0,0,297.5
7071,L54250,L,129.205834,310.7,1333,61,9.325786706,177,0,0,0,0,0,300.7
2830,L50009,L,105.259031,309.3,1612,36,9.577655081,158,0,0,0,0,0,300.3
9320,L56499,L,199.2111329,309.4,1911,21.5,2.221735313,164,0,0,0,0,0,298.5
8738,L55917,L,252.0016113,308.7,1556,36.7,6.166028361,114,0,0,0,0,0,297.3
313,L47492,L,113.3721332,308.6,1468,36,3.755520657,168,0,0,0,0,0,297.9
747,L47926,L,119.3007917,308.1,1289,,7.04415253,199,0,0,0,1,0,296.8
3570,M18429,M,359.9824063,310.6,1552,35.9,9.850490174,97,0,0,0,0,0,301.8
791,L47970,L,295.0923267,307.9,1420,45.4,4.935265609,70,0,0,0,0,0,
2477,H31890,H,240.5006469,308.4,1449,42.4,7.867877954,149,0,0,0,0,0,298.9
9326,M24185,M,376.1427256,309.3,1510,40.8,6.19703079,177,0,0,0,0,0,298.6
2571,L49750,L,296.8063531,309.2,1713,26.5,9.588360953,167,,0,0,0,0,299.6
5287,L52466,L,198.5115469,313.1,1422,42.4,2.889465346,152,,0,0,0,0,303.8
5216,M20075,M,199.0654176,312.7,1532,42.7,9.812874406,194,0,0,0,0,0,303.7
2164,L49343,L,193.4328443,309.2,1422,39.8,1.851807489,219,0,0,0,0,0,299.6
6578,L53757,L,230.5671516,310.4,1388,45.3,3.256805595,188,0,0,0,0,0,301.4
8450,L55629,L,222.5480058,309.9,1725,27.8,7.36460301,21,0,0,0,0,0,298.4
381,L47560,L,307.8757534,308.3,2564,12.8,6.054105765,127,0,0,1,0,0,297.5
8509,M23368,M,237.8109751,309.7,1679,33.3,5.680470216,167,0,0,0,0,0,298.4
1293,M16152,M,104.9625904,309.7,1868,23.8,3.279039718,118,0,0,0,0,0,298.7
1913,M16772,M,158.3583184,307.7,1621,34.9,7.746466592,194,0,0,0,0,0,298
600,H30013,H,220.3509766,309.7,1616,31.1,7.587180989,20,0,0,0,0,0,297.7
3893,M18752,M,313.9802265,311.1,1338,53.3,8.35850681,63,0,0,0,0,0,302.3
4142,H33555,H,119.2099186,310.1,1462,38.3,8.868540625,49,0,0,0,0,0,
1653,H31066,H,135.8341111,307.8,1635,34,7.784569328,142,0,0,0,0,0,297.9
5225,L52404,L,151.0846277,313.2,1590,31.9,7.299163552,5,0,0,0,0,0,
1894,L49073,L,175.9055954,307.5,1631,29.9,7.079824558,144,0,0,0,0,0,297.8
1945,L49124,L,329.8908075,308.1,1791,27.3,5.959342758,63,0,0,0,0,0,298.1
3396,L50575,L,144.0766919,310.5,1647,33.3,5.200926449,85,0,0,0,0,0,301.4
5480,M20339,M,190.8648868,312.1,1564,32.1,4.00774948,188,0,0,0,0,0,302.7
9770,L56949,L,394.9153116,309.6,1386,,7.27472383,25,0,0,0,0,0,298.6
376,L47555,L,374.918173,308.2,1533,37.4,5.888766711,115,0,0,0,0,0,297.4
1967,L49146,L,211.1677663,307.6,1515,40.5,7.129062431,118,0,0,0,0,0,297.9
3958,L51137,L,119.6972686,311.4,1510,44.9,3.516969536,33,0,0,0,0,0,302.2
7136,L54315,L,321.006256,309.9,1443,48.3,1.913802576,122,0,0,0,0,0,300.5
7479,L54658,L,289.4485322,311.3,1479,,2.473842648,133,0,0,0,0,0,300.1
4506,L51685,L,300.9751646,310.1,1426,46.8,9.010561177,95,0,0,0,0,0,302.4
9581,M24440,M,235.9350236,310.7,1423,56.5,2.147518548,7,0,0,0,0,0,299.5
5289,L52468,L,142.2998058,313.2,1531,39.4,6.469747823,159,0,0,0,0,0,303.8
1472,L48651,L,363.8501272,309.6,1421,53.6,3.76896456,122,0,0,0,0,0,298.5
3347,L50526,L,335.7133673,310.7,1761,24.3,4.58840924,174,0,0,0,0,0,301.3
6254,L53433,L,189.1246878,310.4,1615,30.9,2.053573126,200,0,0,0,0,0,300.9
2854,M17713,M,275.3661998,309.3,1539,39.1,4.402493343,216,0,0,0,0,0,300.5
8989,L56168,L,160.1280745,307.9,1825,24.6,8.853377767,142,,0,0,0,0,297.2
9776,M24635,M,379.2722562,309.5,1684,27.8,6.35456534,44,0,0,0,0,0,298.6
6460,M21319,M,231.3709997,310,1397,,3.175879699,90,0,0,0,0,0,300.6
4063,L51242,L,128.7405135,310.9,1446,44,9.827419331,64,0,0,0,0,0,302
5864,M20723,M,129.8279965,311.1,1758,25.4,4.223024441,88,0,0,0,0,0,301.4
4307,L51486,L,122.8747204,310,1869,22.9,4.945952252,18,0,0,0,0,0,301.6
4878,M19737,M,199.7311601,312.4,1546,33.7,7.331914665,149,0,0,0,0,0,303.7
7250,L54429,L,246.7809706,310,1402,44.7,4.409182493,204,0,0,0,0,0,299.9
5274,L52453,,363.1010565,313.1,1395,44.1,6.12644691,120,0,0,0,0,0,
3991,H33404,H,255.0654607,311.2,1692,28.2,9.596995703,122,0,0,0,0,0,302.2
1050,L48229,L,299.494587,307.6,1415,44.2,1.292138361,106,0,0,0,0,0,296.5
6176,L53355,L,351.5973188,310.8,1517,44.3,6.46194184,4,0,0,0,0,0,300.9
6927,H36340,H,168.898874,311.6,1417,53.4,6.08045273,0,0,0,0,0,0,301.1
7865,L55044,L,201.9829664,311.9,1330,59.5,5.919098981,33,0,0,0,0,0,300.5
2036,M16895,M,232.9632213,308.6,1469,34.2,7.285605294,93,0,0,0,0,0,298.9
4040,L51219,L,302.4145339,310.8,1567,39.3,5.268332364,9,0,0,0,0,0,301.9
6876,M21735,M,162.2556086,311.2,1592,32.9,4.300877732,82,0,0,0,0,0,300.8
9355,M24214,M,196.5927026,308.8,1607,31.9,4.499194998,39,0,0,0,0,0,298.2
1973,L49152,L,313.7776118,307.6,1612,30.7,5.233023988,134,0,0,0,0,0,
5073,L52252,L,171.9349536,313,1408,45.3,6.097708909,28,0,0,0,0,0,304.1
2100,L49279,L,259.2205561,309.3,1596,31.8,9.968180696,40,,0,0,0,0,299.4
1500,M16359,M,220.1019471,308.8,2206,16.3,1.155847857,195,0,0,0,0,0,298.1
9613,M24472,M,185.1257874,310.2,1625,31.8,8.438599268,89,0,0,0,0,0,
653,L47832,L,185.883677,309.2,1391,44.5,7.003923116,159,0,0,0,0,0,297.7
171,M15030,M,146.371097,308.2,1610,35,9.643730119,24,0,0,0,0,0,298.4
4086,H33499,H,197.4314604,310.5,1841,23.6,1.725468365,119,0,0,0,0,0,302
243,L47422,L,380.3618689,308.2,1348,58.8,3.33441231,202,0,0,0,1,0,298
5711,H35124,H,265.0710462,311.7,1413,46.5,2.332671884,147,0,0,0,0,0,302.2
6973,L54152,,359.9272489,311,1377,49.9,7.246809391,124,0,0,0,0,0,300.7
2757,L49936,L,358.3719406,309.2,1781,29.6,8.193020923,201,0,0,0,0,0,299.7
6885,L54064,L,116.2082034,311.2,1492,39,5.14755543,109,0,0,0,0,0,300.8
5447,L52626,L,297.2621037,312.9,1511,40.1,5.76267343,107,0,0,0,0,0,303.1
2077,L49256,L,333.683641,309.3,1544,36,3.606524863,197,0,0,0,0,0,299.4
4104,L51283,L,244.8846331,310.4,1448,43.4,8.185728744,167,0,0,0,0,0,302
9560,L56739,L,126.1291803,310.9,1496,38.5,6.118587817,162,0,0,0,0,0,299.5
7572,L54751,L,183.8769618,311.1,1606,30.9,2.405016004,156,0,0,0,0,0,300.3
9467,L56646,L,130.8962364,309.4,1471,48,7.289583291,141,0,0,0,0,0,298.6
4895,H34308,H,371.2752016,312.5,1447,46.6,3.797128504,198,0,0,0,0,0,303.8
6693,M21552,M,128.4774362,311,1839,23.6,5.902428904,30,0,0,0,0,0,301.8
8055,L55234,L,102.9415051,311.8,1405,47.9,4.515343324,58,0,0,0,0,0,300.4
5390,L52569,L,303.0885416,312.3,1366,49.1,9.060055131,221,0,0,0,0,0,302.8
9374,L56553,L,396.7082851,308.5,1453,45.5,3.746061351,86,0,0,0,0,0,297.7
8022,M22881,M,265.6353382,312,1499,34.6,2.007653776,207,0,0,0,0,0,301
8605,L55784,L,129.0293051,308.2,1297,52.1,9.797450729,211,0,0,0,0,0,297.4
4481,H33894,H,382.0275859,310.4,1305,55.2,5.146498902,20,0,1,0,0,0,302.7
8327,H37740,H,124.9062693,309.5,1523,34.2,3.192420138,119,0,0,0,0,0,298.6
4079,H33492,H,130.9603556,310.7,1294,62.4,5.003446123,101,0,1,0,0,0,302.1
641,M15500,M,131.6126117,309.6,1515,38.8,3.730983703,124,,0,0,0,0,297.9
1271,M16130,M,356.1439156,309.4,1276,65.9,7.184244916,50,0,0,0,0,0,298
2779,L49958,L,397.9009884,309.4,1308,50.2,3.742712246,32,0,0,0,0,0,300
9498,H38911,H,367.0583716,309.9,1443,40.3,1.08861633,0,0,0,0,0,0,299.1
3862,M18721,M,158.7381748,311.5,1481,41.1,2.946742889,215,0,0,0,0,0,302.5
3481,L50660,L,328.2354096,310.8,1400,58.2,8.741054428,79,0,0,0,0,0,301.9
1535,L48714,L,155.8905641,308.8,1757,29.1,6.842407401,71,0,0,0,0,0,298
326,L47505,L,227.7251451,308.5,1699,27.8,3.993944558,199,0,0,0,0,0,297.8
2339,L49518,L,279.4527559,308.3,1651,28,3.216804963,6,0,0,0,0,0,299.3
3981,M18840,M,267.0410881,311.3,1375,47,7.968843278,98,0,0,0,0,0,302.2
6878,M21737,M,159.8937552,311.2,1488,40.1,8.236579313,87,0,0,0,0,0,300.8
4055,M18914,M,270.9007242,310.9,1456,43.6,7.39340013,45,0,0,0,0,0,301.9
2238,L49417,L,180.2511886,308.6,1403,50.6,6.342471657,189,0,0,0,0,0,299.3
7107,L54286,L,294.7218709,310.5,1482,39,1.96038143,47,0,0,0,0,0,300.8
9669,L56848,L,382.3769796,310.3,1619,35.2,8.414665958,240,0,0,0,0,0,299.1
4746,H34159,H,245.0532744,311.2,1475,43.1,3.274896254,20,0,0,0,0,0,303.2
865,M15724,M,378.1770665,306.7,2044,22.3,1.549033239,48,0,0,0,0,0,296
6204,L53383,L,277.2837688,310.9,1404,41.8,9.536709731,71,0,0,0,0,0,301
5509,L52688,L,232.4530253,312.2,1367,55.1,8.00294602,50,0,0,0,0,0,302.9
7430,L54609,L,299.5009379,311.4,1590,33.6,1.218634441,5,0,0,0,0,0,300
372,L47551,L,387.9005333,308.4,1604,38.1,7.556681978,106,,0,0,0,0,297.5
6297,L53476,L,250.0441064,310.5,1429,39.4,5.108177508,98,0,0,0,0,0,301
5552,H34965,H,113.6559197,311.9,1366,47.3,4.676698883,162,0,0,0,0,0,302.4
5724,M20583,M,348.5667052,311.8,1475,48,1.598219937,180,0,0,0,0,0,302.3
5900,H35313,H,393.1567909,310.6,1686,27.7,9.734087756,176,0,0,0,0,0,
9288,L56467,L,315.5743964,308.9,1709,28.1,4.747272524,81,0,0,0,0,0,298.2
7872,L55051,L,363.1899353,312.2,1308,54.7,8.445053357,52,0,0,0,0,0,300.6
2365,L49544,L,227.5111857,308.5,1366,49.7,5.321570815,74,0,0,0,0,0,
3214,L50393,L,394.7415801,309.2,1752,29,1.431078452,52,0,0,0,0,0,300.4
912,M15771,M,100.2292971,306.1,1490,42.7,8.885120388,171,0,0,0,0,0,295.6
9048,L56227,L,383.3246122,308.4,1488,37.4,7.864153416,69,0,0,0,0,0,297.3
9791,L56970,L,306.670456,309.5,1483,43.2,4.756339035,92,0,0,0,0,0,298.6
7290,L54469,L,379.1087056,310.6,1433,53.8,3.058567934,86,0,0,0,0,0,
9959,M24818,M,228.882412,307.8,1525,35.9,6.797386327,132,0,0,0,0,0,298.1
6537,L53716,L,377.2674583,310.5,1406,47.1,4.514549996,83,0,0,0,0,0,301.3
9193,L56372,L,349.7223245,309,1562,35.8,2.998187495,40,0,0,0,0,0,297.9
1424,L48603,L,188.8904132,309.8,1539,33.4,2.943410915,2,0,0,0,0,0,298.7
9808,L56987,L,176.5303082,309,1413,55,1.300419566,145,0,0,0,0,0,298.2
480,M15339,M,303.8324874,308.9,1323,57.3,6.045943662,163,0,0,0,0,0,297.4
663,M15522,,259.0733966,308.9,1479,38.1,8.51131911,182,0,0,0,0,0,297.6
4477,L51656,L,339.3022264,310.4,1415,52.1,4.136147825,12,0,0,0,0,0,302.6
8983,L56162,L,336.8266513,307.7,1315,60.1,4.844810604,128,0,0,0,0,0,297
8078,L55257,L,346.9021399,311.8,1547,39.7,7.737344147,121,0,0,0,0,0,300.3
2989,M17848,M,387.1410383,309.8,1532,42.5,4.592119466,130,0,0,0,0,0,300.6
1120,L48299,L,277.5511769,307.5,1340,59.1,3.55153444,89,0,0,0,0,0,296.5
2777,L49956,L,352.0469816,309.4,1453,47.6,4.42176875,28,,0,0,0,0,300.1
9836,L57015,L,295.8013023,309.3,1545,36.9,1.979030745,3,0,0,0,0,0,298.4
5004,L52183,L,262.283331,312.8,1437,51.3,5.723613801,42,0,0,0,0,0,303.7
6650,M21509,M,358.0963582,310.4,1350,54.9,8.012491071,153,0,0,0,0,0,301.5
7255,L54434,L,289.723373,310.4,1493,37.5,6.471865571,219,0,0,0,0,0,300.3
4428,M19287,M,259.0902643,310.1,1379,48.9,6.398959434,107,0,1,0,0,0,302.4
7432,M22291,M,325.2038114,311.4,1352,61.8,2.028342888,10,,0,0,0,0,300
3982,M18841,M,368.7305228,311.3,1931,21.9,3.965442199,101,0,0,0,0,0,302.2
6352,L53531,L,174.2806563,309.7,1542,47.1,9.757604485,25,0,0,0,0,0,300
2894,M17753,M,153.2047711,309.6,1568,35.2,1.200008771,82,0,0,0,0,0,300.7
2670,H32083,H,282.4233763,309.3,1494,37.8,3.349810743,214,0,0,0,0,0,299.7
3978,M18837,M,204.3367424,311.3,1510,36.6,6.714399469,91,0,0,0,0,0,
5260,L52439,L,153.704312,312.9,1544,36.9,1.752026876,87,0,0,0,0,0,
280,L47459,L,191.1706179,308.1,1819,23.4,7.30247238,78,0,0,0,0,0,298
6731,M21590,M,238.9337979,311,1431,42.3,6.361420853,129,0,0,0,0,0,301.6
6105,M20964,M,331.6871097,310.8,1461,41.3,5.31744127,53,0,0,0,0,0,300.8
7021,L54200,L,377.3760739,310.8,1460,53.8,2.250753952,41,0,0,0,0,0,300.8
1695,L48874,L,230.9632977,307.5,1618,35.2,4.479750145,31,0,0,0,0,0,298
8913,L56092,L,246.0866557,308.5,1446,43.7,9.457637206,171,0,0,0,0,0,297.2
3480,M18339,M,219.2731657,310.8,1619,31,4.455181143,76,0,0,0,0,0,
4417,M19276,M,321.9836802,310.4,1532,36.1,8.87149278,77,0,0,0,0,0,302.6
7593,M22452,M,328.1003072,311.2,1551,36.6,7.906870424,205,0,0,0,0,0,300.5
6283,M21142,M,205.9766514,310.8,1418,45.4,3.282418769,59,,0,0,0,0,301.3
5604,L52783,L,267.4839136,312.2,1340,57.8,5.08621488,90,0,0,0,0,0,302.9
8620,H38033,H,322.0152797,308.6,1480,39.8,5.917714457,19,,0,0,0,0,297.6
7781,L54960,L,139.4876441,311.6,1815,23.5,8.118261501,49,0,0,0,0,0,
4297,L51476,L,174.305338,310.2,2825,5.8,2.495697135,215,0,0,1,0,0,301.8
4594,L51773,L,313.7451934,311.2,1409,41.9,6.362173448,98,0,0,0,0,0,303
4845,M19704,M,362.6423612,311.8,1316,50.9,6.304462898,69,0,1,0,0,0,303.4
2210,L49389,L,338.204888,309.3,1386,49.4,6.801760465,116,0,0,0,0,0,299.8
7606,H37019,H,144.0916307,311.3,2026,20.3,5.079252556,26,0,0,0,0,0,300.4
5502,L52681,L,109.4988259,312.1,1543,37.5,2.716562415,33,0,0,0,0,0,302.7
185,L47364,L,140.7771778,308.2,1667,30.6,7.670870895,59,0,0,0,0,0,298.2
4801,M19660,M,118.669746,312.5,1353,51,4.788797588,172,0,0,0,0,0,303.5
4846,M19705,M,398.6757575,311.8,1583,,9.297426757,72,0,0,0,0,0,303.3
2351,L49530,L,153.7176013,308.6,1744,26.4,4.94971123,33,0,0,0,0,0,299.3
554,M15413,M,396.4382039,309.3,1564,36,9.482621469,126,0,0,0,0,0,297.4
1398,L48577,L,250.3502014,310.2,1569,38.2,8.196631976,155,0,0,0,0,0,
1385,L48564,L,164.6173372,310.3,1484,43.8,9.341321868,124,0,0,0,0,0,298.9
9183,M24042,M,190.0446381,309,1576,45,6.594352612,17,0,0,0,0,0,297.8
9818,M24677,M,129.7344287,309.3,1465,42.4,2.168186984,173,0,0,0,0,0,298.5
298,L47477,L,100.1015433,308.5,1713,25.3,7.525520319,124,0,0,0,0,0,298
444,H29857,H,319.3704102,308.5,1469,45.1,6.646471153,63,0,0,0,0,0,297.4
7339,L54518,L,284.53902,310.5,1496,38.8,5.431058992,215,0,0,0,0,0,299.8
2078,L49257,L,252.5237782,309.4,1701,31.2,6.022430469,199,0,0,0,0,0,299.4
7816,M22675,M,254.7472856,311.3,1703,28.4,5.160091251,134,0,0,0,0,0,299.9
2230,L49409,,305.1610453,308.7,1681,30.8,1.264269367,171,0,0,0,0,0,299.4
2843,L50022,L,363.9440183,309.3,1345,53.5,6.49528064,192,0,0,0,0,0,300.3
2538,H31951,H,285.5167923,308.7,1353,48.1,4.335127446,79,0,0,0,0,0,
8146,M23005,M,196.9509786,310.9,1685,32.1,2.647623967,88,0,0,0,0,0,299.7
9537,L56716,L,109.1857015,310.5,1818,26,4.774172445,102,,0,0,0,0,299.3
6444,L53623,L,324.2792441,310.3,1537,33.3,1.621853672,52,0,0,0,0,0,300.8
3368,H32781,H,258.5354494,310.7,1790,26.2,1.114232121,8,0,0,0,0,0,301.5
4487,M19346,M,136.0236289,310.5,1965,20.2,4.622269926,40,0,0,0,0,0,302.6
2579,L49758,L,213.8836834,309.3,1391,46.6,9.711836986,185,0,0,0,0,0,299.4
1132,L48311,L,342.3383199,307.9,1489,33.4,9.68980635,123,0,0,0,0,0,296.8
4819,M19678,M,338.1585593,312.1,1967,20.9,3.094275577,2,0,0,0,0,0,303.6
321,H29734,H,141.3090953,308.4,1550,38.2,6.25552453,185,0,0,0,0,0,297.8
1372,M16231,M,246.8509502,310.3,1495,38.7,4.114709126,88,0,0,0,0,0,
4043,L51222,L,276.4633121,310.9,1564,39,6.775741586,15,0,0,0,0,0,302
9126,L56305,L,128.3572121,308.5,1569,34.2,9.889609558,72,0,0,0,0,0,297.4
5146,L52325,L,119.9623145,313.7,1670,32.9,3.13491128,7,0,0,0,0,0,304.5
908,M15767,,249.9877668,306.1,1669,29,3.665833011,161,0,0,0,0,0,295.6
9427,L56606,L,194.7380602,308.7,1341,55.7,5.308591557,30,0,0,0,0,0,298.1
3951,L51130,L,374.6477735,311.4,1570,37.2,1.522172612,15,0,0,0,0,0,302.3
6146,M21005,M,162.6738785,311.1,1436,41.8,6.000439967,156,0,0,0,0,0,301.1
8887,L56066,L,337.4022202,309,1583,36.7,6.572740893,104,0,0,0,0,0,297.9
6696,M21555,M,202.5739122,311,1311,55.8,5.522712884,39,,0,0,0,,301.7
4978,L52157,L,284.3803682,312.7,1540,44.8,3.71170853,196,,0,0,0,0,303.7
6093,L53272,L,268.742791,310.7,1658,28.5,8.132151343,18,0,0,0,0,0,300.9
8409,M23268,M,179.1211723,309.6,1572,33,2.447638556,127,0,0,0,0,0,298.5
927,L48106,L,133.5521534,306.1,1372,55.6,5.47293244,215,0,0,0,1,0,295.6
6144,M21003,M,107.6002624,310.9,1575,34.6,1.593031225,150,0,0,0,0,0,301
16,L47195,L,295.6480186,309.2,1542,48.4,2.455074721,42,0,0,0,0,0,298.6
144,H29557,H,238.1104304,308.4,1407,50.5,4.806779289,164,0,0,0,0,0,298.6
2364,L49543,L,125.312197,308.5,1510,45.4,7.379165122,72,0,0,0,0,0,299.3
130,L47309,L,116.580659,308.5,1559,34.3,3.991814207,126,0,0,0,0,0,298.9
1162,L48341,L,142.0484441,307.8,1316,61.2,4.246953736,200,0,0,0,1,0,297
7552,M22411,M,376.1152462,311.3,1491,37.3,4.506087499,102,0,0,0,0,0,
6130,M20989,M,137.3972405,311,1508,46.9,5.634309903,113,0,0,0,0,0,301
4666,M19525,M,276.3645703,311.4,1307,54,1.659901303,44,0,1,0,0,0,303.4
5661,L52840,L,306.2561579,311.4,1477,41.7,8.188667626,15,0,0,0,0,0,302.2
6461,L53640,L,392.9106937,310,1313,52.9,5.385272692,93,0,0,0,0,0,300.6
1877,L49056,L,365.8817073,308,1242,62,1.669441561,98,0,0,0,0,0,298.3
2489,L49668,L,103.3306511,308.7,1356,50.7,2.967250196,185,0,0,0,0,0,298.9
5328,M20187,M,145.212642,312.7,2116,16.7,9.466416639,45,0,0,0,0,0,303.5
9362,L56541,L,208.6639123,308.6,1610,33.1,8.185159069,56,0,0,0,0,0,298
1183,L48362,L,286.4369538,308.3,1410,48.1,3.548987807,23,0,0,0,0,0,297.3
6136,L53315,L,298.2754982,310.9,1740,28.9,8.414818785,129,0,0,0,0,0,301
6378,L53557,L,204.7759332,309.6,1541,37,7.294183383,96,0,0,0,0,0,300.1
1171,M16030,M,155.0343847,308.1,1823,24.3,2.412619609,219,0,0,0,0,0,297.1
2183,M17042,M,154.3976607,309.2,1314,61.8,4.329549178,45,0,0,0,0,0,299.5
3372,L50551,L,269.9937611,310.7,1989,21.8,5.831582182,19,0,0,0,0,0,301.4
8041,L55220,L,360.5862618,311.9,1498,39.3,6.709874814,23,0,0,0,0,0,300.8
1860,L49039,L,318.4742539,307.4,1355,45.8,3.936164618,60,0,0,0,0,0,297.8
4861,M19720,M,285.9035741,312.4,1504,49.5,6.199025424,109,0,0,0,0,0,303.6
9256,L56435,L,194.983711,309,1651,31.5,2.455026194,197,0,0,0,0,0,298.2
8346,H37759,H,155.3068501,309.8,1490,35.9,8.054144573,171,0,0,0,0,0,298.8
7348,L54527,L,149.3886842,310.2,1627,36.6,5.481693099,17,0,0,0,0,0,299.6
4865,L52044,L,151.9129746,312.3,1451,43.4,5.695651159,119,0,0,0,0,0,303.6
9887,L57066,L,352.4022697,309.6,1903,22.3,2.474663064,145,0,0,0,0,0,298.8
6389,H35802,H,159.8045544,309.9,1509,46.6,4.123022496,125,0,0,0,0,0,300.3
3122,L50301,L,326.7221753,309.4,2141,17.9,9.316792711,33,0,0,0,0,0,300.1
388,L47567,L,237.7072914,308.7,1249,60.4,3.236107081,143,0,0,0,0,0,297.7
7786,L54965,,166.8932425,311.5,1383,42.1,9.856086993,60,0,0,0,0,0,300.2
1033,L48212,L,388.4292908,307.4,1648,34,1.251997507,60,0,0,0,0,0,296.3
7853,L55032,L,334.0097146,311.7,1515,37.5,7.328685176,5,0,0,0,0,0,300.3
5419,L52598,L,348.2590047,312.4,1398,41.6,2.220415868,40,,0,0,0,0,302.6
932,L48111,L,259.8060921,305.9,1542,36.2,2.791982611,12,0,0,0,0,0,295.5
4020,M18879,M,376.1579371,310.9,1558,45.3,5.397588826,193,0,0,0,0,0,302
692,L47871,L,254.8990234,309.1,1563,39.3,7.176216881,56,0,0,0,0,0,297.7
5299,M20158,M,366.8138659,313.1,2130,18.1,5.140951928,185,0,0,0,0,0,303.7
6659,L53838,L,148.6571524,310.4,1430,50.9,8.876757817,178,0,0,0,0,0,301.4
830,L48009,L,201.6156866,307.3,1579,34.5,4.608613875,166,0,0,0,0,0,296.5
3499,L50678,L,382.3564221,311,1289,54.9,8.564478335,128,0,0,0,0,0,301.9
2082,M16941,M,148.2380221,309.3,1485,47.1,6.243915452,209,,0,0,0,0,299.4
9441,M24300,M,130.8597977,308.8,1378,53.5,6.620788131,65,0,0,0,0,0,298.1
45,M14904,M,209.2715352,309.1,1472,47.5,1.418536733,125,0,0,0,0,0,298.8
3940,L51119,L,285.5592863,311.6,1400,54,2.181914384,196,0,0,0,0,0,302.5
5258,L52437,L,195.6931514,313,1482,,6.411719743,82,0,0,0,0,0,303.5
8438,L55617,L,153.7637428,309.8,1181,65.9,9.195612266,203,0,0,0,1,,298.7
4320,M19179,M,100.4921941,310.2,1411,45.1,9.765625279,54,0,0,0,0,0,301.6
2966,M17825,M,311.4352962,309.5,1838,24.9,6.701153978,66,0,0,0,0,0,300.7
3970,L51149,L,134.7990361,311.4,1504,38.7,7.818107261,65,0,0,0,0,0,302.3
1188,M16047,M,255.5974946,308.6,1522,38,2.479540971,33,0,0,0,0,0,
285,L47464,L,275.2413701,308.3,2051,19.2,9.517912365,90,0,0,0,0,0,298.2
8874,H38287,,137.2557714,309.1,1557,36.4,9.884519229,65,0,0,0,0,0,
4160,M19019,M,209.9320374,310.5,1639,32.9,2.156471016,94,0,0,0,0,0,302
3093,M17952,M,265.4938815,309.3,2293,16.3,1.749636877,170,0,0,0,0,0,300
4557,M19416,M,223.4517522,310.6,1349,51.2,9.810792018,6,0,1,0,0,0,302.7
4585,L51764,L,343.0599032,311.1,1550,32.3,9.355847123,76,,0,0,0,0,302.8
4324,L51503,L,168.1072942,310.3,1341,50.5,7.567833009,64,0,1,0,0,0,301.8
5505,L52684,L,143.3360966,312.2,1458,51,4.338431507,42,0,0,0,0,0,302.8
7075,M21934,M,351.5354545,310.6,1488,39.2,8.607694482,189,0,0,0,0,0,300.7
3365,L50544,L,350.0010224,310.5,1633,39.5,3.786618991,0,0,0,0,0,0,301.4
8026,M22885,M,111.8752757,312,1422,,3.387501023,219,0,0,0,0,0,300.8
3196,M18055,M,291.0757558,309.2,1635,32.4,4.427590119,4,0,0,0,0,0,300
8811,M23670,M,278.1879274,308.5,1625,32.8,1.308028868,92,0,0,0,0,0,297.3
970,L48149,L,125.335783,306.6,1412,,6.219869179,109,0,0,0,0,0,295.9
3735,M18594,M,136.4953623,311.2,1873,24,1.114839704,99,0,0,0,0,0,302.2
926,H30339,H,264.9026191,306.1,1623,30.9,7.158744067,210,0,0,0,0,0,295.6
9497,M24356,M,142.1669319,310,1349,50.4,4.425317994,226,0,0,0,0,0,299.2
6452,L53631,L,299.8143608,310.2,1696,27.5,6.541014875,73,0,0,0,0,0,300.7
8798,L55977,L,245.0839364,308.3,1569,31.2,9.019930987,63,0,0,0,0,0,
2852,L50031,L,323.0699775,309.3,1373,48.8,5.828885636,211,0,0,0,0,0,300.5
5181,L52360,L,239.6290779,313.2,1584,38.7,6.527178363,104,0,0,0,0,0,304
6724,M21583,M,307.5675841,310.6,1565,36.1,5.320806255,110,0,0,0,0,0,301.4
9323,M24182,M,378.2936951,309.3,1512,38.1,4.956466457,170,,0,0,0,0,298.5
7811,L54990,L,212.5984733,311.5,2218,17,9.404470121,123,0,0,0,0,0,300.1
4472,L51651,L,236.0674395,310.6,1670,29.1,8.434132514,2,0,0,0,0,0,
5169,H34582,H,211.8192737,313.4,1696,29.6,8.973851384,65,0,0,0,0,0,304.1
4349,L51528,L,141.1887428,309.8,1507,,5.858403742,131,0,0,0,0,0,301.9
7904,L55083,L,207.1151483,312.3,1435,44.8,8.26176368,134,0,0,0,0,0,300.8
3627,M18486,M,130.8715527,311.5,1360,53,6.871939083,36,0,0,0,0,0,302.2
1790,L48969,L,379.2110657,307.9,1313,67.3,1.082166655,67,0,0,1,0,0,298.2
8294,M23153,M,139.8824631,310.4,1533,44.4,8.072472508,24,0,0,0,0,0,298.9
2060,H31473,H,234.6393246,309.4,1386,44.4,8.655184437,154,0,0,0,0,0,299.5
4014,M18873,M,177.4518447,311.1,1728,34,3.777144817,179,0,0,0,0,0,302.2
1903,L49082,L,247.2869701,307.6,1694,29.1,7.646612485,169,0,0,0,0,0,298
5574,L52753,L,300.9193153,312.2,1738,25.3,6.352570552,14,0,0,0,0,0,302.5
6926,M21785,M,294.3729452,311.6,1266,55.5,6.821017543,210,0,0,0,0,0,301.1
76,L47255,L,162.0138628,308.9,1379,46.7,7.122762012,204,0,0,0,0,0,298.8
2346,L49525,L,366.2637179,308.4,1475,38.7,2.066834905,22,0,0,0,0,0,299.2
5485,M20344,,302.6379864,312,1826,25.3,7.84864033,203,0,0,0,0,0,302.5
431,L47610,L,268.3483143,308.6,1596,37.1,5.453013098,30,0,0,0,0,0,297.5
4587,L51766,L,114.7546228,310.9,1395,48.3,2.39859942,80,0,0,0,0,0,302.7
8100,L55279,L,184.3464932,311.7,1603,30.5,8.934748494,176,0,0,0,0,0,300.2
8458,L55637,L,344.624446,309.9,1393,45.5,6.014499014,38,0,0,0,0,0,298.6
8157,L55336,L,224.7228596,310.8,1644,30.9,2.122634364,114,0,0,0,0,0,299.6
7894,L55073,L,385.0441065,312.7,1416,43.8,7.794555397,112,0,0,0,0,0,300.9
1554,L48733,L,344.4652134,308.8,1332,59.1,9.405415703,115,0,0,0,0,0,298.5
241,M15100,M,378.9817354,308.1,1339,51.6,8.790643269,197,0,0,0,0,0,298
784,H30197,H,147.2685667,307.9,1579,33.4,3.313801102,50,0,0,0,0,0,296.7
3067,M17926,M,282.3764347,309.2,1457,44.3,5.79085748,98,0,0,0,0,0,300.1
978,L48157,L,389.2977794,306.7,1917,21,6.567754589,127,0,0,0,0,0,296
2942,M17801,M,116.1019705,309.6,1996,19.8,7.200169845,203,1,0,0,0,0,300.7
5378,L52557,L,303.574525,312.4,2030,19.1,2.915124976,192,0,0,0,0,0,302.9
4731,L51910,L,249.8327112,311.7,1508,35.5,9.92361258,217,0,0,0,0,0,303.3
1621,L48800,L,265.4896702,307.7,1492,43.7,1.031623805,59,0,0,0,0,0,297.9
2147,L49326,L,258.6401522,308.8,1647,32.9,4.646826005,172,0,0,0,0,0,299.3
1802,M16661,M,381.3418237,307.5,1427,43.6,8.456829674,101,0,0,0,0,0,298
2096,L49275,L,176.521793,309.3,1525,,7.744567583,30,0,0,0,0,0,299.4
6075,M20934,M,139.1874612,310.8,1533,39.3,7.195962007,194,0,0,0,0,0,301
5246,L52425,L,292.7709538,313,1575,38.3,9.638752505,54,0,0,0,0,0,303.6
1358,L48537,L,246.8153081,309.9,1461,45.7,2.744700884,49,0,0,0,0,0,298.6
8064,M22923,M,356.1676926,311.7,1551,36.4,1.800770101,84,0,0,0,0,0,300.3
6051,M20910,M,148.8169628,311.1,1546,37.7,6.588922679,133,0,0,0,0,0,300.9
8369,L55548,L,312.0708879,309.8,1534,42.1,7.586730862,23,0,0,0,0,0,298.9
6018,L53197,L,248.1216894,310.9,1398,38.2,7.146602105,50,0,0,0,0,0,300.8
9932,L57111,L,236.1480624,308.3,1432,46.9,3.856453347,65,0,0,0,0,0,298.3
8770,M23629,M,219.2536787,308.6,1452,41.2,7.954150006,197,0,0,0,0,0,297.4
7504,M22363,M,164.4334352,311.7,1646,28.9,5.731608205,198,0,0,0,0,0,300.3
1610,L48789,L,190.2891502,307.7,1581,34.9,5.018708216,31,0,0,0,0,0,297.7
3097,L50276,L,348.1554521,309.2,1560,38.9,4.596705825,180,0,0,0,0,0,299.9
9772,M24631,M,141.0103075,309.6,1424,50.4,4.428331202,32,0,0,0,0,0,298.7
2416,M17275,M,370.1746712,308.5,1587,35.6,9.612403718,2,0,0,0,0,0,299.1
2018,L49197,L,316.50598,308.5,1483,42.5,5.909863575,46,0,0,0,0,0,298.7
6019,M20878,M,129.7982285,310.9,1557,31.6,2.272322548,52,0,0,0,0,0,300.8
4126,L51305,L,226.3002253,310.6,1439,40,5.823006257,7,0,0,0,0,0,302.1
9803,H39216,H,253.4351261,309.3,1984,19.2,8.962318807,132,0,0,0,0,0,298.4
3247,L50426,L,398.0605095,309.7,1468,42,3.54254694,141,0,0,0,0,0,301
125,L47304,L,212.1572897,308.7,1727,29.4,2.081007578,116,0,0,0,0,0,298.9
6426,L53605,L,331.3479656,309.9,1393,56.1,9.842426023,12,0,0,0,0,0,300.3
5309,L52488,L,221.369292,313.2,1481,42.6,8.334220112,213,0,0,0,0,0,304
7464,H36877,H,374.9388842,311.4,1518,46.9,1.918204048,87,0,0,0,0,0,300.1
9158,L56337,L,173.3339881,308.5,1462,52.3,3.323393347,148,0,0,0,0,0,
3342,H32755,H,258.0051974,310.7,1329,52,9.277815625,160,0,0,0,0,0,301.4
599,L47778,L,372.1410205,309.6,1480,47.9,6.728680766,18,,0,0,0,0,297.7
2124,L49303,L,351.5904577,309,1491,38.4,8.868786511,115,0,0,0,0,0,299.3
9499,H38912,H,223.017722,310.1,1542,,7.4577762,5,0,0,0,0,0,
7686,L54865,L,179.4862901,311.7,1397,43.5,6.21052592,227,0,0,0,0,0,300.8
7050,L54229,L,212.6045251,310.4,1494,47.3,7.487026855,118,0,0,0,0,0,300.6
9662,H39075,H,389.491525,310,1458,44.9,1.881792974,221,0,0,0,0,0,299
2198,L49377,L,304.6736814,309,1412,49.2,2.687304474,85,0,0,0,0,0,299.7
4052,L51231,L,266.4436851,310.8,1383,46.4,5.437468988,37,0,0,0,0,0,301.8
6055,H35468,H,133.8991609,310.8,1518,40.1,8.489819254,142,,0,0,0,0,300.7
3363,L50542,L,324.2456681,310.6,1445,43.9,7.538261673,210,,0,0,0,0,301.4
6852,M21711,M,398.9859535,311.2,1394,41.3,1.459442199,16,0,0,0,0,0,301
726,L47905,L,365.0000716,308.8,1640,34.2,8.336797949,142,0,0,0,0,0,297.4
4935,L52114,L,215.3446035,312.2,1580,35.8,7.764891341,90,0,0,0,0,0,303.4
979,M15838,M,200.4371181,306.8,1526,42.3,9.053799118,129,0,0,0,0,0,296.2
809,L47988,L,119.1432723,307.7,1424,43.3,1.348830107,120,0,0,0,0,0,296.9
9604,M24463,M,306.6968288,310.1,1549,40.2,7.726074671,65,0,0,0,0,0,298.9
1476,M16335,M,275.8471644,309.5,1519,,8.432506204,133,0,0,0,0,0,298.4
5936,L53115,L,397.7880469,310.5,1646,34.5,9.028891934,63,0,0,0,0,0,300.5
9037,L56216,L,319.8021199,308.3,1519,37.7,8.935194803,45,,0,0,0,0,297.3
7336,L54515,L,284.2891886,310.4,1328,49.9,6.547718332,206,0,0,0,0,0,299.9
3963,L51142,L,301.343319,311.5,1785,24.8,8.450925367,45,,0,0,0,0,302.4
6423,L53602,L,242.0563451,309.9,1377,55.3,6.270312927,4,0,0,0,0,0,300.3
4906,L52085,L,211.6659957,312.4,1363,53.1,4.727098079,7,0,0,0,0,0,303.6
1236,H30649,H,277.2087942,308.4,1654,31.4,2.913133059,171,0,0,0,0,0,297.1
1226,H30639,H,202.2890384,308.3,1492,41.5,4.006929188,141,0,0,0,0,0,297.1
8050,H37463,H,100.6684999,311.9,1604,30.5,6.199491396,45,0,0,0,0,0,300.6
9279,H38692,H,206.7036126,308.8,1606,39.9,5.487775217,53,0,0,0,0,0,298.2
8672,L55851,L,386.5341396,308.8,1530,37.8,9.039680056,157,0,0,0,0,0,297.5
5230,H34643,H,218.8882613,313.1,1790,26.7,4.572617367,17,0,0,0,0,0,303.9
6951,H36364,H,291.6802819,311.3,1374,53.1,3.945602426,66,,0,0,0,0,300.7
3218,L50397,L,391.4473722,309.5,2025,21.4,7.804756316,64,0,0,0,0,0,300.6
288,L47467,L,167.5603991,308.3,1805,31.6,8.70633162,96,0,0,0,0,0,298.2
5024,M19883,M,136.7781761,313,1575,34.5,6.060890671,92,0,0,0,0,0,304
2967,L50146,L,235.6647102,309.3,1601,40.2,7.71686524,69,0,0,0,0,0,300.6
3165,L50344,L,263.7526402,309.7,1685,31.3,4.812065229,152,0,0,0,0,0,300.4
6004,L53183,L,346.7352263,310.2,1529,,9.510183774,10,0,0,0,0,0,
8888,L56067,L,130.7590935,308.9,1530,37.6,4.5132299,106,0,0,0,0,0,297.8
1658,M16517,M,321.2584454,308,1374,,4.587444501,156,0,0,0,0,0,298.1
1976,L49155,L,325.456789,307.7,1422,45.6,8.947721884,140,0,0,0,0,0,298
2398,L49577,L,264.7275187,308.6,1582,38.8,9.830817664,156,0,0,0,0,0,299.2
453,M15312,M,381.5191918,308.6,1643,31,5.534329146,89,0,0,0,0,0,297.4
8031,L55210,L,342.1573822,312,1490,42.2,5.514963805,3,0,0,0,0,0,300.6
4697,L51876,L,300.5466278,311.6,1449,41.7,3.843602631,132,0,0,0,0,0,303.4
3682,M18541,M,171.1597753,311.3,1453,45.1,8.339405616,174,0,0,0,0,0,302.1
423,L47602,L,162.4446095,308.3,1333,55.2,9.823385357,11,0,0,0,0,0,297.3
9726,M24585,M,111.1471109,309.7,1629,27.9,3.924566195,136,0,0,0,0,0,298.7
658,L47837,L,213.8344802,309.2,1365,58.6,9.81657464,170,0,0,0,0,0,297.7
3302,L50481,L,161.4349549,310.5,1365,47.7,2.723774786,70,0,0,0,0,0,301.3
6395,M21254,M,241.8095541,309.7,1408,44,5.465412171,144,0,0,0,0,0,300.2
2846,L50025,L,329.9436131,309.2,1398,54.4,4.996002674,198,0,0,0,0,0,300.3
8292,L55471,L,176.6266157,310.5,1717,26.9,6.012960592,17,0,0,0,0,0,298.9
7498,M22357,M,282.2140617,311.8,1483,45.1,2.458706443,181,0,0,0,0,0,
1002,L48181,L,211.1741305,307.1,1662,32.9,1.139242943,190,0,0,0,0,0,296.3
4199,M19058,M,135.3472001,311.1,1432,44.5,2.987457819,195,0,0,0,0,0,302.4
2419,L49598,L,319.4533225,308.3,1660,34.4,6.891337018,9,0,0,0,0,0,298.9
7483,M22342,M,230.5063657,311.6,1510,47.5,1.996430911,146,0,0,0,0,0,
5707,L52886,L,129.1623641,311.9,1290,70,9.836546006,139,0,0,1,0,0,302.4
3848,M18707,M,397.3955933,311,1450,,9.253239792,175,0,0,0,0,0,302.3
962,L48141,L,394.5721714,306.5,1493,40.5,4.928903813,90,0,0,0,0,0,295.8
1581,M16440,M,275.7908217,308.4,1444,47.5,8.642597492,178,0,0,0,0,0,298.3
5008,L52187,L,134.9091306,312.9,1442,,5.504853583,52,0,0,0,0,0,303.8
2207,L49386,L,320.2760074,309.2,1436,52,3.41542816,107,,0,0,0,0,299.9
6313,M21172,M,391.6590269,310.2,1533,38.1,1.130592902,137,0,0,0,0,0,300.9
9563,M24422,M,330.0071829,311,1435,50.1,1.133535436,168,0,0,0,0,0,299.7
4232,L51411,L,250.6536037,310.8,1340,,2.753079819,54,0,0,0,0,0,302.2
758,L47937,,153.8902715,308.1,1555,33.7,7.940091508,229,0,0,0,0,0,296.9
2285,L49464,L,345.2307873,308.5,1378,53.4,8.058149082,100,0,0,0,0,,299.2
6664,L53843,L,278.7239911,310.4,1504,47.2,7.345530558,193,0,0,0,0,0,301.3
4756,L51935,L,156.8475963,311.7,1295,51.3,2.018869232,51,0,1,0,0,0,303.4
8212,L55391,L,116.243563,310.6,1675,33.3,6.405297751,28,0,0,0,0,0,299.2
808,L47987,L,309.1139396,307.7,1867,22.8,5.989879698,118,0,0,0,0,0,297
6576,M21435,M,149.1036811,310.5,1451,45.3,2.72181175,183,0,0,0,0,0,301.4
7720,H37133,H,351.0029527,311.7,1535,,2.945268929,92,0,0,0,0,0,300.6
1957,M16816,M,394.4814943,307.7,1364,46.8,9.954280074,89,0,0,0,0,0,297.9
2446,H31859,H,171.6258193,308.7,1375,55.1,1.083084613,78,0,0,0,0,0,299.2
5876,M20735,M,360.9612731,311,1577,39.7,8.292174906,118,0,0,0,0,0,301.5
8164,L55343,L,201.8315181,311.1,1574,36.4,4.956980323,135,0,0,0,0,0,299.7
6139,M20998,M,223.8527756,310.7,1452,43,1.60076529,139,0,0,0,0,0,300.8
2403,L49582,L,210.1133011,308.7,1325,51,3.378313786,171,0,0,0,0,0,299.2
1074,L48253,L,151.1220274,307.8,1414,47.5,3.848862832,168,0,0,0,0,0,297
6558,M21417,M,213.0467033,310.6,1638,31.9,7.194987196,137,0,0,0,0,0,301.5
4241,L51420,L,240.0695415,311.1,1905,20.9,8.681141095,77,0,0,0,0,0,302.4
8510,M23369,M,277.6333878,309.7,1870,22.5,3.279938657,170,0,0,0,0,0,298.4
2092,L49271,L,138.6998639,309.2,1433,42.1,2.526512296,22,0,0,0,0,0,299.4
4528,M19387,M,370.5136775,310.5,1372,45.7,6.626056027,144,0,1,0,0,0,302.4
7203,L54382,L,185.556864,309.7,1326,61.9,7.891918349,80,0,0,0,0,0,300
6796,L53975,L,325.4689996,310.8,1477,50.4,9.31066589,90,0,0,0,0,0,301.4
7238,M22097,M,193.2995575,310,1632,33.7,4.719631418,172,0,0,0,0,0,299.8
7423,L54602,L,385.4306916,311.2,1351,44.1,4.216604687,206,0,0,0,0,0,300
6850,L54029,L,224.9835021,311.3,1498,37.6,1.627592079,11,0,0,0,0,0,301.1
6837,H36250,H,188.8091714,311,1339,52.8,4.345185916,194,,0,0,0,0,301.1
1004,L48183,L,332.9658077,307.1,1444,46.7,4.082058037,194,0,0,0,0,0,296.2
9100,H38513,H,380.5804911,308.1,1477,52.3,7.923092665,2,0,0,0,0,0,297.3
6563,M21422,M,153.6607694,310.7,1871,21.3,1.144062789,152,0,0,0,0,0,301.5
5615,H35028,H,390.4220876,312.2,1624,28.8,3.315053356,117,0,0,0,0,0,
4652,L51831,L,133.0533141,311.4,1349,51.1,6.965983253,9,0,1,0,0,0,303.2
5314,M20173,M,140.7540155,312.9,1566,32.6,2.513279809,9,0,0,0,0,0,303.7
1486,M16345,M,322.2296663,309,1976,19.3,1.415428713,158,0,0,0,0,0,298.1
7608,M22467,M,104.194499,311.3,1468,41.1,6.892997864,34,0,0,0,0,0,300.5
1412,L48591,L,105.7061619,310.1,1944,23.4,6.320726962,192,0,0,0,0,0,298.9
9304,L56483,,282.5175595,309,1491,38.3,7.374439163,121,0,0,0,0,0,298.2
710,M15569,M,215.0707046,308.8,1357,49.7,3.40624155,104,0,0,0,0,0,297.6
9807,L56986,L,359.9390761,309.1,1417,60.5,5.060788279,143,,0,0,0,0,298.3
8043,L55222,L,156.3943342,311.9,1486,45.1,2.07692789,30,0,0,0,0,0,300.8
7212,L54391,L,237.2781551,309.7,1431,40.3,8.692471152,101,0,0,0,0,0,299.8
3077,L50256,L,120.2865341,309.2,1444,43.6,6.797870049,123,0,0,0,0,0,300
8315,L55494,L,252.0948766,309.9,1739,30.6,9.011514726,83,0,0,0,0,0,298.8
4102,L51281,L,164.0710068,310.4,1884,23.4,4.107094433,163,0,0,0,0,0,301.9
5115,M19974,M,330.5046376,313.8,1481,44.9,2.986690697,136,0,0,0,0,0,304.2
2723,L49902,L,291.3029234,309.3,1558,34.8,1.520718543,115,0,0,0,0,0,299.6
9360,M24219,M,266.3781519,308.7,1581,47.4,2.92039449,51,0,0,0,0,0,298.1
1269,L48448,L,198.1301249,309.5,1496,45.8,6.226070543,46,0,0,0,0,0,298
2463,L49642,L,267.3937388,308.5,1742,34.5,2.222436005,117,0,0,0,0,0,298.9
5465,M20324,M,376.6482048,312.4,1659,33.1,6.288918412,152,0,0,0,0,0,302.9
269,H29682,H,120.13373,308,1800,24.8,1.388262675,44,0,0,0,0,0,297.9
3581,L50760,L,118.4295659,310.6,1650,31.9,1.740061222,126,,0,0,0,0,301.8
5350,M20209,M,272.053648,312.7,1642,33.6,9.461281356,104,0,0,0,0,0,303.3
7291,L54470,L,277.6726205,310.6,1806,24.4,6.002717905,88,0,0,0,0,0,300.3
5158,H34571,H,225.2547652,313.3,1397,,2.841941704,34,0,0,0,0,0,304.1
6602,M21461,M,191.0459493,310.7,1347,47.9,9.044932429,29,0,0,0,0,0,301.5
2822,M17681,M,227.5473162,309.6,1419,42.5,9.966826775,137,0,0,0,0,0,300.3
5808,M20667,M,335.7019883,310.9,1489,38.9,7.333749512,179,0,0,0,0,0,301.4
590,L47769,L,193.3768891,309.4,1491,40.2,8.345374444,231,0,0,0,0,0,297.6
5956,L53135,L,184.8269966,310.8,1653,31.6,3.802864456,111,0,0,0,0,0,300.7
5255,L52434,L,203.591093,313.1,1897,23.6,2.12195769,75,0,0,0,0,0,
6662,M21521,M,385.1627954,310.4,1501,39.8,1.009385094,187,0,0,0,0,0,
7657,L54836,L,145.4249305,311.6,1541,47.8,3.987034534,156,0,0,0,0,0,300.5
8726,M23585,M,226.5557909,308.5,1515,42.1,8.851178758,81,0,0,0,0,0,297.1
6897,M21756,M,372.9786881,311.6,1454,40,6.291542144,140,0,0,0,0,0,301
7595,L54774,L,219.6069188,311.3,1531,38.5,8.03673923,0,0,0,0,0,0,300.6
2029,M16888,M,272.1332886,308.3,1349,46.6,6.561018743,74,0,0,0,0,0,298.7
6819,M21678,M,130.6174995,310.7,1657,29.9,3.037063726,148,0,0,0,0,0,301
678,L47857,L,351.1526534,309.2,1478,39.7,3.973346984,10,0,0,0,0,,
5764,H35177,H,243.9065916,311.2,1451,,9.593280226,70,0,0,0,0,0,301.8
1233,L48412,L,327.0945957,308.6,1500,37.1,3.315062133,161,0,0,0,0,0,297.2
5297,H34710,H,359.1433613,313.2,1379,50.2,8.342497475,178,0,0,0,0,0,303.8
7104,H36517,H,134.9897581,310.3,1777,30.1,2.655590157,38,0,0,0,0,0,300.8
5035,M19894,M,301.3482755,313.1,1514,41.1,4.391214021,121,0,0,0,0,0,303.9
5453,M20312,M,183.969414,312.7,1553,35.8,8.676243497,122,0,0,0,0,0,303
2433,L49612,L,129.3552587,308.2,1510,43.5,8.07334324,46,0,0,0,0,0,298.9
6320,L53499,L,295.5493175,310.2,1514,40,8.165027309,155,0,0,0,0,0,300.8
6120,L53299,L,315.3613881,311.1,1471,39.3,4.215574706,91,0,0,0,0,0,300.9
9159,H38572,H,282.5564367,308.4,1487,46.2,3.848366979,150,0,0,0,0,0,297.4
9954,L57133,L,177.368752,307.8,1565,35.3,4.106591801,119,0,0,0,0,0,298.1
897,L48076,L,256.6082626,306.1,1573,35.1,8.80172317,129,0,0,0,0,0,295.5
1612,M16471,M,287.2226857,307.9,1726,27.3,5.746407388,35,0,0,0,0,0,297.8
6475,M21334,M,109.1205242,309.7,1347,54.3,8.876199736,136,0,0,0,0,0,300.5
7662,L54841,L,206.3370751,311.6,1575,32.5,8.183573021,168,0,0,0,0,0,300.5
7461,L54640,L,273.3656216,311.5,1445,41.6,2.353968309,81,0,0,0,0,0,300
3807,M18666,M,174.719477,310.9,1360,,9.714615235,67,0,1,0,0,0,302.3
8274,M23133,M,236.4601295,310.6,1787,22.2,8.078780355,192,0,0,0,0,0,299
9452,H38865,H,122.9353239,308.7,1536,39.6,3.146662624,99,0,0,0,0,0,
4702,H34115,H,129.8340305,311.7,1584,32.7,7.283641873,143,0,0,0,0,0,303.5
3962,M18821,M,195.7854405,311.4,1642,32.1,2.491502209,42,0,0,0,0,0,302.2
5418,L52597,L,310.6243407,312.4,1386,45.8,2.040181791,38,0,0,0,0,0,302.6
891,L48070,L,216.3569135,306,1370,52.4,4.779554368,115,0,0,0,0,0,295.6
5000,M19859,M,184.0983329,312.9,1532,,6.076082142,32,0,0,0,0,0,303.7
7507,L54686,L,240.2008099,311.9,1511,41.8,1.344744278,205,0,0,0,0,0,300.5
7882,L55061,L,104.4361615,312.4,1493,39.1,8.367899629,79,0,0,0,0,0,300.8
5096,M19955,M,211.2901858,313.5,1428,39.9,4.497284979,88,0,0,0,0,0,304.1
6933,L54112,L,291.3039509,311.4,1322,67.2,8.778831884,18,0,0,1,0,0,300.8
9618,L56797,L,169.6007223,310.2,1516,35.3,6.583301119,102,0,0,0,0,0,299
2800,L49979,L,197.9132991,309.6,1404,44.6,5.894250742,87,0,0,0,0,0,300.3
585,H29998,H,193.8837598,309.6,1419,48.2,1.350436418,215,0,0,0,0,0,297.6
3269,M18128,M,180.7689561,310.1,1525,37.8,8.291815432,199,0,0,0,0,0,301.3
3933,L51112,L,133.8739563,311.6,1953,22.4,6.237285308,180,0,0,0,0,0,302.6
1261,L48440,L,180.8187583,309,1528,33.8,4.675743272,22,0,0,0,0,0,297.6
6206,M21065,M,171.8241911,310.7,1696,27.3,5.488041562,76,0,0,0,0,0,
311,H29724,H,250.3582562,308.6,1526,41.8,7.352155346,160,0,0,0,0,0,298
7790,L54969,L,297.4378772,311.5,1495,38.5,1.462680808,69,0,0,0,0,0,300.2
6459,M21318,M,340.4533876,310,1302,62.9,7.284770659,87,0,0,0,0,0,300.6
6207,M21066,M,333.8443127,310.6,1669,28.4,4.671318705,79,0,0,0,0,0,300.8
5883,L53062,L,335.2883517,311.1,1469,36.9,4.573608308,133,0,0,0,0,0,301.4
4669,H34082,H,288.7036688,311.4,1692,27.9,4.613968032,55,0,0,0,0,0,303.3
4299,M19158,M,237.9686627,310.2,1437,42.3,5.852672436,0,0,0,0,0,0,301.8
3784,H33197,H,216.1898633,310.8,1397,47.6,5.358073931,11,0,0,0,0,0,302.2
1009,L48188,L,287.024453,307.1,1441,41.7,1.135263767,3,0,0,0,0,0,296.2
8355,L55534,L,215.963458,309.6,1390,50.3,1.232773706,196,,0,0,0,0,298.6
2186,L49365,L,235.3645785,309.4,1630,32.4,4.528645314,53,0,0,0,0,0,299.8
3624,M18483,M,109.2812473,311.3,1530,36.4,5.171701099,27,0,0,0,0,0,302
7040,H36453,H,180.1878355,310.5,1519,37,3.339993923,91,0,0,0,0,0,300.6
4923,M19782,M,171.8132069,312.2,1615,35.7,1.319330721,56,0,0,0,0,0,303.4
9674,M24533,M,116.060321,310.1,1593,35.4,4.369347197,5,0,0,0,0,0,299
7951,L55130,L,118.3161372,311.6,1568,36,4.268001492,23,0,0,0,0,0,300.8
6126,L53305,L,289.6275781,310.9,1995,20.2,4.898822506,105,0,0,0,0,0,300.9
4757,H34170,H,345.8867301,311.7,1991,19,2.302041731,53,0,0,0,0,0,303.4
5075,L52254,L,154.0608417,313.1,1666,34.6,7.728387694,33,0,0,0,0,0,304.1
91,L47270,L,313.4882919,308.9,1753,25.8,9.104985357,33,0,0,0,0,0,
5975,L53154,L,199.4441981,310.7,1488,39.4,8.010009604,159,0,0,0,0,0,300.5
6419,H35832,H,358.8461198,309.9,1405,52.1,3.641848414,205,0,0,0,0,0,300.3
8641,L55820,L,126.829987,308.6,1383,47.5,4.209807522,75,0,0,0,0,0,297.6
8691,L55870,L,398.5128266,308.5,1323,44.4,7.391219416,207,1,0,0,0,0,297.1
2118,H31531,H,386.4749661,308.9,1762,29.3,4.063684682,91,0,0,0,0,0,299.4
2938,L50117,L,307.8895708,309.6,1810,26,1.034750392,195,0,0,0,0,0,300.7
6843,L54022,L,129.9616595,311.2,1635,29.6,9.839052949,211,0,0,0,0,0,301.2
984,L48163,L,392.6060201,306.9,1526,34.9,5.17377029,140,0,0,0,0,0,296.2
7261,L54440,L,273.3462002,310.5,2424,14.5,2.798823502,12,0,0,0,0,0,300.4
9986,H39399,H,369.0364492,308.5,1572,35.6,3.320841952,202,,0,0,0,0,298.7
2926,M17785,M,187.7983212,309.6,1388,51.1,8.632428703,160,0,0,0,0,0,300.7
6062,H35475,H,107.6195406,311.1,1618,29.5,5.459334302,160,0,0,0,0,0,
3215,H32628,H,252.9034254,309.3,1396,51.2,8.380648156,54,0,0,0,0,0,300.4
6448,L53627,L,385.3235561,310.1,1337,45.8,6.626167037,62,0,0,0,0,0,300.6
6780,M21639,M,283.3330242,310.8,1372,54.2,3.449288715,49,0,0,0,0,0,301.3
7039,L54218,L,380.085261,310.6,1654,34.2,1.309345567,89,0,0,0,0,0,300.7
5664,M20523,M,343.2180593,311.5,1530,42.3,9.305799171,21,0,0,0,0,0,302.3
628,L47807,L,198.2086698,310.1,1455,42.2,3.705235774,94,0,0,0,0,0,298.4
8009,L55188,L,332.7533188,311.9,1414,41.1,7.932886817,171,0,0,0,0,0,300.8
5126,M19985,M,124.1951098,313.5,1416,48.1,6.376475703,167,0,0,0,0,0,304.3
4766,L51945,L,209.9682743,312,1892,22.5,3.961847375,79,0,0,0,0,0,303.7
8144,L55323,L,196.6666929,310.9,1477,40.4,2.418015123,83,0,0,0,0,0,299.7
9595,L56774,L,196.9687618,310.3,1727,28.7,5.639976184,43,0,0,0,0,0,299.1
1270,L48449,L,394.1055327,309.5,1467,41.8,8.971026519,48,0,0,0,0,0,298.1
129,L47308,L,248.5737824,308.6,1587,38.6,2.862927468,124,0,0,0,0,0,299
6113,L53292,L,325.5947967,310.8,1925,22,1.591955402,74,0,0,0,0,0,300.7
1712,L48891,L,127.0581035,307.8,1355,51.3,4.505090375,70,0,0,0,0,0,298.2
7863,M22722,M,348.2237155,312,1382,54.1,7.941481347,27,0,0,0,0,0,300.5
4236,L51415,L,120.4112446,310.8,1438,41.4,3.169333682,66,0,0,0,0,0,302.2
5193,L52372,L,247.4104955,313.1,1310,62.9,2.511678637,130,0,0,0,0,0,
2399,L49578,L,396.604836,308.5,1490,43.2,1.703573626,158,0,0,0,0,0,299.2
5435,L52614,L,119.9254359,312.5,1629,30.4,6.89174796,74,0,0,0,0,0,302.9
6058,L53237,L,344.3475564,310.8,1689,32.9,5.171285618,151,0,0,0,0,0,300.8
9319,L56498,L,234.4890201,309.4,1364,44.5,5.630405965,162,0,0,0,0,0,298.5
1187,L48366,L,118.7009848,308.4,1417,47.8,6.423425877,31,0,0,0,0,0,297.3
6014,L53193,L,164.0310662,310.8,1597,30.5,2.427893709,38,0,0,0,0,0,300.7
9794,H39207,H,123.9620148,309.4,1414,46.7,5.161988732,102,,0,0,0,0,298.5
6015,H35428,H,122.3867285,310.8,1618,32.8,6.00113205,40,0,0,0,0,0,300.8
1978,M16837,M,151.9748331,307.7,1633,30.7,4.512750964,145,0,0,0,0,0,298.1
9888,L57067,L,102.3575476,309.5,1368,44.7,3.156836803,147,0,0,0,0,0,298.8
4248,L51427,L,306.1453283,311,1369,60,8.072824174,93,0,1,0,0,0,302.6
7673,M22532,M,307.0000899,311.7,2141,17.2,8.219856072,196,0,0,0,0,0,300.5
916,M15775,M,255.0108228,305.8,1526,38.2,4.234889979,181,0,0,0,0,0,295.4
1306,L48485,L,131.7713841,310,1672,30.4,5.730488218,150,0,0,0,0,0,298.8
5456,M20315,M,337.8300345,312.6,1895,23.5,7.793940862,129,0,0,0,0,0,303.1
3050,L50229,L,176.6191248,309.2,1326,55.9,3.001986632,55,0,0,0,0,0,300.1
9522,M24381,M,176.56247,310.1,1484,40.4,3.012211867,61,0,0,0,0,0,298.9
1274,L48453,L,224.7727458,309.4,1397,48.2,2.352450033,63,0,0,0,0,0,298.1
8056,H37469,H,374.4109301,311.6,1496,41.1,6.334425946,60,0,0,0,0,0,300.2
2797,L49976,L,183.134548,309.5,1539,35.3,2.477267673,80,0,0,0,0,0,300.2
1399,L48578,L,181.4129693,310.3,1472,46.6,3.74062886,157,0,0,0,0,0,299.1
3359,L50538,L,288.8567039,310.6,1522,,9.454995031,202,0,0,0,0,0,301.5
184,L47363,L,133.4988992,308.2,1485,40.7,8.167354308,57,0,0,0,0,0,298.1
6868,L54047,L,117.5650976,311.3,1342,,5.603858551,60,0,0,0,0,0,301
5696,L52875,,231.7748628,311.8,1451,42,3.990670257,110,0,0,0,0,0,302.4
8836,H38249,H,215.2039011,308.8,1324,53.5,2.101864036,169,0,0,0,0,0,297.4
9627,M24486,M,150.620765,310,1341,58.9,2.088795554,126,0,0,0,0,0,299
6171,H35584,H,307.2365839,310.5,1559,40.1,3.503548494,220,0,0,0,0,0,300.8
6988,L54167,L,227.1977146,311.1,2437,13.8,1.221608073,163,0,0,0,0,0,300.7
4568,M19427,M,196.4422373,310.8,1451,,7.747423022,32,0,0,0,0,0,302.8
8956,M23815,M,342.1407671,308,1355,55.1,9.393294019,63,0,0,0,0,0,297.4
2657,L49836,L,347.9769879,309.5,1349,51.3,5.144895303,176,0,0,0,0,0,299.9
8310,M23169,M,168.2595017,310,1459,40.2,2.688737231,69,0,0,0,0,0,298.7
6858,L54037,L,196.8593614,311.3,1622,,1.965084915,34,0,0,0,0,0,301.1
1962,L49141,L,290.5913075,307.5,1448,51.2,8.18262597,107,,0,0,0,0,297.8
6384,H35797,H,190.8167619,309.7,1483,43.8,1.084288195,108,0,0,0,0,0,300.2
8854,L56033,L,184.4918017,308.9,1458,41.1,1.877186876,14,0,0,0,0,0,297.7
9974,L57153,L,152.9056459,308.2,1444,40.5,6.289948823,170,0,0,0,0,0,298.5
1252,M16111,M,216.7324612,308.8,1359,48.7,1.539804179,220,0,0,0,0,0,297.4
3177,L50356,L,141.3833538,309.6,1435,45.4,3.095412038,181,0,0,0,0,0,300.3
7761,M22620,M,131.674651,311.7,1511,33,9.975938993,200,,0,0,0,0,300.4
5014,M19873,M,167.9412022,312.9,1594,35.2,4.827117931,69,0,0,0,0,0,303.8
9706,L56885,L,360.6875968,310,1482,41.1,4.837545339,82,0,0,0,0,0,298.9
6540,L53719,L,234.4200514,310.7,1436,54.1,8.903129951,90,0,0,0,0,0,301.4
3290,M18149,M,306.6884535,310.1,1295,56.6,1.942147797,39,0,0,0,0,0,301.2
6449,H35862,H,275.3982668,310.2,1877,24.8,8.602021069,64,0,0,0,0,0,300.7
8727,L55906,L,227.9720692,308.6,1562,33,8.811144356,84,0,0,0,0,0,297.2
7612,L54791,L,186.9376089,311.4,1611,32.7,8.246680986,44,0,0,0,0,0,300.5
6276,L53455,L,377.2957707,310.8,1628,32.2,6.561876142,43,0,0,0,0,0,301.3
6888,L54067,L,292.6673887,311.3,1782,26.9,3.2896995,116,0,0,0,0,0,300.8
1052,L48231,L,224.4380342,307.7,1556,37.7,8.760150138,110,0,0,0,0,0,296.6
4070,M18929,M,281.9845859,310.7,1405,47.9,6.348473844,80,0,0,0,0,0,301.9
6023,L53202,L,212.1785774,310.9,1521,39.4,1.623864474,61,0,0,0,0,0,300.7
5553,H34966,H,352.1270095,312,1579,,8.259954652,167,0,0,0,0,0,302.5
273,L47452,L,135.9788032,308.1,1484,40.4,6.212381787,59,0,0,0,0,0,298.1
2043,M16902,M,259.8560312,308.9,1397,52.4,2.144982188,112,0,0,0,0,0,299.1
4764,L51943,L,239.5498998,312.1,1443,45.9,9.633143913,74,0,0,0,0,0,303.7
8998,M23857,M,361.4355626,307.9,1609,38.9,5.836399315,166,0,0,0,0,0,297.1
5205,L52384,L,133.9957276,312.7,1989,22.4,5.123022599,166,0,0,0,0,0,303.7
9510,M24369,M,236.0417612,310.4,1502,39.8,8.034111662,34,0,0,0,0,0,299.2
1087,L48266,L,397.3371061,307.9,1455,49,8.307890726,204,0,0,0,0,0,297
8374,M23233,M,285.9464417,309.7,1362,50.5,5.64099209,34,0,0,0,0,0,298.7
7733,L54912,L,123.3716815,312,1430,42.7,4.461971537,130,0,0,0,0,0,300.6
7516,M22375,M,304.0322901,311.9,1335,58.3,5.510031647,9,,0,0,0,0,300.4
6679,M21538,M,389.9764042,310.7,1336,65.6,9.960635459,0,0,0,1,0,0,301.5
4323,M19182,M,358.7484785,310.1,1431,44,9.356065139,61,0,0,0,0,0,301.7
6947,L54126,L,251.5774465,311.2,1486,46.8,5.458944822,56,0,0,0,0,0,300.7
7748,M22607,M,142.2727908,311.8,1331,55.3,3.849190097,167,0,0,0,0,0,300.5
6773,L53952,L,136.099656,310.7,1536,39.3,1.026774096,31,0,0,0,0,0,
5519,M20378,M,210.2690366,311.8,2023,19.1,1.804634327,74,0,0,0,0,0,302.5
5118,L52297,L,263.6323101,313.6,1611,31.4,3.214218186,144,0,0,0,0,0,304.1
6180,M21039,M,394.7558035,310.9,1396,45.1,1.037478975,12,0,0,0,0,0,301.1
4710,M19569,,397.1468665,311.6,1446,50,4.883497256,163,0,0,0,0,0,
8122,L55301,L,330.6484291,311.6,1827,27,7.441939821,22,0,0,0,0,0,300.2
5970,M20829,M,201.9792187,310.8,1491,35.9,5.436917301,148,0,0,0,0,0,300.4
6785,M21644,M,220.2695274,310.7,1391,52.5,2.241736025,61,0,0,0,0,0,301.3
3479,L50658,L,362.5214787,310.7,1597,30.8,5.185235642,74,0,0,0,0,0,301.8
8415,L55594,L,291.0435465,309.8,1842,20.1,3.199565963,142,0,0,0,0,0,298.6
3925,M18784,M,141.3106835,311.4,1636,35,5.21605368,157,0,0,0,0,0,302.5
1749,H31162,H,193.4764846,307.7,1626,31.1,7.710038123,166,0,0,0,0,1,298.4
733,L47912,L,274.257996,308.6,1924,22.1,6.904289001,163,0,0,0,0,0,297.2
2554,L49733,L,381.5603216,309.1,1473,40.3,5.243311742,125,0,0,0,0,0,299.3
5459,L52638,L,136.7670318,312.6,1514,42.1,6.999479464,138,0,0,0,0,0,303.1
5874,M20733,M,292.1321133,311.1,1396,43.5,1.63235843,112,0,0,0,0,0,
2663,M17522,M,159.9206882,309.4,1483,38.1,3.2693955,193,0,0,0,0,0,299.9
9399,H38812,H,311.9791781,308.2,1526,40.1,9.355914014,165,0,0,0,0,0,
6456,L53635,L,383.0918426,310.1,1565,,8.088629504,81,0,0,0,0,0,
3114,M17973,M,167.2931184,309.1,1345,56.8,4.36406911,10,0,0,0,0,0,299.9
3304,L50483,L,306.8507728,310.4,1390,49.9,4.22162122,74,0,0,0,0,0,301.2
1345,L48524,L,107.5846859,310.1,1809,28.9,9.496095272,20,0,0,0,0,0,298.5
1691,M16550,M,298.4756967,307.4,1435,42.9,3.715193484,18,0,0,0,0,0,297.9
7181,M22040,M,179.798431,310.2,1628,30.3,2.764530345,27,0,0,0,0,0,300.2
6500,L53679,L,279.6997013,310,1671,26.8,3.481733258,199,0,0,0,0,0,300.9
3309,L50488,L,221.6835719,310.4,1433,43.4,3.207927658,86,0,0,0,0,0,301.4
1505,L48684,L,288.0811686,308.7,1506,,4.831785271,208,0,0,0,0,0,298
1807,H31220,H,340.1878729,307.6,1593,32.2,7.484461158,118,0,0,0,0,0,298
8470,M23329,M,177.5338719,309.7,1280,64.1,7.227501367,71,0,0,0,0,0,298.6
5370,H34783,H,282.1582549,312.5,1507,37.9,4.767303567,163,0,0,0,0,0,303
3792,L50971,L,308.7849386,311,1528,43.1,1.216752218,30,0,0,0,0,0,302.3
9521,L56700,L,350.9888274,310.1,1375,48.9,3.68090571,59,0,0,0,0,0,299
7330,M22189,M,199.2269527,310.4,1576,34.3,7.988684624,188,0,0,0,0,0,299.9
5910,H35323,H,169.656443,310.2,1364,65.3,8.023838374,208,1,0,1,1,0,300.7
6826,L54005,L,194.8949733,310.9,1828,25.1,3.096265576,166,0,0,0,0,0,301
7264,L54443,L,276.9309344,310.6,1429,46.9,8.868797673,19,0,0,0,0,0,300.4
1849,H31262,H,125.7860982,307.2,1429,44.1,7.534151306,26,0,0,0,0,0,297.7
4513,M19372,M,132.6212378,310.3,1411,49.5,5.51797296,110,0,0,0,0,0,302.5
2432,M17291,M,282.4602651,308.2,1411,51.3,1.158209442,43,0,0,0,0,0,298.9
4661,L51840,L,225.1541565,311.2,1439,43.9,6.727817775,30,0,0,0,0,0,303.2
8886,M23745,M,154.8853094,309.2,1438,42.9,7.693178468,101,0,0,0,0,0,298
5585,L52764,L,130.7298488,311.9,1578,29.9,5.402878005,44,0,0,0,0,0,302.4
143,M15002,M,115.6401081,308.4,1778,28.2,3.788476465,161,0,0,0,0,0,298.6
8761,M23620,M,214.2817346,308.7,1392,46.4,1.644054402,174,0,0,0,0,0,297.4
9212,M24071,M,301.3244546,309,1409,,2.954201245,85,0,0,0,0,0,298
5265,L52444,L,209.6758478,312.8,1376,53.4,2.164673085,98,0,0,0,0,0,303.4
3410,M18269,M,398.2661783,310.4,1697,30,4.716074941,120,0,0,0,0,0,301.2
1118,L48297,L,331.8254784,307.4,1523,40.7,4.749823326,85,0,0,0,0,0,296.5
1757,M16616,M,116.7437538,307.4,1363,60.1,9.016732858,187,,0,0,0,0,298.1
498,L47677,L,145.2762764,309,1505,39.2,3.28591694,209,0,0,0,0,0,297.4
8032,L55211,L,271.8529271,312,1550,32.4,1.250030343,5,0,0,0,0,0,300.7
871,L48050,L,388.5531879,306.4,1325,56.2,8.402130985,65,0,0,0,0,0,295.8
3358,H32771,H,348.6816757,310.7,1414,51.7,8.171953037,197,0,0,0,0,0,301.6
913,L48092,L,249.2567,306,1569,40.4,7.799865623,174,0,0,0,0,0,295.6
722,L47901,L,130.3285895,308.9,1696,30.9,7.081029948,133,0,0,0,0,0,297.5
2806,L49985,L,183.1688231,309.4,1460,43.5,8.427258701,102,0,0,0,0,0,300
9944,M24803,M,202.511949,308,1766,26,9.073411261,96,0,0,0,0,0,298.3
887,L48066,L,247.5949736,306.2,1458,40.6,3.417663427,103,0,0,0,0,0,295.7
9593,L56772,L,269.6226913,310.4,1379,46.8,5.430920066,39,0,0,0,0,0,299.2
6588,M21447,M,353.6330957,310.7,1813,24.6,8.256829791,210,0,0,0,0,0,301.6
8101,L55280,L,330.5739752,311.7,1682,27.8,6.028317411,178,0,0,0,0,0,300.3
1521,L48700,,315.4950538,309.1,1472,40.1,5.920009971,31,0,0,0,0,0,298.3
8690,L55869,L,368.4239953,308.4,1543,39.6,3.594631555,205,0,0,0,0,0,297.1
2747,L49926,L,251.4943397,309.2,1411,46.1,8.404128465,173,0,0,0,0,0,299.7
6701,H36114,H,109.3651555,310.9,1419,50.2,3.903917982,51,0,0,0,0,0,301.6
5776,L52955,L,343.3044156,311.1,1907,21.5,2.244833452,102,0,0,0,0,0,301.6
315,M15174,M,257.4484851,308.5,1300,53,1.918339727,172,0,0,0,0,0,297.9
1800,M16659,M,253.957002,307.5,1427,45.1,5.095989841,95,0,0,0,0,0,298
328,L47507,L,255.4772922,308.5,1373,56.7,9.279046065,203,0,0,0,1,0,297.7
5643,L52822,L,218.0509296,312,1495,38.8,5.589693844,186,0,0,0,0,0,302.5
4205,M19064,M,235.3629849,310.9,1523,43.2,4.753870677,210,0,0,0,0,0,302.3
3130,L50309,L,230.1948215,309.6,1642,34.5,7.530711665,53,0,0,0,0,0,300.1
6861,L54040,L,357.8295998,311.2,1910,20.2,7.598237525,41,0,0,0,0,0,301.1
9906,M24765,M,349.3117277,309.1,1423,49.5,8.558931713,200,0,0,0,0,0,298.7
3969,M18828,M,151.7555566,311.4,1418,41.3,9.518028486,62,0,0,0,0,0,302.3
5744,M20603,M,378.6698117,311.6,1379,42.9,8.978276698,13,0,0,0,0,0,
6227,H35640,H,271.5020984,311,1341,59.3,3.573454129,134,0,0,0,0,0,301.3
1974,L49153,L,153.6905087,307.6,1747,25.3,8.800368806,136,0,0,0,0,0,297.9
337,M15196,M,194.5632866,308.2,1995,20.5,2.477187546,10,0,0,0,0,0,297.6
2765,M17624,M,391.6095513,309.3,1389,52.8,1.247631129,0,0,0,0,0,0,299.9
7661,M22520,M,211.1770714,311.6,1246,52.9,3.839285907,165,0,0,0,0,0,300.5
276,L47455,L,296.951026,308,1401,54.7,9.108734451,65,0,0,0,0,0,298
2986,L50165,L,379.9801018,309.8,1596,31.5,3.151734655,123,0,0,0,0,0,300.7
5647,M20506,M,213.9408001,311.8,1644,37.2,8.403026886,195,0,0,0,0,0,302.4
5850,M20709,M,217.013121,311.2,1434,47.6,7.47769133,52,0,0,0,0,0,301.4
3478,L50657,L,397.8529674,310.7,1547,41.7,8.082597374,72,0,0,0,0,0,301.8
7559,M22418,M,378.9844273,311.4,1386,48.1,9.062116814,119,0,0,0,0,0,300.3
3559,L50738,L,213.6214175,310.6,1743,26.2,8.201690565,71,0,0,0,0,0,301.7
2810,L49989,L,117.084525,309.2,1598,34.6,5.680889425,111,0,0,0,0,0,299.9
9114,L56293,L,368.8108821,308.6,1744,28.5,1.944365876,42,,0,0,0,0,297.6
4862,L52041,L,223.9740478,312.3,1946,21.1,7.296370199,112,0,0,0,0,0,303.5
6587,L53766,L,298.1712053,310.6,1453,44,2.374818667,208,0,0,0,0,0,301.5
3417,L50596,L,101.9897779,310.5,1435,44.6,8.476969043,135,,0,0,0,0,301.5
308,M15167,M,363.522782,308.4,1579,36.6,2.281469851,152,0,0,0,0,0,297.8
3909,L51088,L,361.90549,311.2,1633,36.4,9.022948876,114,0,0,0,0,0,302.3
349,L47528,L,233.286817,308.3,1617,31.7,5.287963093,39,0,0,0,0,0,297.6
827,L48006,L,169.3963289,307.2,1481,38.2,5.021450821,160,,0,0,0,0,296.5
9502,L56681,L,176.1099521,310.3,1396,47.4,6.742505702,14,0,0,0,0,0,299.3
4483,H33896,H,220.622959,310.5,1568,36.9,6.612062952,28,0,0,0,0,0,302.7
6577,L53756,L,309.5612762,310.5,1644,34.9,3.170766126,186,0,0,0,0,0,301.5
3683,L50862,L,346.99685,311.2,1550,34.8,9.007620522,177,0,0,0,0,0,302.1
5877,L53056,L,215.0467766,311.1,1426,52.1,3.413666435,121,0,0,0,0,0,301.5
8388,L55567,L,379.4894408,309.9,1351,47.2,9.680467636,73,0,0,0,0,0,298.8
2054,L49233,L,350.5613513,309.3,1382,61,1.168419467,140,0,0,0,0,0,299.5
72,L47251,L,136.6413737,309.1,1452,45.5,6.401695996,196,0,0,0,0,0,298.9
5508,L52687,L,116.6502415,312.1,1520,39.9,6.059858907,48,0,0,0,0,0,302.8
8515,L55694,L,207.575048,309.4,1447,47.1,7.377275102,185,0,0,0,0,,298.2
7511,L54690,L,272.3050285,311.8,1524,38.9,4.101873231,214,1,0,0,0,0,300.5
8152,L55331,L,239.3112787,310.7,1472,40.9,5.240584068,104,0,0,0,0,0,299.5
1667,L48846,L,154.0473048,307.9,1551,36,6.548228351,186,0,0,0,0,0,298.2
7862,L55041,L,348.9136428,312,1498,42.9,1.168706517,25,0,0,0,0,0,
9160,M24019,M,267.3153246,308.6,1510,35.5,1.909647422,155,0,0,0,0,0,297.5
5689,M20548,,272.3706318,311.7,1423,44.6,5.027475383,93,0,0,0,0,0,302.3
1446,L48625,L,181.5103248,310.1,1618,29.2,3.169527938,62,0,0,0,0,0,299
5228,L52407,L,314.1121246,313.1,1440,41.1,8.325560017,12,0,0,0,0,0,303.9
6983,L54162,L,341.2434161,311.1,1440,43,2.864548626,148,0,0,0,0,0,300.7
1696,L48875,L,199.2961242,307.6,1509,41.6,7.771767662,33,0,0,0,0,0,298
2893,L50072,L,147.8097423,309.6,1329,54.3,8.479254326,80,,0,0,0,0,300.7
1575,L48754,L,335.848434,308.2,1478,50.1,5.112114419,166,0,0,0,0,0,298.2
3204,M18063,M,382.9743887,309.1,1533,38,2.583100529,26,0,0,0,0,0,300.1
4406,L51585,L,360.7278672,310.2,1331,45.5,9.053577592,53,0,1,0,0,0,302.4
1631,L48810,L,224.1971294,307.9,1412,44.5,1.855979468,85,0,0,0,0,0,297.9
8381,L55560,L,388.6781413,310,1776,25.7,7.580288711,51,0,0,0,0,0,298.9
1882,L49061,L,161.946469,307.6,1548,45.8,3.901134327,111,0,0,0,0,0,298
8822,H38235,H,100.9345189,308.7,1623,33.8,6.087932739,127,0,0,0,0,0,297.4
6464,H35877,H,296.2357572,310,1358,60.4,7.61634661,102,0,0,0,0,0,300.5
849,L48028,L,209.8506311,307.4,1465,47.1,6.698379739,215,0,0,0,0,0,296.3
9924,M24783,M,188.2840872,308.7,1615,33.3,9.261636294,41,0,0,0,0,0,298.5
6189,L53368,L,393.0382698,310.9,1450,45.9,8.315824745,35,0,0,0,0,0,301
5870,L53049,L,123.5853034,311.1,2076,18.7,8.962394817,103,0,0,0,0,0,301.5
2878,M17737,M,372.9841647,309.4,1655,32.1,1.271612354,37,0,0,0,0,0,300.5
187,L47366,L,362.5438933,308.3,1301,56,5.799942814,63,0,0,0,0,0,298.1
3780,L50959,L,127.2601982,311,1657,31.1,8.009732674,3,0,0,0,0,0,
1831,L49010,L,151.8754445,307.3,1859,24,7.006672261,178,0,0,0,0,0,
8326,M23185,M,205.8754981,309.5,1500,38.8,2.731720796,116,0,0,0,0,0,298.7
9242,L56421,L,183.8212331,308.7,1683,29.1,9.31805767,161,0,0,0,0,0,298.1
6379,L53558,L,191.6000076,309.6,1514,44.6,9.00976144,98,0,0,0,0,0,300
1235,H30648,H,234.8214163,308.5,2440,14,9.108558274,166,0,0,0,0,0,297.2
6965,M21824,M,190.1881834,311,1263,52.3,4.380867128,104,0,0,0,0,0,300.7
3916,L51095,L,264.749424,311.5,1700,29.5,5.198556618,133,0,0,0,0,0,302.5
447,L47626,L,187.9549456,308.6,1452,39,7.768547327,72,0,0,0,0,0,297.5
845,L48024,L,353.6077313,307.5,1566,35.1,5.085763845,206,0,0,0,0,0,296.5
8063,M22922,M,231.6478088,311.6,1359,54.1,6.88047552,81,0,0,0,0,0,300.3
5403,L52582,L,369.6702738,312.3,1421,48.5,9.305589135,0,0,0,0,0,0,302.7
2441,L49620,,183.1757197,308.4,1426,47.9,2.812375403,67,0,0,0,0,0,299.1
3104,L50283,L,358.8087877,309.1,1668,30.3,1.840056946,200,0,0,0,0,0,299.8
8586,M23445,M,296.3868694,307.9,1338,48.5,8.36366896,158,0,0,0,0,0,297.4
6792,L53971,L,140.3940429,310.7,1551,41.2,4.672175441,82,0,0,0,0,0,301.2
5651,L52830,,111.1547178,312,1456,46.3,9.180041355,208,0,0,0,0,0,302.5
1295,L48474,L,182.0939285,309.9,1486,40.3,2.137225579,126,,0,0,0,0,298.8
5080,M19939,M,165.9121479,313.4,1411,54.8,6.810819382,44,0,0,0,0,0,304.2
9017,L56196,L,213.5322669,308.2,1396,52.7,1.31402685,212,0,0,0,1,0,297.3
5068,M19927,M,264.0517709,313.2,1396,50.5,6.396773585,11,0,0,0,0,0,304.2
3443,M18302,M,290.4946032,310.5,1495,52.5,4.93575633,201,0,0,0,0,0,301.4
8452,L55631,L,322.2304653,310,1435,42.5,8.228352611,25,0,0,0,0,0,298.5
7274,M22133,,340.5573203,310.3,1704,29.2,7.568519055,42,0,0,0,0,0,300.2
6106,M20965,M,347.4896194,310.9,1522,46.2,6.434826115,56,0,0,0,0,0,300.8
777,L47956,L,113.7958942,307.8,1468,39.2,1.146148494,35,0,0,0,0,,
9717,H39130,H,148.3184754,310,1387,45.2,4.789305357,110,0,0,0,0,0,299
2154,H31567,H,245.3528041,308.8,1397,45.4,1.100788317,191,0,0,0,0,0,299.3
4921,L52100,L,132.977451,312.2,1337,69.4,8.734527147,52,0,0,1,0,0,
5361,L52540,L,359.3673772,312.6,1463,44,2.464778099,140,0,0,0,0,0,303.3
9736,L56915,L,277.0943598,310.1,1444,47.7,8.477794265,161,,0,0,0,0,299
5958,L53137,L,100.7847051,310.9,1637,37.2,3.469504595,115,0,0,0,0,0,300.7
8412,L55591,L,265.8206447,309.8,1496,37.7,4.522527137,134,0,0,0,0,0,298.6
8433,L55612,L,177.1084012,310,1537,39.9,3.850576653,190,0,0,0,0,0,298.8
3184,L50363,L,203.1173049,309.3,1616,32,2.796215506,199,0,0,0,0,0,300.1
6793,L53972,L,392.0575554,310.6,1811,24,1.291237739,84,0,0,0,0,0,301.2
3200,H32613,H,390.1387471,309.1,1560,35.4,5.053071301,14,0,0,0,0,0,300.1
9370,M24229,,130.7526934,308.3,1547,36.8,7.379787719,74,0,0,0,0,0,297.7
1290,M16149,M,179.8132368,309.7,1635,32.2,2.239180891,110,0,0,0,0,0,298.6
4582,L51761,L,303.1759896,311.2,1601,32.9,2.859004175,69,0,0,0,0,0,303
6193,L53372,L,235.6562528,310.9,1428,45.3,7.625381225,47,0,0,0,0,0,301
8936,L56115,L,182.6653998,308.3,1801,26.9,6.615259402,11,0,0,0,0,0,297.4
7150,L54329,L,295.8631324,309.8,1506,41.8,3.244085182,161,0,0,0,0,0,300.2
9847,L57026,L,297.4640873,309,1339,,8.429299977,35,0,0,0,0,0,298.3
4107,L51286,L,149.0421462,310.5,1425,51.1,2.343269335,173,0,0,0,0,0,301.9
4127,M18986,M,356.9622894,310.6,1623,34.3,4.051384071,9,0,0,0,0,0,302
8301,L55480,L,359.8284267,310.1,1558,37.6,1.770394898,44,0,0,0,0,0,298.7
3967,L51146,L,385.9964878,311.5,1530,37.8,9.666910388,57,,0,0,0,0,302.3
1880,M16739,M,361.6108097,307.7,1608,33.8,1.121876386,106,0,0,0,0,0,
8497,M23356,M,221.9847906,309.4,1816,,4.674695497,138,0,0,0,0,0,298.3
9300,M24159,M,336.1803147,308.9,1335,50.4,6.704861527,110,0,0,0,0,0,298.1
6349,L53528,L,137.5273314,309.8,1557,33.8,5.762484341,19,0,0,0,0,0,300.2
3588,H33001,H,329.7787855,310.5,1478,38.6,2.939604165,141,0,0,0,0,0,
7373,L54552,L,137.2443595,310.2,1473,42.7,6.946895238,81,0,0,0,0,0,299.6
3866,H33279,H,325.67941,311.5,1629,34.4,5.036006029,228,1,0,0,0,0,302.6
8488,L55667,L,298.2217344,309.4,1392,50.1,9.817975219,117,0,0,0,0,0,298.4
4132,L51311,L,236.3677734,310.3,1485,46.3,8.422891829,24,0,0,0,0,0,301.9
1037,M15896,M,164.5585699,307.5,1684,31.4,4.553946147,72,0,0,0,0,0,296.4
637,L47816,L,269.980065,309.9,1463,43.9,6.721574207,116,0,0,0,0,0,298.3
6154,L53333,L,305.5605856,311.1,1236,64.4,1.880690992,177,0,0,0,1,0,301
4135,L51314,L,255.6057577,310.3,1688,28.8,3.737435467,31,0,0,0,0,0,301.8
5339,M20198,M,376.8192527,312.5,1674,32.7,6.477094706,76,0,0,0,0,0,303.3
1084,L48263,L,297.9634241,307.8,1683,32.3,2.152892143,197,0,0,0,0,0,297
862,M15721,M,181.2392399,306.9,1951,23.3,8.327615261,38,0,0,0,0,0,
904,L48083,L,130.6013657,306.2,2270,14.6,2.550250625,149,0,0,1,0,0,295.7
192,L47371,L,394.0015184,308.4,1666,34.6,7.450675305,74,0,0,0,0,0,298.2
110,L47289,L,260.186588,308.7,1572,34.1,2.953745227,80,0,0,0,0,0,298.9
4456,H33869,H,194.0351381,310.1,1597,28.9,9.833870727,179,0,0,0,0,0,302.4
1943,L49122,L,269.3465509,308,1456,42.4,1.696346641,59,0,0,0,0,0,298.1
5857,H35270,H,235.80217,310.9,1598,35.9,8.66241288,71,0,0,0,0,0,
4332,M19191,M,327.355078,309.9,1746,31.1,4.835432088,83,0,0,0,0,0,
8542,L55721,L,244.2709931,309.5,1738,25.2,9.592016694,49,0,0,0,0,0,298.5
2041,L49220,L,398.2882333,308.9,1686,29.6,7.476365882,108,0,0,0,0,0,299.1
7332,L54511,L,176.1840058,310.3,1524,34.2,6.137438891,196,,0,0,0,0,299.8
7318,L54497,L,123.3953438,310.3,1638,29.1,8.637061103,152,0,0,0,0,0,299.9
7780,L54959,L,349.67945,311.7,1811,26.8,1.783325573,47,0,0,0,0,0,300.5
4660,M19519,M,146.8429116,311.2,1489,44.5,6.29334277,27,0,0,0,0,0,303.1
7314,L54493,L,355.9448334,310.4,1408,38.4,6.241408527,144,0,0,0,0,0,299.9
2776,L49955,L,375.6708732,309.4,1560,47.7,2.752735386,26,0,0,0,0,0,300.1
4146,M19005,M,143.8723976,310.3,1465,46.5,5.101986145,60,0,0,0,0,0,301.8
2324,M17183,M,215.210758,308.7,1401,47,5.376769019,198,0,0,0,0,0,299.2
763,M15622,M,206.2256872,307.8,1286,60.5,8.960033284,0,0,0,0,0,0,296.7
2618,L49797,L,150.9114992,309.1,1670,35.9,7.369529249,68,0,0,0,0,0,299.4
2412,L49591,L,103.2165308,308.5,1559,38.1,9.398089761,194,0,0,0,0,0,299
1095,L48274,L,359.8813457,307.5,1354,44.4,3.30295211,16,0,0,0,0,0,296.9
6174,L53353,L,274.7260364,310.7,1633,27.8,7.117097383,0,,0,0,0,0,
7049,L54228,L,113.0702053,310.4,2007,19.8,6.237238788,116,0,0,0,0,0,300.6
9273,L56452,L,142.4207287,308.6,1353,54.1,9.083775138,38,0,0,0,0,0,298.2
3136,L50315,L,197.9628932,309.8,1342,52.5,9.313287788,68,0,0,0,0,0,300.4
7788,L54967,L,372.7963415,311.5,1378,,9.029171712,64,0,0,0,0,0,300.3
5041,H34454,H,147.9271364,313.2,1586,34.6,9.558159324,139,0,0,0,0,0,304.1
3806,M18665,M,233.6012449,311,1580,36.5,8.223766871,64,0,0,0,0,0,302.4
885,L48064,L,193.131496,306.4,1356,48,7.393581235,99,0,0,0,0,0,295.8
2655,L49834,L,188.501174,309.5,1567,35.5,3.001845628,171,0,0,0,0,0,299.9
5922,L53101,L,139.5098925,310.3,1336,57.1,8.351639829,29,0,0,0,0,0,300.5
6188,L53367,L,369.060442,311,1437,56,2.569005627,33,0,0,0,0,0,301
8086,L55265,L,258.3975959,311.4,1331,49.8,3.972500457,143,,0,0,0,0,300.2
6743,H36156,H,363.664724,311.2,1639,30,7.345772722,161,0,0,0,0,0,301.7
7627,H37040,H,270.3116203,311.6,1351,53.5,5.573739498,78,0,0,0,0,0,300.5
5681,M20540,,207.4308165,311.6,1386,50.5,5.917834158,69,0,0,0,0,0,302.2
7008,L54187,L,398.4207461,310.6,1499,45.2,6.302610673,8,0,0,0,0,0,300.5
9687,L56866,L,291.7162346,310.1,1486,40.7,8.950757299,39,0,0,0,0,0,299.1
2203,M17062,M,171.5779608,309.2,1548,35.7,7.173692469,97,0,0,0,0,0,299.9
6108,L53287,L,164.1478572,311,1438,49,8.77917938,61,0,0,0,0,0,300.9
6418,L53597,L,216.9796255,309.9,1540,39.9,6.201678615,203,0,0,0,0,0,300.3
1263,H30676,H,197.1631365,309.2,1648,33,5.18541322,29,0,0,0,0,0,297.8
8380,L55559,L,225.3427201,309.9,1629,31.9,6.314642089,49,0,0,0,0,0,298.8
976,M15835,M,249.2897875,306.6,1628,36.8,4.931664705,121,0,0,0,0,0,296
5832,L53011,L,149.8219606,311.3,1474,50.7,2.5023829,10,0,0,0,0,0,301.3
4926,L52105,L,104.3018701,312.3,1680,30.6,3.003442062,67,0,0,0,0,0,303.4
942,L48121,L,281.5568328,306.2,1650,28.2,6.855984517,35,,0,0,0,0,295.6
4724,L51903,L,147.7272197,311.8,1366,50.9,1.568359609,200,0,1,0,0,0,303.4
2388,M17247,M,230.7548148,308.5,1474,47.2,6.057262198,132,0,0,0,0,0,299.2
9729,L56908,L,339.4290983,309.8,1563,33.7,7.747729811,143,0,0,0,0,0,298.8
5022,L52201,L,134.3352873,313,1350,61.1,5.72050739,88,0,0,0,0,0,304
4392,M19251,M,360.7423464,310.1,1368,51.6,9.985440201,12,0,1,0,0,0,302.2
5149,L52328,L,178.7388343,313.6,1507,43.1,9.251054823,13,0,0,0,0,0,304.4
3222,L50401,L,120.1274623,309.6,1423,49.1,4.67014417,74,0,0,0,0,0,300.6
3883,L51062,L,190.7677265,311.6,1419,43.7,4.95237457,39,0,0,0,0,0,302.5
9439,M24298,M,253.5887988,308.7,1315,56.8,9.047634914,59,0,0,0,0,0,298.1
6625,L53804,L,332.6079153,310.7,1532,39.8,5.694326651,92,0,0,0,0,0,301.7
5919,L53098,L,156.9796421,310.1,1541,42,7.965334247,23,0,0,0,0,0,300.6
2790,H32203,H,153.2260173,309.5,1438,44,4.463369921,59,0,0,0,0,0,300.3
945,M15804,M,176.3632152,306.3,1712,28.5,5.733246378,43,0,0,0,0,0,295.7
8909,L56088,L,141.513753,308.5,1518,44.3,9.045379902,163,0,0,0,0,0,297.2
1858,L49037,L,322.2189748,307.4,1643,36.5,5.23673534,55,0,0,0,0,0,297.7
9081,L56260,L,128.5497326,308,1869,25.4,2.701461691,163,0,0,0,0,0,
4109,L51288,L,369.988811,310.5,1892,21.8,6.566113243,177,0,0,0,0,0,301.9
8514,M23373,M,231.1765256,309.5,1478,36.5,7.000418242,182,0,0,0,0,0,298.2
3256,L50435,L,124.1119536,309.7,1491,42.9,8.493674487,165,0,0,0,0,0,301
2691,L49870,L,381.3360805,309.5,1728,26,4.289269545,37,0,0,0,0,0,300
9513,L56692,L,102.0387569,310.2,1575,37.8,3.865152316,42,0,0,0,0,0,299
6962,M21821,M,189.7355348,311,1378,41.2,3.777092637,93,0,0,0,0,0,300.7
1320,L48499,L,189.7100658,310.3,1929,24.4,4.991038092,180,0,0,0,0,0,299
8883,L56062,L,380.3156971,309.2,1378,49.7,4.948440836,94,,0,0,0,0,298
9881,L57060,L,222.5230467,309.8,1753,27.5,9.128237049,130,0,0,0,0,0,298.8
5163,L52342,L,265.7703342,313.3,1464,45.9,1.926524303,48,0,0,0,0,0,304.2
5830,M20689,M,284.3686343,311.1,1574,34.3,9.385366562,4,0,0,0,0,0,301.2
7954,L55133,L,286.2426336,312,1447,36.8,7.725885372,31,0,0,0,0,0,301
5959,L53138,L,304.4272603,310.8,1533,38.5,7.546125838,117,0,0,0,0,0,300.6
9272,L56451,L,288.2188525,308.7,1991,20.5,5.401513581,36,0,0,0,0,0,298.2
3476,L50655,L,136.6010362,310.7,1644,33.4,2.009862837,68,0,0,0,0,0,301.8
3506,L50685,L,100.4059251,310.8,1726,26.7,1.135656499,150,0,0,0,0,0,301.6
4750,L51929,L,125.8487811,311.2,1404,50.9,1.416067962,31,0,0,0,0,0,303.2
2478,L49657,L,307.2965339,308.5,1387,57.3,6.220927802,154,0,0,0,0,0,298.9
9491,M24350,M,316.7373287,309.7,1418,44.7,4.239122017,209,0,0,0,0,0,299
6616,L53795,L,239.2822096,310.6,1545,42.1,9.879996796,68,0,0,0,0,0,301.7
7414,M22273,M,200.8428414,311.1,1616,35.2,9.597419362,183,0,0,0,0,0,300.1
7587,L54766,L,374.1160725,311.1,1589,35.5,9.100296104,191,0,0,0,0,0,300.4
5345,L52524,L,300.8700486,312.8,1360,50.8,2.753479896,94,0,0,0,0,0,303.4
9864,L57043,L,317.5973809,309.8,1411,56.3,4.960862752,84,0,0,0,0,0,298.9
7112,M21971,M,233.7361925,310.4,1450,39.4,1.112572331,62,0,0,0,0,0,300.8
1875,L49054,L,274.727276,308.1,1598,32.7,9.943859763,94,0,0,0,0,0,298.4
8517,L55696,L,232.5789081,309.6,1527,30.9,5.886857138,189,0,0,0,0,0,298.3
5271,L52450,L,330.8346928,312.9,1275,64.4,7.175673717,113,0,0,0,0,0,303.5
5097,H34510,H,389.5132598,313.5,1627,32.2,7.804635449,91,0,0,0,0,0,304.2
2905,L50084,L,120.1974405,309.4,2496,13.5,1.697327381,111,0,0,0,0,0,300.6
571,L47750,L,138.2136794,309.7,1498,,2.519711032,176,0,0,0,0,0,297.7
1449,M16308,M,220.4184528,310.3,1657,31,2.299801068,70,0,0,0,0,0,299
5965,H35378,H,161.2259967,310.8,1631,30.5,1.941179216,132,0,0,0,0,0,300.5
6243,L53422,L,168.7469453,310.4,1476,43.6,8.072696558,173,0,0,0,0,0,301
6348,L53527,L,184.3901348,309.7,1421,,5.05701246,17,0,0,0,0,0,300.2
7875,L55054,L,104.0066139,312.3,1548,37.9,8.325198358,58,0,0,0,0,0,300.7
9817,M24676,M,390.7686706,309.2,1721,29.4,9.759746802,170,0,0,0,0,0,298.5
3227,L50406,L,194.8128262,309.3,1465,46,2.25299568,89,0,0,0,0,0,300.5
9745,L56924,L,305.1046544,310.1,1574,36.2,6.231259771,181,0,0,0,0,0,298.8
3979,L51158,L,362.9706068,311.3,1382,46.4,9.654483521,94,0,0,0,0,0,
4384,L51563,L,219.5626413,309.5,1298,65.5,8.495810915,229,0,1,0,1,0,301.7
7857,L55036,L,169.9616731,311.8,1433,42.2,3.152566578,14,0,0,0,0,0,300.4
3540,L50719,L,231.5607521,311,1686,32.5,9.735239993,25,0,0,0,0,0,302
5683,H35096,H,351.8263576,311.6,1441,,2.897275127,74,0,0,0,0,0,302.3
2828,L50007,L,273.5091828,309.4,1412,51.6,1.15533793,153,0,0,0,0,0,300.4
7659,M22518,M,107.7624655,311.6,1359,55.4,2.486181484,160,0,0,0,0,0,300.4
4997,M19856,M,322.8215461,312.8,1400,43.2,7.219521499,23,0,0,0,0,0,303.6
1339,L48518,L,206.4550849,310.1,1721,27.2,7.777857181,5,0,0,0,0,0,298.6
3263,L50442,L,272.8443716,310.1,1558,36.3,4.030647364,184,0,0,0,0,0,301.3
6387,L53566,L,134.4135438,309.7,1656,34.3,7.946496593,120,0,0,0,0,0,300.2
7952,M22811,M,193.8144061,311.8,1843,24.5,5.951000949,25,0,0,0,0,0,300.9
651,L47830,L,106.9231565,309.2,1611,33.1,7.328183222,155,0,0,0,0,0,297.6
2903,M17762,M,206.865901,309.4,1541,35.2,4.831790192,105,0,0,0,0,0,300.6
2259,L49438,L,101.8006611,308.2,1319,60.3,7.621078515,36,0,0,0,0,0,299.1
7403,M22262,M,104.5804092,310.8,1463,43.5,6.492416765,156,0,0,0,0,0,299.8
3522,L50701,L,223.517149,311,1541,38.9,6.15991507,193,0,0,0,0,0,301.9
2731,L49910,L,228.0905693,309.2,1425,45.9,2.216942846,133,0,0,0,0,0,299.6
5497,M20356,M,383.2942805,312.5,1924,24,3.522889614,17,0,0,0,0,0,302.9
4479,L51658,L,127.7976883,310.2,1477,41.6,9.043000655,16,0,0,0,0,0,302.5
1597,L48776,L,335.0023148,308.1,1877,24.3,9.504404549,0,0,0,0,0,0,298
7067,M21926,M,200.8420208,310.7,1572,36.2,3.307926289,167,0,0,0,0,0,300.8
2585,L49764,L,328.8906046,308.8,1502,46.7,9.546887077,197,0,0,0,0,0,299.1
5442,M20301,M,318.6278874,312.6,1392,42.9,4.681959164,94,0,0,0,0,0,303
3197,L50376,L,321.6059855,309.1,1489,40.3,5.038753243,7,0,0,0,0,0,300
8524,H37937,H,151.0116559,309.3,1529,41.7,5.796223444,5,0,0,0,0,0,
7683,M22542,M,376.5870243,311.7,1412,49.1,1.894202247,219,0,0,0,0,0,300.7
5377,H34790,H,319.9674078,312.3,1336,57.5,2.465325377,187,0,0,0,0,0,302.8
1259,L48438,L,344.157545,308.9,1427,50.4,2.101938879,17,0,0,0,0,0,297.5
5278,L52457,L,312.4073702,312.9,1501,44,6.547878869,128,0,0,0,0,0,303.5
992,M15851,M,352.7896937,307,1523,42,1.774528701,164,0,0,0,0,,296.1
3505,M18364,M,366.2881974,310.8,1524,41.3,1.958428218,147,0,0,0,0,0,301.7
114,M14973,M,303.555708,308.6,1486,,9.501725091,92,0,0,0,0,0,298.8
920,L48099,L,222.9401764,305.8,1407,50.7,5.771559772,192,0,0,0,0,0,295.4
2510,L49689,L,205.1905801,308.9,1511,35.9,6.154010089,16,0,0,0,0,0,299
9405,L56584,L,382.0973704,308.2,2007,19.3,1.562674136,181,0,0,0,0,0,
166,L47345,L,194.6743261,308.4,1733,26,1.065499628,8,0,0,0,0,0,298.5
5264,L52443,L,334.612145,312.8,1877,22.3,4.687486175,96,0,0,0,0,0,303.5
4604,H34017,H,154.0780151,311,1452,58.3,7.006079311,123,0,0,0,0,0,302.9
950,L48129,L,147.71458,306.3,1636,32.7,6.943008984,56,0,0,0,0,0,295.6
4595,M19454,M,238.6428227,311.2,1387,41.4,5.949962716,100,0,0,0,0,0,303
5728,M20587,M,188.7014362,311.8,1559,34.4,8.615087121,191,0,0,0,0,0,302.3
3771,L50950,L,108.884371,311,1609,31,8.179264712,190,0,0,0,0,0,302.3
2507,M17366,M,277.7681258,309.1,1503,34.7,9.676567174,6,0,0,0,0,0,299.2
5108,L52287,L,116.2916646,313.2,1540,44.4,4.414778461,119,0,0,0,0,0,303.9
2851,L50030,L,343.4616703,309.3,1671,35,7.11088374,209,0,0,0,0,0,300.4
6486,L53665,L,305.0236444,309.8,1629,37.6,6.948285286,162,0,0,0,0,,300.6
5363,L52542,L,358.5547541,312.6,1281,57,4.402222614,144,0,0,0,0,0,303.2
7443,L54622,L,165.6644772,311.5,1601,36.9,6.239739449,35,0,0,0,0,0,300
4447,L51626,L,125.1198685,310.3,1584,35.5,3.481379983,158,0,0,0,0,0,302.5
4461,L51640,L,308.0924628,310.5,1596,32.8,3.344689868,193,0,0,0,0,0,302.6
9514,M24373,M,395.6555577,310.2,1598,,6.900575636,44,0,0,0,0,0,299
2506,L49685,L,387.6688908,309.1,1387,48.7,1.688383166,4,0,0,0,0,0,299.2
1115,H30528,H,315.2560429,307.3,1540,37.4,2.735321877,75,0,0,0,0,0,296.4
8398,L55577,L,101.9420247,309.6,1724,26.4,3.766456132,100,0,0,0,0,0,298.5
299,H29712,H,117.0603878,308.5,2129,18.7,7.051081791,126,0,0,0,0,0,297.9
1676,L48855,L,387.2782777,307.7,1407,43.9,1.326228428,205,0,0,0,0,0,298
3348,L50527,L,208.2970328,310.6,1529,41.8,8.197208172,176,,0,0,0,0,301.3
2736,L49915,L,348.0958438,309.2,1412,45.4,9.200956971,147,0,0,0,0,0,299.7
7820,L54999,L,160.9977972,311.2,1369,46.2,2.679537434,146,0,0,0,0,0,299.8
4989,L52168,L,370.2516978,313.1,2497,13,8.264139536,5,0,0,1,0,0,303.8
9895,L57074,L,244.4533226,309.5,1645,31.1,5.547509218,169,0,0,0,0,0,298.9
5818,L52997,L,276.8755485,311,1542,35.1,3.76504584,204,0,0,0,0,0,301.3
4326,L51505,L,358.4873616,310.2,1384,57.1,8.188596283,68,0,0,0,0,0,301.6
6720,M21579,M,186.3794524,310.6,1431,40.6,2.286784637,101,,0,0,0,0,301.4
8787,L55966,L,323.3343198,308.5,1306,50.7,9.268737831,38,,0,0,0,0,297.5
4551,M19410,M,317.6253762,310.5,1507,40.2,8.0587915,201,0,0,0,0,0,302.5
8573,M23432,M,174.256503,308.5,1559,35.2,2.777819367,127,0,0,0,0,0,297.7
7848,L55027,L,259.496086,311.6,1322,50.9,4.772308927,215,,0,0,0,0,300.2
2104,M16963,M,271.7367061,309.1,1376,46.7,6.867975411,49,0,0,0,0,0,
5814,L52993,L,352.356515,311,1761,29.1,4.53330248,195,0,0,0,0,0,301.2
9105,M23964,M,362.3399863,308.3,1550,47.8,8.237670415,18,0,0,0,0,0,297.4
7454,H36867,H,179.4752098,311.7,1432,47.7,7.249495984,61,0,0,0,0,0,300.3
1838,L49017,L,213.5407591,307.2,1392,43,2.963195018,197,0,0,0,0,0,297.7
7903,M22762,M,209.3505359,312.3,1430,47.2,7.864422422,131,0,0,0,0,0,300.7
8319,H37732,H,109.2165166,309.7,1565,39.3,2.455104038,94,0,0,0,0,0,298.7
8724,L55903,L,200.6818645,308.6,1578,34.4,7.824147271,76,0,0,0,0,0,297.2
608,M15467,M,312.1932062,309.9,1565,33.9,2.559565251,40,0,0,0,0,0,298
8375,L55554,L,341.7095073,309.7,1225,63.4,9.907678955,37,0,0,0,0,0,298.8
1094,M15953,M,179.3482946,307.5,1443,39.2,8.06352735,13,0,0,0,0,0,296.8
6388,M21247,M,383.3573548,309.8,1487,39.2,2.096385759,122,0,0,0,0,0,300.2
6506,L53685,L,341.2035753,310.1,1457,39.6,1.685108797,215,0,0,0,0,0,301.1
8965,M23824,M,300.8600854,307.9,1456,44.9,7.414629237,85,0,0,0,0,0,297.2
4488,L51667,L,172.2583353,310.5,1436,36.5,7.984675452,43,0,0,0,0,0,302.5
161,L47340,L,316.1643818,308.2,1282,60.7,3.839543964,216,0,0,0,1,0,298.4
204,L47383,L,239.5126615,308.5,1490,37.9,5.844613841,110,0,0,0,0,0,298.4
7041,L54220,L,247.3079578,310.6,1720,30.3,3.648295793,96,0,0,0,0,0,300.7
5894,M20753,M,123.2509662,311,1410,52.7,8.55480062,161,,0,0,0,0,301.3
4934,H34347,H,256.7920988,312.2,1554,36.8,2.965673009,85,0,0,0,0,0,303.4
2935,M17794,M,293.9476341,309.6,1546,42.3,1.447990495,186,0,0,0,0,0,300.8
7323,H36736,H,160.3946762,310.2,1573,33.3,3.150155093,168,0,0,0,0,0,299.8
2436,L49615,L,399.1057406,308.2,1686,30.4,1.844947687,53,0,0,0,0,0,298.9
1231,M16090,M,253.6571528,308.4,1880,23.5,5.639961271,155,0,0,0,0,0,297.1
8676,H38089,H,354.5277804,308.6,1688,,8.194329786,166,,0,0,0,0,297.3
3047,M17906,M,382.6598229,309.4,1501,,3.650227998,48,0,0,0,0,0,
9655,L56834,L,370.6570366,310,1367,56.3,7.406452989,203,0,0,0,1,0,299.1
8420,L55599,L,277.9697635,310.3,1431,,7.120925592,157,0,0,0,0,0,299
7667,M22526,M,102.6921192,311.7,1424,50.8,5.025574293,182,0,0,0,0,0,300.6
6408,M21267,M,244.5636568,309.9,1611,29,5.963004357,177,0,0,0,0,0,300.3
4252,H33665,H,122.8595688,310.9,1356,55.5,2.222869797,101,0,1,0,0,0,302.5
5578,L52757,L,381.6146474,312.1,1455,40.4,8.507555773,28,0,0,0,0,0,302.4
3294,M18153,M,234.6683152,310.3,1357,54.5,3.187036813,49,,0,0,0,0,301.2
4035,L51214,L,123.4664601,310.8,1615,29,6.385741269,235,1,0,0,0,0,302
8113,M22972,M,125.8562399,311.8,1442,45.1,6.89899175,0,0,0,0,0,0,300.4
4291,L51470,L,178.0735681,310,1642,32.6,6.066686918,201,0,0,0,0,0,301.8
4335,L51514,L,295.3003862,309.8,1472,42.5,8.765693736,91,0,0,0,0,0,301.6
5932,L53111,L,327.1898595,310.4,1336,54.4,6.319277942,52,,0,0,0,0,300.3
3878,H33291,H,248.0655807,311.7,1471,48.3,7.545161534,25,0,0,0,0,0,302.6
5429,L52608,L,332.089965,312.4,1453,47.3,2.540438358,62,0,0,0,0,0,302.7
4754,H34167,H,376.3038157,311.4,1607,36.6,5.629925181,43,0,0,0,0,0,303.2
4887,L52066,L,359.1788367,312.5,1372,45.7,9.927739225,180,0,0,0,0,0,303.8
858,M15717,M,300.6794227,307.1,1350,53.3,5.709328254,22,0,0,0,0,0,296.1
8234,M23093,M,344.7751064,310.6,1449,43.2,2.627843465,80,0,0,0,0,0,299.1
8376,M23235,M,310.7652998,309.6,1384,48.2,5.367952925,39,0,0,0,0,0,298.8
2562,L49741,L,112.2953364,309.2,1607,31.7,7.744282415,145,0,0,0,0,0,299.4
3802,M18661,M,390.0741295,310.9,1771,27.6,6.778475681,54,0,0,0,0,0,302.2
2641,M17500,,330.5538925,309.5,1372,56.2,6.229657613,133,0,0,0,0,0,299.9
9664,L56843,L,386.612862,310.1,1435,48.8,4.359801268,229,,0,0,1,0,299.1
4491,L51670,L,228.7110156,310.4,1967,20.3,8.591237834,50,0,0,0,0,0,302.5
2348,L49527,L,391.9324725,308.3,1410,43,3.709737793,26,0,0,0,0,0,299.2
650,M15509,M,192.4009515,309.2,1732,28.8,3.194442023,152,0,0,0,0,0,297.7
2782,L49961,L,226.0262733,309.5,2183,17.8,1.191381481,39,0,0,0,0,0,300.2
5653,L52832,L,112.9329633,311.8,1727,26.5,7.725042884,213,0,0,0,0,0,302.4
8544,M23403,M,245.93529,309.4,1365,48.7,6.580840889,56,0,0,0,0,0,298.5
8678,M23537,M,188.0726558,308.5,1664,28.9,8.513684314,174,0,0,0,0,0,297.3
6434,L53613,L,306.6961292,309.9,1570,34,4.065222205,31,0,0,0,0,0,300.3
616,L47795,L,343.0630061,309.9,1642,30.4,9.250280905,58,0,0,0,0,0,298.1
8449,L55628,L,392.3712923,310,1492,41.2,1.42165916,19,0,0,0,0,,298.5
2576,L49755,L,184.9039469,309.3,1422,49.2,4.353348118,179,0,0,0,0,0,299.5
54,L47233,L,375.6641811,309,1565,35.1,8.402354046,152,0,0,0,0,0,298.7
3341,M18200,M,174.9313658,310.8,1452,44.1,4.0189048,157,0,0,0,0,0,301.5
7038,L54217,L,125.1303847,310.6,1514,39.5,2.586728107,87,0,0,0,0,0,300.6
1706,M16565,M,239.059144,307.8,1608,32.6,5.533106555,57,0,0,0,0,0,298.1
9061,H38474,H,294.0317458,308.3,1453,,2.783408624,105,0,0,0,0,0,297.2
9353,L56532,L,325.2401585,308.7,1780,27.9,1.443104499,35,0,0,0,0,0,298.2
1494,L48673,L,240.6024547,308.8,1496,44.9,7.274273325,179,,0,0,0,0,298
9964,L57143,L,387.364567,307.9,1435,39.9,1.95315283,143,0,0,0,0,0,298.3
5633,L52812,L,109.5939076,312.2,1376,52.8,4.031233196,164,0,0,0,0,0,302.7
804,H30217,H,315.1967701,307.8,1549,,8.17329382,104,0,0,0,0,0,296.9
4954,L52133,L,297.1571797,312.5,1670,26.1,9.836838979,139,0,0,0,0,0,303.7
6934,L54113,L,258.3868901,311.4,1492,40.6,7.363507147,20,0,0,0,0,0,300.8
7105,L54284,L,123.3532852,310.4,1454,,5.188782256,43,0,0,0,0,,300.9
991,L48170,L,244.6295749,307,1414,48.3,9.698286025,162,,0,0,0,0,296.2
2775,L49954,L,219.7795677,309.4,1559,39.7,6.70082296,24,0,0,0,0,0,300.1
7471,L54650,L,142.1157507,311.6,1332,54.6,5.365954933,111,0,0,0,0,0,300.4
6420,H35833,H,283.9478847,309.9,1394,46.7,1.501986483,210,1,0,0,0,0,300.3
3514,M18373,M,103.284658,311.1,1417,52.5,9.522000095,171,0,0,0,0,0,301.9
5479,L52658,L,242.8079624,312.2,1611,34.1,6.368601001,186,0,0,0,0,0,302.7
8401,L55580,L,283.5201213,309.6,1533,40.7,8.939768173,106,0,0,0,0,0,298.6
220,M15079,M,121.3283972,308.5,1434,46.2,4.008130855,148,0,0,0,0,0,298.3
6970,M21829,M,158.6175054,311.1,1583,32.1,3.769843006,116,0,0,0,0,0,300.8
1289,M16148,M,134.1966768,309.6,1441,48.2,6.459117959,107,0,0,0,0,0,
3164,L50343,L,141.8170665,309.8,1549,38.9,9.546832195,150,0,0,0,0,0,300.4
4679,H34092,H,380.3736312,311.7,1476,40.1,3.804487322,85,0,0,0,0,0,303.6
2619,M17478,M,340.4136026,309.1,1461,48.6,4.012488434,70,,0,0,0,0,299.4
3613,L50792,L,299.0041932,310.8,1622,37.8,4.935027295,0,0,0,0,0,0,301.7
44,H29457,H,384.94951,309.2,1372,48.5,6.35576612,120,0,0,0,0,0,298.8
8095,H37508,H,332.5123315,311.6,1662,28.8,6.704757338,162,0,0,0,0,0,300.2
8373,M23232,M,174.0982532,309.7,1448,44.8,8.143370038,31,0,0,0,0,0,298.8
3793,L50972,L,318.4592088,310.9,1459,35,9.871822506,32,0,0,0,0,0,
3572,M18431,M,249.007436,310.6,1691,27.7,3.888717669,105,0,0,0,0,0,301.7
9981,L57160,L,315.3572215,308.4,1559,36.6,9.443580218,188,0,0,0,0,0,298.6
1504,L48683,L,355.619061,308.7,1771,26.2,2.927209976,206,0,0,0,0,,298
5557,H34970,H,125.8127757,312,1357,42,9.444854317,179,0,0,0,0,0,302.5
9831,L57010,L,394.8714015,309.3,1337,,6.151403954,206,0,0,0,1,0,298.3
3440,L50619,L,379.1409956,310.3,1492,41.4,8.371976523,195,0,0,0,0,0,301.4
1893,M16752,M,204.0061804,307.4,1438,43.6,7.382112582,141,0,0,0,0,0,297.8
9324,L56503,L,115.5115311,309.4,1447,40.2,4.621484073,173,0,0,0,0,0,298.6
5256,M20115,M,208.9077764,313,1403,51.9,6.286537251,77,0,0,0,0,0,303.5
1956,L49135,L,104.1853678,307.7,1308,55.2,7.021172678,87,0,0,0,0,0,297.9
5168,L52347,L,379.9792122,313.4,1639,32.7,8.358158903,63,0,0,0,0,0,304.2
4815,L51994,L,313.6061892,311.8,1401,53,8.370069227,208,0,0,0,1,0,303.4
6265,L53444,L,158.7548982,310.4,1541,39.1,7.526153886,17,0,0,0,0,0,300.9
1506,L48685,L,194.0749108,308.7,1626,36.7,5.268583042,210,0,0,0,0,0,298
671,L47850,L,130.4038825,309,1822,25.4,4.115022671,202,0,0,0,0,0,297.6
8908,M23767,M,297.5256747,308.6,1404,43.7,1.134894019,160,0,0,0,0,0,297.2
7056,L54235,L,173.4191128,310.6,1663,30.6,4.631253202,139,0,0,0,0,0,300.8
898,L48077,L,197.3772727,306.2,1612,31.2,7.679160533,131,0,0,0,0,0,295.6
6179,L53358,L,355.7454013,310.9,1282,67.9,4.021200944,10,0,0,1,0,0,
2667,H32080,H,356.9731636,309.2,1691,27.7,2.328059743,203,0,0,0,0,0,299.7
3194,L50373,L,299.4373336,309.1,1401,44.5,2.115614177,0,0,0,0,0,0,300
2891,L50070,L,339.8845669,309.7,1593,32.4,9.107074846,76,0,0,0,0,0,300.6
7774,L54953,L,132.8598094,311.4,1759,24.8,3.598174822,34,0,0,0,0,0,300.3
2622,M17481,M,181.640511,309.3,1506,41.5,8.555278026,77,0,0,0,0,0,299.5
6009,L53188,L,356.2130644,310.7,1431,39.3,1.865160815,22,0,0,0,0,0,300.7
5957,L53136,L,159.5243478,310.9,1535,37.1,3.14854718,113,,0,0,0,0,300.7
3,L47182,L,370.6434422,308.5,1498,49.4,4.449721956,5,0,0,0,0,0,298.1
2371,L49550,L,171.6463552,308.4,1620,34.1,8.695530437,89,0,0,0,0,0,299.2
7915,H37328,H,316.6575368,312.1,1490,43.1,5.161036364,159,0,0,0,0,0,300.7
1770,L48949,L,389.1539482,307.9,1981,23.2,2.321986601,16,0,0,0,0,0,298.4
8507,L55686,L,257.1923842,309.6,1710,27.3,5.347461895,163,0,0,0,0,0,298.4
6026,L53205,L,378.9301631,311,1336,53.3,2.66999595,68,0,0,0,0,0,300.7
532,L47711,L,119.6347964,309.5,1549,34.9,8.087067468,68,0,0,0,0,0,297.6
8725,M23584,M,141.3229904,308.6,1513,39,1.24747889,78,0,0,0,0,0,297.2
8650,L55829,L,173.437401,308.4,1328,61.8,4.319930026,98,0,0,0,0,0,297.4
7874,L55053,L,385.4298305,312.4,1470,38.6,9.736013482,56,0,0,0,0,0,300.7
8891,L56070,L,385.2248714,308.8,1616,34.2,8.037506832,114,0,0,0,0,0,297.7
3121,H32534,H,306.6726779,309.4,1563,40.8,2.432445957,28,0,0,0,0,0,300.1
9023,L56202,L,271.6097776,308.3,1548,46.6,4.784367789,7,0,0,0,0,0,297.4
732,M15591,M,109.6474622,308.6,1431,53,1.443560228,160,0,0,0,0,0,297.3
3407,L50586,L,146.8849077,310.4,1470,44,7.163155775,113,0,0,0,0,0,301.2
2340,L49519,L,103.8955126,308.2,1466,41.3,1.155219053,8,0,0,0,0,0,299.2
5968,L53147,L,237.7493847,310.8,1390,52.5,1.119060615,144,0,0,0,0,0,300.4
6581,L53760,L,189.6572869,310.4,1507,39.1,4.263726409,194,0,0,0,0,0,301.3
2566,L49745,L,341.5645303,309.1,1304,50.5,1.025984372,153,0,0,0,0,0,299.4
7727,M22586,M,287.2656706,311.9,1761,29,8.277102391,113,0,0,0,0,0,300.8
7821,M22680,M,311.5990663,311.2,1706,29.2,9.153818444,148,0,0,0,0,0,299.8
6714,L53893,L,384.7143904,310.6,1416,45.2,9.639669175,88,0,0,0,0,0,301.3
6996,M21855,M,183.4497834,310.7,1705,31.2,3.928445456,181,0,0,0,0,0,300.6
6943,M21802,M,316.0157967,311.4,1732,,5.940612366,45,0,0,0,0,0,300.8
7795,M22654,M,113.3761129,311.6,1415,55.8,3.833562281,82,0,0,0,0,0,300.2
8976,H38389,H,270.5840064,307.4,1661,34.2,6.170779745,109,0,0,0,0,,296.7
1256,H30669,H,102.8393981,308.9,1419,50.7,7.169006077,7,0,0,0,0,,
2105,M16964,M,272.7000191,309.1,1600,35.3,9.05627703,52,0,0,0,0,0,299.3
6735,M21594,M,108.3330264,310.9,1575,40.1,5.408772216,139,0,0,0,0,0,301.6
9779,H39192,H,301.233681,309.7,1311,54.5,6.940928428,52,0,0,0,0,0,298.7
6225,L53404,L,387.068518,311,1612,32.9,6.468382059,129,0,0,0,0,0,301.2
9151,M24010,M,381.2284565,308.6,1347,57,2.676917932,132,0,0,0,0,0,
4995,M19854,M,173.5914306,312.6,1642,29.4,3.748913769,18,0,0,0,0,0,303.5
8970,L56149,L,312.2222283,307.8,1396,50,1.522964621,96,0,0,0,0,0,297
6840,L54019,L,316.120939,311.2,1558,34.1,7.510863251,204,,0,0,0,0,301.2
5058,L52237,L,236.607129,312.9,1367,,2.300729309,192,0,0,0,0,0,303.8
5847,L53026,L,164.0548571,311.3,1674,33.3,9.07877772,46,0,0,0,0,0,301.4
4435,L51614,L,211.5099778,310.1,1556,32.9,9.194752919,132,0,0,0,0,0,
3485,L50664,L,253.5868004,310.8,1519,39,5.521170767,90,0,0,0,0,0,301.9
9494,L56673,L,106.0947148,309.8,1398,55.4,8.684374192,217,0,0,0,1,0,299.1
5319,L52498,L,260.9614505,312.6,1496,39,5.871459759,21,0,0,0,0,,303.5
3817,L50996,L,329.8709661,310.6,1459,47.6,8.890757456,93,0,0,0,0,0,302.1
5730,M20589,M,172.7759563,311.8,1463,35.7,2.655463466,197,0,0,0,0,0,302.3
8904,M23763,M,328.9792853,308.7,1382,49.9,7.590950889,151,0,0,0,0,0,297.4
7841,L55020,L,162.5985485,311.6,1606,,7.146093848,199,0,0,0,0,0,300.2
9890,H39303,H,239.7230124,309.6,1516,40.2,2.691076806,152,0,0,0,0,0,298.8
1622,L48801,L,230.7548596,307.6,1844,21.9,1.890987902,61,0,0,0,0,0,297.7
9424,L56603,L,168.4340567,308.5,1676,30.5,7.046072277,22,0,0,0,0,0,298.1
6308,L53487,L,326.1685873,310.3,1617,34.5,2.513928008,126,0,0,0,0,0,301
9305,L56484,L,335.7200987,309.1,1537,43,6.22865711,123,0,0,0,0,0,298.3
8903,H38316,H,260.1844899,308.7,1522,46.3,8.618524555,146,0,0,0,0,0,297.4
1097,L48276,L,239.2410158,307.6,1680,35.8,2.764784968,20,0,0,0,0,0,297
8058,L55237,L,198.8682154,311.5,1549,37.2,5.858413617,67,0,0,0,0,,300.2
9482,L56661,L,198.7920439,309.6,1365,50.9,9.577414013,183,0,0,0,0,0,298.9
2464,L49643,L,380.9824128,308.5,1580,39.1,5.542812325,119,0,0,0,0,0,298.9
8290,L55469,L,195.9045642,310.6,1406,43.8,8.025942651,12,0,0,0,0,0,298.9
1789,L48968,L,376.1664101,308,1442,47.3,9.37346237,65,0,0,0,0,0,298.3
251,L47430,L,290.5919769,308.3,1662,32.7,7.357346063,0,0,0,0,0,0,298
9927,M24786,M,155.9265109,308.6,1897,20.2,3.34960471,50,0,0,0,0,0,298.5
6192,H35605,H,217.8815333,310.9,1916,22,7.8205378,42,0,0,0,0,0,301
9651,M24510,M,265.3606752,310,1437,41.1,8.39483937,192,0,0,0,0,0,299.1
193,H29606,H,300.8159164,308.4,1398,51.8,5.558996997,76,0,0,0,0,0,298.2
821,L48000,L,206.9177587,307.6,1516,37.4,1.653668626,146,0,0,0,0,0,296.7
9628,M24487,M,216.4314271,310,1487,36.6,5.087614164,129,0,0,0,0,0,
5715,L52894,L,351.9205852,311.8,1618,36,1.432277844,158,0,0,0,0,0,302.2
7196,M22055,M,345.6749863,310.1,1443,49.3,8.601639293,61,0,0,0,0,0,300.1
5716,H35129,H,345.267886,311.9,1597,35.8,2.373821541,160,0,0,0,0,0,302.2
4401,L51580,L,396.4291208,310.1,1353,50.9,5.44014483,36,0,1,0,0,0,302.3
9291,L56470,L,293.4652694,309,1418,44.2,6.260902718,87,0,0,0,0,0,298.2
5389,M20248,M,332.6367157,312.3,1432,49,4.630045775,218,0,0,0,0,0,302.8
4167,H33580,H,227.939701,310.6,1525,48.7,2.60853302,114,0,0,0,0,0,302.3
4952,L52131,L,136.1691141,312.7,1596,36.6,3.299828499,134,0,0,0,0,0,303.8
2688,L49867,L,143.6025959,309.4,1348,52.8,7.332763658,31,0,0,0,0,0,299.9
4391,M19250,M,327.3249589,310.1,1421,45.4,1.593103272,9,0,0,0,0,0,302.2
5861,L53040,L,267.962126,310.9,1566,33.1,1.274982719,82,0,0,0,0,0,301.3
5982,M20841,M,118.556772,310.7,1347,46.5,5.543890826,183,0,0,0,0,0,300.7
4928,M19787,M,387.1630403,312.3,1543,33.3,7.412296203,71,0,0,0,0,0,303.5
6736,L53915,L,267.7130175,311,1485,40.1,8.331183446,142,0,0,0,0,0,301.6
2608,L49787,L,254.9062063,309.3,1448,48.6,6.279316231,44,0,0,0,0,0,299.4
7467,H36880,H,213.5994699,311.6,1801,23.6,2.810004737,97,0,0,0,0,0,300.3
239,L47418,L,356.6464257,308.1,1393,50.3,5.796186696,193,0,0,0,0,0,297.9
4016,L51195,L,369.6555251,310.9,1477,41.4,5.624635576,184,0,0,0,0,0,302.1
9263,M24122,M,171.2308217,309.1,1404,47,8.787303475,15,,0,0,0,0,298.3
2978,L50157,L,375.4971326,309.3,1413,50.3,6.496759951,101,0,0,0,0,0,300.4
5713,L52892,L,376.2704339,311.7,1330,,9.501659956,154,,0,0,0,0,302.2
9857,L57036,L,331.3407351,309.5,1450,44.2,1.951033151,63,0,0,0,0,0,298.6
5474,L52653,L,224.9149035,312.2,1369,51.8,6.087478601,174,0,0,0,0,0,302.7
946,M15805,M,278.0831275,306.3,1347,50.4,9.691055206,46,0,0,0,0,0,295.7
8252,L55431,L,154.9856603,310.4,1981,21.2,7.452864209,125,0,0,0,0,0,299
7682,L54861,L,201.3399597,311.8,1443,43.7,8.157879659,217,0,0,0,0,0,300.7
5098,L52277,L,251.5239985,313.4,1457,49.4,4.160093349,96,0,0,0,0,0,304.2
6806,M21665,M,249.9240499,310.7,1497,37.6,7.103661668,116,0,0,0,0,0,301
5804,L52983,L,356.3798176,310.9,1671,31.1,6.241631965,170,0,0,0,0,0,301.5
3553,M18412,M,167.5883593,310.9,1358,52.3,2.570702327,56,0,0,0,0,0,301.8
9970,L57149,L,220.4920696,308.1,1491,50,5.397266586,156,0,0,0,0,0,298.4
3361,L50540,L,103.5170417,310.6,1394,46.5,6.987853975,206,0,0,0,0,0,301.5
8250,L55429,L,250.361379,310.4,1524,39.8,6.562203151,120,0,0,0,0,0,299
2411,L49590,L,150.46645,308.5,1689,32.1,1.973202726,192,0,0,0,0,0,299.1
4508,L51687,L,323.8682716,310.1,1709,,6.040035067,100,0,0,0,0,0,302.4
8463,M23322,M,278.3968507,309.8,1501,,1.077609803,48,0,0,0,0,0,298.7
3983,L51162,L,317.6393795,311.3,1475,48.6,7.132100572,104,0,0,0,0,0,302.2
147,H29560,H,253.9223056,308.4,1612,36.1,5.531061752,174,,0,0,0,0,
6649,L53828,L,188.9516465,310.4,1488,41.1,5.571960515,151,0,0,0,0,0,301.5
2295,L49474,L,369.9977741,308.8,1627,32.6,7.132786173,124,0,0,0,0,0,299.4
2254,L49433,L,151.163029,308.4,1386,54.1,9.45273239,26,0,0,0,0,0,299.2
3612,L50791,L,265.5453182,310.9,1405,46.4,4.014310892,207,1,0,0,0,1,301.7
5354,L52533,L,281.23622,312.7,1589,34,3.981716957,116,0,0,0,0,0,303.4
1737,L48916,L,212.8642888,307.9,1544,35.9,4.434898342,132,0,0,0,0,0,
7916,H37329,H,109.166685,312.1,1527,35.1,3.475213599,164,0,0,0,0,0,300.8
7660,L54839,L,334.1641998,311.6,1528,,9.594901528,163,0,0,0,0,0,300.5
115,L47294,L,235.0196594,308.6,1680,29.4,1.141109514,95,0,0,0,0,0,298.8
8861,M23720,M,367.1459209,309.1,1488,37.3,9.486132316,30,0,0,0,0,0,297.9
5650,M20509,M,282.1942103,311.9,1414,51.6,2.610997941,205,,0,0,0,0,302.5
9845,H39258,H,250.8217673,309.1,1484,37,6.096442563,28,0,0,0,0,0,298.3
499,L47678,L,325.2400179,309.1,1611,30.2,8.488613134,211,0,0,0,0,0,297.5
7823,H37236,H,271.1497392,311.3,1413,41.8,8.25461626,153,0,0,0,0,0,299.9
721,L47900,L,117.9352225,308.9,1809,23.8,9.131196929,131,,0,0,0,0,297.4
7259,L54438,L,321.7768683,310.4,1742,25.9,9.335063573,7,0,0,0,0,0,300.3
8844,H38257,H,319.9197925,308.8,1564,38,5.745654249,191,0,0,0,0,0,297.3
5731,L52910,L,141.3656489,311.7,1793,25.3,8.780847769,200,0,0,0,0,0,302.3
3090,H32503,H,376.18791,309.3,1520,38.2,1.31057838,158,0,0,0,0,0,300.1
7227,L54406,L,228.2394187,309.6,1399,51.3,5.800601694,144,0,0,0,0,0,299.7
7307,L54486,L,233.940096,310.5,1356,45.8,7.942877945,126,0,0,0,0,0,300.1
6509,H35922,H,230.6582034,310.1,1756,30.7,4.113936281,2,0,0,0,0,0,301
597,M15456,M,275.3795182,309.6,1530,37.3,8.178773168,10,0,0,0,0,0,297.6
9093,L56272,L,287.2721338,308.1,1568,34.4,6.525832792,194,0,0,0,0,,297.3
6096,M20955,M,172.2489957,310.7,1452,47.3,4.193137826,25,0,0,0,0,0,300.9
6054,L53233,L,389.1824192,310.9,1748,29.9,4.914522755,140,0,0,0,0,0,
5165,M20024,M,278.5677162,313.4,1624,32.1,2.157357421,53,0,0,0,0,0,304.3
1648,L48827,L,278.9808155,307.8,1761,28.9,1.121623868,128,0,0,0,0,0,297.8
8168,H37581,H,114.3177152,311.1,1353,47.1,9.414623712,143,0,0,0,0,0,299.7
6921,M21780,M,232.4935071,311.6,1423,48,5.293830192,199,0,0,0,0,0,301.2
2701,L49880,L,236.1348631,309.3,1473,40.4,1.450593324,59,0,0,0,0,0,299.9
8204,M23063,M,269.8876361,310.9,1473,40.1,2.475024042,7,0,0,0,0,0,299.4
1701,M16560,M,221.9127231,307.6,1844,23.8,6.728507119,44,0,0,0,0,0,298
8944,M23803,M,337.7922074,308.4,1449,44.4,8.120957312,34,0,0,0,0,0,297.3
5405,H34818,H,343.1998979,312.5,1422,46.1,4.727522511,4,0,0,0,0,0,302.8
7220,M22079,M,333.5107494,309.7,1556,37.7,4.130715868,124,0,0,0,0,0,299.8
7503,H36916,H,153.6487381,311.7,1655,29.9,4.798131772,193,0,0,0,0,0,300.3
2943,L50122,L,171.6543429,309.5,1461,49.9,8.2619009,0,0,0,0,0,0,300.7
6302,M21161,M,364.6516076,310.6,1576,39.6,7.427695273,109,0,0,0,0,0,301.2
87,H29500,H,344.1356251,309,1436,43.9,8.776100952,20,0,0,0,0,0,299
2309,L49488,L,294.3332437,308.5,1371,55.5,6.184515092,159,0,0,0,0,0,299.1
2678,L49857,L,268.2767088,309.5,1495,39.6,2.401545139,10,0,0,0,0,0,299.8
8217,L55396,L,156.4318321,310.6,1370,61.9,3.139470482,42,0,0,0,0,0,299.2
7730,H37143,H,266.4048072,311.9,1329,59.2,1.156442669,121,0,0,0,0,0,300.7
2595,L49774,L,298.3030467,308.5,1446,37,4.761242177,11,0,0,0,0,0,298.8
5885,M20744,M,253.8013924,311.1,1438,43,8.75716841,137,0,0,0,0,0,301.3
1030,M15889,M,399.9634006,307.3,1477,35.2,5.821866482,53,0,0,0,0,0,296.2
137,H29550,H,299.5593065,308.5,1420,45.7,8.420104991,143,0,0,0,0,0,298.7
6832,L54011,L,371.7661188,311,1565,52.3,2.849710843,183,0,0,0,0,0,301.1
7815,L54994,L,227.2699819,311.4,1927,24.6,3.647384212,132,0,0,0,0,0,300
2855,L50034,L,304.9225902,309.3,1470,40.8,9.663403686,219,0,0,0,0,0,300.5
4410,M19269,M,327.8249931,310.1,1358,54.6,4.615242151,61,0,1,0,0,0,302.4
1201,M16060,M,309.1036987,308,1430,55.9,9.084566605,71,0,0,0,0,0,
4718,M19577,M,146.5206008,311.6,1425,45.4,6.944319436,184,0,0,0,0,0,303.4
9518,L56697,L,350.4590903,310.1,1523,39.1,9.627325586,53,0,0,0,0,0,298.9
6595,L53774,L,343.7549417,310.6,2103,19.7,8.577893454,12,,0,0,0,0,301.6
567,M15426,M,212.7037532,309.7,1541,33.7,2.726192049,165,0,0,0,0,0,297.6
7329,L54508,L,241.2722185,310.5,1517,42.2,3.979249007,186,0,0,0,0,0,300
5431,L52610,L,102.2604716,312.5,1694,28.4,8.576975306,66,0,0,0,0,0,302.8
3928,H33341,H,352.0866453,311.5,1556,35,5.160294832,164,0,0,0,0,0,302.7
6056,L53235,L,120.6611388,310.8,1475,42,9.604735569,147,0,0,0,0,0,300.7
7590,L54769,L,330.2531932,311,1802,26,9.489081466,197,0,0,0,0,0,
7123,L54302,L,106.8741404,310.4,1788,27.8,2.89420381,90,0,0,0,0,0,300.9
6573,L53752,L,142.7527448,310.7,1428,53.7,4.608574339,176,0,0,0,0,0,301.4
6536,H35949,H,115.2448929,310.5,1505,43.6,6.126056975,78,0,0,0,0,0,301.2
8914,M23773,M,364.3158402,308.5,1487,46.9,9.956747815,173,0,0,0,0,0,297.2
8276,M23135,M,248.1343473,310.6,1720,25.3,4.427614875,197,0,0,0,0,0,298.9
2331,M17190,M,103.6330207,308.7,1390,49.3,1.646460823,215,0,0,0,0,0,299.3
3516,M18375,M,352.9634566,311.1,1605,40,4.639121772,179,0,0,0,0,0,
2188,M17047,M,191.8694246,309.4,1439,47.4,5.083512042,57,0,0,0,0,0,299.8
196,L47375,L,236.1751885,308.5,1453,42.9,7.550992719,89,0,0,0,0,0,298.3
7258,L54437,L,181.3465653,310.4,1518,41.8,6.625929184,5,0,0,0,0,0,300.2
5667,L52846,L,177.1521611,311.4,1430,43.1,3.279245716,29,0,0,0,0,0,302.2
5060,L52239,L,265.0985256,312.8,1419,47.9,3.965110269,196,0,0,0,0,0,303.9
803,L47982,L,244.1841347,307.8,1571,,4.807040114,102,0,0,0,0,0,296.9
8849,M23708,M,197.4471141,308.9,1436,,8.116253883,2,0,0,0,0,0,297.5
9929,M24788,M,115.1473947,308.5,1576,27.4,3.77562281,55,0,0,0,0,0,298.4
2069,M16928,M,364.4308237,309.6,1534,39.1,5.775605871,176,0,0,0,0,0,299.7
9083,L56262,L,266.1386373,307.9,1309,49.6,9.111936436,167,0,0,0,0,0,297.2
8745,M23604,M,233.8373805,308.7,1798,23,6.704173131,135,0,0,0,0,0,297.4
645,H30058,H,241.3541028,309.4,1608,30.2,2.913612909,135,0,0,0,0,0,
9375,M24234,M,192.8335587,308.5,1466,44.7,1.047340352,88,0,0,0,0,0,297.8
5104,L52283,L,244.2363506,313.4,1399,43.7,7.441947989,111,0,0,0,0,0,304.1
5461,M20320,M,110.7882724,312.4,1526,36.1,6.350858661,142,0,0,0,0,0,303
1638,L48817,L,144.8306941,307.8,1665,33.9,8.252068642,102,0,0,0,0,0,297.9
121,L47300,L,123.7647049,308.7,1433,44.7,7.160994363,108,0,0,0,0,0,298.9
2982,H32395,H,209.6111317,309.4,1530,40.4,7.148929343,112,0,0,0,0,0,300.4
5070,M19929,M,183.0852812,313.2,1380,48.7,4.599144985,17,0,0,0,0,0,304.2
3075,L50254,L,134.0240072,309.2,1783,27.3,2.875800595,118,,0,0,0,0,
8928,M23787,M,280.3739352,308.4,1789,25,2.702193517,210,0,0,0,0,0,297.4
3279,L50458,L,250.8393139,310,1506,40.8,8.744712399,11,0,0,0,0,0,301.3
2136,L49315,L,203.7350477,309,1511,47.8,8.610794868,148,0,0,0,0,0,299.3
8942,M23801,M,203.8743667,308.3,1595,32.2,6.044844289,29,0,0,0,0,0,297.3
4971,L52150,L,185.4281778,312.6,1565,36,3.245111684,179,0,0,0,0,0,
6196,L53375,L,104.0728805,310.8,1729,30.2,1.511542143,53,0,0,0,0,0,300.9
135,L47314,L,282.7714761,308.4,1369,53,6.70960479,138,0,0,0,0,0,298.8
7732,L54911,L,365.3576472,312,1566,30.1,4.183405393,128,0,0,0,0,0,300.6
5325,M20184,M,236.4095474,312.8,1526,30.8,6.566427379,37,,0,0,0,0,303.4
9641,L56820,L,168.5325495,310.5,1514,36.1,8.173616479,169,0,0,0,0,0,299.4
6161,L53340,L,305.299002,310.9,1570,34,2.741411812,192,0,0,0,0,0,301
2560,L49739,L,279.2836497,309,1447,50.4,3.033995786,140,0,0,0,0,1,299.3
63,L47242,L,220.7798245,309,1829,22.9,1.574930157,172,0,0,0,0,0,
1359,M16218,M,120.1489374,310.1,1693,31.9,3.346266004,51,0,0,0,0,0,298.7
6726,M21585,,296.3044159,310.7,1359,47.1,9.479845497,115,,0,0,0,0,301.5
2468,M17327,M,274.9501132,308.6,1574,33.5,9.319334496,128,,0,0,0,0,298.9
680,L47859,L,155.7840682,309.2,1372,47.3,7.449038286,15,0,0,0,0,0,297.8
6798,M21657,M,230.4756749,310.7,1615,34.9,7.995551493,95,0,0,0,0,0,301.2
742,L47921,L,152.3746795,308.3,1513,38.8,2.971255749,189,0,0,0,0,0,296.9
5308,L52487,L,201.774474,313.3,1530,34.8,7.276859223,211,0,0,0,0,0,304
7628,L54807,L,342.6592779,311.7,1445,44.8,8.857031918,83,0,0,0,0,0,
3642,L50821,L,384.1005205,311.6,1488,,6.412571536,75,0,0,0,0,0,302.3
445,L47624,L,192.961891,308.4,1582,37.2,2.054507468,68,0,0,0,0,0,297.4
8141,L55320,,164.3969112,310.9,1658,28,4.44109273,76,0,0,0,0,0,299.6
3259,L50438,L,329.1908424,309.9,1643,32.9,3.517974517,171,0,0,0,0,0,301.2
4664,L51843,L,257.5632806,311.3,1389,53.9,6.174791258,39,0,0,0,0,0,303.3
1874,L49053,L,189.6576495,308.1,1367,57.8,7.202066298,92,0,0,0,0,0,298.4
6367,M21226,M,242.2552427,309.5,2065,18.1,7.989304057,62,0,0,0,0,0,299.9
2597,L49776,L,256.2507659,308.7,1426,38.6,8.036409173,16,0,0,0,0,0,299
1718,L48897,L,375.252355,307.6,1369,54.5,2.023492147,82,0,0,0,0,0,298.2
2913,L50092,L,250.775401,309.6,1661,,5.980125656,129,0,0,0,0,0,300.7
2844,L50023,L,283.8912237,309.2,1532,40.2,9.769208283,194,0,0,0,0,0,300.3
4028,L51207,L,302.4233161,311,1566,37.8,7.772311595,218,0,0,0,0,0,302
5489,L52668,L,253.843233,312.2,1450,52.1,3.694885458,213,0,0,0,1,0,302.7
8635,L55814,L,243.0312484,308.3,1411,,2.45562027,63,0,0,0,0,0,297.3
8038,L55217,L,213.759608,311.8,1603,34.1,8.368887731,17,0,0,0,0,0,300.7
9233,L56412,L,178.0271869,309.1,1350,52,6.925269746,136,0,0,0,0,0,298.2
490,M15349,M,233.6141088,309.2,1347,55.8,3.013742543,188,0,0,0,0,0,297.5
494,L47673,,166.5970817,309.3,1470,38.8,4.335037868,197,0,0,0,0,0,297.5
691,H30104,H,312.9464616,309,1413,40.2,6.318841643,51,0,0,0,0,,
3822,L51001,L,205.2347407,310.9,1596,33.5,4.35596542,104,0,0,0,0,0,302.3
603,L47782,L,336.6856966,309.8,2000,21.3,6.005743618,29,,0,0,0,0,297.9
1912,M16771,M,346.0917114,307.8,1316,57.2,2.950396101,191,0,0,0,0,0,298.1
1015,L48194,L,271.5494356,307.2,1445,41.8,5.346658467,20,0,0,0,0,0,296.2
6157,L53336,L,156.2603098,311.1,1508,41.5,4.948632819,184,0,0,0,0,0,301.1
1994,M16853,M,140.6713477,308,1463,42.5,5.286664344,190,0,0,0,0,0,298.3
5770,L52949,L,276.8263663,311.3,1348,51,1.645617147,87,0,0,0,0,0,301.7
3758,M18617,M,156.6368485,311.1,1516,33.7,1.435562204,158,0,0,0,0,0,
2367,L49546,L,266.6736501,308.5,1485,44.7,4.085877262,78,0,0,0,0,0,299.3
5284,L52463,L,262.2240798,313.2,1525,41.9,3.741794896,145,0,0,0,0,0,303.8
4371,L51550,L,151.1874902,309.9,1308,57.6,7.116823515,197,0,1,0,1,0,302
6884,L54063,L,125.7558928,311.3,1953,,4.362197237,107,,0,0,0,0,300.9
7012,L54191,L,317.007954,310.5,2633,12.2,5.975450991,17,0,0,1,0,0,300.5
1362,M16221,M,149.6593748,310.1,1458,41.9,3.727259449,61,0,0,0,0,0,298.6
8462,L55641,L,153.4195789,309.9,1446,43.3,2.711248226,46,0,0,0,0,0,
1527,L48706,L,311.7649512,309,1787,27.6,5.184889499,47,0,0,0,0,0,298.1
1328,L48507,L,270.4568553,310.2,1814,26.8,1.155231595,204,0,0,0,0,0,298.8
8508,L55687,L,218.4700428,309.7,1518,39.8,3.787385092,165,0,0,0,0,0,298.4
9032,H38445,H,230.6286437,308.4,1793,23.9,4.143818764,28,0,0,0,0,0,297.5
1552,L48731,L,224.1706959,308.8,1458,40.1,4.280392565,111,0,0,0,0,0,298.4
7770,L54949,L,190.7818803,311.5,1552,38.9,7.44199957,23,0,0,0,0,0,300.3
9909,L57088,L,150.8791019,309,1456,47.7,2.745805952,0,0,0,0,0,0,298.6
1338,H30751,H,239.0361765,310.2,1613,36,4.831003122,0,0,0,0,0,0,298.7
3902,H33315,H,206.0318557,311.1,1553,34.1,5.471549407,89,0,0,0,0,0,302.2
3011,L50190,L,297.0734814,309.6,1537,37.1,1.244582769,187,0,0,0,0,0,300.3
5042,L52221,L,223.9973409,313.2,1314,,1.255572142,144,0,0,0,0,0,304
8826,M23685,M,239.2954314,308.8,1548,41.3,9.835449345,140,0,0,0,0,0,297.3
2251,M17110,M,343.4738724,308.4,1396,48.7,2.308338444,13,0,0,0,0,0,299.2
6534,L53713,L,392.0020608,310.7,1504,47.2,2.90681776,74,0,0,0,0,0,301.3
5040,H34453,H,181.9661578,313.3,1689,32.5,2.021634551,134,,0,0,0,0,304.1
2347,L49526,L,187.8637977,308.4,1402,47.7,8.787361444,24,0,0,0,0,0,299.2
9283,M24142,M,134.784749,308.9,1414,44.3,5.341139247,68,0,0,0,0,0,298.2
5486,L52665,L,340.6148595,312.1,1344,51,9.881979983,206,0,0,0,0,0,302.6
2785,L49964,L,351.2458037,309.6,1430,52.7,9.281231156,47,0,0,0,0,0,300.2
5120,L52299,L,254.0023938,313.6,1411,46,3.154664693,149,0,0,0,0,0,304.2
7551,M22410,M,262.5962046,311.4,1554,34.3,5.722145287,99,0,0,0,0,0,300.3
5556,L52735,L,160.2794416,312,1411,44.2,2.071429948,177,0,0,0,0,0,302.5
5600,M20459,M,175.7768409,312,1652,31,3.706273023,81,0,0,0,0,0,302.7
7631,L54810,L,166.91814,311.6,1534,37.7,6.484608681,90,0,0,0,0,0,300.5
151,L47330,L,372.0669026,308.3,1422,42.7,4.577054069,186,0,0,0,0,0,
2805,L49984,L,335.7941207,309.5,1450,40.1,8.356908619,100,0,0,0,0,0,300.1
5875,M20734,M,183.0548803,311.1,1660,33.8,9.346564619,115,0,0,0,0,0,301.5
2087,H31500,H,139.5746369,309.3,1439,49.7,9.367703334,9,0,0,0,0,0,299.4
3752,L50931,,241.5738476,311.1,1520,42.2,3.292831336,143,,0,0,0,0,
5613,L52792,L,366.6528669,312.3,1486,42.4,6.210838212,112,0,0,0,0,0,303
2260,L49439,L,322.0267713,308.3,1431,52.3,4.836869592,38,0,0,0,0,0,299.1
4018,L51197,L,133.8453012,310.8,1902,23.4,8.231327274,188,0,0,0,0,0,302
6114,M20973,M,161.7533281,310.8,1724,30,3.171473348,76,0,0,0,0,0,300.7
6059,M20918,M,252.302807,310.9,1636,35.3,8.508952161,153,0,0,0,0,0,300.9
2425,L49604,L,322.9372307,308.2,1828,23.8,1.23067771,26,0,0,0,0,0,
8035,L55214,L,162.4391628,311.8,1564,36.8,6.413431858,11,0,0,0,0,0,300.7
3857,M18716,M,228.1760478,311.2,1330,58.6,4.09615605,201,0,0,0,0,0,302.4
860,H30273,H,297.7935957,307,1542,40.6,2.785357093,28,0,0,0,0,0,296.2
8171,L55350,L,109.2276206,311.3,1522,45.7,8.134154899,153,0,0,0,0,0,299.9
7592,M22451,M,188.9167218,311.1,1296,61.3,1.065140896,202,0,0,0,1,0,300.5
8098,L55277,L,184.4568143,311.7,1452,41.5,4.278615545,172,0,0,0,0,0,300.3
7321,H36734,H,382.9309404,310.2,1411,49.7,2.096088404,161,0,0,0,0,0,299.8
8564,L55743,L,167.767216,308.9,1500,36.7,4.433575161,104,0,0,0,0,0,298
4740,L51919,L,174.928982,311.4,1351,53.8,3.443935928,8,0,1,0,0,0,303.2
8595,L55774,L,113.5475334,308,1356,51.9,7.202355633,184,0,0,0,0,0,297.4
4463,L51642,L,320.7148538,310.5,1263,67.8,3.069899015,197,0,1,0,1,0,302.7
5529,L52708,L,191.9206453,311.8,1384,50.9,1.726940793,99,0,0,0,0,0,302.4
1365,L48544,L,361.6281641,310.2,1566,33.1,1.50122722,68,0,0,0,0,0,298.7
1780,M16639,M,298.8863595,308.2,1488,44,4.938055912,43,0,0,0,0,0,
9222,M24081,M,350.0194007,309,1675,30,6.637021519,110,0,0,0,0,0,297.8
4786,H34199,H,296.5679804,312.7,1401,50,3.890284301,129,0,0,0,0,0,
6335,M21194,M,135.3578412,309.8,1725,30.4,7.718610518,195,0,0,0,0,0,300.4
1819,M16678,M,234.4283539,307.7,1435,40.9,1.76087413,147,0,0,0,0,0,298.1
7800,L54979,L,388.3375977,311.4,1374,41.9,5.529621069,96,0,0,0,0,0,
4938,L52117,L,126.5132162,312.3,1540,38.7,4.038379731,96,0,0,0,0,0,303.4
2705,M17564,M,335.2722008,309.2,1608,34.4,9.168158037,68,0,0,0,0,0,299.7
5286,L52465,L,279.7643804,313.1,1523,39.8,3.039985544,150,0,0,0,0,0,
176,L47355,L,141.149394,308.1,1382,43.5,9.823079036,37,0,0,0,0,0,
7482,H36895,H,336.4172474,311.4,1506,36.1,8.599730661,141,0,0,0,0,0,300.2
2094,L49273,L,167.6861168,309.2,1564,39,8.931682296,26,0,0,0,0,0,299.4
8751,L55930,L,300.2868116,308.5,1764,30.8,6.537667119,148,0,0,0,0,0,297.3
3492,H32905,H,102.4247712,310.9,1590,34.3,4.063807501,106,0,0,0,0,0,301.9
1921,L49100,L,136.5608705,307.9,2161,17.5,4.026664976,5,0,0,0,0,0,298.1
83,L47262,L,191.2662934,308.9,1453,40.8,4.803453038,11,0,0,0,0,0,298.9
817,L47996,L,250.8806285,307.6,1434,,8.643481633,138,0,0,0,0,0,296.8
8602,H38015,H,144.4304447,308.2,1359,,5.752486834,199,0,0,0,0,0,297.4
7355,M22214,M,235.013443,310.3,1429,47.7,5.939655507,35,0,0,0,0,0,299.7
4397,H33810,H,161.5245788,310.1,1383,,2.616279877,24,0,0,0,0,0,302.3
9182,L56361,L,132.2812499,309.1,1521,36.1,6.937334567,15,0,0,0,0,0,
5569,L52748,L,348.3415023,312.1,1534,38.6,2.284648427,3,0,0,0,0,0,302.5
284,L47463,L,349.6420425,308.2,1469,,9.204048923,88,0,0,0,0,0,298.2
4121,M18980,M,197.6034346,310.7,1376,46.3,8.973054221,210,0,1,0,0,0,302.1
7481,M22340,M,102.2383922,311.4,1570,35.3,4.761794303,138,0,0,0,0,0,300.2
610,L47789,L,220.8695626,309.9,1629,32.5,7.185244477,45,0,0,0,0,0,298.1
2916,L50095,L,379.6908944,309.5,1255,62.1,8.843800535,138,0,0,0,0,0,300.5
1814,L48993,L,378.7149125,307.7,1479,,8.751044232,136,0,0,0,0,0,298.1
1272,H30685,H,337.5217076,309.4,1490,40.5,4.698175402,53,0,0,0,0,0,298
5925,L53104,L,319.1226943,310.2,1369,48.8,4.753398282,36,0,0,0,0,0,300.3
9596,H39009,H,227.4871265,310.1,1432,50,2.294175811,45,0,0,0,0,0,299
2995,L50174,L,315.8201842,309.8,1461,52.5,6.992333813,146,0,0,0,0,0,300.5
7110,L54289,,308.5254036,310.5,1599,,5.546710632,57,0,0,0,0,0,300.9
8614,M23473,M,240.9336929,308.5,1401,50.5,4.768846269,6,0,0,0,0,0,297.5
7357,L54536,L,383.0864836,310.2,1333,51.2,2.496299224,40,0,0,0,0,0,299.6
2643,L49822,L,344.7974184,309.5,1542,40.3,9.445843187,141,0,0,0,0,0,299.8
6554,L53733,L,353.7209504,310.8,1389,,7.740034226,125,0,0,0,0,0,301.4
4509,L51688,L,248.6152166,310,1426,46.6,7.817456648,102,0,0,0,0,0,302.4
2306,H31719,H,104.4173561,308.5,1342,47.5,1.293829827,147,0,0,0,0,0,
6503,L53682,L,343.1432037,310,2595,13.7,1.864007062,207,0,0,0,0,0,300.9
6261,L53440,L,112.2603285,310.7,1436,,8.017481742,8,0,0,0,0,0,301.1
4196,L51375,L,345.6672767,311,1548,38.4,5.047075576,188,0,0,0,0,0,302.5
5563,L52742,L,183.141219,311.7,1648,,2.283336961,197,0,0,0,0,0,302.3
4841,L52020,L,325.1026315,311.9,1298,63.9,1.347773615,59,0,1,0,0,0,303.4
4656,L51835,L,137.561385,311.1,1854,22.6,7.17065352,19,0,0,0,0,0,303.1
8148,L55327,L,309.0850877,310.8,1447,41,4.598497493,93,0,0,0,0,0,299.5
4169,L51348,L,356.6625125,310.6,1632,30.5,2.159181306,122,0,0,0,0,0,302.2
3850,L51029,L,225.0385501,311,1561,37.2,7.752063286,180,0,0,0,0,0,
9848,L57027,L,372.5598854,309.1,1362,46.1,6.788812191,37,0,0,0,0,0,298.4
8402,H37815,H,266.4005087,309.4,1671,31.8,1.759946166,108,0,0,0,0,0,298.5
5254,L52433,L,175.3082109,313,1547,40.3,5.67398342,73,0,0,0,0,0,303.5
7885,L55064,L,377.8177744,312.4,1465,59.1,9.100762182,91,0,0,1,0,0,
5534,L52713,L,324.2176873,311.7,1721,26.9,8.725081707,112,0,0,0,0,0,302.4
2415,L49594,L,229.0196394,308.5,1415,43.4,8.572957556,0,0,0,0,0,0,299.1
3555,L50734,L,103.9967053,310.8,1525,43.2,4.337806893,62,0,0,0,0,,
4692,L51871,L,103.2876079,311.5,1535,,1.68121851,120,0,0,0,0,0,303.5
4499,H33912,H,204.2079098,310.4,1614,36,2.688285568,74,0,0,0,0,0,302.6
2196,L49375,L,288.6051284,308.9,1613,30.8,7.740314864,80,0,0,0,0,0,299.6
5046,M19905,M,137.9740447,313.2,1510,46.9,7.377887787,152,0,0,0,0,0,304.1
2601,L49780,L,176.825071,309,1422,47.3,3.784559855,25,0,0,0,0,0,299.3
1519,H30932,H,157.7966612,309,1371,55.7,8.234285274,23,0,0,0,0,0,298.2
4765,M19624,,362.9519198,312,1402,48.6,1.050301295,76,0,0,0,0,0,303.7
4315,H33728,H,180.5756902,310.1,1623,32.3,2.668868852,39,,0,0,0,0,301.4
3367,M18226,M,300.5395567,310.7,1692,32.3,9.653748466,5,0,0,0,0,0,301.4
6066,L53245,L,383.0318492,310.9,1568,38.2,2.026503978,172,0,0,0,0,0,301
6583,L53762,L,234.2029511,310.5,1528,35.7,3.01258536,198,0,0,0,0,0,301.5
2634,L49813,L,302.495436,309.8,1532,39.8,9.013375016,115,0,0,0,0,0,300.1
7338,L54517,L,144.0885246,310.5,1539,32.8,5.232445363,213,0,0,0,0,0,299.9
5634,L52813,L,199.4275621,312.2,1447,47.5,2.074510978,166,0,0,0,0,0,302.7
9169,H38582,H,195.6361289,308.8,1385,44.4,8.421111083,181,0,0,0,0,0,297.6
8790,L55969,L,393.4201352,308.5,1471,43.9,7.368709204,45,0,0,0,0,0,297.4
2435,M17294,M,278.0439819,308.2,1358,42.7,6.356710673,50,0,0,0,0,0,299
8278,H37691,H,278.1947536,310.5,1294,55.8,9.396129189,202,0,0,0,0,0,298.8
6759,L53938,L,275.3788128,311.1,1644,32.8,7.699597017,206,0,0,0,0,0,301.7
6612,H36025,H,115.9500381,310.5,1587,33.8,7.260915148,57,0,0,0,0,0,301.5
4521,L51700,L,368.6835414,310.4,1456,47.6,4.2064129,127,0,0,0,0,0,302.4
5588,L52767,L,299.0055851,311.9,1481,42.9,2.865958369,52,0,0,0,0,0,302.5
3546,L50725,L,172.8648284,310.8,1576,38.6,3.979194686,38,0,0,0,0,0,301.8
5966,H35379,H,342.3085329,310.9,1447,46.5,7.427371207,137,0,0,0,0,0,300.5
5993,L53172,L,324.0926284,310.6,1288,47.2,4.262487494,216,0,0,0,0,0,300.7
8806,M23665,M,273.4964285,308.6,1469,42.6,7.068831344,80,0,0,0,0,0,297.4
5532,M20391,M,385.9362059,311.7,1504,37.3,4.190823135,107,0,0,0,0,0,302.3
5445,L52624,L,259.9846566,312.7,2024,19.9,3.573074969,102,0,0,0,0,0,
518,M15377,M,288.2983982,309.4,1391,58.2,6.937114359,34,0,0,0,0,0,297.5
6111,L53290,L,187.452085,310.8,1534,41.3,8.04754173,69,0,0,0,0,0,300.7
6865,L54044,L,181.7745371,311.3,1268,60,1.74838923,53,0,0,0,0,0,301.1
7961,H37374,H,269.2394746,312.2,1491,42.6,3.031327962,52,0,0,0,0,0,301.1
1416,L48595,L,258.5571045,309.9,1617,33,9.600795619,203,0,0,0,0,0,298.7
4665,M19524,M,304.4741001,311.3,1566,46.1,5.344117508,41,0,0,0,0,0,303.3
4457,L51636,L,288.571565,310.1,1487,46,8.050953651,184,0,0,0,0,0,302.3
2762,L49941,L,244.1990634,309.3,1299,65.1,4.667946074,212,0,0,0,1,0,299.8
4856,L52035,L,361.83647,312.3,1375,46.2,5.768227424,98,0,0,0,0,0,303.7
128,L47307,L,162.2392219,308.6,1413,46.5,1.455324756,122,0,0,0,0,0,298.9
3475,M18334,M,238.4650004,310.8,1557,35.3,3.387573651,65,0,0,0,0,0,301.9
7970,L55149,L,205.9992665,312.1,1711,28.8,1.025615384,74,0,0,0,0,0,300.9
4311,L51490,L,281.8118604,310,1776,25.6,6.951382528,30,0,0,0,0,0,301.4
2439,M17298,M,112.5279468,308.4,1330,53.6,6.540747569,62,0,0,0,0,0,299.1
3766,M18625,M,320.5010207,311.1,1443,51.8,8.198509433,178,0,0,0,0,0,302.4
6877,L54056,L,151.9334555,311.2,1430,54.4,2.573439656,85,0,0,0,0,0,
5897,L53076,L,128.4843009,310.8,1274,55.7,8.810788202,169,0,0,0,0,0,301.1
5841,M20700,M,264.6669995,311.1,1581,30.9,2.965667307,31,0,0,0,0,0,301.3
8843,L56022,L,334.5467799,308.7,1492,43.6,9.54454768,189,0,0,0,0,0,297.3
9771,H39184,H,167.1876042,309.5,1584,31.8,4.055303464,27,0,0,0,0,0,298.6
1474,M16333,M,255.7736277,309.5,1315,48.9,6.345237424,127,0,0,0,0,0,298.5
4822,L52001,L,226.2276563,311.9,1405,45.6,2.630080978,10,0,0,0,0,0,303.5
6916,L54095,L,301.7775507,311.4,1484,36.2,7.438565048,188,0,0,0,0,0,301
3561,L50740,L,247.7189799,310.7,1680,,6.98484587,76,0,0,0,0,0,301.8
3952,M18811,M,253.8425352,311.4,1571,32.7,7.360437728,17,0,0,0,0,0,302.3
50,M14909,M,375.2424407,309.2,1412,44.1,3.185957893,140,0,0,0,0,0,298.9
5438,M20297,M,145.0403557,312.6,1394,46.4,1.6490529,82,0,0,0,0,0,302.9
9898,L57077,L,168.0944877,309.3,1357,47.1,8.367094288,176,0,0,0,0,0,298.8
888,H30301,H,115.4337093,306.2,2161,16.5,3.562020576,105,0,0,0,0,0,295.7
2617,L49796,L,125.2632126,309.1,1207,66.5,4.750899877,66,0,0,0,0,0,299.4
517,L47696,L,287.4519916,309.3,1732,29.9,7.551189036,32,0,0,0,0,0,297.5
3169,M18028,M,243.9003563,309.6,1614,,5.134124443,161,0,0,0,0,0,300.4
2950,M17809,M,392.5079017,309.5,1470,48.7,6.486506448,21,0,0,0,0,0,300.7
1425,L48604,L,181.3346194,309.7,1462,46.8,6.686264168,4,0,0,0,0,0,298.7
140,L47319,L,119.8849184,308.6,1268,55.8,9.22494351,155,0,0,0,0,0,298.8
1925,L49104,L,172.8756968,307.7,1353,50.7,7.44105463,13,0,0,0,0,0,297.9
2379,L49558,L,164.7091381,308.2,1348,56.1,8.357677864,110,0,0,0,0,0,
3198,L50377,L,372.4733251,309.1,1465,40.6,1.91540998,9,0,0,0,0,0,300
5132,L52311,L,255.7019116,313.3,1452,43.9,6.46237108,182,0,0,0,0,0,304.1
113,M14972,M,161.6053742,308.7,1498,39.5,8.109230917,89,0,0,0,0,0,298.8
4560,L51739,L,337.4128614,310.7,1433,43.7,8.278000812,13,0,0,0,0,0,302.7
4596,M19455,M,194.1388105,311.2,1460,43.9,3.66346856,103,0,0,0,0,0,
7998,M22857,M,277.4100746,312.2,2710,9.7,2.30338774,143,0,0,1,0,0,301
3251,H32664,H,304.7336107,309.8,1709,27,6.543440144,151,0,0,0,0,0,301.2
4691,M19550,M,243.4406486,311.5,1483,43,9.01953673,117,0,0,0,0,0,
8116,L55295,L,337.0073116,311.8,1367,57.2,6.722773935,10,0,0,0,0,0,300.4
7768,H37181,H,238.072358,311.4,1319,54.6,8.85848652,15,0,0,0,0,0,300.2
4547,M19406,M,274.5889593,310.4,1429,43.2,5.192961986,191,0,0,0,0,0,302.5
7085,L54264,L,114.1979872,310.3,1794,24.4,3.12235927,211,0,0,0,0,0,300.6
3278,L50457,L,274.2617583,310.1,1531,41.6,6.961605784,9,0,0,0,0,0,301.3
7543,M22402,M,230.7295099,311.6,1401,49.9,9.559594996,79,0,0,0,0,0,300.4
6594,L53773,L,216.2979513,310.7,1679,29.5,3.629462163,10,0,0,0,0,0,301.6
4069,L51248,L,115.2381976,310.7,1405,48.8,3.318531954,78,0,0,0,0,0,301.9
4409,L51588,L,343.5488293,310.1,2009,18.9,5.02823302,59,,0,0,0,0,302.4
8645,M23504,M,364.6872695,308.5,1443,38.2,4.525713564,85,0,0,0,0,0,297.6
8589,L55768,L,103.0065162,307.8,1385,,9.397387877,169,0,0,0,0,0,297.3
7385,L54564,L,284.7365833,310.4,1614,36.2,3.931469381,108,0,0,0,0,0,299.7
3223,M18082,M,265.0727945,309.7,1435,44.7,4.313678402,76,0,0,0,0,0,
8211,H37624,H,194.6787724,310.7,1636,29.4,2.476041024,23,0,0,0,0,,299.2
452,H29865,H,120.6197628,308.6,1440,46.1,9.901009015,84,0,0,0,0,0,297.5
3732,M18591,M,304.0097065,311.2,1377,43,9.302004364,91,,0,0,0,0,302.2
8954,L56133,L,119.6995721,308,1518,36,6.13778973,59,0,0,0,0,0,
4987,L52166,L,310.8859628,312.9,1502,40.5,7.628963888,0,0,0,0,0,0,303.7
3664,M18523,M,129.4854927,311.7,1442,41.7,6.9177935,127,0,0,0,0,0,
2764,L49943,L,259.6884733,309.2,1491,47.5,7.303619124,216,,0,0,0,0,299.8
659,L47838,L,166.6443219,309.1,1562,36.8,6.850289731,172,0,0,0,0,0,297.7
7679,M22538,M,359.5431273,311.7,1389,52.1,2.066966412,210,0,0,0,0,0,300.6
7677,L54856,L,129.6993626,311.7,1448,49.1,7.353972515,206,0,0,0,0,0,
4621,L51800,L,129.3801811,311.3,1336,52.6,4.328003883,172,0,1,0,0,0,303.1
1000,L48179,L,208.5175142,307.1,1560,33.2,6.199546557,186,0,0,0,0,0,
390,M15249,M,182.4728956,308.7,1408,54.8,5.104874003,147,0,0,0,0,0,297.6
3408,L50587,L,355.0271228,310.4,1381,49.8,5.811328762,115,0,0,0,0,0,301.2
1477,L48656,L,308.7782872,309.5,1692,28.3,7.593087923,136,0,0,0,0,0,298.4
2241,L49420,L,303.4780696,308.5,1457,44.7,3.731038576,195,0,0,0,0,0,299.2
2387,L49566,L,359.1434973,308.4,1543,37.9,8.729766199,130,0,0,0,0,0,299.1
9140,L56319,L,205.2639526,308.5,1536,36.9,7.632989818,108,0,0,0,0,0,297.5
993,L48172,L,220.1030314,307.1,1651,35.7,7.915281492,167,0,0,0,0,0,296.1
4998,M19857,M,241.1335107,312.8,2659,11.4,1.48307486,26,0,0,1,0,0,303.6
3923,M18782,M,226.6855894,311.4,1757,29.5,1.143949718,151,0,0,0,0,0,302.6
2973,M17832,M,268.477107,309.4,1432,44.2,6.252824912,84,0,0,0,0,0,300.6
3387,H32800,H,321.8132887,310.8,1474,38.7,1.327877723,58,0,0,0,0,0,301.5
7886,L55065,L,393.4123404,312.3,1590,36.3,6.137340079,93,0,0,0,0,0,300.7
8813,M23672,M,177.7038491,308.4,1378,41.9,9.744659631,97,0,0,0,0,0,297.2
4770,H34183,H,305.2869706,311.9,1544,37.1,2.072312891,88,0,0,0,0,0,303.6
1294,H30707,H,231.0892544,309.8,1582,33.4,3.590244646,121,0,0,0,0,0,298.7
1825,L49004,L,242.4212345,307.5,1391,57.4,6.748191299,161,0,0,0,0,0,298.1
2874,H32287,,264.5864644,309.4,1555,,1.472475805,24,0,0,0,0,0,300.6
4174,M19033,M,380.6609218,310.6,1346,49.2,3.365717571,134,0,1,0,0,0,302.2
2536,L49715,L,179.6093568,308.8,1495,38.4,5.188787359,75,0,0,0,0,0,299
9133,M23992,M,238.4348192,308.6,1585,42,5.930519569,90,0,0,0,0,0,297.6
1908,L49087,L,221.6406423,307.6,1504,42.4,5.176432053,180,0,0,0,0,0,297.9
43,M14902,M,233.7941346,309.1,1368,49.1,6.703345086,117,0,0,0,0,0,298.8
9492,M24351,M,251.731291,309.7,1489,40.7,3.180414314,212,0,0,0,0,,
369,L47548,L,176.1776355,308.4,1489,39.5,1.445837572,96,0,0,0,0,0,
1152,L48331,L,325.7448828,307.9,1350,47.7,2.891703551,168,0,0,0,0,0,297
7753,M22612,M,117.8316409,311.7,1832,24.2,2.413749459,179,0,0,0,0,0,300.4
6359,M21218,M,164.7737899,309.8,1466,,2.305389789,41,0,0,0,0,0,300.2
5913,M20772,M,142.7351234,310.3,1659,,3.247124329,6,0,0,0,0,0,300.7
6508,L53687,L,276.4501776,310.1,1558,32.6,8.67999588,0,0,0,0,0,0,301
7526,H36939,H,244.5155633,311.5,1383,49.1,4.418685671,33,,0,0,0,0,300.1
4161,M19020,M,174.7137674,310.4,1608,33.1,2.465213397,97,0,0,0,0,0,
4288,M19147,M,256.5952254,309.9,1457,39.2,9.652383553,192,,0,0,0,0,301.7
7776,L54955,L,225.7418442,311.5,1663,33.6,7.943165249,38,0,0,0,0,0,300.3
6715,L53894,L,109.4632727,310.6,1440,53.8,4.464244935,90,0,0,0,0,0,301.3
175,L47354,L,350.1678346,308.1,1306,58.3,4.925358335,35,0,0,0,0,,298.2
1904,L49083,L,303.3564224,307.6,1968,20.4,2.288730746,171,0,0,0,0,0,297.9
1100,M15959,M,156.2587028,307.4,1472,43.9,2.44162665,30,,0,0,0,0,296.8
8115,H37528,H,372.4494748,311.8,2496,13.5,9.17744478,5,,0,0,0,0,300.4
3409,M18268,M,303.1220353,310.4,1382,41.6,2.401851564,117,0,0,0,0,0,
1539,L48718,L,216.4880257,309.1,1798,29.6,2.893733347,81,0,0,0,0,0,298.4
2293,L49472,L,268.6472969,308.9,1422,53.2,3.81961365,120,0,0,0,0,,299.6
9301,L56480,L,131.8571031,308.9,1367,41.9,8.349995698,113,0,0,0,0,0,298.1
1364,L48543,L,306.7018073,310.1,1433,54.6,4.45305185,66,0,0,0,0,0,298.7
7189,L54368,L,235.6127262,310.4,1286,56.8,5.101647464,46,0,0,0,0,0,300.4
6628,M21487,M,163.8063275,310.6,1876,22.1,6.975243135,99,0,0,0,0,0,301.7
5261,M20120,M,217.217482,313,1492,46.1,2.553251731,89,0,0,0,0,0,303.5
6816,L53995,L,377.8528376,310.7,1427,44.1,3.735970482,141,0,0,0,0,0,300.9
9462,M24321,M,166.9942033,309.2,1414,,9.818519595,128,0,0,0,0,0,298.4
681,M15540,M,370.7648582,309.1,1432,42.6,3.302546732,17,0,0,0,0,0,297.8
9316,L56495,L,384.1314002,309.5,1569,41,8.978280982,153,0,0,0,0,0,
9299,L56478,L,280.1302076,308.9,1313,50.6,7.44585047,108,0,0,0,0,0,298.1
3665,M18524,M,226.6613085,311.7,1685,30.8,7.179613092,130,0,0,0,0,0,302.3
1662,M16521,M,133.1082258,308,1411,47.2,4.029084465,168,0,0,0,0,0,298.2
509,L47688,L,335.2348057,309.3,1893,24.6,2.357414915,15,0,0,0,0,0,297.7
167,H29580,H,201.2548728,308.2,1612,32.6,7.412627001,10,0,0,0,0,0,298.4
5498,M20357,M,350.6831413,312.5,1551,40,9.012775516,20,0,0,0,0,0,302.9
8300,L55479,L,174.1247344,310,1637,31.8,3.927847067,42,0,0,0,0,0,298.7
1007,L48186,L,110.0582686,307.1,1413,53.4,7.087396974,203,0,0,0,0,0,296.2
9740,L56919,L,381.4736371,310,1515,42.9,7.300881897,170,0,0,0,0,0,298.9
1915,L49094,L,276.2277853,307.7,1643,32.3,1.912535059,200,0,0,0,0,0,298
3495,L50674,L,162.8467408,311,1356,45.7,5.108794924,119,0,0,0,0,0,301.9
9634,H39047,H,239.0966188,310.1,1421,41.2,1.858897074,149,0,0,0,0,0,299.1
9751,L56930,L,340.0491309,310,1555,32.6,2.506811191,197,0,0,0,0,0,298.7
6445,M21304,M,396.4545657,310.3,1270,61,6.002228193,54,0,0,0,0,0,300.8
4991,L52170,L,346.9154196,313.2,1393,46.5,5.312109492,9,0,0,0,0,0,303.9
2537,L49716,L,314.2996916,308.8,1281,53.9,7.381809516,77,0,0,0,0,0,298.9
1105,L48284,L,301.36448,307.4,1389,42.7,5.554072572,48,0,0,0,0,0,296.6
3876,L51055,L,194.6869446,311.8,1427,50.1,2.73964802,21,0,0,0,0,0,
7524,M22383,M,116.0798392,311.5,1343,46.2,1.810593191,28,0,0,0,0,0,300.1
1753,L48932,L,161.2917736,307.6,1492,37.2,4.126813603,178,0,0,0,0,0,298.2
5311,L52490,L,336.5298235,313,1427,43,1.004522303,0,0,0,0,0,0,303.8
7297,H36710,H,105.5045122,310.4,1881,21.9,7.489514145,102,0,0,0,0,0,300
2917,L50096,L,151.9173057,309.6,1411,41.6,3.471013166,140,0,0,0,0,0,300.6
8975,L56154,L,336.6579431,307.5,1474,42.4,6.625784709,107,0,0,0,0,0,296.8
5755,L52934,L,354.6180281,311.5,1727,27.7,7.418707912,50,0,0,0,0,0,302.1
153,M15012,M,371.1158814,308.2,1584,41,9.57308609,191,0,0,0,0,0,298.4
7691,M22550,M,243.6110579,311.6,1577,,9.5718449,4,0,0,0,0,0,300.5
5680,M20539,M,187.6787605,311.7,1466,49,6.200759348,66,0,0,0,0,0,302.2
3908,M18767,M,187.5774232,311.2,1842,23.9,5.451932818,111,0,0,0,0,0,302.3
9136,H38549,H,195.9275416,308.8,1404,50.3,7.614325845,97,0,0,0,0,0,297.7
2553,H31966,H,215.3101723,309.1,1552,40.7,7.509654124,120,0,0,0,0,0,299.3
2774,L49953,L,196.522198,309.4,1858,22.5,8.073119693,22,0,0,0,0,0,299.9
6099,M20958,M,120.1454248,310.7,1924,22.4,2.017143069,36,0,0,0,0,0,300.8
3552,L50731,L,360.9278738,310.9,1799,24.2,9.136280191,54,0,0,0,0,0,
3723,L50902,L,244.1844717,311.2,1451,41.8,2.262769624,66,0,0,0,0,0,
9871,H39284,H,170.8217345,309.9,1884,25.6,3.744917457,100,0,0,0,0,0,
521,L47700,L,386.7386619,309.5,1617,36.2,6.802718533,42,0,0,0,0,0,297.6
8034,L55213,L,184.6430296,311.9,1485,38.8,7.952320158,9,0,0,0,0,0,300.7
4539,L51718,L,280.3751949,310.3,1923,23.3,7.978846782,172,0,0,0,0,0,302.4
6779,M21638,M,391.4371339,310.7,1819,25.5,5.46834537,46,0,0,0,0,0,301.3
1823,L49002,L,398.8551916,307.6,1488,39.4,5.00002629,157,0,0,0,0,0,298.1
4087,L51266,L,345.2172549,310.5,1567,36.1,3.177607259,124,0,0,0,0,0,
6149,L53328,L,122.8751127,311.2,1564,37,6.27090017,165,0,0,0,0,0,301.1
8743,L55922,L,266.3531698,308.8,1467,39,5.520002152,128,0,0,0,0,0,297.4
9473,M24332,M,108.4325533,309.4,1375,48.3,8.482981386,157,0,0,0,0,0,298.7
7742,L54921,L,120.1232405,312,1478,39,4.653795669,153,0,0,0,0,0,300.5
310,M15169,M,189.6229498,308.5,1449,40.8,9.575864794,157,0,0,0,0,0,297.9
7721,H37134,H,290.7929145,311.6,1476,41.7,2.513994458,97,0,0,0,0,0,300.5
8223,L55402,,161.9677318,310.5,1755,27.9,8.409380377,56,0,0,0,0,,299
8657,M23516,M,241.5805176,308.3,1697,27.4,8.20273225,121,0,0,0,0,0,297.3
3600,H33013,H,309.8563013,310.5,1388,,2.091837966,176,,0,0,0,0,301.7
3623,L50802,L,255.3406503,311.3,1509,39.9,9.970237791,25,0,0,0,0,0,302
3812,M18671,M,181.4437551,310.7,1608,30.3,2.4496573,81,0,0,0,0,0,302.1
3451,L50630,L,360.956488,310.6,1506,43.4,8.464484783,222,0,0,0,0,0,301.6
4592,H34005,H,167.6658815,311.2,2102,17.8,7.960571121,91,0,0,0,0,0,302.9
206,M15065,M,216.1970645,308.6,1344,53,5.837880754,114,0,0,0,0,0,298.5
9841,H39254,H,195.1827937,309.2,1486,42.4,5.896729365,16,,0,0,0,0,
1136,L48315,L,331.0571596,307.9,1535,39.2,2.7315665,133,0,0,0,0,0,296.9
9385,M24244,M,332.274737,308.1,1379,57.4,6.676381872,122,0,0,0,0,0,297.6
2750,M17609,M,273.6216965,309.2,1685,28.9,9.775731353,179,0,0,0,0,0,299.7
3614,L50793,L,152.4586101,310.9,1557,39.4,2.263821795,2,0,0,0,0,0,301.7
306,L47485,L,195.1247583,308.4,2129,19.2,4.963772342,148,0,0,0,0,0,297.8
1850,L49029,L,187.5946829,307.2,1668,32.7,1.716378426,31,0,0,0,0,0,297.7
7670,L54849,L,205.3210253,311.8,1336,58.4,6.74258429,189,0,0,0,1,0,300.7
1989,H31402,H,313.5397756,307.9,1420,39.2,5.060645537,176,0,0,0,0,0,298.3
3241,L50420,L,149.7611725,309.5,1612,35.2,3.885873986,124,0,0,0,0,0,300.9
2799,L49978,L,346.1955998,309.6,1568,39.6,2.254267901,85,0,0,0,0,0,300.3
4516,L51695,L,238.3478581,310.4,1415,48.2,4.243659013,117,0,0,0,0,0,302.5
5631,M20490,M,231.6509,312.2,1615,32.9,7.940039181,159,0,0,0,0,0,302.8
9373,L56552,L,363.343821,308.4,1487,41.4,8.192379781,84,0,0,0,0,0,297.7
3110,L50289,L,388.6463708,309.2,1491,44.3,1.839241684,214,0,0,0,0,0,299.9
4940,L52119,L,116.9658919,312.5,1286,62.4,9.688943256,101,0,0,0,0,0,303.6
4060,L51239,L,201.9882142,310.8,1465,44.3,9.037927139,57,0,0,0,0,0,301.9
1988,M16847,M,154.99804,307.8,1599,31.2,3.64268627,173,0,0,0,0,0,298.2
7158,L54337,L,178.3285634,310,1486,40.1,4.497183992,182,0,0,0,0,0,300.2
8875,L56054,L,268.0132708,309.3,1443,45.3,6.128514674,70,0,0,0,0,0,298.1
6614,L53793,L,126.8469347,310.6,1513,41.1,4.14362817,64,0,0,0,0,0,301.7
384,M15243,M,358.5716072,308.6,1842,27,1.503193124,133,0,0,0,0,0,297.5
5635,M20494,M,165.0538427,312.2,1353,56.5,4.856009997,168,0,0,0,0,0,302.6
4308,L51487,L,337.3651526,309.9,1259,63.9,8.056315659,20,0,1,0,0,0,301.4
3389,M18248,M,293.2244529,310.9,1435,48,3.541902695,66,0,0,0,0,0,301.7
3157,L50336,L,215.231105,309.7,1467,36.9,9.953386947,131,0,0,0,0,0,300.4
9996,M24855,M,383.314753,308.4,1604,29.5,6.321192127,14,0,0,0,0,0,298.8
2728,L49907,L,112.9079296,309.3,1434,38.5,8.715390055,127,0,0,0,0,0,299.7
6334,M21193,M,106.4147175,309.9,1415,31.8,2.246092302,192,0,0,0,0,0,300.4
9900,L57079,L,295.2375537,309.2,1586,31.4,9.133717951,180,0,0,0,0,0,298.7
8752,M23611,M,363.1087932,308.5,1472,42,7.396057426,150,0,0,0,0,0,297.4
8303,L55482,L,375.8116748,310.1,1641,31.1,3.327678064,49,0,0,0,0,0,298.7
6038,L53217,L,287.7692408,311.1,1426,,1.813822837,97,0,0,0,0,0,300.7
3833,M18692,M,381.7429836,310.9,1465,43.5,2.500044041,140,0,0,0,0,0,302.2
8918,M23777,M,121.3591488,308.2,1529,37.9,5.325298227,183,0,0,0,0,0,297.1
4777,L51956,L,176.5783547,312.1,1522,36.4,5.347062076,107,0,0,0,0,0,303.5
4277,M19136,M,252.1775876,310.4,1456,47.5,6.960391452,167,0,0,0,0,0,302.2
254,L47433,L,371.7621377,308.2,1357,48.2,9.266147587,7,0,0,0,0,0,298
7896,L55075,L,238.5707334,312.6,1422,50,6.296397384,117,0,0,0,0,0,300.8
9591,M24450,M,199.7560613,310.4,1325,52,6.49233062,34,0,0,0,0,0,299.2
7289,M22148,M,106.6479368,310.6,1983,20.8,1.077504284,83,0,0,0,0,0,300.2
279,M15138,M,319.3511075,308,1620,29.4,8.433183483,75,0,0,0,0,0,
3253,L50432,L,326.4155412,309.7,1668,30.8,2.73627954,158,0,0,0,0,0,301.1
2481,L49660,L,128.2400771,308.6,1734,32.4,4.421311291,161,0,0,0,0,0,
290,L47469,L,258.0490442,308.4,1436,46.7,6.77734374,103,0,0,0,0,0,298.1
6087,L53266,L,367.4175743,310.8,1482,,1.966887072,5,0,0,0,0,0,300.9
3076,M17935,M,135.6202091,309.2,1385,46.1,3.095798133,120,0,0,0,0,0,300.1
8124,H37537,H,284.3633454,311.5,1515,36.8,6.791454353,27,0,0,0,0,0,300.2
7599,L54778,L,155.6969031,311.1,1491,42.6,5.065742318,11,0,0,0,0,0,300.5
6404,L53583,L,273.9056085,309.6,1649,33.6,4.233239963,168,0,0,0,0,0,300.1
5090,M19949,M,165.0465875,313.1,1483,,5.917731249,71,0,0,0,0,0,303.9
7284,M22143,M,246.8393095,310.2,1443,58.7,6.701808429,68,0,0,0,0,,300
9718,L56897,L,193.5637418,309.9,1500,44.2,1.579355415,115,0,0,0,0,0,298.9
8403,L55582,L,245.2342558,309.5,1370,52.4,5.354637573,113,0,0,0,0,0,298.5
6122,L53301,L,131.7614211,311.1,1457,37.4,7.448302857,96,,0,0,0,0,300.9
7755,M22614,M,383.7143307,311.7,1478,39.9,5.058410856,185,0,0,0,0,0,300.4
271,H29684,H,142.4749804,308,1520,39.6,5.116152633,51,0,0,0,0,0,298
6010,L53189,L,392.4617702,310.6,1931,22,2.578683757,24,0,0,0,0,0,300.6
4571,L51750,L,331.6562436,310.9,1312,52.2,5.784074905,40,0,1,0,0,0,302.8
9117,H38530,H,111.1215975,308.7,1659,32.1,6.523580804,49,0,0,0,0,0,297.6
9804,L56983,L,126.3032998,309.2,1692,29.8,9.07647578,137,0,0,0,0,0,298.4
2972,M17831,M,379.6314389,309.5,1393,43.9,2.519004847,81,0,0,0,0,0,300.7
6194,L53373,L,123.2164627,310.9,1578,38.4,8.03546759,49,0,0,0,0,0,301
8769,M23628,M,297.1638329,308.7,1363,53.6,2.893959735,194,0,0,0,0,0,297.5
4208,M19067,M,202.7977487,310.9,1710,30.4,1.755330599,218,1,0,0,0,0,302.3
3219,L50398,L,252.7904715,309.6,1426,53.6,2.953103987,66,0,0,0,0,0,300.6
1392,L48571,L,391.9180294,310.2,2737,8.8,4.411807446,142,0,0,1,0,0,
3976,H33389,H,398.9482081,311.5,1540,43.7,8.306680593,81,0,0,0,0,0,302.4
4317,L51496,L,255.187868,310.1,1639,33.4,1.127628759,47,0,0,0,0,0,301.5
7960,L55139,L,114.860193,312.1,1585,32.3,3.718246928,50,0,0,0,0,0,301
7345,L54524,L,160.7951256,310.1,1384,,4.833302598,11,0,0,0,0,0,299.6
7449,L54628,L,329.5050075,311.8,1488,38.4,1.258461815,51,0,0,0,0,0,300.3
84,L47263,L,285.2129259,309,1469,40.1,3.738308691,13,0,0,0,0,0,299
874,L48053,L,324.3871066,306.4,1892,21.7,1.633605365,72,,0,0,0,0,295.9
9606,M24465,M,234.157623,310.1,1484,37.9,8.771529374,73,0,0,0,0,0,298.9
7636,L54815,L,308.5248745,311.4,1526,38.5,1.038464536,101,0,0,0,0,0,300.3
4558,L51737,L,260.4870528,310.6,1686,26.3,1.642990752,9,0,0,0,0,0,302.7
4501,L51680,L,210.7009187,310.4,1638,,6.505687475,84,0,0,0,0,0,302.6
4648,L51827,L,373.453211,311.4,1958,21.5,4.363527454,0,,0,0,0,0,303.3
2039,L49218,L,279.6137888,308.8,1405,55.2,5.506386107,103,0,0,0,0,0,299
9695,L56874,,305.5255606,310,1559,33.4,3.708602553,58,0,0,0,0,0,298.9
6910,L54089,L,398.0423877,311.2,1376,,8.234726453,172,0,0,0,0,0,300.8
2451,L49630,L,294.3280693,308.7,1492,37.8,4.265983727,91,0,0,0,0,0,299.2
3955,M18814,M,203.1590175,311.4,1909,23.2,5.616452441,25,0,0,0,0,0,302.3
2330,L49509,L,393.2499692,308.7,1484,40.5,9.692435209,213,0,0,0,0,0,
9125,L56304,L,354.8463371,308.4,1426,50.4,9.04481838,70,0,0,0,0,0,297.4
7045,M21904,M,347.5411578,310.6,1505,35.6,5.46598709,105,0,0,0,0,0,300.7
5043,L52222,L,357.1092515,313.2,1569,35.8,3.049288847,146,0,0,0,0,0,304.1
9365,L56544,L,155.4980945,308.5,1683,28.5,7.306494716,63,0,0,0,0,0,297.9
4747,L51926,,276.6355937,311.2,1427,45.6,3.636344091,25,0,0,0,0,0,303.2
9368,L56547,L,179.0202084,308.5,1472,45.1,5.174623538,70,0,0,0,0,0,297.9
9403,L56582,L,264.9210423,308.1,1734,30.7,1.369161321,177,0,0,0,0,0,297.7
6492,L53671,L,223.8338207,310,1468,52.7,6.213374653,178,0,0,0,0,0,300.8
6638,H36051,H,315.111507,310.5,1453,48,2.27964757,124,0,0,0,0,0,301.5
7226,M22085,M,108.3453119,309.7,1910,21.8,3.017014512,141,0,0,0,0,0,299.8
2402,M17261,M,265.6284651,308.6,1367,47.6,7.227572239,168,0,0,0,0,0,
5521,M20380,M,260.9073975,312,1496,45,1.145192883,79,0,0,0,0,0,302.6
1217,L48396,L,218.9323149,308,1514,41,2.120800475,120,0,0,0,0,0,296.9
8696,M23555,M,310.250666,308.6,1498,44.4,3.06177953,9,0,0,0,0,0,297.2
6021,L53200,L,101.9066061,310.8,1619,34.9,6.886301039,57,0,0,0,0,0,300.7
6866,L54045,L,159.5201708,311.4,1531,,1.677928144,55,0,0,0,0,0,301.1
1065,M15924,M,214.0282493,307.9,1409,44.3,9.19441652,145,0,0,0,0,0,296.8
3787,L50966,L,196.6581164,310.9,1587,36.6,9.076900905,20,,0,0,0,0,302.3
4411,L51590,L,160.5833157,310.2,1586,32.2,8.910435228,64,0,0,0,0,0,302.5
6860,M21719,M,142.3497103,311.3,1909,22.7,4.237265158,38,0,0,0,0,0,301.1
6761,L53940,L,348.1531143,310.9,1451,40.6,9.336926395,0,0,0,0,0,0,301.5
5524,M20383,M,209.3116888,311.9,1524,34.8,2.805995116,86,0,0,0,0,0,302.5
5997,M20856,M,101.6420463,310.2,1386,48.2,7.233642824,225,0,0,0,0,0,300.5
8834,L56013,L,346.976251,308.8,1529,41.3,5.947761457,165,0,0,0,0,0,297.4
5889,M20748,M,396.0006583,311.1,1507,38.6,6.573637243,149,0,0,0,0,0,301.5
2162,L49341,L,256.3203702,309.1,1464,40.5,2.818675868,215,0,0,0,0,0,299.4
3009,M17868,M,252.847435,309.7,1547,38,7.223400482,181,0,0,0,0,0,300.4
1106,M15965,M,388.4602427,307.5,1734,27,6.878233153,50,0,0,0,0,0,296.6
6655,L53834,L,102.5366615,310.3,2203,,6.451133904,169,0,0,0,0,0,301.4
693,L47872,L,384.7420151,309.1,1479,42.1,2.903064269,58,0,0,0,0,0,297.7
9958,L57137,L,260.8157268,307.8,1606,33,9.233318673,130,0,0,0,0,0,298.1
4957,M19816,M,221.1232067,312.5,2344,15.2,2.271176357,146,0,0,0,0,0,303.8
6598,L53777,L,142.3549056,310.6,1481,46.8,3.52920108,20,0,0,0,0,0,301.5
8481,L55660,L,301.0726625,309.6,1477,35.6,5.458159782,101,0,0,0,0,0,298.4
4370,H33783,H,313.1603466,309.9,1735,27.2,5.735563043,192,0,0,0,0,0,302
2766,M17625,M,284.4593559,309.4,1399,54.8,1.793685103,3,0,0,0,0,0,299.9
3930,M18789,M,265.6894983,311.6,1501,38.8,7.73113484,171,0,0,0,0,0,302.7
7135,M21994,M,371.3391682,310,1406,50.2,4.810690201,119,0,0,0,0,0,300.5
8736,L55915,L,298.8474752,308.6,1358,47.6,9.471726451,110,0,0,0,0,0,297.3
7531,M22390,M,158.5542786,311.4,1617,39.3,7.700953651,47,0,0,0,0,0,300.1
7529,M22388,M,384.8851101,311.3,1748,26.6,9.667863228,42,0,0,0,0,0,300.1
629,M15488,M,199.1617767,310.1,1335,57.8,9.561035149,96,0,0,0,0,0,298.4
2452,L49631,L,238.5514773,308.7,1650,30.5,5.215820438,93,0,0,0,0,0,299.2
6240,L53419,L,299.9227777,310.7,1644,31.6,2.560925819,166,0,0,0,0,0,301.2
7013,L54192,L,131.7689165,310.4,1298,61.4,6.786580551,19,0,0,0,0,0,300.4
3825,L51004,L,312.5714703,310.9,1620,30.3,5.88553056,112,0,0,0,0,0,302.3
8978,M23837,M,353.2299693,307.5,1556,,2.486983556,116,0,0,0,0,0,296.9
2653,L49832,L,307.5466245,309.5,1772,23.5,3.49288143,167,0,0,0,0,0,299.9
9108,M23967,M,222.8084219,308.5,1662,30.3,5.764105292,26,0,0,0,0,0,297.5
3744,L50923,L,264.5531796,311.4,1759,24.6,6.195690341,124,0,0,0,0,0,302.5
2177,M17036,M,199.3406497,309.3,1387,48.3,9.494855319,25,0,0,0,0,0,299.6
9907,M24766,M,138.8848757,309.1,1587,37.3,7.291218568,203,0,0,0,0,0,298.6
9264,L56443,L,254.565382,309.1,1593,40.1,6.607944742,18,0,0,0,0,0,298.3
3319,L50498,L,252.574301,310.4,1436,49.7,6.506793619,108,0,0,0,0,0,301.4
6344,L53523,L,397.3693433,309.8,1827,23,9.489482011,6,0,0,0,0,0,300.2
2788,M17647,M,153.17661,309.6,1524,38.4,4.387683311,54,0,0,0,0,0,300.3
4106,L51285,L,362.7367844,310.6,1583,35.2,7.829537555,171,0,0,0,0,0,302
6356,L53535,L,394.3165411,309.7,1481,,5.126568272,34,0,0,0,0,0,300.1
1677,H31090,H,358.8250372,307.6,1418,43,9.051136218,207,0,0,0,0,0,297.9
3948,H33361,H,335.2964234,311.3,1749,29.2,8.842804558,5,0,0,0,0,0,302.2
4445,L51624,L,141.1903483,310.2,2224,16,8.005623767,154,0,0,0,0,0,302.4
2937,M17796,M,117.1030947,309.7,1394,48.8,6.954809897,192,0,0,0,0,0,300.9
9006,L56185,L,121.3791316,307.9,1337,58.1,2.932740992,184,0,0,0,0,0,297.2
7767,L54946,L,392.1764132,311.4,1318,52.7,4.706681675,13,0,0,0,0,0,300.3
5723,L52902,L,367.6350071,311.7,1488,44.6,6.654494553,178,0,0,0,0,0,302.2
7442,M22301,M,145.1784883,311.4,1337,54.8,2.804955246,32,0,0,0,0,0,299.9
2504,L49683,L,358.5568566,309,1408,47.2,9.038182754,0,0,0,0,0,0,299.2
8483,L55662,L,395.9665938,309.5,1520,38.1,8.149072756,106,0,0,0,0,0,298.4
2370,M17229,M,296.3459028,308.4,1856,22.7,6.337969841,86,0,0,0,0,0,299.2
4968,L52147,L,378.3289717,312.6,1426,53.4,1.065902819,172,0,0,0,0,0,303.9
5884,L53063,L,358.3300212,311.1,1800,26,6.156712292,135,0,0,0,0,0,301.4
2218,L49397,L,324.5289236,309.1,1347,55.3,1.877589886,139,0,0,0,0,0,299.7
5848,L53027,L,205.2188324,311.3,1397,42.3,5.024753285,48,0,0,0,0,0,301.4
2219,L49398,L,115.8915523,309.1,1713,33.5,9.525862948,141,0,0,0,0,0,299.7
3327,L50506,L,107.5928243,310.6,1962,20.2,7.652916923,124,0,0,0,0,0,
6734,M21593,M,190.2274286,311,1311,46.8,1.5795386,136,0,0,0,0,0,301.7
3584,L50763,L,119.1100951,310.7,1751,29.3,9.444185809,133,0,0,0,0,0,301.8
9825,L57004,L,366.2253827,309.3,1504,39.3,9.180543657,192,0,0,0,0,0,298.4
3620,L50799,L,295.9652063,311.2,1435,,5.781090503,16,0,0,0,0,0,301.9
7708,H37121,H,185.6628527,311.4,1679,27.5,3.613817893,59,0,0,0,0,0,300.5
6433,M21292,M,110.6093755,309.9,1447,46.5,1.60609151,28,0,0,0,0,0,300.3
3116,L50295,L,341.1948897,309.2,1658,34.8,6.823118442,16,0,0,0,0,0,299.9
86,M14945,M,174.3575515,309,1804,,4.938845372,17,0,0,0,0,0,299
5974,L53153,L,316.1336094,310.8,1354,51.8,1.448804523,157,0,0,0,0,0,300.5
2802,M17661,M,309.8367952,309.5,1642,28.8,8.309546348,92,0,0,0,0,0,300.2
3672,M18531,M,173.9368082,311.7,1486,39.6,6.987734822,147,0,0,0,0,0,302.3
3668,L50847,L,142.6612031,311.6,1665,34.3,1.984401185,139,0,0,0,0,0,302.3
9795,L56974,L,259.7918673,309.3,1590,33.9,1.588646126,107,0,0,0,0,0,298.5
5159,L52338,L,107.558151,313.3,1459,,5.527897502,39,0,0,0,0,0,304.1
5726,M20585,M,135.8675458,311.8,1557,34.1,4.468287811,185,0,0,0,0,0,302.3
4591,L51770,L,376.8258764,311.1,1456,36.1,9.34692716,89,0,0,0,0,0,302.8
2020,M16879,M,338.6551942,308.5,1660,27,1.654666146,50,0,0,0,0,0,298.7
7832,M22691,M,322.3024698,311.4,1533,42.6,8.885993911,180,0,0,0,0,0,300
2526,M17385,M,350.0821478,308.6,1598,35.1,3.697145757,52,0,0,0,0,0,298.8
8287,M23146,M,250.6025853,310.5,1678,32.8,3.350574294,4,0,0,0,0,0,298.8
9207,M24066,M,174.02757,308.9,1547,44,8.428986718,72,0,0,0,0,0,297.9
3213,L50392,L,329.428496,309.2,1649,32.4,2.208249521,50,0,0,0,0,0,300.3
520,M15379,M,327.9734145,309.5,2027,19.8,6.834889234,39,0,0,0,0,0,297.7
5367,H34780,H,326.7071396,312.6,1404,40.6,4.921813508,152,0,0,0,0,0,303.1
6763,L53942,L,275.0373817,310.8,1362,53.2,9.46629561,4,0,0,0,0,0,301.4
2896,M17755,M,224.0997077,309.6,1473,48.1,6.921862037,87,0,0,0,0,0,300.7
245,M15104,M,373.3094735,308.2,1395,49.1,4.613656491,206,0,0,0,0,0,298
5931,L53110,L,181.8918499,310.3,1483,51.6,2.99336775,50,0,0,0,0,0,300.3
4715,H34128,H,102.174963,311.8,1693,28.3,6.557325452,175,0,0,0,0,0,303.4
9568,L56747,L,124.881348,311.1,1412,42.5,1.061613147,181,0,0,0,0,0,299.8
3426,M18285,M,114.6563372,310.5,1623,33.5,8.188066717,157,0,0,0,0,0,301.5
6932,M21791,M,331.2702895,311.4,1521,39.9,6.329369785,15,0,0,0,0,0,300.8
6721,L53900,L,200.9765769,310.6,1458,48,2.009350555,104,0,0,0,0,0,301.3
7411,L54590,L,360.1829899,311,1747,27.6,1.68989202,177,0,0,0,0,0,299.9
6178,L53357,L,128.8577864,310.8,1527,45.3,9.144264266,8,0,0,0,0,0,301
7251,M22110,M,301.2345139,310.2,1429,42,7.018552245,206,0,0,0,0,0,300.1
5510,L52689,L,302.9068137,312.2,1509,36.5,4.01280713,52,0,0,0,0,1,302.8
2002,L49181,L,225.7483678,308.2,1604,34.9,1.211176674,11,0,0,0,0,0,298.4
886,L48065,L,201.4191002,306.2,1397,52,8.420705848,101,0,0,0,0,0,295.7
870,L48049,L,270.3005109,306.5,1358,49.2,5.561157135,63,0,0,0,0,0,295.8
9689,L56868,L,140.713376,310.1,1367,45.6,8.74777609,44,0,0,0,0,0,299.1
5721,L52900,L,381.2322158,311.9,1434,51.9,4.277526012,173,0,0,0,0,0,302.3
357,M15216,M,309.6750885,308.4,1398,48.9,5.717271173,63,0,0,0,0,0,297.6
9908,M24767,M,149.3748221,309.1,1487,43.2,3.381509639,206,0,0,0,0,0,298.6
5452,L52631,L,112.5207595,312.7,1361,48.8,6.61081133,120,0,0,0,0,,
8194,L55373,L,273.6143135,310.8,1873,22.3,2.10968266,211,0,0,0,0,0,299.5
6439,L53618,L,148.6848995,310,1581,30.3,6.081503913,42,0,0,0,0,0,300.4
7705,M22564,M,279.6522162,311.6,1630,31.8,4.899848553,52,0,0,0,0,0,300.6
1276,M16135,M,352.5099679,309.4,1362,47.6,1.363422473,70,0,0,0,0,0,298.1
1891,L49070,L,129.5635224,307.4,1512,40.8,7.791753341,137,0,0,0,0,0,297.8
8687,M23546,M,368.4690883,308.5,1611,,4.170543148,197,0,0,0,0,0,297.2
6569,L53748,L,305.1862325,310.6,1521,36.3,4.43840873,166,0,0,0,0,0,301.3
9624,L56803,L,177.7211365,310.1,1356,47.8,2.201385891,116,0,0,0,0,0,298.9
3564,M18423,M,320.2956528,310.7,1465,35.8,7.33220948,82,0,0,0,0,0,301.8
5788,L52967,L,384.2327593,311.3,1584,38.8,2.100034344,132,0,0,0,0,0,301.7
4959,L52138,L,314.6225785,312.5,1523,47,9.887315141,152,0,0,0,0,0,303.8
1547,L48726,L,334.3233433,308.9,1391,48.4,6.209042765,100,0,0,0,0,0,298.4
2381,L49560,L,216.2798866,308.1,1242,60.9,4.801774009,117,0,0,0,0,0,299
3824,M18683,M,202.8067167,310.9,1581,36.1,5.785518644,109,0,0,0,0,0,302.3
3233,L50412,L,102.9312,309.3,1580,38.3,1.493395687,102,0,0,0,0,0,300.7
8400,L55579,L,218.4415402,309.7,1294,59.4,2.896829277,104,0,0,0,0,0,298.6
3307,L50486,L,301.6461685,310.5,1432,54.3,4.255660366,81,0,0,0,0,0,301.4
493,L47672,L,258.0175999,309.3,1404,43.5,2.387623593,195,0,0,0,0,0,297.5
3500,L50679,L,101.7134794,311,1353,43.8,6.825832245,130,0,0,0,0,0,301.9
6665,L53844,L,268.9666897,310.4,1538,38.4,9.830246016,195,0,0,0,0,0,301.3
1117,L48296,L,258.3960652,307.3,1487,37.5,6.7527656,83,0,0,0,0,0,
5638,M20497,M,249.5798699,312,1487,46.1,7.913430983,175,0,0,0,0,0,302.5
8775,M23634,M,112.3022407,308.7,1408,51.5,3.720104035,4,0,0,0,0,0,297.6
6147,M21006,M,170.161312,311.1,1470,40.6,4.079247737,159,0,0,0,0,0,301.1
9868,L57047,L,208.1322838,309.9,1411,44.7,2.076396415,94,,0,0,0,0,299
8776,H38189,H,260.231651,308.6,1536,38.7,7.323950894,7,0,0,0,0,0,297.5
6708,L53887,L,270.5187377,310.6,1556,39,3.280489269,72,0,0,0,0,0,301.3
9949,L57128,L,133.5337606,307.8,1804,25.1,8.157899349,108,0,0,0,0,0,
7966,L55145,L,145.2134822,312.3,1464,35.3,7.853133698,65,0,0,0,0,0,301.1
3646,L50825,L,345.8011415,311.5,1413,43.5,6.305183751,83,0,0,0,0,0,302.2
2501,L49680,L,197.194527,308.9,1617,32.3,1.170003055,223,0,0,0,0,0,299.1
5678,L52857,L,282.8107023,311.8,1281,51.7,8.227521985,61,0,0,0,0,0,302.3
5242,L52421,L,317.4490179,313.1,1683,28.4,6.935196925,46,0,0,0,0,0,303.7
6519,H35932,H,192.2061119,310,1212,67.9,2.390370109,30,0,0,0,0,0,301
2784,M17643,M,390.9076473,309.6,1528,35.1,8.584229262,44,0,0,0,0,0,300.2
6159,L53338,L,140.0776472,311,1677,29.1,8.405878116,188,0,0,0,0,0,301.1
3810,L50989,L,261.7218523,310.8,1350,56.6,8.354114648,76,0,0,0,0,0,302.2
9429,H38842,H,377.8147066,308.8,1837,28.4,8.516948884,34,,0,0,0,0,298.2
9525,H38938,H,375.8309315,310.3,1658,27.6,5.818168482,69,0,0,0,0,0,299
8600,L55779,L,353.9303354,308.4,1460,40.3,6.062445221,195,0,0,0,0,0,297.6
1697,L48876,L,280.8674109,307.6,1550,39,9.640795366,35,0,0,0,0,0,297.9
5686,L52865,L,362.1939611,311.5,1482,,4.415405638,87,0,0,0,0,0,302.2
8368,L55547,L,358.0930057,309.8,1390,49.9,8.714994103,21,0,0,0,0,0,298.9
5940,L53119,L,136.8829147,310.5,1409,60.9,4.038531441,73,0,0,0,0,0,300.5
2053,L49232,L,217.3228462,309.3,1477,40.4,6.961041851,138,0,0,0,0,0,299.5
1777,L48956,L,332.7012233,308.1,1564,31.1,5.561528958,34,0,0,0,0,0,298.5
6561,L53740,L,343.5411312,310.8,1961,21.8,6.721737676,148,0,0,0,0,0,301.6
3314,L50493,L,269.0982678,310.4,1737,31.9,4.557751215,96,0,0,0,0,0,
4782,L51961,L,376.8397996,312.3,1384,45.9,1.22949367,121,0,0,0,0,0,303.7
8539,L55718,L,111.576016,309.4,1548,37.7,5.516224074,43,0,0,0,0,0,298.5
6782,M21641,M,229.9590595,310.8,1494,35.3,5.805196199,54,0,0,0,0,0,301.3
1593,L48772,L,126.0343863,308.4,1592,38.2,8.897102683,211,0,0,0,0,0,298.1
1724,L48903,L,390.8537094,307.8,2029,19.9,5.717305963,96,0,0,0,0,0,298.2
216,L47395,L,182.1581788,308.6,1548,40.3,7.852917892,140,0,0,0,0,0,
6327,L53506,L,162.6241232,310,1455,40.4,9.488515416,172,0,0,0,0,0,300.6
8257,H37670,H,377.4097021,310.5,1336,56.8,5.223430439,136,0,0,0,0,0,299
491,L47670,L,159.6327476,309.2,1459,37.9,8.759939384,191,0,0,0,0,0,297.4
9134,L56313,L,129.9516135,308.7,1479,45.7,9.432417185,93,0,0,0,0,0,297.7
3484,H32897,H,391.1891663,310.8,1455,42.7,1.135521708,85,0,0,0,0,0,301.9
5103,M19962,M,392.3151166,313.5,1587,33.6,8.683743652,108,0,0,0,0,0,304.1
5188,L52367,L,326.8156167,313.1,1648,35.7,5.341095835,119,0,0,0,0,0,304
3432,L50611,L,217.7534007,310.7,1429,43.6,4.246917647,176,0,0,0,0,0,301.6
9199,M24058,M,268.4517061,308.8,1538,37.6,2.966924044,54,0,0,0,0,0,297.9
7711,M22570,M,101.5176373,311.4,1390,51.9,9.289170576,68,0,0,0,0,0,300.5
5514,M20373,M,142.2914613,312.2,1452,50.3,1.472951527,60,0,0,0,0,0,302.8
26,L47205,L,268.0919334,309.5,1861,23.3,4.976040639,73,0,0,0,0,0,
3513,M18372,M,302.3532454,311,1393,49.5,8.824160012,168,0,0,0,0,0,301.8
2410,L49589,L,170.4765429,308.5,1539,46.8,7.013656334,190,0,0,0,0,0,299.1
3271,L50450,L,141.0477545,310.1,1937,21.8,5.708490729,205,0,0,0,0,0,301.4
5210,M20069,M,225.9194018,312.7,1507,38.5,8.843123038,180,0,0,0,0,0,303.8
8712,L55891,L,199.3053393,308.5,1733,28.7,1.026976118,50,0,0,0,0,0,297.1
1553,L48732,L,361.4102903,308.9,1781,27.8,5.456300219,113,0,0,0,0,0,298.5
9198,M24057,M,346.5464587,308.8,1469,49,5.145711127,51,0,0,0,0,0,
8622,M23481,M,355.4583985,308.5,1431,,9.197467866,26,0,0,0,0,0,297.6
3872,M18731,M,208.6104097,311.8,1728,30,3.963935959,12,,0,0,0,0,
3403,L50582,L,322.201946,310.6,1347,53.3,7.895703196,104,0,0,0,0,0,301.4
4530,M19389,M,181.4062358,310.4,1586,34.3,8.608822099,149,0,0,0,0,0,302.4
980,L48159,L,377.7210236,306.8,1389,53.3,2.421575987,132,0,0,0,0,0,296.2
2656,M17515,M,290.1222112,309.4,1751,27,1.308492641,173,0,0,0,0,0,299.8
1848,L49027,L,158.2381897,307.3,1412,50.7,8.591002107,24,0,0,0,0,0,297.8
7965,L55144,L,298.8530325,312.1,1423,40.2,2.739509049,63,0,0,0,0,0,300.9
8241,L55420,L,243.4872198,310.4,1483,41.5,5.638087502,96,0,0,0,0,0,299
7146,L54325,L,322.9579983,310,1413,44.5,7.05339427,152,0,0,0,0,0,300.5
7300,L54479,L,386.9242531,310.5,1492,50.9,4.774724984,111,0,0,0,0,0,300.1
5722,M20581,M,118.9262716,311.8,1443,43.4,9.275025556,175,0,0,0,0,0,302.3
516,L47695,,179.0362497,309.2,1715,28,5.128975972,30,0,0,0,0,0,297.5
8746,L55925,L,165.8876395,308.6,1411,46.3,5.40892662,138,,0,0,0,0,297.4
8298,M23157,M,170.4824712,310.2,1595,33.1,6.995879115,34,0,0,0,0,0,298.8
1103,L48282,L,126.8561253,307.5,1347,54.8,2.118592008,43,0,0,0,0,0,296.8
3277,L50456,L,322.5654168,310,1438,40.9,3.945517932,7,0,0,0,0,0,301.3
7218,L54397,L,313.9230948,309.8,1716,28.2,1.045889604,117,0,0,0,0,0,299.9
7390,L54569,L,188.6259307,310.6,1707,32.5,4.448044216,124,0,0,0,0,0,
9078,L56257,L,231.7287151,308.1,1762,26.1,7.936987037,154,0,0,0,0,0,297.3
8338,M23197,M,111.9185806,309.7,1589,35.3,3.089096243,149,0,0,0,0,0,298.8
3997,M18856,M,297.0939528,311.3,1625,33.1,5.617560425,137,0,0,0,0,0,302.3
195,M15054,M,287.5706052,308.5,2678,10.7,2.062535348,86,0,0,1,0,0,298.2
4712,M19571,,307.5347697,311.7,1515,44.2,7.059210501,168,0,0,0,0,0,303.4
644,M15503,M,379.7419086,309.4,1495,36.5,1.918935067,132,0,0,0,0,0,297.8
9090,L56269,L,307.5502124,307.9,1989,20.3,1.402725424,186,,0,0,0,0,
3286,L50465,L,338.3988723,309.9,1687,29.7,7.280679567,30,0,0,0,0,0,301.2
3117,L50296,L,163.4301018,309.2,1566,34.4,4.716564772,18,0,0,0,0,0,300
6477,L53656,L,174.1190583,309.7,1384,48.6,9.741949905,141,0,0,0,0,0,300.5
3576,L50755,L,240.0328145,310.5,1567,,8.544540989,114,0,0,0,0,0,301.7
9024,L56203,L,375.4475137,308.3,1706,30.9,3.693967025,9,0,0,0,0,0,297.4
4321,L51500,L,391.05763,310.3,1397,44.6,7.052817501,57,0,0,0,0,0,301.7
9993,L57172,L,102.5125813,308.4,1484,,5.382196265,8,0,0,0,0,0,298.8
2208,L49387,L,199.8746872,309.2,1591,37.5,9.880917011,109,0,0,0,0,0,299.8
4553,M19412,M,392.0599968,310.5,1880,22.7,4.8075923,207,0,0,0,0,0,302.7
7317,L54496,L,136.9084637,310.4,1497,,8.732847124,150,0,0,0,0,0,299.9
3719,L50898,L,321.0202147,311.4,1450,44.1,5.214127496,56,0,0,0,0,0,
973,L48152,L,110.6890858,306.6,1644,35.2,7.131544832,115,0,0,0,0,0,295.8
4580,L51759,L,161.191311,311.2,1374,48.2,4.101358676,65,0,1,0,0,0,303
720,L47899,L,163.0550538,308.8,1447,58.1,6.386498229,129,0,0,0,0,0,297.4
9018,M23877,M,165.9770191,308.1,1369,52,8.212470898,214,0,0,0,0,0,297.3
6156,L53335,L,208.7573191,311,1634,31.2,6.502662079,182,0,0,0,0,0,301
9431,L56610,L,137.5902284,308.7,1671,28.8,7.349803508,41,0,0,0,0,0,298.1
3897,M18756,M,138.5603999,311.2,1627,33.2,2.605526614,74,0,0,0,0,0,302.2
2804,L49983,L,132.3667337,309.5,1343,50.2,6.872974449,98,0,0,0,0,0,300.2
2567,M17426,M,222.6890363,309,1420,41.6,3.688729389,155,0,0,0,0,0,299.3
4026,H33439,H,246.8187095,311,1729,26.1,6.092571672,210,0,0,0,0,0,302.1
6199,M21058,M,215.7902059,310.9,1554,32.7,8.088271354,59,0,0,0,0,0,301
33,L47212,L,187.6326455,309.4,1419,48.3,8.483685031,91,0,0,0,0,0,299
8308,M23167,M,183.2736634,310.1,1402,69.7,8.884486489,64,0,0,1,0,0,298.7
8832,H38245,H,111.6047144,308.7,1726,26.8,8.832615035,158,0,0,0,0,0,297.4
9819,M24678,M,152.1576787,309.4,1407,45.1,9.602017055,176,0,0,0,0,0,298.6
4064,L51243,L,333.218206,310.8,1948,19.7,4.925011528,66,0,0,0,0,0,
8949,M23808,M,304.7353693,308.3,1483,41.9,3.269534792,47,0,0,0,0,0,297.4
5541,L52720,L,195.8690793,311.8,1493,38.4,8.432241629,132,0,0,0,0,0,302.4
1698,M16557,,290.3824377,307.6,1519,44,8.374559348,37,0,0,0,0,0,297.9
2793,L49972,L,208.5813317,309.7,1584,32.6,7.905613758,71,0,0,0,0,0,300.4
2223,L49402,L,181.3270161,309,1605,33,7.58071273,151,0,0,0,0,0,299.7
5819,L52998,L,230.5143326,311,1539,36.9,9.316132234,206,0,0,0,0,0,301.3
9663,M24522,M,369.9107684,310.1,1570,30.9,9.81526247,226,0,0,0,0,0,299.1
3765,L50944,L,320.5639514,311,1329,54.6,5.638743557,176,0,0,0,0,0,302.4
3867,L51046,,176.8756751,311.6,1311,53.2,8.552458461,0,0,0,0,0,0,302.6
6422,L53601,L,317.6274031,309.9,1527,41.4,6.016141219,2,0,0,0,0,0,300.3
9400,L56579,L,254.1113937,308.3,1477,44.8,3.79467832,170,0,0,0,0,0,297.8
8939,M23798,M,383.1844293,308.4,1517,41,2.162793411,18,0,0,0,0,0,297.4
6672,L53851,L,182.8325643,310.6,1357,42.1,8.831604694,212,0,0,0,0,0,301.5
7979,L55158,L,370.0099879,312.4,1480,53.5,1.163631632,97,0,0,0,0,0,301.2
3759,M18618,M,258.681863,311,1476,47.4,7.556320909,161,0,0,0,0,0,302.2
9775,H39188,H,284.5066594,309.5,1375,41,5.279042198,39,0,0,0,0,0,298.6
3228,M18087,M,173.0353274,309.3,1589,34.9,1.299441512,91,0,0,0,0,0,300.5
7803,L54982,L,191.0966259,311.3,1429,58.2,9.192945062,103,0,0,0,0,0,299.9
3924,M18783,M,299.6422329,311.4,1718,,1.477268654,154,0,0,0,0,0,302.6
3905,H33318,H,172.2361502,311.1,1426,50.6,9.542542041,101,0,0,0,0,0,302.2
2278,H31691,H,177.200189,308.7,1408,44.4,4.308598735,82,0,0,0,0,0,299.3
6811,L53990,L,117.7905532,310.7,1727,34.5,2.770378267,127,,0,0,0,0,301
1402,H30815,H,191.5085599,310.2,1532,37.7,9.41407034,166,0,0,0,0,0,298.9
740,L47919,L,177.8126164,308.4,1390,41.8,7.110804118,184,0,0,0,0,0,296.9
4267,L51446,L,286.2798802,311.1,1440,39.5,5.148063795,146,0,0,0,0,0,302.7
9862,M24721,M,129.4774183,309.6,1800,24.8,8.539680257,78,,0,0,0,0,298.7
7353,M22212,M,393.3260023,310.2,1440,42.8,3.520708261,30,0,0,0,0,0,299.7
7519,L54698,L,114.5027379,311.5,1500,40.8,5.232971266,17,0,0,0,0,0,300.2
3852,H33265,H,310.1598187,310.9,1415,48.4,2.475840511,185,0,0,0,0,0,302.2
8632,H38045,H,277.4575498,308.3,1506,,8.080199024,54,0,0,0,0,0,297.3
2662,M17521,M,310.5110494,309.4,1509,42.8,5.53677639,190,0,0,0,0,0,299.9
6505,M21364,M,179.0459936,310.1,1681,27.4,2.78391889,212,0,0,0,0,0,301
9800,M24659,M,325.049572,309.3,1551,34.7,4.104369414,121,0,0,0,0,0,298.5
675,L47854,L,349.2834571,309,1456,,8.587798208,0,0,0,0,0,0,297.8
7106,L54285,L,375.7308973,310.4,1536,34.2,9.473985614,45,0,0,0,0,0,300.9
6361,L53540,L,169.1297275,309.7,1441,40.1,7.070085084,46,0,0,0,0,0,300.1
3842,L51021,L,295.475963,311.1,1565,42.8,8.769957658,163,0,0,0,0,0,302.4
1816,M16675,M,317.2957464,307.6,1565,36.3,7.143139497,140,0,0,0,0,0,298.1
9490,L56669,L,260.7958173,309.7,1407,41.9,8.8066196,207,0,0,0,0,0,298.9
9839,L57018,L,114.4371188,309.2,1425,45.5,7.479501208,11,0,0,0,0,0,298.4
9202,L56381,L,119.5400267,308.7,1404,44.2,1.608025045,62,0,0,0,0,0,297.8
4654,M19513,M,368.3245955,311.1,1594,35.5,6.700049938,13,0,0,0,0,0,303.1
8693,L55872,L,131.6886135,308.4,1583,31.9,1.125143641,2,0,0,0,0,0,297.1
2101,M16960,M,184.123333,309.3,1471,46,1.011826609,42,0,0,0,0,0,299.3
7712,L54891,L,334.5862077,311.4,1309,55.5,6.510550152,71,0,0,0,0,0,300.4
1674,M16533,M,251.2490388,307.8,1384,43.7,5.27876035,200,0,0,0,0,0,298.1
2102,L49281,L,377.6905804,309.3,1528,37.8,2.753903683,45,,0,0,0,0,299.3
4214,L51393,L,205.3921875,310.7,1465,40.7,9.797091233,13,0,0,0,0,0,302.1
6959,L54138,L,153.443965,311,1563,40.7,7.391399169,87,,0,0,0,0,300.6
1549,M16408,M,277.5531664,308.8,1349,,5.037029802,104,0,0,0,0,0,298.3
9551,M24410,M,162.6189946,311,1451,43.3,2.146585132,136,0,0,0,0,0,299.5
3324,L50503,L,307.3975249,310.5,1589,36.7,1.265138739,118,0,0,0,0,0,301.5
9584,L56763,L,271.5012307,310.5,1281,59.8,8.672294814,15,0,0,0,0,0,299.3
356,L47535,L,304.9179005,308.3,1623,36.9,6.502382421,61,0,0,0,0,0,297.6
5185,L52364,L,362.8849095,313,1397,42.4,9.160703052,113,0,0,0,0,0,304
1462,L48641,L,394.794772,310.2,1491,45.1,6.086209412,101,0,0,0,0,0,298.9
7625,L54804,L,278.0806364,311.7,1507,45.5,6.539036075,74,0,0,0,0,0,
9386,M24245,M,307.3914882,308.1,1907,23.5,5.696434187,125,0,0,0,0,0,297.5
3221,M18080,M,242.4510498,309.6,1525,,9.274907283,71,0,0,0,0,0,300.7
940,L48119,L,116.4747084,306.1,1488,40.7,4.037182404,31,,0,0,0,0,
5148,L52327,L,189.8997901,313.6,1569,38.4,9.783098641,11,0,0,0,0,0,304.4
5924,M20783,M,133.8696687,310.3,1537,35,6.46397513,33,0,0,0,0,0,300.4
7884,H37297,H,377.6901612,312.3,1446,45.4,9.837078419,86,0,0,0,0,0,300.7
1752,L48931,L,352.3371147,307.6,1942,20.6,6.882173234,176,0,0,0,0,0,298.3
9469,L56648,L,240.6304678,309.4,1375,55.4,2.498996791,145,0,0,0,0,,298.6
7598,L54777,L,131.6775171,311,2074,18.9,8.467961689,9,0,0,0,0,0,300.5
1773,L48952,L,162.5325103,308,1508,47.9,9.587340083,25,0,0,0,0,0,298.4
1197,M16056,M,373.1132206,307.9,1493,34.7,9.685815812,57,0,0,0,0,0,297
1879,M16738,M,163.4059656,307.7,1424,47.7,8.415192288,103,0,0,0,0,0,298.1
2669,M17528,M,382.6970682,309.3,1640,31.1,8.858547259,211,0,0,0,0,0,299.8
3172,L50351,L,308.5907529,309.6,1386,56.9,3.463405669,170,0,0,0,0,0,300.4
2017,L49196,L,127.6173604,308.3,1458,44,5.361881499,44,0,0,0,0,0,298.5
2006,L49185,L,387.7895109,308.3,1504,38,9.012936663,20,0,0,0,0,0,298.5
8273,L55452,L,311.7723364,310.6,1363,52.6,5.573031726,190,0,0,0,0,0,298.9
3894,L51073,L,284.4765008,311.2,1549,40.6,5.545011416,66,0,0,0,0,0,302.3
9992,M24851,M,125.0965814,308.4,1827,26.1,2.802579045,5,0,0,0,0,0,298.9
3238,M18097,M,322.9204766,309.5,1758,26.8,9.116532779,116,0,0,0,0,0,300.9
4425,M19284,M,324.4949625,310.2,1631,31,6.785580687,100,0,0,0,0,0,302.6
4745,L51924,L,181.0410161,311.3,1393,47.4,8.748747435,18,0,0,0,0,0,303.3
2079,M16938,M,367.1141986,309.3,1692,28.4,6.948470943,201,0,0,0,0,0,299.4
5220,L52399,L,383.5682784,313,1365,59.9,5.701153679,205,0,0,0,1,0,303.8
397,L47576,L,258.4201071,308.3,1490,,1.632172959,164,0,0,0,0,0,297.4
2789,L49968,L,233.8094334,309.6,1326,52.4,5.772760258,57,0,0,0,0,0,300.3
8878,M23737,M,106.1064511,309.2,1460,45.8,3.405803159,80,0,0,0,0,0,298.1
8639,L55818,L,250.7412851,308.5,1572,35.9,7.954628297,71,0,0,0,0,0,297.6
4073,L51252,L,198.0056376,310.6,1610,33.4,1.315973544,87,0,0,0,0,0,301.9
5575,L52754,L,234.6343045,312,1305,49.1,9.345080414,16,0,0,0,0,0,302.4
8370,L55549,L,260.5247271,309.7,1953,20.6,5.591283441,25,0,0,0,0,0,
9508,L56687,L,151.1220861,310.5,1505,,5.398617623,30,0,0,0,0,0,299.3
5356,H34769,H,248.6856686,312.5,1328,49.8,7.438621727,120,0,0,0,0,0,303.3
7234,L54413,L,139.7587123,310,1447,45.9,7.874451178,162,0,0,0,0,0,299.9
9484,H38897,H,163.3706845,309.6,1546,35.3,5.665198401,190,0,0,0,0,0,298.9
6821,L54000,L,212.4606939,310.6,1551,34.5,3.682851517,153,0,0,0,0,0,300.8
1520,M16379,M,252.7546216,308.9,1512,38.5,2.330195258,28,0,0,0,0,0,298.2
8197,L55376,L,297.9715184,310.8,1622,33.6,1.232537033,217,0,0,0,0,0,299.4
1379,H30792,H,174.5265667,310.2,1455,44.9,9.40426578,107,0,0,0,0,,
5673,H35086,H,320.9966364,311.6,1701,,9.980839794,46,0,0,0,0,0,302.1
1024,L48203,L,356.4794029,307.3,1881,24.3,4.06778971,40,0,0,0,0,0,296.2
2588,L49767,L,350.5685993,308.7,2248,16.8,9.460930564,204,0,0,0,0,0,299
7043,L54222,L,161.382077,310.5,1642,29.9,3.919123857,100,,0,0,0,0,300.6
5622,M20481,M,253.8084306,312.2,1292,54.4,7.749679953,136,0,0,0,0,0,302.9
7638,H37051,H,311.1283244,311.4,1445,52.4,6.189605363,105,0,0,0,0,0,300.4
5009,H34422,,220.9224517,312.8,1488,42.8,1.951567119,54,0,0,0,0,0,303.7
2858,M17717,M,173.8580593,309.2,1528,37.2,3.053058936,228,,0,0,0,0,300.4
8255,M23114,M,189.4780559,310.4,1625,37.1,6.851337534,131,,0,0,0,0,299
5772,L52951,L,306.9805381,311.2,1525,43.7,9.524662475,91,0,0,0,0,0,301.6
5843,L53022,L,217.4620084,311.2,1355,50.6,2.389712101,37,0,0,0,0,0,301.4
8028,L55207,L,270.9667357,311.9,1425,44.9,3.45963828,224,0,0,0,0,0,300.6
5833,L53012,L,393.9249914,311.2,1675,32.1,2.144932773,12,0,0,0,0,0,301.3
1630,M16489,M,336.5992222,307.9,1336,54.4,9.806260292,82,0,0,0,0,0,297.9
4889,L52068,L,227.0593565,312.4,1512,39.2,4.836171573,184,0,0,0,0,0,303.7
4527,L51706,L,251.2586548,310.4,1521,38.5,4.456129767,142,0,0,0,0,0,302.4
3524,L50703,L,237.9698467,310.9,1521,39.3,2.472766898,197,0,0,0,0,0,301.8
5905,M20764,M,361.7243173,310.5,1330,59,9.985555748,190,0,0,0,0,0,300.8
7782,L54961,L,373.825872,311.7,1513,40,2.839008422,51,0,0,0,0,0,300.4
3608,L50787,L,187.7147067,310.7,1638,33.8,6.756904032,196,0,0,0,0,0,301.6
9419,L56598,L,387.7157326,308.4,1432,46.2,3.801555239,11,0,0,0,0,0,298
5221,L52400,L,176.1411123,313,1633,32.9,7.000031689,207,0,0,0,0,0,303.8
235,L47414,L,149.4266074,308.4,1478,42.9,5.7125829,183,0,0,0,0,0,298.2
7756,M22615,M,347.4364647,311.8,1362,47.6,8.372982777,188,0,0,0,0,0,300.4
3797,M18656,M,186.4574065,310.8,1504,37.5,9.78902603,42,0,0,0,0,0,302.1
4119,L51298,L,355.653581,310.6,1366,47.7,4.383177145,206,0,0,0,0,0,302
6319,M21178,M,377.0035681,310.3,1416,50.9,6.219677828,152,0,0,0,0,0,300.9
5002,M19861,M,247.7083511,312.7,2174,17.6,3.743635899,37,0,0,0,0,0,303.6
3801,M18660,M,183.7413896,310.9,1916,23.1,8.610165387,51,0,0,0,0,0,302.1
7810,M22669,M,255.9579875,311.4,1537,35.4,1.020817362,120,0,0,0,0,0,300
3900,M18759,M,264.1268903,311,1711,28.7,7.903980027,83,0,0,0,0,0,302.1
5025,L52204,L,220.0064193,313.1,1639,29,2.029815629,95,0,0,0,0,0,
1949,L49128,L,166.8540895,308.1,1410,45.8,8.402143315,71,0,0,0,0,0,
6362,M21221,M,186.8983873,309.7,1348,57.3,4.887168083,48,0,0,0,0,0,300.1
471,H29884,H,399.2988476,308.8,1499,44.2,5.771031363,134,0,0,0,0,0,297.3
9945,L57124,L,101.2998126,307.9,1399,47.8,9.633250756,99,0,0,0,0,0,298.3
3493,H32906,H,362.8490125,311,1336,63.6,2.309771754,111,0,0,0,0,0,301.9
6092,L53271,L,121.0107681,310.7,1412,57.5,4.448459896,16,0,0,0,0,1,300.9
2672,M17531,M,307.7424615,309.3,1399,41.9,9.750314643,221,1,0,0,0,0,299.7
9801,H39214,H,378.9291966,309.3,1421,50.3,8.776386994,124,0,0,0,0,0,298.5
2225,M17084,M,118.3261649,309,1645,31.9,5.281055527,155,0,0,0,0,0,299.7
1107,L48286,L,353.3277864,307.6,1540,38.6,1.873152755,53,0,0,0,0,0,296.7
2189,L49368,,279.6140152,309.3,1420,44.1,5.508036684,60,0,0,0,0,0,299.7
819,L47998,L,214.2744141,307.6,1304,48.7,8.766891607,142,0,0,0,0,0,296.8
5572,L52751,L,114.8617511,312,1562,37.9,5.314075951,10,0,0,0,0,0,302.4
4524,L51703,L,197.2195391,310.4,1488,48.4,1.43263636,134,0,0,0,0,0,302.5
5794,L52973,L,317.9012441,311.3,1471,44.2,3.573017665,148,0,0,0,0,0,301.8
9382,M24241,M,355.7399325,308.1,1480,42.4,1.936139288,112,0,0,0,0,0,297.5
8781,M23640,M,205.4455731,308.6,1327,52.1,7.792232569,24,0,0,0,0,,297.5
7460,L54639,L,322.9613843,311.5,1591,32,4.56256734,79,0,0,0,0,0,300
2625,H32038,H,152.315182,309.5,1375,,5.08427752,86,0,0,0,0,0,299.7
7095,L54274,L,288.6304734,310.2,1447,45.9,9.526331275,17,0,0,0,0,0,300.6
9393,L56572,L,164.5886949,308.1,1437,46.3,7.321276644,149,0,0,0,0,0,297.6
9917,M24776,M,372.6486103,308.8,1553,34.9,9.71089906,18,0,0,0,0,0,298.5
9120,M23979,M,355.9469401,308.4,1675,29.5,9.328427182,59,0,0,0,0,0,297.4
889,M15748,M,399.6749493,306.1,1651,28.1,1.253199558,110,0,0,0,0,0,295.6
2438,L49617,L,186.116155,308.3,1426,40.1,1.064155593,60,0,0,0,0,0,299.1
6057,L53236,L,121.2645479,310.8,1634,29.2,7.769490776,149,0,0,0,0,0,300.8
7065,M21924,M,262.2847484,310.5,1696,29.7,4.731125515,162,0,0,0,0,0,300.8
818,L47997,L,146.4250326,307.6,1368,52,8.827863753,140,0,0,0,0,0,296.8
8935,L56114,L,132.2652675,308.2,1601,35.7,3.958445393,9,0,0,0,0,0,297.3
3415,L50594,L,307.529932,310.3,1555,41.2,6.782333865,131,0,0,0,0,0,301.3
6353,L53532,L,386.8564817,309.6,1496,38.8,2.953022773,27,0,0,0,0,0,300
2342,L49521,L,125.5702471,308.2,1409,46.4,6.839911569,12,,0,0,0,0,299.1
9030,L56209,L,101.2248034,308.3,1483,38.8,3.462803644,23,,0,0,0,0,297.4
3168,L50347,L,238.2163845,309.7,1384,45.1,9.174768424,159,0,0,0,0,0,300.4
1810,L48989,L,198.5273175,307.7,1767,27,6.502990205,127,0,0,0,0,0,298.1
8036,L55215,L,309.8531044,311.7,1910,19.7,4.805624141,13,,0,0,0,0,300.7
1265,M16124,M,382.5607157,309.3,2243,15.7,8.865917491,36,,0,0,0,0,297.8
5087,L52266,L,178.9198217,313,1541,45.9,9.880143074,64,0,0,0,0,0,304
9676,M24535,M,397.2630582,310.2,1298,57.2,5.651768507,10,0,0,0,0,0,299
5836,L53015,L,149.4050061,311.2,1668,30.1,8.424080774,18,0,0,0,0,0,301.3
5195,M20054,M,162.3908273,313.1,1668,34.4,8.435863144,137,0,0,0,0,0,303.9
4450,M19309,M,172.5677557,310.3,1378,54.3,8.89761656,165,0,1,0,0,0,302.4
4946,L52125,L,330.1017852,312.7,1418,,4.780270509,118,0,0,0,0,0,303.6
4046,M18905,M,262.2416495,310.9,1881,20.9,7.038503104,23,0,0,0,0,0,
6504,M21363,M,376.0197942,309.9,1465,42.9,9.737666645,209,0,0,0,0,0,300.9
3703,L50882,L,169.5735954,311.2,1434,44.9,1.28810103,15,0,0,0,0,0,302
1036,L48215,L,273.1303305,307.4,1403,48.4,9.447334981,70,0,0,0,0,0,296.4
9257,L56436,L,168.6780612,309.1,1569,35.2,8.723928944,199,0,0,0,0,0,298.2
5591,M20450,M,386.4665471,311.9,1340,59.4,6.65419661,60,0,0,0,0,0,302.5
1229,M16088,M,373.5170928,308.4,1583,38.2,5.944051753,150,0,0,0,0,0,297.1
10000,M24859,M,330.1598139,308.7,1500,40.2,6.183972111,30,0,0,0,0,0,299
6812,L53991,L,280.8049354,310.6,1504,46.4,6.327183438,129,0,0,0,0,0,300.9
5142,L52321,L,236.1096649,313.7,1509,35,9.969533262,205,1,0,0,0,0,304.4
53,H29466,H,218.7116569,309,1497,43.8,7.374449098,147,,0,0,0,0,298.8
9068,L56247,L,382.9034155,308.2,1351,56.6,1.66788,126,0,0,0,0,0,297.1
8396,M23255,M,371.1971382,309.5,1483,44.8,8.879356484,92,0,0,0,0,0,298.5
160,L47339,L,308.3088197,308.2,1471,47,8.887394815,214,0,0,0,0,0,298.4
7553,L54732,L,104.2367162,311.3,1525,40.7,9.432547407,105,0,0,0,0,0,
1588,M16447,M,201.7024546,308.3,1448,43.3,3.812531353,199,0,0,0,0,0,298.2
1590,M16449,M,264.0110121,308.3,1453,41.5,6.945491355,204,0,0,0,0,0,298.1
9842,M24701,M,390.6220535,309.2,1359,51.4,3.691430224,21,0,0,0,0,0,298.3
9329,H38742,H,185.9205665,309.1,2051,19,1.181366514,184,0,0,0,0,0,298.5
6931,M21790,M,399.0651471,311.5,1836,21.8,4.887961367,12,0,0,0,0,0,300.9
6597,M21456,M,353.5927583,310.7,1454,39.4,7.729235864,17,0,0,0,0,0,301.5
6175,L53354,L,392.8523105,310.7,1573,31.2,8.080684689,2,0,0,0,0,0,300.9
8099,L55278,L,236.6431291,311.6,1500,39,4.046782024,174,0,0,0,0,0,
3859,L51038,L,336.988197,311.4,1559,37.6,4.79638739,209,0,0,0,0,0,302.5
9815,H39228,H,279.0779459,309.1,1430,40.9,2.306371165,162,0,0,0,0,0,298.3
6692,M21551,M,360.9637963,311,1510,47.8,1.58243644,27,0,0,0,0,0,301.7
2829,M17688,M,370.8999237,309.4,1875,23.9,7.269768921,155,0,0,0,0,,300.4
437,L47616,L,342.8510561,308.3,1504,36.3,7.760931531,45,0,0,0,0,0,297.3
8275,L55454,L,206.8262644,310.5,1640,29.2,7.996035989,195,0,0,0,0,0,
8169,L55348,L,139.4065829,311.1,1690,30.6,4.444714394,148,0,0,0,0,0,299.7
3879,L51058,L,174.3449521,311.7,1773,27.1,5.925975587,30,0,0,0,0,0,302.6
1589,L48768,L,204.1212188,308.3,1688,32,6.949417422,202,0,0,0,0,0,298.2
2781,M17640,M,312.5639513,309.6,1556,35.8,5.397082719,36,0,0,0,0,,300.2
8982,L56161,L,322.198842,307.7,1502,39.4,8.764067363,126,0,0,0,0,0,297
8562,L55741,L,181.3119037,308.9,1332,44.4,2.711857932,100,0,0,0,0,0,298.2
5687,L52866,L,339.1101672,311.6,1658,31.4,4.45166859,89,0,0,0,0,0,302.2
3966,L51145,L,278.4839636,311.5,1507,37.5,6.728026656,55,0,0,0,0,,302.3
4728,M19587,M,324.8641665,311.8,1341,47,4.230876306,210,0,1,0,0,0,303.4
974,L48153,L,223.7211647,306.6,1679,30.4,2.265591244,117,0,0,0,0,0,295.9
1239,M16098,M,253.354315,308.4,1615,32.6,6.460377221,184,0,0,0,0,0,
2952,L50131,L,194.427778,309.5,1685,31.1,9.067576752,27,0,0,0,0,0,300.7
2343,M17202,M,147.8060771,308.2,1674,,2.718691202,14,0,0,0,0,0,299.2
6521,M21380,M,345.3678988,310.1,1666,34.9,6.824872795,37,0,0,0,0,0,301.2
7311,L54490,L,329.5941705,310.5,1606,33.5,9.286017107,135,0,0,0,0,0,300
6047,L53226,L,183.1362332,311,1316,56.5,6.415113919,120,0,0,0,0,0,
2159,M17018,M,327.7174134,309,1399,49.7,7.323165182,207,0,0,0,0,0,299.5
9289,L56468,L,128.0285003,308.9,1444,53.1,5.355953095,83,0,0,0,0,0,298.2
6590,M21449,M,392.6633615,310.6,1553,38.9,1.965608807,0,0,0,0,0,0,301.6
1498,L48677,L,296.3628441,308.7,1629,34.3,5.658898618,191,0,0,0,0,0,298
4546,L51725,L,162.9216287,310.5,1463,43,8.959024117,189,0,0,0,0,0,302.5
6466,M21325,M,314.5452392,309.8,1416,48.5,5.547974695,110,0,0,0,0,0,300.5
4258,M19117,M,216.5089254,311,1589,39,2.328241732,122,0,0,0,0,0,302.6
2423,L49602,L,283.1281902,308.2,1443,53.4,2.221179829,21,0,0,0,0,0,298.8
8565,M23424,M,153.8778067,308.7,1614,30.7,7.023093312,106,0,0,0,0,0,298
5186,L52365,L,191.9443436,313,2012,21.1,6.585754903,115,0,0,0,0,0,304
5648,H35061,H,399.1854201,311.8,2370,14.7,9.488780059,198,0,0,0,0,0,302.5
358,L47537,L,195.1020775,308.4,1517,34.2,4.737882772,66,0,0,0,0,0,297.6
5243,L52422,L,135.6095985,313.1,1496,47.4,5.548984441,48,0,0,0,0,,303.7
8012,L55191,L,389.5847368,311.8,1427,43.3,1.353801385,180,0,0,0,0,0,300.8
9241,M24100,M,138.7391617,308.7,1362,49.6,8.729193602,158,0,0,0,0,0,298.1
2093,L49272,L,138.2978253,309.2,1444,48.2,4.019424162,24,0,0,0,0,0,299.4
5410,L52589,L,179.1650618,312.4,1433,44.2,6.506926372,17,0,0,0,0,0,302.7
2016,L49195,L,300.975664,308.2,1301,66.3,1.833409863,42,0,0,1,0,0,298.5
9060,L56239,L,196.4143174,308.3,1805,25.6,7.300159441,103,0,0,0,0,0,297.2
4045,M18904,M,260.6184834,310.9,1419,47.7,4.386729538,20,0,0,0,0,0,301.9
188,L47367,L,141.8029439,308.4,1379,43.1,8.007936214,65,0,0,0,0,0,298.2
6859,L54038,L,281.2747261,311.2,1467,45.4,1.19343166,36,0,0,0,0,0,301
3656,L50835,L,240.9662327,311.4,1686,30.9,1.759656345,106,0,0,0,0,0,302.1
3427,L50606,L,126.2196178,310.5,1380,48.7,8.332457686,160,0,0,0,0,0,301.5
7195,L54374,L,172.7403237,310.1,1380,52.6,9.77991551,59,0,0,0,0,0,300.1
1382,M16241,M,115.7027411,310.2,1583,,7.66962656,116,0,0,0,0,0,298.8
7469,L54648,L,102.793066,311.6,1560,37.7,5.454596508,107,0,0,0,0,0,300.3
414,L47593,L,387.276864,308.4,1573,34.5,4.62648485,205,0,0,0,0,0,297.4
5038,M19897,M,110.1463174,313.2,1586,41.1,7.347358326,129,0,0,0,0,0,304.1
4898,H34311,H,394.35076,312.5,1525,,2.625269593,209,0,0,0,0,0,303.8
3337,L50516,L,308.8384198,310.8,1535,35.4,1.649759924,148,0,0,0,0,0,301.6
3607,L50786,,232.6122895,310.7,1318,55,8.744006759,194,,0,0,0,0,301.7
3176,L50355,L,148.2996105,309.6,1468,44.7,4.610185378,179,0,0,0,0,0,300.3
2242,L49421,L,341.7120491,308.4,1711,28.9,2.716106504,197,,0,0,0,0,299.2
9709,L56888,L,301.8657458,310.1,1664,29.7,3.649150026,89,0,0,0,0,0,
7797,L54976,L,166.815294,311.5,1454,52.4,6.590854481,90,0,0,0,0,0,300.1
257,L47436,L,216.4895633,308.3,1331,63,4.197199253,13,0,0,0,0,0,
8621,L55800,L,330.944737,308.5,1475,42.4,4.425396166,24,0,0,0,0,0,297.6
201,L47380,L,227.9045813,308.6,1609,35,9.257824246,103,0,0,0,0,0,298.4
2236,M17095,M,277.1422599,308.6,1455,42.7,9.375771007,183,0,0,0,0,0,299.4
4744,L51923,L,306.4734465,311.3,1409,51.8,4.10378962,16,0,0,0,0,0,303.3
1768,M16627,M,358.6980051,307.7,1520,41.4,8.982506176,10,0,0,0,0,0,298.3
4237,L51416,L,262.3370671,310.9,1604,,2.500677267,68,0,0,0,0,0,302.2
6730,H36143,,252.4208476,310.9,1524,40.4,5.681118354,124,0,0,0,0,0,301.5
8451,L55630,L,156.6742805,310,1559,44.2,3.520146531,23,0,0,0,0,0,298.4
7278,L54457,L,296.6101456,310.2,1475,54.2,7.413190315,53,0,0,0,0,0,300.1
1573,L48752,L,268.4312595,308.3,1230,59.6,2.585043711,162,0,0,0,0,0,298.2
25,M14884,M,237.2118674,309.4,1561,37.3,9.349028435,70,0,0,0,0,0,299
3364,L50543,L,343.38734,310.6,1555,43.3,2.64883946,212,0,0,0,0,0,301.4
1089,M15948,M,192.8339115,307.8,1392,43.9,2.407437877,0,0,0,0,0,0,
4675,L51854,L,277.9512765,311.5,1414,44.8,8.567374607,71,0,0,0,0,0,303.4
2695,M17554,M,131.2355544,309.6,1625,38,8.536692197,46,0,0,0,0,0,300.1
7583,H36996,H,356.3905913,311.2,1489,45.3,2.62935194,180,0,0,0,0,0,300.4
3399,L50578,L,347.6241843,310.7,1675,30.7,9.318440872,92,0,0,0,0,0,301.4
3560,M18419,M,175.6586027,310.7,1659,29.9,9.374695991,73,0,0,0,0,0,301.7
9157,M24016,M,158.8001061,308.4,1369,54.8,7.624161169,145,0,0,0,0,0,
2842,L50021,L,282.1797885,309.4,1705,29.4,3.275971521,190,0,0,0,0,0,300.3
2312,M17171,M,154.3217408,308.6,1491,38.5,9.499207653,166,0,0,0,0,0,299.1
8334,M23193,M,234.214443,309.7,1477,48.5,8.279841651,138,0,0,0,0,0,298.8
3235,L50414,,299.2140037,309.4,1489,38.4,4.455869523,109,0,0,0,0,0,
4153,M19012,M,363.7661233,310.5,1425,44.7,6.640121634,76,0,0,0,0,0,302
1310,L48489,L,111.6131932,310.2,1654,31.1,5.045810636,158,0,0,0,0,0,298.9
696,L47875,L,292.3908247,309,1487,45.4,8.087778565,64,0,0,0,0,0,297.6
9860,M24719,M,342.6370347,309.5,1580,33.9,5.46192722,70,0,0,0,0,0,298.6
3753,H33166,H,350.9195904,311.1,1455,40.3,7.929152671,145,0,0,0,0,0,302.3
6338,M21197,M,339.1105117,309.8,1435,43.6,6.382550207,203,0,0,0,0,,300.4
1228,L48407,L,354.4325999,308.4,1422,42.1,9.109089381,148,0,0,0,0,0,297.1
2000,L49179,L,367.8740139,308,1540,37.8,1.700083427,7,0,0,0,0,0,298.4
277,M15136,M,152.8303985,307.9,1750,26.6,9.759136902,67,0,0,0,0,0,298
8177,L55356,L,315.0264056,311.2,1564,40,4.492977657,172,0,0,0,0,0,299.8
7665,H37078,H,185.6249075,311.7,1454,50.3,8.920932788,175,0,0,0,0,0,300.5
5930,L53109,L,125.3228695,310.2,1471,45.2,7.532316283,48,0,0,0,0,0,300.3
2954,L50133,L,390.1939629,309.5,1578,35.4,6.501525206,34,0,0,0,0,0,300.7
3638,M18497,M,231.6115767,311.4,1626,31.6,2.496667412,62,0,0,0,0,0,302.2
3907,L51086,L,130.0409821,311.2,1297,62.5,8.756462413,109,0,0,0,0,0,
4779,H34192,H,147.6984615,312.2,1371,54.6,3.867651122,112,0,1,0,0,0,303.6
5846,M20705,M,316.0718457,311.2,1727,26.5,3.787460113,43,0,0,0,0,0,301.4
9699,L56878,L,100.9013285,309.8,1663,28.2,9.657425743,67,0,0,0,0,0,298.8
4118,L51297,L,105.7221574,310.5,1340,55.7,1.868491178,204,0,0,0,1,0,301.9
7031,L54210,L,174.9313726,310.8,1772,27.3,7.970042086,69,0,0,0,0,0,300.7
1138,L48317,L,227.2626429,307.8,1653,29.7,1.301687428,137,0,0,0,0,0,296.9
2768,L49947,L,312.6815805,309.5,1925,21.9,1.009547257,9,0,0,0,0,0,300
2335,L49514,L,207.2323282,308.4,1445,43.5,6.063819471,224,0,0,0,0,0,299.2
7707,L54886,L,128.1569156,311.5,1708,31.2,1.823575996,57,0,0,0,0,0,300.5
943,M15802,M,126.1825165,306.3,1462,44.3,2.740195871,37,0,0,0,0,0,295.7
7663,M22522,M,296.2748113,311.6,1658,30.4,7.322835327,170,0,0,0,0,0,300.5
2491,H31904,H,231.325945,308.8,1566,46.6,3.674995221,192,0,0,0,0,0,299.1
9680,L56859,L,194.1941113,310.2,1598,33.4,5.273040005,20,0,0,0,0,0,
6291,L53470,L,198.9376238,310.5,1932,21.7,8.206138497,79,0,0,0,0,0,301
4936,L52115,L,176.5512952,312.3,1479,42.8,8.5536555,92,0,0,0,0,0,303.4
3936,M18795,M,242.6510418,311.6,1227,,1.468519402,187,,0,0,1,0,302.6
6957,M21816,M,335.1592429,311.2,1434,39.1,3.096891159,82,0,0,0,0,0,300.8
2385,M17244,M,141.2935395,308.3,1506,38,3.112678949,125,0,0,0,0,0,299.1
116,L47295,L,202.1372806,308.6,1431,45.7,4.011688829,97,0,0,0,0,0,298.8
1864,M16723,M,221.6472146,307.7,1517,39.5,3.417207829,69,0,0,0,0,0,297.9
9977,L57156,L,244.5336218,308.2,1705,26.3,8.445300075,177,0,0,0,0,0,298.6
3120,L50299,L,220.9316094,309.4,1858,23.6,2.274545281,26,0,0,0,0,0,300.1
4259,M19118,M,318.9652918,311.1,1297,60.7,1.597523566,125,0,1,0,0,0,302.7
6706,M21565,M,239.1296288,310.6,1382,58.1,3.208215854,67,0,0,0,0,0,301.5
903,L48082,L,355.973077,306.1,1383,48.7,4.600016945,147,0,0,0,0,0,295.6
2820,L49999,L,287.4842587,309.5,1356,51.1,6.502911562,133,0,0,0,0,0,300.2
3823,M18682,M,300.7381996,311,1464,44.2,9.687022615,106,0,0,0,0,0,302.4
8162,H37575,H,374.6417692,311,1714,30.2,2.419764947,128,0,0,0,0,0,299.6
6891,M21750,M,102.0013856,311.4,1532,41.5,8.350740237,126,0,0,0,0,0,300.9
9091,M23950,M,160.918709,307.9,1747,29,3.261890755,188,0,0,0,0,0,297.2
4700,L51879,L,178.5885161,311.6,1428,46.2,2.885621377,139,0,0,0,0,,303.5
8919,L56098,L,210.8265091,308.2,1402,51.2,2.120377048,186,0,0,0,0,,297.1
3803,M18662,M,389.2764108,310.9,1488,44.2,4.639243931,57,0,0,0,0,0,
6069,M20928,M,377.975156,310.9,2047,17.9,4.516791273,178,0,0,0,0,0,301
5811,L52990,L,112.3904833,311,1856,21.9,8.149601057,189,0,0,0,0,0,301.3
3537,L50716,L,255.2494283,311,1632,34.2,5.327786725,18,0,0,0,0,0,302
3826,H33239,H,343.7794946,310.7,1413,48.9,7.92469709,114,0,0,0,0,0,302.2
8643,M23502,M,298.8338371,308.4,1596,36.6,6.443467441,80,,0,0,0,0,297.5
8609,L55788,L,140.6622511,308.4,1369,50.6,6.094848644,220,0,0,0,1,0,297.4
4811,M19670,M,369.8277648,312.1,1499,39.4,9.226962054,197,0,0,0,0,0,303.4
1947,L49126,L,141.3049772,308.1,1622,34.9,1.245046137,67,0,0,0,0,0,298.2
8601,L55780,L,197.4444559,308.3,1435,40.3,6.845342103,197,0,0,0,0,0,297.5
7137,M21996,M,196.2333574,309.9,1343,63.7,6.471054058,124,0,0,0,0,0,300.5
5336,M20195,M,333.7812168,312.4,1505,38.9,7.330350644,68,0,0,0,0,0,303.3
3489,L50668,L,231.961249,310.9,1379,,9.132416467,99,0,0,0,0,0,301.9
1611,L48790,L,236.1911181,307.8,1573,37.9,7.035369523,33,0,0,0,0,0,297.8
7462,L54641,L,298.4565429,311.5,1749,28.3,1.408964974,83,,0,0,0,0,300
8474,M23333,M,136.008156,309.8,1430,43.1,4.473150773,80,0,0,0,0,,298.6
4678,H34091,H,119.4106352,311.6,1466,47,7.971118731,80,0,0,0,0,0,303.5
4960,L52139,L,187.2502828,312.6,1735,25.9,9.135140398,154,0,0,0,0,0,303.8
5868,L53047,L,169.9020754,311,1494,45.3,9.043026023,99,0,0,0,0,0,301.5
8764,L55943,L,293.5827415,308.8,1603,36.7,5.301657709,184,0,0,0,0,0,297.5
4762,H34175,H,200.4339975,311.9,1332,52.7,1.835185047,66,0,1,0,0,0,
2195,M17054,M,150.2212047,308.9,1568,35.3,2.480369006,77,0,0,0,0,0,299.6
8004,M22863,M,328.4612376,312,1274,67.3,2.340027448,159,,0,0,0,0,
5702,M20561,M,344.8861241,311.9,1347,54.3,7.323045487,125,0,0,0,0,0,302.5
5114,L52293,L,193.6886375,313.6,1382,46.7,7.005359155,134,0,0,0,0,0,304.1
558,M15417,M,148.8127655,309.4,1433,48.3,7.788115651,139,0,0,0,0,0,297.5
8066,M22925,M,225.3646403,311.9,1670,26.3,7.923012199,89,0,0,0,0,0,300.5
5140,M19999,M,399.5160307,313.6,1510,38.9,7.758782719,199,0,0,0,0,0,304.4
1208,M16067,M,183.8943814,308.1,1573,34.9,5.325570333,93,0,0,0,0,0,297
7034,M21893,M,277.3510122,310.8,1469,46.4,1.919511092,75,0,0,0,0,0,300.7
7310,L54489,L,225.9659941,310.4,1505,44.9,1.330468071,133,0,0,0,0,0,300
1511,M16370,M,237.9202312,308.7,1547,38.9,9.521042475,0,0,0,0,0,0,298.1
6770,L53949,L,343.3934307,310.8,1392,52.6,2.198118704,23,0,0,0,0,0,301.2
3830,H33243,H,185.8476406,310.9,1366,48.4,3.908623687,130,0,1,0,0,0,302.3
3733,M18592,M,302.8139274,311.2,1347,49.8,9.864593338,94,0,0,0,0,0,302.2
7958,H37371,H,232.5996743,311.9,2140,16.5,9.135862092,43,0,0,0,0,0,300.9
3212,L50391,L,160.0984709,309.2,1462,51.4,9.540869895,48,0,0,0,0,0,300.3
3631,L50810,L,330.5255314,311.2,1845,27.3,9.333777979,45,0,0,0,0,0,
1709,L48888,L,346.7666507,307.8,1627,31.5,7.392625728,64,0,0,0,0,0,298.2
1846,L49025,L,298.2026357,307.2,1444,40,5.978162085,17,0,0,0,0,0,297.7
267,H29680,H,278.5413226,308.1,1440,43.7,1.326719693,37,0,0,0,0,0,298
5986,L53165,L,216.8984184,310.7,1314,42.4,8.648122153,198,0,0,0,0,0,300.7
1141,M16000,M,315.9228607,307.9,1385,44.8,5.183431287,144,0,0,0,0,0,296.9
3163,L50342,L,386.4759579,309.9,1480,40,9.915340811,148,0,0,0,0,0,300.5
6208,L53387,L,205.7902501,310.6,1447,40.7,7.620627684,82,0,0,0,0,0,300.7
2047,L49226,L,259.4489111,309.1,1388,,7.460714695,123,,0,0,0,0,299.3
3731,M18590,M,187.109441,311.2,1405,47.7,6.167976221,88,0,0,0,0,0,302.3
1910,L49089,L,337.7000435,307.7,1435,45.6,4.174133709,184,0,0,0,0,0,298
7308,M22167,M,354.3715277,310.4,1385,,8.561410691,128,0,0,0,0,0,300
2661,L49840,L,238.4013904,309.3,1291,56.4,8.182178906,188,0,0,0,0,0,299.8
657,M15516,M,313.8334851,309.1,1732,28.1,4.71933496,167,0,0,0,0,0,297.7
6661,H36074,H,176.1706515,310.5,1421,43.8,1.80269314,182,0,0,0,0,0,301.4
1308,L48487,L,295.8808236,310,1423,42.1,3.220660311,154,0,0,0,0,0,298.8
9430,L56609,L,254.3352633,308.8,1498,36,9.936056317,39,0,0,0,0,0,298.2
999,M15858,M,339.6081954,307.2,2071,19.4,7.098445973,183,0,0,0,0,0,296.4
7433,L54612,L,166.6074421,311.4,1484,43.1,9.270846196,13,0,0,0,0,0,300.1
2835,L50014,L,303.5682693,309.1,1368,46,5.879784589,171,0,0,0,0,0,300.3
9179,L56358,L,140.5558542,309,1340,56.9,6.608959208,6,0,0,0,0,0,
5881,L53060,L,203.841385,311.1,1434,49.6,7.194712227,129,0,0,0,0,0,301.5
1238,M16097,M,187.067704,308.4,1502,37.3,4.799333474,181,0,0,0,0,0,297.1
2152,M17011,M,199.4977713,308.7,1289,51.5,4.31055502,185,0,0,0,0,0,299.3
7920,L55099,L,343.5908991,312,1496,,2.877273489,175,0,0,0,0,0,300.8
9696,L56875,L,212.8796885,309.9,1592,32,4.00350156,60,0,0,0,0,0,298.9
7190,L54369,L,153.1199014,310.4,1486,46.3,9.64899437,48,0,0,0,0,0,
8304,L55483,L,277.9241546,310.2,1504,41,6.989400907,51,0,0,0,0,0,298.8
6579,L53758,L,139.8285825,310.4,1543,40.9,1.407994297,190,0,0,0,0,0,301.4
5092,L52271,L,187.7886362,313.2,1345,48.2,8.238115158,77,0,0,0,0,0,303.9
2187,L49366,L,131.8264109,309.4,1445,42.9,3.979363203,55,0,0,0,0,0,299.7
1135,M15994,M,383.8336036,307.8,1426,50.7,5.794658883,130,0,0,0,0,0,296.9
5005,L52184,L,260.6294735,312.8,1364,46.3,6.752335074,44,,0,0,0,0,303.7
7975,L55154,L,179.0150773,312.3,1528,38.4,3.956884218,85,0,0,0,0,0,301.2
1304,L48483,L,140.7389324,309.9,1593,42.5,9.744315481,146,0,0,0,0,0,298.7
8469,H37882,H,176.5428521,309.7,1463,39.1,8.829879107,66,0,0,0,0,0,298.6
1628,L48807,L,295.4813509,307.8,1499,37.5,2.373645052,78,0,0,0,0,0,297.9
9282,L56461,L,102.040776,308.9,1336,45,8.096118683,66,0,0,0,0,0,298.2
1523,H30936,H,196.7834808,309,1562,37.7,8.939704693,36,0,0,0,0,0,298.2
9811,L56990,L,242.6514726,309,1502,40.9,8.920294012,153,0,0,0,0,0,298.1
359,M15218,M,175.8941045,308.3,1467,36.7,9.674955459,68,0,0,0,0,,297.6
139,H29552,H,310.8121713,308.6,1449,49.4,2.944966372,150,0,0,0,0,0,298.8
300,M15159,M,209.3063238,308.3,1567,35.6,5.784367769,131,0,0,0,0,0,297.8
1557,H30970,H,167.9164321,308.5,1398,47.1,9.889861265,122,0,0,0,0,0,298.4
5100,L52279,L,265.0476953,313.5,1438,50.1,1.019267497,100,0,0,0,0,0,304.2
383,L47562,L,116.8663761,308.5,1335,48,6.506720697,131,,0,0,0,0,297.5
8313,M23172,M,327.1311243,310,1529,,7.82847033,77,0,0,0,0,0,298.8
6949,L54128,L,301.9472784,311.2,1457,51.4,6.143155831,61,0,0,0,0,0,300.7
4858,L52037,L,264.8515668,312.3,1606,37.4,6.034499009,103,0,0,0,0,0,
3181,M18040,M,327.2628004,309.4,1433,48.8,8.238661379,191,0,0,0,0,0,300.2
1440,M16299,M,294.6269703,309.8,1534,,1.60606403,47,0,0,0,0,0,298.8
7270,M22129,M,356.1700944,310.5,1540,33.4,4.810838711,32,0,0,0,0,0,300.4
5674,L52853,L,181.0894465,311.6,1462,50,7.633811229,51,0,0,0,0,0,302.2
947,L48126,L,259.2483608,306.2,1287,54.8,6.908075961,49,0,0,0,0,0,295.6
2391,L49570,L,244.9668467,308.5,1487,41.2,3.481097865,140,0,0,0,0,0,299.2
5499,M20358,M,193.8758801,312.5,1903,21.2,4.866889384,23,0,0,0,0,0,302.9
7074,L54253,L,105.8409183,310.6,1491,43.2,8.417068918,187,0,0,0,0,0,300.7
9231,L56410,L,116.4453926,309.2,1922,22.6,7.643192355,132,,0,0,0,0,298.2
2722,M17581,M,195.7289978,309.3,1553,32.4,1.868893688,112,,0,0,0,0,299.6
1933,M16792,M,117.9551271,308,1686,29.3,4.325844172,35,0,0,0,0,0,298.1
7424,L54603,L,399.5154155,311.3,1407,47.3,8.791493029,208,0,0,0,0,0,300
3237,M18096,M,212.2887893,309.4,1342,62.4,9.004236135,113,0,1,0,0,0,300.8
3141,H32554,H,109.5661181,309.9,2563,12.8,5.844151722,81,0,0,1,0,0,300.4
4164,L51343,L,204.4909487,310.5,1696,30.9,3.120458146,107,0,0,0,0,0,302.1
8889,M23748,M,285.302383,308.9,1530,39.1,1.747543306,108,0,0,0,0,0,297.7
3808,M18667,M,321.9039321,311,1546,35.5,2.599019062,70,0,0,0,0,0,302.3
9480,H38893,H,229.4466961,309.6,1600,,7.651836083,175,0,0,0,0,0,298.9
6984,M21843,M,386.1171441,311,1334,53.9,2.23911099,150,0,0,0,0,0,300.7
8905,L56084,L,313.878953,308.7,1584,38.2,9.19935129,154,0,0,0,0,0,297.4
9723,H39136,H,242.6211785,309.8,1911,21.6,1.012076003,126,0,0,0,0,0,298.8
4155,M19014,M,141.4473276,310.4,1828,26.3,5.23773839,82,0,0,0,0,0,302
4173,L51352,L,346.248875,310.6,1386,50,7.288009386,132,0,0,0,0,0,302.2
797,M15656,M,196.8648989,307.9,2010,18.9,6.656218051,86,0,0,0,0,0,296.9
2417,L49596,L,371.8426055,308.4,1571,38.6,2.737195091,5,0,0,0,0,0,299
7171,M22030,M,227.9416058,310.2,1442,,3.139502682,4,0,0,0,0,0,300.3
6140,L53319,,361.5709392,310.7,1586,33.4,2.876291905,142,0,0,0,0,0,300.8
786,M15645,M,284.2254266,308,1497,44.8,9.440986415,57,0,0,0,0,0,296.9
7068,M21927,M,299.5974943,310.7,1386,42.1,3.137167618,170,0,0,0,0,0,300.8
3159,L50338,L,181.8998294,309.7,1679,30.1,3.765289766,136,0,0,0,0,0,300.4
124,L47303,L,301.5667544,308.7,1546,43.4,8.07954356,114,0,0,0,0,0,298.9
9458,M24317,M,390.3239323,309.3,1692,26.7,5.124169779,118,,0,0,0,0,298.5
9247,L56426,L,295.4467551,308.9,1862,27,8.354602339,172,0,0,0,0,0,298.3
2173,L49352,L,243.1209983,309.2,1816,23,5.313581192,15,0,0,0,0,0,
2170,L49349,L,354.3950042,309.1,1415,49.2,7.607830438,8,0,0,0,0,0,299.5
6881,M21740,M,296.9944158,311.3,1801,24.6,2.18929119,100,0,0,0,0,0,300.9
4010,L51189,L,283.9793506,311.2,1630,36,5.982316705,169,0,0,0,0,0,302.2
9297,H38710,H,181.9879112,309,1524,39.1,1.665925991,100,0,0,0,0,0,298.2
4341,M19200,M,361.5479045,309.9,1533,40.9,6.469026318,106,0,0,0,0,0,301.7
911,L48090,L,105.3935624,306,1546,35.9,5.751587082,169,0,0,0,0,0,295.5
6269,L53448,L,251.5856671,310.5,1616,33.5,4.333536932,25,0,0,0,0,0,
7772,L54951,L,360.7738061,311.6,1709,29.5,1.383366768,27,,0,0,0,0,300.3
2310,L49489,L,126.0938714,308.6,1611,31.4,4.161472686,161,0,0,0,0,0,299.1
9659,L56838,L,218.7829677,309.9,1548,34.5,4.497479586,214,0,0,0,0,0,299
3635,L50814,L,292.7660276,311.4,1499,37.7,7.920832092,55,0,0,0,0,0,302.2
1258,L48437,L,102.2897644,308.9,1466,43,6.944188445,15,0,0,0,0,0,297.5
6592,L53771,L,236.2237988,310.7,2023,20.9,7.763455484,5,0,0,0,0,0,301.7
4459,L51638,L,246.8234185,310.4,1478,47.7,6.648179979,189,0,0,0,0,0,
6134,L53313,L,267.1130138,311.1,1470,40.9,6.93823954,125,0,0,0,0,0,301.1
1179,L48358,L,283.0534652,308.5,1398,60.4,8.873774425,12,0,0,0,0,0,297.3
4653,L51832,L,222.6868779,311.2,1452,52.9,4.978334568,11,0,0,0,0,0,303.1
6219,H35632,H,339.8859131,310.6,1366,50.6,3.23789852,106,0,0,0,0,0,301
3651,L50830,L,394.7088452,311.4,1446,39.7,5.627310258,95,0,0,0,0,0,302.1
443,L47622,L,245.9996496,308.5,1399,61.5,9.010740503,61,0,0,1,0,0,297.4
3416,L50595,L,218.1139353,310.4,1579,36.9,8.741302904,133,0,0,0,0,0,301.4
1400,L48579,L,341.9051908,310.2,1533,43.5,9.162794951,159,0,0,0,0,0,299
1458,L48637,L,162.0061819,310.3,1475,42.4,5.546808825,93,0,0,0,0,0,299
7525,L54704,L,183.4009171,311.5,1639,31.1,6.482107969,31,0,0,0,0,0,300.2
5745,H35158,H,301.3244382,311.5,1482,42.6,7.289638787,16,0,0,0,0,0,
1055,H30468,H,345.8573911,307.8,1627,30.5,6.541754621,117,0,0,0,0,0,296.8
8999,L56178,L,148.3899478,308,1467,42.8,1.507329647,169,0,0,0,0,0,297.1
3276,H32689,H,352.379923,310,1532,36.3,6.055226139,2,0,0,0,0,0,301.3
1464,L48643,L,223.8786383,310.1,1607,,7.473997901,105,0,0,0,0,0,298.8
3700,L50879,L,278.4710223,311.2,1649,33.2,1.146278133,9,0,0,0,0,0,
3760,L50939,L,359.7009938,311,1412,47,6.346646175,164,0,0,0,0,0,302.3
930,L48109,L,262.2113614,306,1419,51.1,4.292012144,7,0,0,0,0,0,295.6
5512,L52691,L,302.5415974,312.1,1958,20.3,8.322591314,56,0,0,0,0,0,302.8
6469,L53648,L,307.0970953,309.8,1507,42.5,2.019899728,117,0,0,0,0,0,300.5
8413,M23272,M,208.6521978,309.7,1314,49.7,3.450194105,136,0,0,0,0,0,298.6
1830,L49009,L,160.3742105,307.2,1880,23,7.470969771,176,0,0,0,0,0,297.8
2929,M17788,M,364.5483038,309.7,1258,54.9,6.020103118,168,0,0,0,0,,300.8
8296,L55475,L,139.51206,310.4,1739,26.3,2.771849716,30,0,0,0,0,0,298.9
6539,L53718,L,314.9616721,310.7,1487,44.6,7.488284959,88,0,0,0,0,0,301.4
4222,L51401,L,240.5184077,310.6,1467,39.3,4.898070883,32,0,0,0,0,0,301.9
3547,M18406,,115.3409869,310.9,1317,,8.090397582,40,0,0,0,0,0,301.9
5599,L52778,L,288.5217239,312.1,1441,52.1,1.776776523,79,0,0,0,0,0,302.8
8938,M23797,M,119.2874689,308.4,1340,,9.357568123,15,0,0,0,0,0,297.4
7319,H36732,H,387.0767849,310.3,1535,43.9,9.344635652,154,0,0,0,0,0,299.9
8351,M23210,M,128.0040523,309.6,1382,48.1,4.02852032,186,0,0,0,0,0,298.7
2012,L49191,L,325.6630155,308.5,1616,30.2,1.263405637,34,0,0,0,0,0,
914,L48093,L,390.7466253,306,1621,29.5,5.30948744,176,0,0,0,0,0,295.5
8249,L55428,L,133.6292611,310.3,1456,44.1,6.525644832,118,0,0,0,0,0,298.9
7266,L54445,L,229.4230375,310.6,1384,48.7,9.719683989,24,0,0,0,0,0,300.4
3220,M18079,M,324.7033619,309.6,1503,38.4,7.969248264,68,0,0,0,0,0,300.6
2607,H32020,H,165.0583909,309.3,1534,37.5,5.516591846,39,0,0,0,0,0,299.4
3265,H32678,H,305.2746144,310.1,1455,44.1,6.722496815,188,0,0,0,0,0,
4929,L52108,L,212.669244,312.3,1584,35.2,8.536297315,74,0,0,0,0,0,303.5
8662,L55841,L,387.6399553,308.5,1643,33.8,6.412365173,132,0,0,0,0,0,297.4
6565,L53744,L,169.2314548,310.6,1557,38.2,5.688061585,157,0,0,0,0,0,301.4
8130,L55309,L,374.3610779,311.3,1520,39.2,1.048552971,43,0,0,0,0,0,300
7,L47186,L,350.6126801,308.6,1558,42.4,4.084686642,14,0,0,0,0,0,298.1
2981,L50160,L,220.6880372,309.5,1447,39.3,4.768338505,110,0,0,0,0,0,300.4
6584,M21443,M,329.4518286,310.5,1503,38.2,8.001708225,200,0,0,0,0,0,301.5
3362,L50541,L,236.3355062,310.6,1519,40.7,1.933941959,208,0,0,0,0,0,301.5
4775,L51954,L,101.036267,312,1827,23.3,2.642022217,103,0,0,0,0,0,303.6
1944,L49123,L,221.8416365,308,1704,30.9,5.820107477,61,,0,0,0,0,298.1
7453,L54632,L,364.3911623,311.7,1579,33.6,4.789502423,59,0,0,0,0,0,300.3
5500,H34913,H,101.9877822,312.3,1417,48.7,6.030642635,26,0,0,0,0,0,302.9
1636,L48815,L,310.0995245,307.8,1383,56.5,5.275881316,98,0,0,0,0,0,297.8
1142,L48321,L,126.6645102,307.9,1635,31.6,3.243544246,147,0,0,0,0,0,297
2042,L49221,,367.7995561,308.9,1680,27.2,2.569717823,110,0,0,0,0,0,
6704,M21563,M,387.9986399,310.7,1744,28.2,1.545416034,61,0,0,0,0,0,301.5
7819,L54998,L,162.2494227,311.2,2142,16.6,1.095315456,144,0,0,0,0,0,299.8
2071,L49250,L,387.7970549,309.5,1352,49.7,5.899309787,184,0,0,0,0,0,299.7
3135,L50314,L,106.3110542,309.6,1359,51.5,1.401789162,66,0,0,0,0,0,300.2
5161,L52340,L,280.9688724,313.2,1434,50.1,1.938672604,43,0,0,0,0,0,304.1
8332,M23191,M,312.2695323,309.7,1392,48.7,9.905149626,133,0,0,0,0,0,298.8
5276,L52455,L,290.1003683,313.1,1423,41.2,4.107430366,124,0,0,0,0,0,303.7
2243,L49422,L,337.0702982,308.4,1667,29,2.228206682,199,0,0,0,0,0,299.2
1475,M16334,M,175.7421098,309.5,1366,61.9,8.868241225,130,0,0,0,0,0,298.5
8591,L55770,L,381.659781,307.9,1557,35.5,8.644361788,174,0,0,0,0,0,297.4
1890,H31303,H,139.2902439,307.4,1432,40.2,5.148013857,132,0,0,0,0,0,297.7
3436,L50615,L,296.9248792,310.5,1389,54.9,9.629303394,187,0,0,0,0,0,301.5
7594,L54773,L,110.5207288,311.2,1270,67.5,8.379703889,208,0,0,0,1,0,300.5
7746,L54925,L,342.1910878,311.7,1460,39.6,8.839393692,162,0,0,0,0,0,300.4
3706,M18565,M,330.0911363,311.3,1725,27.7,5.50218783,23,0,0,0,0,0,302
2022,L49201,L,358.3030618,308.5,1480,42.2,5.018298377,58,0,0,0,0,0,298.7
4021,L51200,L,375.1976809,311,1351,49.5,9.944823894,196,0,0,0,0,0,302.1
8831,H38244,H,391.5010518,308.7,1430,42.8,9.412992616,153,0,0,0,0,0,297.3
8444,M23303,M,355.7819315,309.9,1668,32.3,9.407679248,6,0,0,0,0,0,
3501,H32914,H,363.851315,311,1871,26,9.481277587,132,0,0,0,0,0,301.9
2659,L49838,L,348.4368619,309.4,1395,44.5,5.555821482,181,0,0,0,0,0,300
8457,L55636,L,212.6794055,309.9,1556,38.6,5.968855212,36,0,0,0,0,0,298.6
6889,M21748,M,267.1352898,311.4,1434,45.4,4.856607068,118,0,0,0,0,0,300.9
1131,L48310,L,326.5355234,307.9,1413,46.5,9.915271816,121,0,0,0,0,0,296.8
5558,M20417,M,274.2188624,312,1436,43.5,8.605239155,184,0,0,0,0,0,302.5
7359,M22218,M,153.4229033,310.1,1659,31.5,8.213383944,44,0,0,0,0,0,299.5
1820,M16679,M,265.0209986,307.6,2066,19.2,4.488167523,150,0,0,0,0,0,
7539,M22398,M,235.4139779,311.4,1450,38.5,2.510680371,68,0,0,0,0,0,300.2
9387,M24246,M,328.9811186,308,2033,16.7,9.079868196,128,0,0,0,0,0,297.5
4319,L51498,L,380.1683644,310.1,1541,42.2,5.176520717,52,0,0,0,0,0,301.5
9605,H39018,H,350.6302859,310.2,1637,38,1.790733261,68,0,0,0,0,0,299
4145,L51324,L,176.312258,310.1,1738,28,3.39577711,58,0,0,0,0,0,301.8
4670,M19529,M,377.4809724,311.5,1373,47.3,1.588121291,60,0,1,0,0,0,
1237,H30650,H,158.7441111,308.4,1359,46.6,9.675302043,176,0,0,0,0,0,297.1
5477,M20336,M,145.5141661,312.1,1445,42,7.763796841,181,,0,0,0,0,302.6
9837,M24696,M,172.5004326,309.3,1390,53.6,6.614374723,5,0,0,0,0,0,298.4
1857,M16716,M,129.5796657,307.4,1752,26.1,8.196770627,52,0,0,0,0,0,297.8
2283,L49462,L,312.1667184,308.7,1459,47.6,4.693683928,96,0,0,0,0,0,299.4
8694,M23553,M,320.4374966,308.5,1584,40,4.846731874,4,0,0,0,0,0,297.2
9321,L56500,L,243.1898897,309.3,1409,43.1,9.50636448,166,0,0,0,0,0,298.4
4094,M18953,M,107.518812,310.5,1573,32.1,6.256634254,143,0,0,0,0,0,302
7062,L54241,L,234.3991724,310.4,1446,49.7,6.924519756,155,0,0,0,0,0,300.6
5201,L52380,L,336.5260699,312.8,1416,58.7,7.692869534,156,0,0,0,0,0,303.8
6402,M21261,M,222.3669624,309.6,1573,39.7,3.615371311,162,0,0,0,0,0,300
9930,H39343,H,116.4567462,308.4,1479,39.2,3.025336361,58,0,0,0,0,0,298.4
3422,M18281,M,381.4038811,310.5,1612,29.8,6.334138057,148,0,0,0,0,0,301.5
9270,L56449,L,110.6001192,308.8,1354,60.9,9.015419262,32,0,0,0,0,0,298.2
387,L47566,L,305.8555118,308.7,1319,50.9,8.17998625,141,0,0,0,0,0,297.6
8549,L55728,L,174.7340749,309.4,1578,36.3,6.673435239,71,0,0,0,0,0,298.5
1629,L48808,L,359.3478202,307.8,1451,38.2,1.533479502,80,0,0,0,0,0,
3586,L50765,L,175.4928822,310.7,1947,25,4.556348924,137,0,0,0,0,0,301.9
7413,L54592,L,145.2247021,311,1637,33.6,5.730477983,181,0,0,0,0,0,300
2715,M17574,M,296.2850596,309.1,1366,,7.506811308,95,,0,0,0,0,299.6
7172,M22031,M,388.5374674,310.2,1438,51.5,5.938718205,7,0,0,0,0,0,300.2
8436,M23295,M,286.7460932,310,1519,38.1,4.509911769,198,0,0,0,0,0,298.7
9322,L56501,L,245.4947358,309.2,1335,53.5,8.75097784,168,0,0,0,0,0,298.4
5660,M20519,M,244.7236804,311.5,1674,,1.786603267,12,0,0,0,0,0,302.3
3190,L50369,L,267.2213831,309.1,1551,33.7,7.154393303,214,0,0,0,0,0,300.1
9969,L57148,L,268.0604792,308,1605,32.4,2.886462217,154,0,0,0,0,0,298.4
4306,L51485,L,338.5397506,310.1,1687,26.6,1.046495591,16,0,0,0,0,0,301.6
910,L48089,,201.4587414,306,1456,39.2,8.936870163,167,0,0,0,0,0,295.5
5386,H34799,H,237.140994,312.3,1754,26.9,2.020104507,209,0,0,0,0,0,302.9
1997,M16856,M,302.0408486,308,1416,38.2,5.354223568,198,1,0,0,0,0,298.4
1867,M16726,M,142.7358062,307.9,1662,28.9,8.65411209,76,0,0,0,0,0,298.1
1843,H31256,H,191.6048049,307.1,1855,22.5,2.267048871,7,0,0,0,0,0,297.7
2498,M17357,M,269.979256,308.9,1521,42.3,5.113827045,215,0,0,0,0,0,299.2
202,L47381,L,284.3691895,308.5,1575,41.2,8.38166367,105,0,0,0,0,0,298.3
7906,M22765,M,325.6688498,312.4,1465,43.7,4.490432503,139,0,0,0,0,0,300.8
7725,M22584,M,229.2030989,311.6,1454,41.4,7.413445605,108,0,0,0,0,0,300.5
5055,L52234,L,226.428019,312.9,1619,35.7,2.354666338,182,0,0,0,0,0,303.8
5890,M20749,M,208.1023586,311,1234,,2.624484037,152,0,0,0,0,0,301.4
4007,L51186,L,196.5706247,311.2,1492,45,3.575188037,162,0,0,0,0,0,302.1
9902,M24761,M,189.6689578,309.2,1423,48.9,7.184816014,187,0,0,0,0,0,298.7
2703,L49882,L,107.2795122,309.2,1760,25.9,7.762950396,63,0,0,0,0,0,299.8
3450,L50629,L,386.4558058,310.7,1605,33.3,6.553529699,220,0,0,0,0,0,301.7
332,M15191,M,337.6256335,308.4,1391,51.9,9.038530352,218,0,0,0,0,0,297.6
7140,L54319,L,395.6285501,310.1,1495,42.3,5.213182351,132,0,0,0,0,0,300.6
8961,L56140,L,387.1457049,307.9,1797,24.7,9.821477197,75,0,0,0,0,0,297.3
9820,M24679,M,300.1727909,309.4,1464,36.9,4.393653226,179,0,0,0,0,0,298.6
7177,L54356,L,310.3355901,310.1,1650,31.6,8.456453751,19,0,0,0,0,0,300.1
2460,L49639,L,348.4487629,308.6,1297,54.2,4.051996673,110,0,0,0,0,0,299
1775,M16634,M,172.0246001,308,1519,37.3,9.729178434,29,0,0,0,0,0,298.5
6629,L53808,L,212.2686597,310.5,1593,34.5,3.633493061,102,0,0,0,0,0,
7597,L54776,L,239.9604469,311.1,1547,37.2,3.875952303,7,0,0,0,0,0,300.5
7987,L55166,L,181.4134606,312.3,1587,34.5,8.627976257,115,0,0,0,0,0,301.1
2687,L49866,L,306.2532519,309.4,1633,27.5,7.778892541,29,,0,0,0,0,299.8
9148,L56327,L,127.9209074,308.7,1688,27.2,6.594127492,125,0,0,0,0,0,297.7
990,M15849,M,279.9521541,307,2119,18.3,9.283651936,159,0,0,0,0,0,296.2
9047,L56226,L,144.8786049,308.4,1664,28.1,8.161125372,67,0,0,0,0,0,297.4
8349,M23208,M,190.8482507,309.6,1452,42.7,2.306882401,180,0,0,0,0,0,
8876,H38289,H,234.4747016,309.3,1332,51,8.992781419,72,0,0,0,0,0,298.1
8551,L55730,L,287.8586729,309.2,1456,45.5,7.501581953,75,,0,0,0,0,298.3
5807,L52986,L,342.4491271,310.9,1440,45.4,3.966540972,177,0,0,0,0,0,301.4
8734,M23593,M,101.033188,308.7,1447,,3.727004762,105,0,0,0,0,0,297.3
8698,L55877,L,210.0459677,308.6,1505,33.5,7.150179119,14,0,0,0,0,0,297.3
6575,L53754,L,374.4653938,310.6,1578,33,2.550455499,181,0,0,0,0,0,301.4
3053,L50232,L,326.6139834,309.2,1421,42.5,8.084367746,61,0,0,0,0,0,300.1
8638,L55817,L,218.4334902,308.5,1459,39.7,6.442663356,69,,0,0,0,0,297.5
5463,L52642,L,162.1836016,312.3,1889,22.8,9.415985819,148,0,0,0,0,0,302.9
174,M15033,M,191.7580325,308,1591,33.7,1.447377099,32,0,0,0,0,0,298.2
4955,L52134,L,138.169216,312.6,1702,29.1,9.813727865,141,0,0,0,0,0,303.7
4616,L51795,L,285.7691675,311.3,1793,29.3,1.504076775,157,0,0,0,0,0,303
3322,L50501,L,318.7624594,310.6,1522,41,7.247170908,114,0,0,0,0,0,301.5
7066,L54245,L,361.5440626,310.6,1384,52.9,3.264843147,165,0,0,0,0,0,300.8
6247,H35660,H,289.9764635,310.3,1457,46.8,5.572989868,182,0,0,0,0,0,300.8
6746,M21605,M,164.1977278,311.1,1395,44.6,5.074108826,171,0,0,0,0,0,301.8
3373,L50552,L,389.9225209,310.8,1431,44.3,8.32090978,21,0,0,0,0,,301.4
6049,M20908,M,180.9464572,311,1556,38.8,1.670777752,127,0,0,0,0,0,300.9
3312,L50491,L,376.7333871,310.4,1459,44.7,7.14336286,92,0,0,0,0,0,301.3
7417,M22276,M,355.6596132,311.2,1452,42.4,3.949348116,190,,0,0,0,0,300.1
7294,L54473,L,338.8890041,310.5,1627,29.2,4.47379326,95,0,0,0,0,,300.1
7585,L54764,L,101.1319601,311.2,1472,37.3,8.819138603,187,,0,0,0,0,300.4
9378,H38791,H,255.7855265,308.3,1488,41,8.633827723,101,0,0,0,0,0,297.7
8812,L55991,L,197.9453798,308.5,1574,35.8,7.362543991,95,0,0,0,0,0,297.2
8161,M23020,M,331.3044094,311.1,1618,30.3,2.705428471,125,0,0,0,0,0,299.7
4680,L51859,L,153.5070631,311.8,1695,,5.842537484,90,0,0,0,0,0,303.6
3404,L50583,L,232.8901909,310.5,1337,52.7,4.238836829,106,0,0,0,0,0,301.3
19,H29432,H,180.7753619,309.2,1306,,6.549861168,50,0,0,0,0,0,
3692,L50871,L,117.0168657,311.2,1460,46.9,2.812005653,198,0,0,0,0,0,302.1
8655,M23514,M,346.045704,308.4,1441,46.8,7.283705444,116,0,0,0,0,0,
4097,L51276,L,366.1687193,310.4,1370,51.7,7.818406237,153,0,1,0,0,0,301.9
3629,L50808,L,367.920787,311.4,1609,32.1,3.342558617,41,0,0,0,0,0,302.2
8863,M23722,M,223.6705742,309.2,1558,41.7,5.143795427,35,0,0,0,0,0,298
2175,L49354,L,168.4421219,309.2,1572,33.4,2.529076925,20,0,0,0,0,0,299.6
1357,L48536,,120.9096227,309.9,1593,37.4,5.511679198,47,0,0,0,0,0,298.6
5003,L52182,L,280.954816,312.8,1627,31.7,7.580965221,40,,0,0,0,0,303.7
7392,L54571,L,113.3620974,310.6,1675,31.3,1.266979406,129,0,0,0,0,0,299.7
6923,L54102,L,136.7349717,311.7,1463,48.3,2.683582952,204,0,0,0,0,0,301.2
5824,L53003,L,133.5069907,311,1544,39.3,3.12689658,217,0,0,0,0,0,301.2
9503,L56682,L,284.0814473,310.2,1495,49.2,3.705652848,16,0,0,0,0,0,299.3
5671,L52850,L,185.5784509,311.5,1424,45.2,3.992324786,39,0,0,0,0,0,302.2
3113,M17972,M,220.0912772,309.1,1355,56.7,1.397532117,7,0,0,0,0,0,299.8
183,M15042,M,108.5761702,308.2,1342,48.1,5.360855555,54,0,0,0,0,0,298.1
3643,L50822,L,180.2172964,311.6,1309,57.6,8.212152942,77,0,0,0,0,0,302.3
8858,L56037,L,249.3779758,308.9,1742,26.3,8.599188929,24,,0,0,0,0,297.7
1813,L48992,L,151.349793,307.8,1476,36.8,7.905559166,134,0,0,0,0,0,298.2
7876,L55055,L,191.5807685,312.3,1898,24,1.670116758,60,0,0,0,0,0,300.7
8498,M23357,M,389.4442744,309.4,1509,34.2,9.114048626,141,0,0,0,0,0,298.3
4913,L52092,L,374.8267518,312.2,1511,37.1,2.994813507,27,0,0,0,0,0,303.5
5669,M20528,M,183.8484382,311.4,1432,45.3,6.019588393,33,0,0,0,0,0,302.2
8543,H37956,H,339.4322572,309.4,1512,35.3,3.142065062,51,0,0,0,0,0,298.4
1801,M16660,M,262.2956284,307.5,1524,36.3,2.191688174,98,0,0,0,0,0,298
9252,M24111,M,311.7516853,309.1,1651,28.8,8.79564527,186,0,0,0,0,0,298.2
2430,L49609,L,217.3398329,308.3,1432,48.9,8.172656498,38,0,0,0,0,0,298.9
5483,L52662,L,390.5359343,312.1,1782,26.8,7.204447241,198,0,0,0,0,0,302.6
6762,L53941,L,105.1643245,310.9,1400,50.8,7.402389371,2,0,0,0,0,0,301.5
9840,M24699,M,102.0223243,309.2,1491,51.2,3.281618508,13,0,0,0,0,0,298.4
9636,L56815,L,203.4233062,310.2,1609,33.2,7.624669322,156,0,0,0,0,0,299.2
1969,L49148,L,326.8377184,307.6,1281,50.8,3.83284995,122,0,0,0,0,0,298
8340,M23199,M,386.7726492,309.7,1499,40.3,6.430245347,154,0,0,0,0,0,298.8
8142,L55321,L,251.8895346,310.8,1393,49.9,5.079773245,78,0,0,0,0,0,299.6
7697,H37110,H,229.1689544,311.5,1282,60.2,9.412252398,24,0,0,0,0,0,300.6
7542,M22401,M,161.6704583,311.5,1528,40.9,5.025576074,76,0,0,0,0,0,300.3
4988,M19847,M,328.4342622,313,1303,54.4,4.52695117,2,0,0,0,0,0,303.7
9757,L56936,L,398.7061624,309.8,1597,35.9,1.873703187,213,0,0,0,0,0,298.6
4651,L51830,L,211.3633823,311.4,1658,,8.915852313,7,0,0,0,0,0,303.3
1160,L48339,L,156.6184849,307.8,1609,35.6,1.949245581,193,0,0,0,0,0,297
1214,M16073,M,111.0265533,307.8,1551,38.9,1.067004194,112,0,0,0,0,0,296.8
7337,H36750,H,204.3987831,310.5,1549,42.8,2.998762465,208,0,0,0,0,0,299.9
1326,H30739,H,330.7419387,310.1,1567,36.8,3.895033113,197,0,0,0,0,0,298.8
7513,M22372,M,305.4388814,311.8,1636,34.4,8.743416496,2,0,0,0,0,0,300.5
7581,L54760,L,399.4782462,311.3,1495,51.2,5.60956115,175,0,0,0,0,0,300.4
4797,L51976,L,128.5216868,312.4,1390,47.3,5.359742105,164,0,0,0,0,0,303.5
6797,M21656,M,177.7156035,310.7,1300,58.3,9.672095111,92,0,0,0,0,0,301.3
5809,L52988,L,167.3422324,311,1733,25.7,1.49105774,182,0,0,0,0,0,301.4
5944,L53123,L,337.2089513,310.7,1541,41.3,5.048027255,82,0,0,0,0,0,300.7
9284,M24143,M,183.0797874,309,1802,27.5,3.778022485,71,0,0,0,0,0,298.3
8145,M23004,M,339.719579,311,1506,42.7,6.311568683,85,,0,0,0,0,
1456,L48635,L,390.0942103,310.4,1382,53,7.898505396,89,0,0,0,0,0,299
5411,M20270,M,271.957519,312.5,1417,51.5,4.718454731,19,0,0,0,0,0,
7130,L54309,L,188.2389136,310,1635,31,4.531482831,107,0,0,0,0,0,300.6
8893,L56072,L,155.7964159,308.8,1475,43,9.265298856,119,0,0,0,0,0,297.6
4963,M19822,M,393.444163,312.7,1456,51.2,8.211621893,160,0,0,0,0,0,304
2801,M17660,M,164.127663,309.5,1500,45.7,9.783160469,89,0,0,0,0,0,300.2
1645,L48824,L,345.2323983,307.8,1622,33.3,8.422053683,121,0,0,0,0,0,298
2141,L49320,L,121.9193418,309,1419,46.6,8.406243252,158,0,0,0,0,0,299.3
4537,L51716,L,308.4310185,310.2,1351,45.1,7.057124449,168,0,1,0,0,0,302.4
4458,M19317,M,170.4105453,310.3,1710,27.3,1.519038811,186,0,0,0,0,0,302.5
8952,L56131,L,359.7064128,308.1,1763,28.4,5.919361544,54,0,0,0,0,0,297.3
5587,M20446,M,205.4201702,311.8,1557,31.5,1.117092309,49,0,0,0,0,0,302.4
4379,M19238,M,158.1379924,309.6,1385,45.8,3.059526171,217,0,0,0,0,0,
730,L47909,L,214.0105213,308.6,1586,37.7,1.166011029,155,0,0,0,0,0,297.3
4358,L51537,L,328.8830726,309.9,1407,52.8,4.739058976,154,0,0,0,0,0,302
7749,L54928,L,133.9218819,311.7,1515,47.4,9.814780892,170,0,0,0,0,0,300.4
6717,L53896,L,190.920945,310.6,1387,53.6,8.742202634,94,0,0,0,0,0,301.3
1937,M16796,M,195.8539586,308,2129,18.4,4.270867359,45,0,0,0,0,0,298.1
3794,L50973,L,242.534837,310.9,1379,49.3,4.729631105,34,0,1,0,0,0,302.3
3737,H33150,H,217.0904234,311.1,1628,30.6,8.367191719,105,0,0,0,0,0,302.2
2262,M17121,M,147.2825104,308.2,1435,45.2,6.165910688,45,0,0,0,0,0,299.1
4006,M18865,M,388.5176213,311.1,1406,48.8,9.803923339,159,0,0,0,0,0,302
1111,L48290,L,193.6647247,307.4,1292,52.5,9.763865223,62,0,0,0,0,0,296.5
9029,L56208,L,278.8082788,308.3,1395,,5.072381194,21,0,0,0,0,0,297.4
5481,H34894,H,174.6730859,312.1,1478,36,5.399544445,191,0,0,0,0,0,302.7
2999,L50178,L,205.6695402,309.7,1616,34.5,7.016081189,155,0,0,0,0,0,300.5
2395,L49574,L,112.6836741,308.5,1488,40.3,6.075820639,148,0,0,0,0,0,299.2
1186,L48365,L,315.1648657,308.4,1491,46.5,5.943048671,29,0,0,0,0,0,297.3
2008,L49187,L,349.5223927,308.4,1562,34.4,2.63538083,25,0,0,0,0,0,298.6
194,H29607,H,160.94919,308.4,1678,34.6,9.238267383,81,0,0,0,0,0,298.2
5612,M20471,M,375.0710534,312.3,1674,29.5,9.571525065,109,0,0,0,0,0,
2902,L50081,L,146.0891695,309.4,1425,40.3,6.125140694,103,0,0,0,0,0,300.6
579,L47758,L,131.3692315,309.8,1533,36.8,5.989917504,198,0,0,0,0,0,297.8
6220,H35633,H,385.5452022,310.6,1407,43.9,3.238169891,111,0,0,0,0,0,301.1
5526,M20385,M,141.6690626,312,1363,45.7,6.968891908,91,0,0,0,0,0,302.6
772,H30185,H,337.0797623,308,1311,58.6,3.810725896,19,0,0,0,0,0,296.8
7840,L55019,L,184.5965707,311.6,1374,47.4,4.735417551,197,0,0,0,0,0,300.3
2396,M17255,M,281.2536563,308.5,1742,28.9,8.661562439,150,0,0,0,0,0,299.2
1479,L48658,L,213.3002303,309.4,1568,,7.663127621,140,0,0,0,0,0,298.3
1847,H31260,H,322.0477802,307.3,1514,38.6,1.797024194,19,,0,0,0,0,
9109,M23968,M,160.3533531,308.6,1440,38.8,2.125867061,29,0,0,0,0,0,297.5
4275,L51454,L,187.06839,310.6,1445,40.3,5.282323579,162,0,0,0,0,0,302.4
3741,L50920,L,349.3768908,311.2,1401,49.7,6.507562051,118,0,0,0,0,0,
4601,L51780,L,123.084516,311,1359,44.2,4.304726265,115,0,1,0,0,0,303
8088,L55267,L,356.1710295,311.4,1446,,9.189037392,147,0,0,0,0,0,300.1
8711,L55890,L,322.9547773,308.5,1712,32.1,4.479547644,48,0,0,0,0,0,297.1
6677,L53856,L,158.8654053,310.7,1423,,9.708009782,222,0,0,0,0,0,301.5
6376,H35789,H,278.4707893,309.6,1629,32.3,2.44389371,89,0,0,0,0,0,300
8125,L55304,L,124.566199,311.4,1568,41,9.294389991,32,0,0,0,0,0,300.2
9539,L56718,L,186.9009245,310.6,1480,45.1,8.498859319,107,0,0,0,0,0,299.3
4916,H34329,H,344.7025967,312.3,1386,49,7.542816544,35,0,0,0,0,0,303.5
2074,L49253,L,269.7937009,309.4,1677,31.1,7.861143756,191,0,0,0,0,0,299.6
4755,M19614,M,240.8817917,311.5,1384,54.8,2.209204137,48,,0,0,0,0,303.3
1897,L49076,L,383.2106385,307.5,1574,35.8,1.320219199,153,0,0,0,0,0,297.9
8553,L55732,L,221.7675759,309.1,1467,44.5,3.021360888,80,0,0,0,0,0,298.2
6703,M21562,M,314.7870095,310.8,1664,32,6.275688768,58,0,0,0,0,0,301.6
6318,L53497,L,144.8290135,310.3,1321,48.8,5.851993134,150,0,0,0,0,0,300.9
3660,M18519,M,186.8741178,311.5,1734,25,4.891495187,116,0,0,0,0,0,302.2
6582,L53761,L,383.6283471,310.4,1559,36,8.477071706,196,,0,0,0,,301.4
2380,H31793,H,211.5869551,308.2,1450,46.1,8.169385045,112,0,0,0,0,0,299.1
1448,M16307,M,146.2482059,310.3,1662,33.6,6.382769993,67,0,0,0,0,0,299
343,L47522,L,113.1367862,308.2,1471,46.5,9.508218285,25,0,0,0,0,0,
5128,M19987,M,359.7629013,313.5,2245,15.1,6.583783084,172,0,0,0,0,0,304.3
3137,L50316,L,165.8108999,309.9,1435,54.8,1.460052717,70,0,0,0,0,0,300.4
2528,L49707,L,268.547354,308.5,1450,,7.221241584,57,0,0,0,0,0,298.8
728,H30141,H,271.7514605,308.6,1499,37.6,4.31559967,147,0,0,0,0,0,297.3
4578,L51757,L,391.7988779,311.2,1800,23.7,7.013256063,61,0,0,0,0,0,303
977,M15836,M,216.2172114,306.6,1392,51.3,2.193778636,124,0,0,0,0,0,296
8392,L55571,L,182.9055053,309.6,1423,42.7,8.470394856,82,0,0,0,0,0,298.6
5444,M20303,M,262.7610586,312.7,1426,46.8,7.687632655,99,0,0,0,0,0,303
9035,H38448,H,228.0576123,308.2,1585,46.2,3.713847366,37,,0,0,0,0,297.4
3517,L50696,L,374.0488167,311.1,1402,47.8,1.666842328,182,0,0,0,0,0,302
7976,M22835,M,386.8083105,312.3,1548,38.3,3.735785143,87,0,0,0,0,0,301.2
9788,H39201,H,216.6194386,309.5,1420,50.4,1.426022284,82,0,0,0,0,0,298.6
3941,L51120,L,270.7917082,311.5,1395,54.2,2.92488903,198,0,0,0,0,0,302.3
1300,M16159,M,346.3337929,309.9,1458,40.2,5.965885529,137,0,0,0,0,0,298.7
9765,L56944,L,285.2431875,309.5,1294,66.7,9.984550981,12,0,0,1,0,0,298.5
1349,L48528,L,191.6517074,310.2,1363,45.5,6.062667016,28,0,0,0,0,0,298.7
661,M15520,M,396.3378571,309.2,1700,27.4,3.359808589,176,0,0,0,0,0,297.7
5887,L53066,L,142.9804415,311.1,1494,41.9,8.3112971,142,0,0,0,0,0,301.4
1493,M16352,M,275.2993219,308.7,1479,58.5,8.205948217,176,0,0,1,0,0,298
9947,L57126,L,104.9643781,307.9,1502,42,1.538443269,103,0,0,0,0,0,298.3
4590,L51769,L,139.7161132,311.1,1721,30,5.235175323,87,,0,0,0,0,302.8
8531,M23390,M,297.1709516,309.3,1615,31.8,9.580416485,23,0,0,0,0,0,298.5
5155,L52334,,321.6950613,313.4,1568,37.6,2.028748745,25,0,0,0,0,0,304.2
2316,L49495,L,175.6668689,308.9,1526,37.9,3.467736511,177,0,0,0,0,0,299.2
9615,M24474,M,219.2380596,310.3,1441,43.9,4.47294346,94,0,0,0,0,0,299.1
9578,M24437,M,195.5339657,310.7,1364,49.5,9.424230969,0,0,0,0,0,0,299.5
7025,L54204,L,149.9764568,310.6,2127,18.7,2.835377475,53,0,0,0,0,0,300.6
1086,L48265,L,105.3233445,307.8,1385,56.4,8.900205019,202,0,0,0,1,0,297
2525,M17384,M,278.5694218,308.7,1446,45.5,7.87265041,49,0,0,0,0,0,298.8
8969,L56148,L,387.5681791,307.8,1454,50.6,9.951224182,94,0,0,0,0,0,297.1
5375,L52554,L,115.7488116,312.3,1515,40.8,9.984581253,183,0,0,0,0,0,302.9
3199,M18058,M,113.7476328,309.1,1463,45.7,1.615995862,11,0,0,0,0,0,300
5752,H35165,H,180.6287924,311.8,1475,42.8,4.205169088,38,0,0,0,0,0,302.3
4009,M18868,M,117.4713413,311.2,1471,41.9,9.991598186,166,0,0,0,0,0,302.2
5718,L52897,L,179.6377965,312,1746,28.1,6.172296845,167,0,0,0,0,0,302.3
6658,L53837,L,254.3952463,310.3,1374,47.6,5.710523725,176,,0,0,0,0,301.4
9358,M24217,M,100.8282336,308.9,1646,25.4,1.813489198,46,0,0,0,0,0,298.3
8791,L55970,L,312.8701456,308.5,1410,43.9,6.214506886,47,0,0,0,0,0,297.4
68,H29481,H,384.172554,308.9,1466,44.1,1.94177617,184,0,0,0,0,0,
7924,M22783,M,291.6184437,312,1450,45,7.508718216,183,0,0,0,0,0,300.8
41,L47220,L,169.2589268,309.1,1362,45.4,2.108860861,113,0,0,0,0,0,298.8
2270,L49449,L,305.0411909,308.6,1314,48.2,1.831181254,65,0,0,0,0,0,299.3
2382,L49561,L,319.0968897,308.2,1493,34.9,3.645990071,119,0,0,0,0,0,299.1
7342,L54521,L,237.0793047,310.3,1505,37.7,4.938380907,4,0,0,0,0,0,299.7
9962,L57141,L,332.0337236,307.9,1399,54.9,7.767077689,139,0,0,0,0,0,
4917,H34330,H,239.1100456,312.3,1769,27.9,5.236389472,40,0,0,0,0,0,303.4
5323,M20182,M,271.5475709,312.7,1357,,5.885307402,31,0,0,0,0,0,303.4
5774,H35187,H,161.9911475,311.2,1395,46.8,3.953682675,95,0,0,0,0,0,301.6
6233,L53412,L,105.2271923,311,1576,30.4,4.987429509,151,0,0,0,0,0,301.3
6964,H36377,H,211.5148463,311,1981,19.9,6.173197921,99,0,0,0,0,0,300.7
3448,L50627,L,124.4853188,310.6,1624,,4.664733258,216,0,0,0,0,0,301.7
6817,L53996,L,275.6587946,310.7,1477,43.2,8.671311988,143,0,0,0,0,0,300.9
2368,M17227,M,120.9780298,308.5,1496,39.4,4.595841508,80,0,0,0,0,0,299.3
7982,L55161,L,307.1875919,312.3,1445,36.4,9.289201232,105,0,0,0,0,0,301
8167,L55346,L,325.1319472,311.1,1603,31.4,6.760970761,141,0,0,0,0,0,299.7
2513,L49692,L,386.7613748,308.8,1530,38.3,8.88039582,23,,0,0,0,0,298.9
9620,M24479,M,381.2028933,310,1323,52.9,4.6283142,106,0,0,0,0,0,298.9
2724,L49903,L,136.0182736,309.4,1362,51.9,8.934510012,117,0,0,0,0,0,299.7
5949,L53128,L,119.4242106,310.8,2113,18.5,6.593962967,95,0,0,0,0,0,300.7
9186,L56365,L,203.3291077,309.1,1442,50.3,3.106145759,24,0,0,0,0,0,297.9
9005,M23864,M,301.6192426,307.8,1538,34.3,6.828690806,181,0,0,0,0,0,297.1
1144,L48323,L,110.6593685,307.9,1479,39.2,8.152847736,151,0,0,0,0,0,
9737,M24596,M,325.7601437,310,1348,58.2,4.896644936,163,0,0,0,0,0,298.9
7223,M22082,M,192.8346375,309.7,1320,61.7,6.694914878,134,0,0,0,0,0,
8293,H37706,H,168.9618842,310.5,1429,39.9,9.935664029,19,0,0,0,0,0,298.9
9221,L56400,L,134.4511008,308.9,1282,58.1,9.415838216,108,0,0,0,0,0,297.8
4729,L51908,L,399.1772242,311.7,1406,47.1,4.378198753,213,0,0,0,0,0,303.4
5495,L52674,L,398.379173,312.4,1368,49.5,9.574922083,10,0,0,0,0,0,302.8
5756,L52935,L,226.8916782,311.4,1391,49.2,6.076964417,52,0,0,0,0,0,302.1
7563,M22422,M,178.800805,311.1,1350,58.7,1.362173955,130,0,0,0,0,0,300.3
3790,L50969,L,327.9466345,310.8,1650,32.4,8.359737995,26,0,0,0,0,0,302.3
2221,M17080,M,298.7215953,309,1736,26.1,7.635706509,146,0,0,0,0,0,299.6
5076,L52255,L,312.8744326,313.2,1366,46.6,9.150569672,35,0,0,0,0,0,304.1
2332,L49511,L,205.3485246,308.6,1384,,3.576273197,218,0,0,0,1,0,299.3
5395,M20254,M,140.5891331,312.3,1262,70.5,4.90680688,234,0,0,1,1,0,302.8
7440,L54619,L,316.8581905,311.3,1493,41.4,8.044235039,28,0,0,0,0,0,300
8068,M22927,M,119.4590957,312,1490,39.8,9.425075159,94,0,0,0,0,0,300.6
7091,M21950,M,348.2338912,310.2,1478,40.1,6.834789056,5,0,0,0,0,0,300.6
9337,L56516,L,182.0012096,308.9,1725,31.9,7.930248374,205,0,0,0,0,0,298.5
4089,L51268,L,270.3697934,310.5,1477,42.4,7.53514945,128,0,0,0,0,0,301.9
1968,L49147,L,211.9994311,307.6,1589,37.8,9.352219179,120,0,0,0,0,0,297.9
9364,L56543,L,239.3510772,308.5,1519,34.3,2.361484619,61,0,0,0,0,0,297.9
9797,H39210,H,102.0484984,309.3,1694,30.9,6.340610614,111,,0,0,0,0,298.4
6758,L53937,L,397.7987818,311.2,1822,26.2,2.898839737,204,0,0,0,0,0,301.8
9587,L56766,L,156.6407559,310.6,1348,54.5,4.656065559,22,0,0,0,0,0,299.4
4366,L51545,L,204.8302083,310,1449,48.8,1.003436491,181,0,0,0,0,0,302
7000,M21859,M,131.0562581,310.7,1457,36.7,8.146861361,193,0,0,0,0,0,300.6
424,L47603,L,299.6526228,308.3,1484,43.9,6.250313942,13,0,0,0,0,0,297.3
281,M15140,M,172.8632735,308.1,1456,43.7,5.527286262,80,,0,0,0,0,
1905,M16764,M,149.1678294,307.6,1569,35.6,5.81833745,173,0,0,0,0,0,298
596,M15455,M,206.6620707,309.6,1330,53.1,5.853220709,7,0,0,0,0,0,297.6
8580,M23439,M,307.9826547,308.1,1620,31.2,8.711974436,143,0,0,0,0,0,297.4
3918,L51097,L,368.1048399,311.7,1542,34.1,6.864492566,137,0,0,0,0,0,302.6
6143,L53322,L,166.8000965,310.9,1755,27.9,9.069863338,148,0,0,0,0,0,300.9
5662,L52841,L,176.3667697,311.4,1397,53,2.454051405,17,0,0,0,0,0,302.2
5779,M20638,M,189.1086131,311.1,1489,41.4,1.695029303,108,0,0,0,0,0,301.7
3619,L50798,L,238.9509313,311.1,1448,46.3,4.987302803,14,0,0,0,0,0,301.9
6846,M21705,M,184.0726981,311.5,1648,32.4,9.429326187,0,0,0,0,0,0,301.3
840,M15699,M,193.5238533,307.4,1565,43.5,6.868079023,194,0,0,0,0,0,296.5
4597,L51776,L,107.5030729,311.2,1361,47.6,1.714886109,106,0,1,0,0,0,
7497,L54676,L,229.6951679,311.8,1464,44.5,4.362002689,179,0,0,0,0,0,300.2
142,L47321,L,327.4279801,308.5,1544,35.2,9.257474365,159,0,0,0,0,0,298.7
2598,L49777,L,203.4011765,308.7,1449,38.9,2.289530542,18,0,0,0,0,0,299
6702,L53881,L,392.663977,310.9,1623,,3.182853942,56,0,0,0,0,0,301.6
7757,L54936,L,173.9330264,311.8,1368,57.9,5.836263689,191,0,0,0,1,0,
1378,L48557,L,154.0446951,310.2,1461,46.7,6.667241818,105,0,0,0,0,0,298.8
3675,L50854,L,118.3019526,311.5,1346,52.4,7.130191857,157,0,0,0,0,0,302.2
8771,L55950,L,385.6635245,308.6,1680,32.8,4.815323204,200,0,0,0,0,0,297.4
9896,L57075,L,232.4694235,309.4,1387,,3.845505347,171,0,0,0,0,0,298.8
6363,L53542,L,209.5786087,309.6,1738,28.7,3.541478518,51,0,0,0,0,0,300
4742,L51921,L,314.7497094,311.3,1393,52.9,8.965959928,12,0,0,0,0,0,
3809,M18668,M,304.2843049,310.9,1762,24.5,5.421837876,73,0,0,0,0,0,302.3
1139,L48318,L,384.5703706,307.9,1435,41.6,7.09272784,139,0,0,0,0,0,296.9
2258,L49437,L,240.5768766,308.3,1892,25.2,8.796955742,34,0,0,0,0,0,299.1
7866,L55045,L,301.0666447,311.9,1383,50.5,6.575205013,35,0,0,0,0,0,300.5
1788,L48967,L,248.2910916,308.2,1364,45.9,9.206463911,63,0,0,0,0,0,298.4
3939,L51118,L,182.3605878,311.5,1603,32.4,9.760518104,194,0,0,0,0,0,302.5
9317,H38730,H,297.1602259,309.4,1417,41.2,5.081226391,155,0,0,0,0,0,298.5
4647,L51826,L,382.903003,311.4,1497,,2.623392072,234,1,0,0,0,0,303.3
460,L47639,L,145.0576771,308.6,1476,42.3,8.758958987,107,0,0,0,0,,297.4
6116,L53295,L,363.2813749,310.9,1457,47.7,4.740237906,82,0,0,0,0,0,300.8
9543,L56722,L,160.7796614,310.9,1716,28.5,7.353731424,117,0,0,0,0,0,299.6
949,M15808,M,356.0546182,306.3,1426,45.5,8.59744149,53,0,0,0,0,0,295.6
3701,L50880,L,281.98874,311.2,1447,50.3,2.856602758,11,0,0,0,0,0,302.1
1337,L48516,L,203.9041508,310.3,1583,32.6,3.165232736,230,0,0,0,0,0,298.9
6371,L53550,,371.0011916,309.6,1321,,2.583199272,75,0,0,0,0,0,300.1
4629,M19488,M,285.5112442,311.1,1597,36.7,4.850099435,191,0,0,0,0,0,303
6287,L53466,L,213.3223234,310.6,1611,35.2,6.857546859,70,0,0,0,0,0,301.1
5926,M20785,M,133.2849531,310.1,1619,31.3,3.096695115,38,0,0,0,0,0,300.2
5935,H35348,H,100.0443479,310.5,1454,51.2,9.658644166,58,0,0,0,0,0,300.6
6041,M20900,M,104.1087313,311.1,1438,46.6,8.135904884,103,0,0,0,0,0,300.7
442,H29855,H,184.5878584,308.5,1393,46.6,4.833471483,56,0,0,0,0,0,297.5
6660,L53839,L,337.275805,310.3,1626,31.3,2.631184505,180,0,0,0,0,0,301.3
1603,H31016,H,238.7769368,307.9,1600,33.5,8.689843478,13,,0,0,0,0,297.8
2239,L49418,L,246.8178952,308.6,1474,49.6,7.615849378,191,0,0,0,0,0,299.3
640,L47819,L,152.0573624,309.6,1403,51.3,3.919654372,122,0,0,0,0,0,298
9821,M24680,M,290.2730931,309.5,1568,36.7,9.037918777,182,0,0,0,0,0,
3831,L51010,L,205.5657222,310.9,1891,22.7,9.21468783,135,0,0,0,0,0,302.3
9396,L56575,L,281.9769736,308.2,1500,39.9,7.550579632,158,0,0,0,0,0,297.7
6145,M21004,M,398.2447872,311.1,1615,37.7,4.270261127,153,0,0,0,0,0,301.1
7986,L55165,L,399.3449086,312.2,1540,34.1,8.603041145,113,0,0,0,0,0,301
9053,M23912,M,153.2819893,308.6,1901,22.1,2.517514552,81,0,0,0,0,0,297.4
6345,H35758,H,357.9381502,309.8,1374,47.7,6.037641042,8,0,0,0,0,0,300.2
2502,M17361,M,383.2350699,308.9,1476,42.7,2.381145058,225,0,0,0,0,0,299.1
1959,H31372,H,251.1576405,307.7,1464,43.2,4.200700896,97,0,0,0,0,0,297.9
1071,M15930,M,368.473893,307.8,1477,37.2,6.787458923,160,0,0,0,0,0,296.9
156,H29569,H,261.9897097,308.2,1987,19.8,5.197670553,198,0,0,0,0,0,298.4
2296,L49475,L,390.3188251,308.7,1512,37.2,8.810372894,126,0,0,0,0,0,299.4
9802,M24661,M,209.2868057,309.3,1496,45.6,7.233739358,129,0,0,0,0,0,298.4
4579,L51758,L,385.4747487,311.2,1641,32.6,3.508090655,63,0,0,0,0,0,303
1090,M15949,M,222.66575,307.7,2008,17.5,9.995456529,3,0,0,0,0,0,296.9
6050,M20909,M,105.3141604,311,1567,34.3,2.89574581,130,0,0,0,0,0,300.9
6416,L53595,L,177.026819,310.1,1503,42.2,2.215344063,196,0,0,0,0,0,300.4
2941,L50120,L,295.9213661,309.7,2355,14.4,1.913898908,201,0,0,0,0,0,300.9
724,M15583,M,355.3614754,308.9,1500,46.3,3.811515773,137,0,0,0,0,0,297.4
4385,L51564,L,142.4738536,309.6,1443,42.7,4.419545203,231,0,0,0,0,0,301.8
931,M15790,M,331.3790047,305.9,1453,47.3,8.063295506,9,0,0,0,0,0,295.5
2910,L50089,L,145.8842319,309.6,1500,44.1,9.842784552,122,0,0,0,0,0,300.7
7846,L55025,L,121.1706599,311.8,1798,23.2,1.608308999,210,0,0,0,0,0,300.2
6764,M21623,M,348.869638,310.8,1782,26.5,1.434241851,6,0,0,0,0,0,301.4
8389,L55568,L,194.857255,309.9,1365,46.5,9.35598387,75,0,0,0,0,0,298.9
6417,H35830,H,174.9045068,310.1,1484,38,3.277900582,198,0,0,0,0,0,300.4
896,M15755,M,347.070702,306.2,1435,,7.378612712,126,0,0,0,0,0,295.6
3248,M18107,M,368.7822313,309.8,1594,31.1,2.501140657,143,0,0,0,0,0,301
2327,M17186,M,244.7741582,308.7,1487,52.6,5.98376676,205,0,0,0,0,0,
7097,L54276,L,261.6947193,310.2,1489,47.8,1.916425551,21,0,0,0,0,0,300.6
9506,L56685,L,266.1867925,310.3,1429,40.1,6.004023576,23,0,0,0,0,0,299.2
7582,M22441,M,343.451541,311.2,1366,56.1,6.462070039,177,0,0,0,0,0,300.4
9743,L56922,L,222.6796253,310.2,1623,37.2,3.938016737,177,0,0,0,0,0,298.9
5039,L52218,L,179.7172432,313.3,1732,28.5,7.247435092,132,0,0,0,0,0,304.1
6451,L53630,L,369.3702164,310.2,1378,47.3,3.15754895,71,0,0,0,0,0,300.6
4137,L51316,L,216.6085054,310.1,1487,48,6.87478985,36,0,0,0,0,0,301.7
9249,M24108,M,234.5262803,309.1,1488,40.6,9.300508105,176,0,0,0,0,0,298.3
1716,L48895,L,236.2968335,307.8,1585,34.6,1.710005865,78,0,0,0,0,0,298.2
1699,L48878,L,315.9720318,307.6,1481,38,2.713305086,40,0,0,0,0,0,297.9
9691,M24550,M,198.4686995,310,1520,35.6,6.937405361,48,0,0,0,0,0,298.9
9550,M24409,M,174.7342683,311.1,1649,33.8,2.99124286,133,0,0,0,0,0,299.6
9972,H39385,H,368.7213751,308.2,1563,,4.049298116,163,0,0,0,0,0,298.5
8225,L55404,L,317.8359328,310.5,1496,35.2,7.386463805,60,0,0,0,0,0,299.1
3832,M18691,M,147.3087476,310.9,1742,29.7,7.116770622,137,0,0,0,0,0,
6300,L53479,L,137.0551364,310.6,1385,49.2,7.197916889,105,0,0,0,0,0,301.2
3349,M18208,M,373.3722519,310.7,1532,40.7,2.53310805,178,0,0,0,0,0,301.3
9519,L56698,L,383.5708114,310.1,1580,41.9,8.327648071,55,0,0,0,0,0,299
986,L48165,L,219.3426266,307.2,1748,25.3,7.846386973,144,0,0,0,0,0,296.4
1822,L49001,L,365.6544342,307.6,1354,43.3,1.856767674,155,,0,0,0,0,298.1
4572,L51751,L,286.9119455,310.9,1708,29.8,9.295641436,42,0,0,0,0,0,302.8
588,H30001,H,179.5131793,309.5,1623,33.1,3.292404709,224,0,0,0,0,0,297.6
9758,M24617,M,117.6903796,309.9,1517,34,6.287732141,215,0,0,0,0,0,298.6
5078,L52257,L,196.8962615,313.3,1775,24.9,2.231300603,39,0,0,0,0,0,304.3
7783,M22642,M,351.4484298,311.6,1518,36.4,7.249011886,53,0,0,0,0,0,300.4
8324,H37737,H,232.4102129,309.5,1453,40.4,9.708708095,108,0,0,0,0,0,298.7
9523,M24382,M,294.6363581,310.2,1657,32.3,1.910645149,64,0,0,0,0,0,299
9968,M24827,M,359.375757,307.9,1609,32.4,6.6887915,151,0,0,0,0,0,298.3
5484,M20343,M,373.5354836,312.1,2000,21.9,8.110562095,200,0,0,0,0,0,302.6
7747,M22606,M,370.108696,311.7,1508,45.4,1.220620391,164,0,0,0,0,0,300.4
9281,H38694,H,156.622894,308.8,1470,43.3,6.569137904,61,0,0,0,0,0,298.2
5515,L52694,L,201.4479318,312,1828,24,9.229703748,63,0,0,0,0,0,302.7
9528,L56707,L,298.1469865,310.4,1550,43.9,6.072281782,79,0,0,0,0,0,299.1
8872,M23731,M,190.2761853,309.1,1558,39.2,5.102267973,59,0,0,0,0,0,297.9
5554,L52733,L,368.2216224,311.9,1306,59.7,5.025619483,172,0,0,0,0,1,302.5
3558,M18417,M,378.8159155,310.7,1309,43.3,3.945050121,68,0,0,0,0,0,301.8
1396,L48575,L,304.827502,310.4,1452,39.7,9.956905396,151,0,0,0,0,0,299.1
265,L47444,L,221.4870147,308.2,1390,47.5,7.754135811,33,0,0,0,0,0,298.1
3548,M18407,M,204.2198398,311,1467,48.1,3.954150437,43,0,0,0,0,0,301.9
6845,M21704,M,103.4194633,311.4,1838,23.2,4.298970371,215,0,0,0,0,0,301.3
7629,L54808,L,229.9428371,311.7,1619,32.7,9.76390943,85,0,0,0,0,0,300.5
6789,M21648,M,140.0929978,310.6,1410,43.9,6.468176079,73,0,0,0,0,0,301.1
3070,L50249,L,180.3891761,309.1,1791,28.2,4.026659879,108,0,0,0,0,0,300
5026,M19885,M,266.303989,313.1,1473,42.8,8.471554346,97,0,0,0,0,0,303.9
8397,H37810,H,194.385358,309.6,1593,33.3,5.833016291,95,0,0,0,0,0,
3865,M18724,M,125.9070103,311.4,1629,31.7,9.663203165,225,0,0,0,0,0,302.5
9073,H38486,H,326.9934262,308.1,1770,27.2,2.69455477,140,0,0,0,0,0,297.2
2401,H31814,H,357.7501676,308.6,1462,55,6.746603423,163,0,0,0,0,0,299.2
6275,M21134,M,209.6297998,310.7,1543,32.9,2.025748301,40,0,0,0,0,0,
8485,L55664,L,309.5680361,309.5,1397,,4.999478601,110,0,0,0,0,,298.4
3712,L50891,L,221.4314485,311.5,1543,38.5,5.228687633,37,0,0,0,0,0,
247,L47426,L,136.4827577,308.1,1585,33.5,4.062903098,212,0,0,0,0,0,297.9
1595,M16454,M,300.243615,308.2,1373,51.2,4.232206912,215,0,0,0,0,0,298
9683,L56862,L,319.7754614,310,1394,46.6,8.414577834,27,0,0,0,0,0,299.1
1530,L48709,L,177.4811745,309,1557,36,6.618174682,56,0,0,0,0,0,298.1
8224,L55403,L,326.0578294,310.5,1329,54.9,1.142322453,58,0,0,0,0,0,299.1
924,M15783,M,282.8521772,306,1423,45.3,8.194769252,205,0,0,0,0,0,295.5
7554,L54733,L,273.7282252,311.3,1505,39.6,4.954716279,107,0,0,0,0,0,300.3
4365,H33778,H,199.4345764,310.1,1615,,5.523316625,176,0,0,0,0,0,302.1
670,H30083,H,301.4552194,308.9,1471,37.7,1.007460869,197,0,0,0,0,0,297.5
3605,L50784,L,126.7777444,310.8,1557,,6.704879368,190,0,0,0,0,0,301.8
5109,L52288,L,234.8025124,313.3,1394,51.6,5.070413799,121,0,0,0,0,0,303.9
1911,H31324,H,142.1658279,307.7,1547,36.8,2.731056969,186,0,0,0,0,0,298
8345,L55524,L,367.266565,309.7,1609,40.4,3.887458347,169,0,0,0,0,0,298.8
5249,M20108,M,251.6008158,313,1902,21.6,2.625496241,60,,0,0,0,0,303.5
7184,L54363,L,313.9541959,310.3,1445,50.9,1.242881964,34,0,0,0,0,0,300.2
3959,L51138,L,146.3377904,311.3,1378,55.5,5.465806878,35,0,0,0,0,0,302.2
6958,L54137,L,124.2227959,311.1,1324,52.2,8.362340892,85,0,0,0,0,0,300.7
6027,L53206,L,122.7484589,311,1403,48.3,9.221925787,70,0,0,0,0,0,300.7
5644,L52823,L,173.1095738,312,1574,42,1.757482839,188,0,0,0,0,0,302.5
2697,L49876,L,222.2803192,309.6,1452,46,4.495643363,51,0,0,0,0,0,300
2592,L49771,L,146.8470753,308.6,1522,46.4,1.466883671,2,0,0,0,0,0,298.9
5907,L53086,L,127.4394791,310.3,1533,35.6,2.696970514,198,,0,0,0,0,300.7
1782,L48961,L,344.5465134,308.1,1662,28.6,1.425720404,48,0,0,0,0,0,298.5
6510,L53689,L,398.1863518,310.1,1564,36.8,2.554879922,7,0,0,0,0,0,301.1
3014,L50193,L,146.0869137,309.6,1390,48.4,4.564174119,194,0,0,0,0,0,300.5
7134,M21993,M,397.09522,309.9,1552,41.3,4.737415154,116,0,0,0,0,0,300.5
2308,H31721,H,320.9293343,308.5,1623,33.5,9.376239914,154,0,0,0,0,0,299
7277,M22136,M,364.4265839,310.3,1350,48.8,9.981237293,50,0,0,0,0,0,300.1
3691,L50870,L,278.2631986,311.3,1477,43.6,2.41655956,196,0,0,0,0,0,302.1
688,M15547,,398.3309589,309,1531,42.4,2.300196964,38,0,0,0,0,0,297.7
6012,L53191,L,194.1852333,310.8,1564,36.2,1.193207367,31,0,0,0,0,0,300.8
7072,H36485,H,219.745127,310.6,1505,40.6,9.190880441,179,0,0,0,0,0,300.7
613,L47792,L,223.7583419,309.9,1563,32.8,6.631676079,51,0,0,0,0,0,298.1
7168,L54347,L,274.3256542,310.3,1362,60.3,3.442942295,206,0,0,0,1,0,300.3
9206,L56385,L,289.0019757,308.8,1579,,9.016513825,70,0,0,0,0,0,297.8
3201,M18060,M,263.5145997,309.2,1454,44.4,8.056652567,19,0,0,0,0,0,300.1
2268,L49447,L,375.4269792,308.5,1370,,1.005247059,61,0,0,0,0,,299.2
9782,L56961,L,259.4885453,309.9,1441,41.6,9.917186737,62,0,0,0,0,0,298.8
6630,L53809,L,384.4691938,310.5,1397,49.4,6.33401053,104,0,0,0,0,0,301.6
4136,M18995,M,205.0704688,310.3,1787,,7.558756348,33,0,0,0,0,0,301.7
1899,L49078,L,127.6375106,307.5,1372,54.1,7.150649298,157,0,0,0,0,0,297.8
9531,H38944,H,323.0158113,310.4,1405,53.6,8.350400403,86,0,0,0,0,0,299.1
8154,L55333,L,227.0561425,310.8,1507,42.4,3.721872477,108,0,0,0,0,0,299.6
259,L47438,L,210.1972202,308.2,1482,37.9,2.674863271,17,0,0,0,0,0,298.1
2925,L50104,L,216.985451,309.7,1461,44.3,4.321773822,158,0,0,0,0,0,
9425,M24284,M,216.0553107,308.5,1585,33,7.618830701,24,0,0,0,0,0,298
4944,H34357,H,393.0032102,312.6,1436,42,3.077608094,110,0,0,0,0,0,303.6
2823,L50002,L,132.9392486,309.6,1593,38.1,4.679283991,140,0,0,0,0,0,300.3
6530,L53709,L,189.3676253,310.6,1481,40.9,6.986231956,57,0,0,0,0,0,
3340,L50519,L,157.32363,310.9,1492,45.2,8.888056665,155,0,0,0,0,0,301.6
3526,L50705,L,127.8609571,310.9,1609,31.7,5.467473282,202,0,0,0,0,0,301.8
4564,L51743,L,318.109874,310.7,1977,20,4.653900114,21,0,0,0,0,0,302.7
9657,L56836,L,236.8921232,310.1,1623,33,8.478813651,210,0,0,0,0,0,299
7909,L55088,,250.5119962,312.3,1715,26.8,7.102991145,146,0,0,0,0,0,
5330,L52509,L,226.9290678,313,1456,45.5,8.091056639,51,0,0,0,0,0,
5224,M20083,M,264.9800429,313.2,1350,47.2,7.765230769,2,0,0,0,0,0,
2286,L49465,L,349.48887,308.7,1381,56.7,8.660206735,102,0,0,0,0,0,299.4
6064,L53243,L,227.1457429,311.1,1450,43.3,2.889124204,168,0,0,0,0,0,301.1
4655,M19514,M,385.4692963,311,1510,47.6,8.755593293,16,0,0,0,0,0,303.1
5001,L52180,L,126.6149549,312.8,1832,23.6,1.5890758,35,0,0,0,0,0,303.7
6711,L53890,L,344.2091582,310.7,1323,49.7,9.273338266,79,0,0,0,0,0,301.5
9325,L56504,L,165.0190014,309.3,1537,37.6,7.544329268,175,0,0,0,0,0,298.6
485,L47664,L,139.1252521,309,1568,33.7,4.596311144,175,0,0,0,0,0,297.4
2212,M17071,M,124.4614407,309,1245,64,9.678412717,120,0,0,0,0,0,299.6
5417,L52596,L,367.0325393,312.3,1660,30.3,2.922135876,36,0,0,0,0,0,302.6
7564,M22423,M,396.3771599,311.2,1831,23.4,2.556162859,133,0,0,0,0,0,300.4
2556,L49735,L,130.5279194,309.2,1511,37.2,4.78274215,129,0,0,0,0,0,299.3
8,L47187,L,106.2193553,308.6,1527,40.2,8.274636459,16,0,0,0,0,0,298.1
3658,L50837,L,282.881112,311.5,1477,45.4,8.985133142,111,0,0,0,0,0,302.1
6412,M21271,M,301.5683244,310,1560,42.3,6.397794508,186,0,0,0,0,0,300.4
9165,L56344,L,315.3324252,308.6,2384,14.4,2.70293077,171,0,0,0,0,0,297.6
4875,L52054,L,294.5790347,312.5,1619,30.9,5.441063973,142,0,0,0,0,0,303.8
4403,H33816,H,269.5513857,310.2,1506,33.8,6.822771557,43,0,0,0,0,0,302.3
8917,L56096,L,127.8123584,308.2,2267,15.7,3.437706414,181,0,0,0,0,0,
5547,L52726,L,382.7478704,311.7,1453,41.2,2.62587552,147,0,0,0,0,0,302.3
5298,L52477,L,159.8144931,313.1,1406,48.6,4.460058809,183,0,0,0,0,0,303.7
2427,M17286,M,180.6736146,308.2,1372,63.6,4.939106981,30,0,0,1,0,0,298.9
6745,M21604,M,195.5203406,311,1298,58.1,1.88615731,168,0,0,0,0,0,301.7
1815,L48994,L,348.9189046,307.7,1650,34.1,4.344708551,138,0,0,0,0,0,298.1
6823,M21682,M,255.3343581,310.6,1709,29.2,5.623674747,158,0,0,0,0,0,300.9
9626,M24485,M,167.7668721,310.1,1487,47.5,8.600021273,123,0,0,0,0,0,299
2275,L49454,L,307.1962338,308.6,1520,33.7,6.30481306,76,0,0,0,0,0,299.3
1012,M15871,M,290.5403106,307.3,1451,42.8,1.661624857,11,0,0,0,0,0,296.2
1578,L48757,L,120.5348201,308.4,1484,43.4,7.74014135,172,0,0,0,0,0,298.3
7265,M22124,M,254.7823065,310.6,1448,44.9,8.512336387,21,0,0,0,0,0,300.4
1068,L48247,L,338.9047351,307.8,1466,45.7,6.634158318,153,0,0,0,0,0,296.9
1992,M16851,M,106.0618097,307.8,1583,36.6,4.132580396,185,0,0,0,0,0,298.2
3971,M18830,M,140.8287275,311.4,1345,47.6,8.798411079,67,0,0,0,0,0,302.3
9074,L56253,L,346.9468039,308.1,1689,31.2,8.664985298,145,0,0,0,0,0,297.2
5880,L53059,L,363.5773531,311,1701,28.4,1.005728397,127,0,0,0,0,0,301.4
8431,L55610,L,163.9235047,310.2,1304,57.2,7.28783254,183,0,0,0,0,0,298.9
4543,M19402,M,160.7188989,310.4,1581,32.7,2.964419927,181,0,0,0,0,0,302.5
9327,L56506,L,243.7873195,309.3,1677,31.2,3.909537507,180,0,0,0,0,0,298.6
7194,L54373,L,231.9363197,310.1,1306,64.7,2.526997831,57,0,0,0,0,0,300.1
3868,M18727,M,305.938756,311.6,2709,9.7,7.314679628,2,0,0,1,0,0,302.7
9416,M24275,M,206.3941033,308.7,1361,44.2,3.509756455,0,0,0,0,0,0,298.2
6824,M21683,M,326.1508192,310.7,1268,,6.826206566,161,0,0,0,0,0,300.9
3049,L50228,L,370.8633279,309.3,1532,43.2,9.187238415,53,0,0,0,0,0,300.2
782,L47961,L,254.7902322,308,1675,29.7,6.318202848,46,0,0,0,0,0,296.8
6748,M21607,M,177.3368952,311.1,1597,29.8,7.242957733,177,0,0,0,0,0,301.8
2676,L49855,L,305.9767504,309.3,1574,35.8,7.540277424,6,0,0,0,0,0,299.7
1750,L48929,L,102.3630129,307.7,1576,,3.834191117,171,0,0,0,0,0,298.3
6223,H35636,H,150.7640015,310.8,1792,25.8,2.126075479,121,0,0,0,0,0,
7947,L55126,L,285.022429,311.6,1516,35.6,7.84134827,14,0,0,0,0,0,300.8
2792,H32205,H,246.4114859,309.6,1416,43.3,5.458822024,66,0,0,0,0,0,300.4
6520,L53699,L,358.4755439,310.1,1417,,8.581365649,35,0,0,0,0,0,
5775,L52954,L,197.5997554,311.1,1602,,6.082822516,100,0,0,0,0,0,301.5
6358,L53537,L,182.6041079,309.8,1398,54.8,8.488458888,39,0,0,0,0,0,300.2
4980,M19839,M,161.2057338,312.7,1612,36.3,4.171320303,200,0,0,0,0,0,303.7
7589,L54768,L,149.5272757,311.1,2013,20.1,4.783092845,195,0,0,0,0,0,300.4
1092,L48271,L,186.6198341,307.7,1447,46.4,7.973175701,8,0,0,0,0,0,297
6527,L53706,L,103.4915656,310.4,1515,38.4,3.231364518,51,0,0,0,0,0,301.2
9608,L56787,L,120.2122189,310.1,1571,36.8,9.843940022,78,0,0,0,0,0,298.9
4628,M19487,M,334.3418499,311.2,1592,38.9,2.437076545,188,0,0,0,0,0,303
2325,L49504,L,234.1771651,308.8,1636,29.9,2.738283427,201,0,0,0,0,0,299.3
6535,L53714,,371.2810991,310.6,1436,44.2,5.280345434,76,0,0,0,0,0,301.3
8972,L56151,L,212.8989321,307.6,1514,35.7,1.741219851,100,0,0,0,0,0,
5056,H34469,H,162.8725987,312.9,1378,45.6,4.774330614,184,0,0,0,0,0,
2609,L49788,L,139.3471047,309.3,1409,44.7,6.310673014,46,0,0,0,0,0,299.5
9021,L56200,L,159.3836254,308.2,1553,33.5,8.625861525,2,0,0,0,0,0,
2291,M17150,M,396.6870541,308.7,1321,51.9,3.557322597,114,0,0,0,0,0,299.5
1728,M16587,M,311.6876575,307.7,1602,33.4,7.394880507,106,0,0,0,0,0,298.3
611,L47790,L,214.3247782,310,1534,33.7,2.391671538,47,0,0,0,0,0,298.1
4667,M19526,M,164.0568795,311.5,1569,36.6,4.716617171,47,0,0,0,0,0,303.3
8052,L55231,L,240.3887855,311.8,1652,27.2,8.909584558,52,0,0,0,0,0,300.6
5414,H34827,H,273.8577198,312.5,1527,36.4,1.594241159,26,0,0,0,0,0,302.7
344,L47523,L,193.6398629,308.3,1388,48.6,7.989977751,27,0,0,0,0,0,297.5
4684,L51863,L,194.5081047,311.8,1736,32.9,9.665019298,99,0,0,0,0,0,303.6
8785,L55964,L,352.3274939,308.6,1437,43.3,1.944484042,34,0,0,0,0,0,297.5
3751,L50930,L,251.6644105,311.1,1589,29.9,8.093138238,141,0,0,0,0,0,302.3
8454,L55633,L,194.8849622,309.9,1564,37.1,9.196800487,30,0,0,0,0,0,298.6
9308,L56487,L,243.7236201,309.1,1395,49.8,1.566927615,133,0,0,0,0,0,298.3
6000,M20859,M,102.290458,310.2,1671,,5.326296902,234,1,0,0,0,0,300.4
3216,M18075,M,267.2659216,309.4,2179,16.3,1.717976425,59,0,0,0,0,0,300.5
98,M14957,M,314.1302769,308.9,1750,29.9,1.498340954,50,0,0,0,0,0,298.9
7388,H36801,,317.9739266,310.6,1423,44.6,3.966343429,116,0,0,0,0,0,299.8
7666,L54845,L,246.5826354,311.6,1497,40.5,7.065000131,180,0,0,0,0,0,300.5
5177,M20036,M,310.0561102,313.3,1844,27.1,2.337172807,88,0,0,0,0,0,304
7280,L54459,L,292.9732211,310.1,1465,40.9,6.787019722,60,0,0,0,0,0,300
6166,L53345,L,182.8177152,310.7,1523,35.8,7.128803788,205,0,0,0,0,0,300.9
1538,M16397,M,138.7720378,309.1,1467,39.6,8.365071812,78,0,0,0,0,0,298.4
3589,M18448,M,207.9087578,310.6,1505,44.5,6.767828461,146,0,0,0,0,0,301.7
9443,M24302,M,303.7511101,308.8,1394,47.9,4.872618017,70,0,0,0,0,0,
6986,H36399,H,376.2408792,311.1,1698,24.8,9.485900308,156,0,0,0,0,0,300.8
3649,M18508,M,117.8515662,311.5,1443,47,3.680239425,90,0,0,0,0,0,302.2
2658,M17517,M,295.8293995,309.5,1425,40.8,3.977865447,178,0,0,0,0,0,300
9827,L57006,L,112.9570416,309.2,1345,52.7,9.780944548,196,0,0,0,0,0,298.4
1518,M16377,M,226.7620891,308.9,1408,38.8,6.250624127,20,0,0,0,0,0,298.2
5062,L52241,L,226.4173297,312.9,1363,62.5,1.146785616,200,0,0,0,1,0,304
9350,M24209,M,104.3153006,308.7,1599,36.2,9.499485394,28,0,0,0,0,0,298.2
4625,M19484,M,223.8639103,311.1,1428,39.8,4.353262644,181,0,0,0,0,0,303
4273,L51452,L,204.1877598,310.8,1577,36.9,4.872768981,158,0,0,0,0,0,
3670,L50849,L,165.6969583,311.8,1465,40.2,2.559069472,143,0,0,0,0,0,302.4
6567,L53746,L,276.997507,310.6,1966,22.6,2.499362083,161,0,0,0,0,0,301.3
5801,L52980,L,318.596693,310.9,1469,44.7,6.372452145,164,0,0,0,0,0,301.5
2091,L49270,L,350.3246588,309.2,1393,47.3,6.600048913,20,0,0,0,0,0,299.5
7098,M21957,M,233.350692,310.2,1233,52.3,7.327239783,23,,0,0,0,0,300.6
6172,L53351,L,337.6477809,310.6,1416,42.2,3.623697174,225,0,0,0,0,0,300.8
573,L47752,L,328.2351765,309.9,1351,49,3.005523752,181,,0,0,0,0,297.8
9559,M24418,M,384.7094418,310.9,1577,34.6,2.530671346,159,0,0,0,0,0,299.5
4689,L51868,L,106.7396691,311.6,1577,38.1,4.264505124,112,0,0,0,0,0,303.5
9075,M23934,M,359.1612157,308.1,1554,41.3,4.181883574,147,,0,0,0,0,297.2
3063,L50242,L,361.687263,309,1553,40,1.861314289,88,0,0,0,0,0,299.9
9294,L56473,L,304.9361943,309.1,1437,38,8.923279949,93,0,0,0,0,0,298.3
6471,L53650,L,250.9525232,309.6,1379,,7.742400054,122,0,0,0,0,0,300.4
7161,M22020,M,313.2036171,310.1,1485,40.5,3.036721638,188,0,0,0,0,,300.2
6634,M21493,M,142.0905357,310.5,1737,29.3,8.230912607,114,0,0,0,0,0,301.5
8492,L55671,L,249.2384045,309.5,1579,,2.935542913,126,0,0,0,0,0,298.5
7926,M22785,M,205.0753011,311.9,1697,28.2,4.914637199,191,0,0,0,0,0,
7346,L54525,L,241.6736167,310.2,1381,60.5,8.94563071,13,0,0,0,0,0,299.6
6305,L53484,L,111.7954559,310.5,1532,,1.926604471,119,0,0,0,0,0,301.1
7901,L55080,L,107.4846334,312.4,1825,23.8,3.570345431,127,0,0,0,0,0,300.8
9440,M24299,M,264.6768913,308.8,1433,48.2,8.953234312,62,0,0,0,0,0,298.1
8186,L55365,L,352.0433223,311.1,1554,41,5.002228967,192,0,0,0,0,0,299.7
4480,L51659,L,379.5716473,310.2,1923,21.5,3.625312736,18,0,0,0,0,0,302.6
4949,M19808,M,353.5198982,312.7,1500,41.7,8.34533759,125,0,0,0,0,0,303.8
5977,H35390,H,225.7304652,310.6,1378,51.5,3.680811567,166,0,0,0,0,0,300.5
371,M15230,M,185.6570649,308.3,1622,37.2,3.080177906,103,0,0,0,0,0,297.5
1939,L49118,L,368.2618339,307.9,1517,40.8,5.504049495,50,0,0,0,0,0,298.1
2353,M17212,M,341.3983938,308.5,1422,45.4,9.045910046,37,0,0,0,0,0,299.3
7128,L54307,L,207.1563098,310,1438,,6.940048522,103,0,0,0,0,0,300.6
1754,L48933,L,136.0863074,307.5,1470,51.3,7.906246249,180,0,0,0,0,0,298.2
3671,L50850,L,227.4833662,311.7,1701,27.5,1.663389375,145,0,0,0,0,0,302.3
7299,L54478,L,190.1691374,310.5,1532,36,5.627033815,109,0,0,0,0,0,300.1
3653,M18512,M,276.2231717,311.5,1341,50.8,2.194514883,99,0,0,0,0,0,
5202,M20061,M,149.6819513,312.7,1396,47.3,6.393736505,158,0,0,0,0,0,
7910,L55089,L,313.2071809,312.2,1590,38.5,1.535433541,148,0,0,0,0,0,300.7
2362,M17221,M,372.0443527,308.6,1631,35.4,9.580990957,64,0,0,0,0,0,299.2
4261,H33674,H,264.221218,311.1,1418,43.4,8.328944618,130,0,0,0,0,0,302.7
5433,L52612,L,181.1005805,312.4,1392,46.2,4.824390503,70,0,0,0,0,0,302.8
6286,M21145,M,151.0517293,310.7,1426,46.1,2.905329912,67,0,0,0,0,0,301.2
4992,M19851,M,293.1402624,313,1475,41,7.146305641,11,0,0,0,0,0,303.9
7601,M22460,M,105.292948,311,1595,35.4,7.042034527,15,0,0,0,0,0,300.4
9463,L56642,L,281.7064046,309.3,1570,40.1,1.65926035,131,0,0,0,0,0,298.5
3738,L50917,L,158.7959403,311.1,1351,48.6,1.525243225,110,0,0,0,0,0,302.2
7521,L54700,L,367.6500658,311.6,1529,35.5,3.178068879,21,0,0,0,0,0,300.2
8560,L55739,L,368.8281092,309,1519,40,7.344633238,96,0,0,0,0,0,298.3
8927,M23786,M,315.3023884,308.3,1459,59.6,5.331550638,207,0,0,1,1,0,297.3
9991,L57170,L,111.0166605,308.5,1527,36.2,9.301808842,3,0,0,0,0,0,298.8
5592,L52771,L,381.9833164,312,1574,33.8,1.1147785,63,0,0,0,0,0,302.5
1172,H30585,H,251.272031,308.1,1517,41.4,2.230354229,222,0,0,0,0,0,297
7371,M22230,M,180.7889754,310.1,1455,46.1,5.152466508,76,0,0,0,0,0,299.6
7938,L55117,L,350.6459391,311.7,1578,31.4,3.814791969,219,0,0,0,0,0,300.8
8087,L55266,L,236.7490151,311.4,1463,37.5,1.108348775,145,0,0,0,0,0,300.2
1423,L48602,L,381.603166,309.8,1530,35.5,8.33260689,0,0,0,0,0,0,298.7
6783,L53962,L,157.0446696,310.8,1531,53.4,4.362033658,57,0,0,0,0,0,301.3
9444,H38857,H,235.074844,308.8,1411,53.8,3.744049385,73,0,0,0,0,0,298
8140,L55319,L,107.1866795,310.8,1571,38.2,4.708298837,74,0,0,0,0,0,299.5
9351,L56530,L,358.9829189,308.7,2186,17.8,5.878575663,31,,0,0,0,0,298.2
8019,L55198,L,176.4814746,311.9,1889,23.5,6.661097671,198,0,0,0,0,0,301
6340,L53519,L,106.955138,310,1451,48.6,9.317621985,208,0,0,0,0,0,300.5
9648,L56827,L,395.0828114,310.2,1458,47,8.244391364,183,0,0,0,0,0,299.2
875,L48054,L,222.4267396,306.4,1575,28.5,2.82705915,74,0,0,0,0,0,295.9
2298,L49477,L,355.6696837,308.7,1802,26,6.024677875,130,0,0,0,0,0,299.3
2644,M17503,M,154.2383555,309.4,1401,48.1,7.982448585,143,0,0,0,0,0,299.8
7532,H36945,H,231.3276048,311.4,1377,56.7,2.557816165,50,0,0,0,0,0,300.1
1720,L48899,L,353.2260432,307.7,1503,38.3,8.99247141,87,0,0,0,0,0,298.2
5348,L52527,L,358.3663373,312.7,1262,63.8,5.875866602,100,0,0,0,0,0,303.3
5933,L53112,L,216.6506621,310.5,1515,36.6,3.408096028,54,0,0,0,0,0,300.5
841,L48020,L,178.716339,307.5,1582,37.9,5.414673489,197,0,0,0,0,,296.6
9938,L57117,L,143.7303837,308.1,1505,46.1,8.095973307,80,0,0,0,0,0,298.3
582,L47761,L,327.9325918,309.7,1394,42.9,7.076673139,206,0,0,0,0,0,297.8
205,L47384,L,352.2631977,308.5,1741,32.8,1.527007785,112,0,0,0,0,0,298.4
1642,M16501,M,318.3180908,308,1555,37,3.761599076,111,0,0,0,0,0,298
2015,L49194,L,377.8744027,308.4,1310,59.7,8.519615946,40,0,0,0,0,0,298.6
3254,L50433,L,169.8925625,309.6,1502,48.9,1.322204221,160,0,0,0,0,0,301.1
7541,M22400,M,117.2901193,311.3,1587,31.2,2.063226814,73,0,0,0,0,0,300.2
906,L48085,L,250.8634844,306.1,1474,41.2,1.103331284,156,,0,0,0,0,295.6
632,L47811,L,337.4471944,310,1554,37.3,4.660283099,103,0,0,0,0,0,298.4
8421,L55600,L,139.6185909,310.4,1546,37.7,6.512423811,159,0,0,0,0,0,298.9
7824,L55003,L,341.3142167,311.3,1484,53.2,9.688257809,158,0,0,0,0,0,300
1975,L49154,L,311.5763942,307.6,1450,48.7,6.909318966,138,0,0,0,0,0,298
163,L47342,L,116.1224598,308.1,1586,35.5,3.54104301,0,0,0,0,0,0,298.3
4999,M19858,M,392.5438349,312.8,1825,25.2,2.209394506,29,0,0,0,0,0,303.6
1244,M16103,M,125.124404,308.4,1432,53.4,9.596977648,199,0,0,0,0,0,297.1
9451,M24310,M,149.447984,308.7,1494,42.6,1.456729228,96,0,0,0,0,0,298
7765,M22624,M,114.2104466,311.7,1555,,6.498820167,5,0,0,0,0,0,
4714,L51893,L,187.103775,311.8,1451,45.2,1.129123606,173,0,0,0,0,0,303.5
876,M15735,M,339.9690444,306.3,1444,45.5,9.905603957,76,0,0,0,0,0,295.8
1432,M16291,M,256.562215,309.9,1404,41.4,9.682529618,20,0,0,0,0,0,
8739,L55918,L,182.4847451,308.7,1531,36.7,4.414156801,116,0,0,0,0,0,
6869,L54048,L,240.3138314,311.2,1363,46.3,5.615598585,62,0,0,0,0,0,301
4644,L51823,L,360.0940612,311.4,1324,54.2,3.958316013,228,0,1,0,1,0,303.2
5081,L52260,L,235.2987601,313.3,1410,51.6,5.056793128,47,0,0,0,0,0,304.2
5784,H35197,H,242.4731233,311.1,1543,36.4,3.257817504,120,0,0,0,0,0,301.8
9139,L56318,L,205.6055836,308.6,1522,37,1.96892901,106,0,0,0,0,0,297.6
7617,M22476,M,179.1123165,311.4,1468,40.4,6.608792006,55,0,0,0,0,0,300.6
8040,L55219,L,366.3687899,311.9,1560,31.8,5.364891684,21,0,0,0,0,0,
7956,M22815,M,347.59004,311.9,1310,56.1,6.471575449,35,0,0,0,0,0,300.9
9438,M24297,M,175.895717,308.7,1527,43,2.128670619,56,0,0,0,0,0,298.1
2857,H32270,H,240.0303186,309.3,1471,45.2,3.717962306,223,0,0,0,0,0,300.5
1862,M16721,M,108.5474726,307.6,1609,30.3,4.910414924,64,0,0,0,0,,297.9
2660,H32073,H,371.666467,309.3,1595,32.1,4.064737725,183,0,0,0,0,0,299.8
3385,L50564,L,369.550986,310.6,1426,40.7,8.340577485,54,0,0,0,0,0,301.3
9565,L56744,L,320.7359747,311.1,1820,24.9,2.372119215,174,0,0,0,0,0,299.8
9777,M24636,M,209.1631704,309.6,1397,54.1,8.543844557,47,0,0,0,0,0,298.6
8091,L55270,L,236.2098831,311.4,1910,23,6.425799906,153,0,0,0,0,0,300.1
8348,L55527,L,390.216088,309.6,1665,31.1,3.081907721,178,0,0,0,0,0,298.7
7463,L54642,L,306.2112036,311.3,1703,30.4,6.606626005,85,0,0,0,0,0,300
6887,M21746,M,164.3836,311.3,1465,43.2,9.048662246,113,0,0,0,0,0,300.8
4734,L51913,L,173.4057194,311.6,1484,,2.082370383,223,0,0,0,0,0,303.3
3332,L50511,L,378.7298017,310.8,1559,44.5,8.159550666,135,0,0,0,0,0,301.7
9007,L56186,L,200.5962065,307.9,1417,41.8,5.650985028,186,0,0,0,0,0,297.3
8636,L55815,L,237.602879,308.3,1704,27.3,8.961811397,65,0,0,0,0,0,297.4
6405,M21264,M,288.2501209,309.7,1183,61.4,2.178529807,170,0,0,0,0,0,300.2
8347,L55526,L,148.3856624,309.7,1601,35.7,3.837280763,176,0,0,0,0,0,298.7
9465,L56644,L,294.116422,309.4,1440,48.2,2.872779989,136,0,0,0,0,0,298.6
7061,H36474,H,315.0113683,310.4,1479,35.6,6.531313825,150,0,0,0,0,0,300.6
2097,M16956,M,357.3227954,309.4,1387,56.2,7.477596647,32,0,0,0,0,0,299.5
2004,M16863,M,389.3007403,308.2,1564,37.5,5.005320698,15,0,0,0,0,0,298.5
8805,M23664,M,342.703939,308.6,1255,60.7,2.484331696,77,0,0,0,0,0,
9733,L56912,L,352.1214459,310,2231,17.4,6.916606794,151,0,0,0,0,0,298.9
4677,L51856,L,195.7031398,311.5,1879,21.3,3.812712506,78,0,0,0,0,0,303.4
5018,L52197,L,358.2752032,313,1483,45,5.952434876,78,0,0,0,0,0,303.9
7470,L54649,L,190.8195621,311.6,1607,33.5,4.309264686,109,0,0,0,0,0,300.3
547,L47726,L,292.891355,309.4,1809,24.3,8.2618772,110,0,0,0,0,0,297.5
1450,H30863,H,176.1654457,310.4,1677,,2.764212353,73,0,0,0,0,0,299
3987,M18846,M,108.4975517,311.3,1577,29.8,6.015574917,112,0,0,0,0,0,302.2
6901,L54080,L,396.8528144,311.7,1670,31.3,4.287682063,150,0,0,0,0,0,301
2611,H32024,H,233.9667176,309.1,1547,40.9,1.22021291,50,0,0,0,0,0,299.4
1901,H31314,H,327.48239,307.6,1493,36,6.583988526,161,0,0,0,0,0,297.9
3921,L51100,L,352.1985818,311.5,1885,27.5,6.341853811,147,0,0,0,0,0,302.6
2758,L49937,L,157.5326214,309.2,1439,36.1,3.984943534,203,0,0,0,0,0,299.8
6125,M20984,M,308.0736283,310.9,1727,30.1,4.782253743,102,,0,0,0,0,300.9
6398,M21257,M,148.6408781,309.6,1587,32.6,7.823853203,152,0,0,0,0,0,300
1886,L49065,L,259.2095511,307.6,1683,32.8,1.843166429,122,0,0,0,0,0,
9824,M24683,M,315.8261556,309.3,1488,43.7,2.199771011,189,0,0,0,0,0,298.5
5739,L52918,L,122.3010951,311.7,1281,48.8,6.284173744,0,0,0,0,0,0,302.3
8668,M23527,M,126.0623948,308.8,1455,46.1,3.5424133,147,0,0,0,0,0,297.5
5891,L53070,L,220.8444016,311,1634,32.6,9.430666002,155,0,0,0,0,0,301.4
2098,M16957,M,385.3360619,309.4,1326,47.5,9.505791486,35,0,0,0,0,0,299.4
9290,L56469,L,267.6955207,308.9,1367,45,6.135534109,85,0,0,0,0,0,298.2
5693,M20552,M,231.2165793,311.9,1313,55.7,8.707868486,102,0,0,0,0,0,
500,L47679,L,189.8452601,309.1,1515,35.1,2.045337277,213,0,0,0,0,0,297.5
5625,M20484,M,275.5592985,312.2,1469,,7.770446935,143,0,0,0,0,0,302.8
837,L48016,L,367.8817384,307.4,1368,45.1,6.997025636,185,0,0,0,0,0,296.6
3472,L50651,L,386.4295253,310.7,1441,49.3,1.633090343,58,0,0,0,0,0,301.8
4698,M19557,M,360.8932189,311.6,1573,34,8.426176825,134,0,0,0,0,0,303.5
6281,M21140,M,185.4061984,310.7,1527,41.1,5.315022598,53,0,0,0,0,0,301.2
8884,M23743,M,221.6510547,309.2,1529,38.1,5.530194976,96,0,0,0,0,0,297.9
2172,L49351,L,288.5260956,309.1,1502,44.6,4.346413234,13,0,0,0,0,0,299.5
9232,L56411,L,196.2834945,309.1,1539,36.5,8.078669047,134,0,0,0,0,0,298.2
5679,M20538,M,255.8842872,311.7,1584,36.2,8.527156536,63,0,0,0,0,0,302.2
9185,L56364,L,213.9693305,309.2,1665,36.6,7.485485825,22,0,0,0,0,0,298
399,H29812,H,227.2508146,308.3,1502,43.6,9.638887056,169,0,0,0,0,0,297.4
2011,L49190,L,274.371923,308.3,1278,60.5,2.982882065,32,0,0,0,0,0,298.6
5167,H34580,H,229.4310506,313.5,1546,41.4,4.417288047,58,0,0,0,0,0,304.2
5872,L53051,L,329.0891002,311.1,1469,49.5,7.287494695,107,0,0,0,0,0,301.5
9793,H39206,H,376.5522314,309.4,1573,36,8.35232113,97,0,0,0,0,0,298.5
1284,L48463,L,386.3126745,309.4,1356,45.4,2.837759121,96,0,0,0,0,0,298.3
8391,M23250,M,209.4634057,309.8,1288,61.9,3.693284216,79,0,0,0,0,0,298.8
2449,L49628,L,132.4741786,308.9,1440,42.5,1.929860185,87,0,0,0,0,0,299.4
4257,M19116,M,223.2890677,311,1591,,3.250366246,119,0,0,0,0,0,302.6
1837,L49016,L,154.6540941,307.2,1518,35.8,6.966239966,195,,0,0,0,0,297.7
9597,L56776,L,167.6656962,310.1,1466,43.4,3.181004367,50,0,0,0,0,0,298.9
1020,L48199,L,363.3427501,307.3,1398,52.7,9.604302521,31,0,0,0,0,0,296.3
5067,L52246,L,318.1092157,313.1,1550,30.9,2.786404433,9,0,0,0,0,0,304.1
1327,L48506,L,238.7995895,310.2,1411,46.5,8.307281972,202,0,0,0,0,0,298.9
8753,M23612,M,250.3802719,308.5,1465,55.9,6.637419409,153,0,0,0,0,0,297.4
476,L47655,L,377.5325019,309.1,1380,41.1,3.229742504,152,0,0,0,0,0,297.4
2811,L49990,L,323.607082,309.1,1772,24.8,6.775614093,113,0,0,0,0,0,299.8
8633,L55812,L,356.9042334,308.3,1590,35.5,8.284514126,59,0,0,0,0,0,297.3
1652,L48831,L,176.2618129,307.8,1414,51.7,7.52657843,140,0,0,0,0,0,298
9612,L56791,L,147.8388537,310.2,1432,42.2,3.481730252,87,0,0,0,0,0,299
1170,L48349,L,351.665524,308.1,1355,,8.488053864,217,0,0,0,0,0,297
2529,L49708,L,398.7489057,308.6,1730,25.9,4.574504486,59,0,0,0,0,0,298.8
1207,H30620,H,280.3490036,308,1318,,1.37717137,88,0,0,0,0,0,296.9
6257,L53436,L,148.3646943,310.6,1493,37.8,3.023586427,206,1,0,0,0,0,301
7927,L55106,L,388.8887007,311.9,1335,57.1,9.494973559,194,0,0,0,1,0,300.7
5470,M20329,M,211.2217553,312.2,1439,42.5,7.690711747,164,0,0,0,0,0,302.7
9384,H38797,H,317.5805176,308.1,1548,38.2,3.603640665,117,0,0,0,0,0,297.5
432,L47611,L,248.0650615,308.5,1446,41.9,6.774977696,32,0,0,0,0,0,297.5
7701,M22560,M,157.7090858,311.6,1348,62.5,4.230380659,36,0,0,0,0,0,300.7
868,H30281,H,136.479094,306.5,1594,33.2,4.586468834,55,,0,0,0,0,295.9
2975,M17834,M,241.7450725,309.4,1521,37.2,2.002845781,90,0,0,0,0,0,300.6
5237,L52416,L,272.7696104,313.1,1394,45.4,2.624916306,36,0,0,0,0,0,303.8
5094,M19953,M,342.8582224,313.3,1415,,2.088724791,82,0,0,0,0,0,304
5434,L52613,L,191.3385683,312.5,1550,,7.513151769,72,0,0,0,0,0,302.9
542,L47721,,182.8625781,309.4,1296,52.3,4.707417893,96,0,0,0,0,0,
5196,L52375,L,257.4725814,313,1551,36.8,9.627051299,140,0,0,0,0,0,
1133,L48312,L,230.1864994,307.9,1271,61.4,2.406039199,125,0,0,0,0,0,296.8
9838,M24697,M,289.1097313,309.3,1355,50.6,4.526671091,8,0,0,0,0,0,298.4
4502,L51681,L,373.7777221,310.2,1307,,1.135970042,86,0,1,0,0,0,302.5
6355,L53534,L,149.3813513,309.6,1565,34.8,1.981548591,32,0,0,0,0,0,300.1
9334,L56513,L,387.2104684,309,1450,40.5,4.050354623,199,0,0,0,0,0,298.5
3391,H32804,H,268.1697132,310.7,1599,40.4,4.549980836,72,0,0,0,0,0,301.5
3889,L51068,L,189.393752,311.2,1903,22.9,2.862604197,55,0,0,0,0,0,302.3
2963,L50142,L,352.9679241,309.5,1508,39.9,9.05754586,59,0,0,0,0,0,300.7
4156,L51335,L,238.1546268,310.5,1370,44.4,5.418873139,85,0,1,0,0,0,302
3260,M18119,M,373.8363462,310,1625,31.6,3.075306075,173,0,0,0,0,0,301.2
6303,L53482,L,199.1514124,310.6,1437,51.2,2.080729797,112,0,0,0,0,0,301.2
6035,M20894,M,199.0324505,310.8,1389,48.1,2.568538283,88,0,0,0,0,0,300.6
7919,L55098,L,117.6635776,312.1,1505,41.3,1.346284059,173,0,0,0,0,0,300.8
9937,H39350,H,193.2577484,308.2,1534,33.2,6.213272877,75,0,0,0,0,0,298.3
2584,L49763,L,269.8791107,308.9,1342,50.8,8.229342091,195,0,0,0,0,0,299.2
2814,L49993,L,262.2547366,309.3,1887,22.6,3.808472606,120,0,0,0,0,0,300
3960,M18819,M,220.2230182,311.4,1538,37.4,7.767255842,37,0,0,0,0,0,302.2
2948,L50127,L,163.1118801,309.5,1592,29,1.00120953,17,0,0,0,0,0,300.7
6644,M21503,M,380.549457,310.5,1308,60.5,3.549252879,139,0,0,0,0,0,301.5
5175,M20034,M,113.4578764,313.5,1390,47.8,3.427880366,83,0,0,0,0,0,304.2
6842,M21701,M,123.1427018,311.2,1591,35,8.838756537,208,0,0,0,0,0,
8299,H37712,H,359.9879013,310.1,1435,45.6,9.613157723,37,0,0,0,0,0,298.7
3587,L50766,L,180.1013899,310.5,1593,34.9,6.268570175,139,0,0,0,0,0,301.8
9229,M24088,M,264.1138392,309.1,1572,37.5,8.131021274,126,0,0,0,0,0,
7989,L55168,L,184.6428567,312.3,1486,34.9,7.012159259,122,0,0,0,0,0,301.1
2564,L49743,L,136.8530444,309.1,1496,37.2,9.420393385,149,0,0,0,0,0,299.3
2631,L49810,L,129.0054411,309.8,1372,39.6,8.197853147,105,0,0,0,0,0,300
3191,L50370,L,335.9102465,309.2,1599,30.1,9.641459868,216,0,0,0,0,0,300.1
7779,L54958,L,109.399167,311.6,1517,39,3.115339557,45,0,0,0,0,0,
7646,L54825,L,128.5301237,311.4,1662,29.3,2.906366299,129,0,0,0,0,0,300.4
5037,L52216,L,215.2265047,313.2,1615,37.8,1.889266624,127,0,0,0,0,0,304
1081,L48260,L,224.6763619,307.8,1774,28,8.950609966,188,0,0,0,0,0,297
4284,M19143,M,287.7489337,309.9,1334,61,9.490889674,182,0,1,0,0,0,301.8
9712,H39125,H,108.1324963,310.1,1429,42.9,5.297142257,96,0,0,0,0,0,299.1
7086,L54265,L,291.4015509,310.3,1484,41,4.624953017,213,0,0,0,0,0,300.6
2086,L49265,L,321.456668,309.3,1462,46.7,3.573225985,7,0,0,0,0,0,299.5
6346,L53525,L,112.5008613,309.8,1650,29.6,7.582442126,13,0,0,0,0,0,300.2
2453,M17312,M,164.0776231,308.6,2329,14.6,3.385632654,95,0,0,0,0,0,299.1
4967,L52146,L,105.4244527,312.6,1793,28.1,7.976984221,170,0,0,0,0,0,303.8
2024,L49203,L,102.3641994,308.5,1444,54.2,9.034900934,62,0,0,0,0,0,298.7
8072,L55251,L,112.1064261,312,1646,29.5,7.086795303,106,0,0,0,0,0,300.5
8988,L56167,L,122.4531459,307.9,1580,35.8,9.282895729,140,0,0,0,0,0,297.2
8719,L55898,L,300.7211032,308.7,1509,39.3,1.407320552,66,0,0,0,0,0,297.2
7322,L54501,L,363.7936109,310.2,1911,23.5,3.623182211,166,0,0,0,0,0,299.8
227,L47406,L,328.8684641,308.4,1329,49.2,4.993075358,166,0,0,0,0,0,298.3
1014,M15873,M,272.4065111,307.2,1619,29.7,2.981525192,17,0,0,0,0,0,296.1
6680,L53859,L,289.3543568,310.8,1392,42.4,1.511861015,3,0,0,0,0,0,301.6
1930,M16789,M,328.8008502,307.8,1483,50.9,6.244180054,26,0,0,0,0,0,298
1044,L48223,L,373.5047504,307.6,1431,45.2,4.659655384,90,0,0,0,0,0,296.5
5252,M20111,M,191.3692958,312.9,1307,54.3,1.531673519,68,0,0,0,0,0,303.4
1405,M16264,M,332.3964246,310.1,1555,40.6,6.132883603,176,0,0,0,0,0,298.9
2180,L49359,L,130.6926425,309.2,1601,33.3,8.179830179,33,0,0,0,0,0,299.6
698,M15557,M,110.5601938,308.8,1453,39.7,6.80236161,69,0,0,0,0,0,297.6
1125,M15984,M,393.1504231,307.8,1258,69,7.474392948,105,0,0,1,0,0,296.7
7379,L54558,L,281.708146,310,1388,52.4,9.067298131,94,0,0,0,0,0,299.5
3896,M18755,M,327.1957667,311.2,1546,40,7.023447135,71,0,0,0,0,0,302.3
8218,L55397,L,146.7143722,310.6,1577,37.1,7.39619135,44,0,0,0,0,0,299.1
5111,M19970,M,244.1505906,313.5,1732,26.2,3.138537184,126,0,0,0,0,0,304
1779,L48958,L,233.3255755,308.2,1325,54,4.034597507,41,0,0,0,0,0,298.6
7787,L54966,L,274.0941575,311.5,1466,46.2,6.146816769,62,0,0,0,0,0,300.3
2635,L49814,L,199.9725859,309.7,1554,32,8.790155692,117,0,0,0,0,0,300
7188,L54367,L,127.7738365,310.5,1402,54.3,4.034441506,44,0,0,0,0,0,300.4
7545,L54724,L,280.1453407,311.4,1425,44.2,1.781146145,84,0,0,0,0,0,300.2
7605,L54784,L,198.9211121,311.3,1639,34.6,4.296866675,24,0,0,0,0,0,300.4
3490,L50669,L,323.6844147,310.9,1542,36.7,3.089573989,101,0,0,0,0,0,301.9
8260,L55439,L,377.7283013,310.5,1471,,4.206790974,146,0,0,0,0,0,299.1
1038,H30451,H,372.3830335,307.5,1596,35.1,8.087243278,75,0,0,0,0,0,296.4
6094,L53273,L,140.3263842,310.8,1375,,9.961017204,20,0,0,0,0,0,301
2257,L49436,L,165.6483652,308.3,1489,38.1,3.92631552,32,0,0,0,0,0,299.1
8189,M23048,M,283.8167012,310.9,1530,38.8,5.412097835,198,0,0,0,0,0,299.6
2614,M17473,M,196.261045,309.1,1571,38.3,7.162696865,59,0,0,0,0,0,299.3
314,L47493,L,226.4422982,308.6,1313,50.8,2.194901806,170,0,0,0,0,0,298
2650,M17509,M,104.7659477,309.5,1582,38.2,7.861755078,160,0,0,0,0,0,299.9
2282,L49461,L,141.3055455,308.7,1536,38.9,7.951039366,94,0,0,0,0,0,299.3
6742,M21601,M,372.2383802,311.1,1506,39.5,6.488628178,158,0,0,0,0,0,301.7
2980,L50159,L,179.8799033,309.5,1542,38.5,9.765827482,108,0,0,0,0,0,
2548,L49727,L,216.1363152,309.1,1578,,2.101435335,109,0,0,0,0,0,299.2
5513,L52692,L,175.3796237,312.2,1682,30.9,6.538947599,58,0,0,0,0,0,302.8
5133,L52312,L,288.2456407,313.3,1415,50,3.886125657,184,,0,0,0,0,304.1
2160,M17019,M,380.7781713,309,1602,31.3,2.217282143,210,,0,0,0,0,299.5
7081,L54260,L,281.2926374,310.4,1543,47.3,2.495276362,203,0,0,0,0,0,
3138,L50317,L,255.1142659,309.9,1567,36.5,1.851762463,72,0,0,0,0,0,300.4
9080,H38493,H,386.6825529,308.1,1554,42.4,8.883600995,158,0,0,0,0,0,
5851,L53030,L,118.6138758,311.1,1560,35.3,6.549279765,55,0,0,0,0,0,301.3
9866,M24725,M,275.113412,309.8,2450,13.9,2.870619235,89,0,0,0,0,0,298.9
6446,L53625,L,393.8591215,310.3,1662,34.4,5.155486607,57,0,0,0,0,0,300.7
3968,M18827,M,257.3240611,311.4,1479,45.6,5.646931482,59,0,0,0,0,0,302.3
1429,L48608,L,176.4063988,309.9,1568,33.7,3.075185188,13,0,0,0,0,0,298.8
8423,H37836,H,224.4303451,310.3,1243,63,1.755717469,163,0,0,0,0,0,298.9
2521,L49700,L,180.367331,308.6,1535,41.2,7.733828912,40,0,0,0,0,0,298.8
7838,L55017,L,258.1418535,311.5,1685,31,9.892001008,193,0,0,0,0,0,300.2
4970,L52149,L,366.1214766,312.7,1528,38.4,4.251754985,177,0,0,0,0,0,303.9
1856,H31269,H,399.3089373,307.3,1249,62.8,3.520520942,47,0,0,0,0,0,297.7
8885,L56064,L,157.7592872,309.2,1527,32.4,6.739404369,99,0,0,0,0,0,
5603,L52782,L,324.8402988,312.1,1334,54.7,9.465812275,88,0,0,0,0,0,302.9
9345,L56524,L,185.4552855,308.8,1616,33.7,6.480175313,16,,0,0,0,0,298.2
9869,L57048,L,240.341132,309.9,1526,35.4,4.319080371,96,0,0,0,0,0,298.9
449,L47628,L,343.5335912,308.6,1552,44.9,5.777873506,77,0,0,0,0,0,297.5
7704,H37117,H,243.0159964,311.7,1864,23.6,4.644168889,47,0,0,0,0,0,300.7
1285,L48464,L,395.7122269,309.5,2153,15.3,6.49186658,98,0,0,1,0,0,298.4
5996,L53175,L,289.3072784,310.3,1920,22.3,8.352451529,223,0,0,0,0,0,300.6
7900,L55079,L,197.2292993,312.4,1364,52.5,3.46475983,125,0,0,0,0,0,300.9
3728,L50907,L,189.931027,311.2,1786,24.3,2.719953053,81,0,0,0,0,0,302.3
7354,L54533,L,240.6732525,310.3,1687,30.4,2.513100777,33,0,0,0,0,0,299.8
362,L47541,L,149.9266783,308.3,1596,36.8,2.717968684,77,0,0,0,0,0,297.5
6280,L53459,L,102.415506,310.8,1432,54.4,9.742855394,51,0,0,0,0,0,301.3
5231,M20090,M,282.9664946,313.1,2117,18.6,8.81143219,22,0,0,0,0,0,303.8
8943,L56122,L,225.8600281,308.3,2188,17,1.925439883,32,0,0,0,0,0,297.3
7296,M22155,M,127.0268749,310.5,1329,57.4,1.129658215,99,0,0,0,0,0,
8892,M23751,M,212.5764393,308.9,1681,28.3,3.309272719,116,0,0,0,0,0,297.7
7535,L54714,L,295.7813959,311.2,1418,47.3,1.336867135,60,0,0,0,0,0,300
6252,M21111,M,342.7175628,310.2,1598,36.5,1.324176424,195,0,0,0,0,0,300.8
5927,L53106,L,371.1073822,310.1,1440,51.1,2.887572886,41,0,0,0,0,0,300.2
5150,L52329,L,174.5817432,313.5,1452,41.5,8.093020537,15,0,0,0,0,0,304.3
2461,L49640,L,320.3932755,308.6,1466,46.4,4.658892545,112,0,0,0,0,0,299
23,M14882,M,281.8795474,309.3,1581,30.7,4.842492078,65,0,0,0,0,0,298.9
2067,L49246,L,238.363142,309.6,1512,36.2,6.106112733,172,0,0,0,0,0,299.7
1654,L48833,L,235.9397699,307.8,1386,57.3,5.994221367,147,0,0,0,0,0,298
703,M15562,M,105.2974453,308.9,1531,48.3,5.547820234,84,0,0,0,0,0,297.7
8491,M23350,M,260.7781563,309.6,1364,58.7,6.950821119,123,0,0,0,0,0,298.5
2744,L49923,L,158.2120143,309.1,1476,45.3,1.060494962,166,0,0,0,0,0,299.6
1377,M16236,M,283.6538269,310.2,1527,31.2,8.249038091,102,0,0,0,0,0,298.8
1725,M16584,M,380.644066,307.8,1457,52.5,7.003036567,98,0,0,0,0,0,298.3
2469,M17328,,334.6490676,308.6,1524,40.4,5.164946991,131,0,0,0,0,0,298.9
3755,L50934,L,336.0622325,311,1442,43.7,4.047091793,152,0,0,0,0,0,302.3
2326,L49505,L,124.3690484,308.8,1603,33.9,3.522306301,203,0,0,0,0,0,299.3
461,H29874,H,204.5604557,308.6,1431,42,1.996051095,109,0,0,0,0,,297.3
5164,M20023,M,342.0817225,313.4,1713,23.5,5.769636584,50,0,0,0,0,0,304.2
4184,L51363,L,386.9408281,310.7,1402,50.9,9.892810379,157,0,0,0,0,0,302.3
5527,L52706,L,215.4022667,311.9,1520,44.9,5.338896854,94,0,0,0,0,0,302.5
4083,L51262,L,215.7241088,310.4,1568,39.2,4.407065145,112,0,0,0,0,0,302
1487,M16346,M,277.76433,309.2,1524,34.6,5.030412154,161,0,0,0,0,0,298.2
3679,L50858,L,105.7235453,311.5,1567,33.1,7.490297869,168,0,0,0,0,0,302.2
283,M15142,M,272.8947658,308.1,1390,49.8,1.305931655,85,0,0,0,0,0,298.1
6580,L53759,L,139.3832461,310.4,1501,41.6,2.512535329,192,0,0,0,0,0,301.3
4559,L51738,L,357.407906,310.7,1369,47.5,4.948308301,11,0,1,0,0,0,302.7
4309,H33722,H,234.2689783,309.9,1460,47.2,6.557625146,22,0,0,0,0,0,301.4
6685,L53864,L,357.9359339,310.9,1538,40.4,6.323378079,13,0,0,0,0,0,301.6
4866,M19725,M,338.7637352,312.3,1624,34.8,3.132315817,121,0,0,0,0,0,303.5
3538,M18397,M,361.4864832,311,1980,21.5,3.859083046,20,0,0,0,0,0,302
3869,M18728,M,201.3586698,311.7,1759,29.9,5.94083486,5,0,0,0,0,0,302.7
7004,L54183,L,153.2276181,310.6,1540,46.7,8.3684002,206,0,0,0,0,0,300.5
2582,L49761,L,102.7748083,309.1,1345,60.7,9.639370507,191,0,0,0,1,0,299.2
1369,H30782,H,383.3215061,310.3,1708,27.1,5.933065925,78,0,0,0,0,0,298.8
9470,L56649,L,386.1222361,309.4,1698,33.2,9.788389285,147,0,0,0,0,0,298.6
8198,M23057,M,227.2463025,310.7,1492,45.7,6.220866777,219,0,0,0,0,0,299.4
598,H30011,,271.6993838,309.6,1428,46.6,4.522312796,13,0,0,0,0,0,
4352,L51531,L,119.6117614,309.6,1432,43.7,8.203876389,138,0,0,0,0,0,301.8
6347,L53526,L,221.9647654,309.7,1275,60.7,2.799185059,15,0,0,0,0,0,300.2
8977,L56156,L,325.9583891,307.4,1535,34.6,2.819398411,114,0,0,0,0,0,296.7
6380,L53559,L,307.0837596,309.7,1485,45.9,7.760235774,100,0,0,0,0,0,300.1
4759,L51938,L,340.1921324,311.6,1465,48.7,5.085504189,60,0,0,0,0,0,303.5
647,M15506,M,277.4845714,309.4,1461,43.7,9.02339761,142,0,0,0,0,0,297.7
6382,L53561,L,172.5014607,309.7,1771,27.1,4.026223391,104,0,0,0,0,0,
7528,L54707,L,316.2278078,311.3,1470,,7.652828059,40,0,0,0,0,0,300.1
9698,M24557,M,198.4217927,309.8,1413,45.5,1.458992092,64,0,0,0,0,0,298.8
6024,M20883,M,109.9988505,310.9,1369,,6.351751569,63,0,0,0,0,0,300.7
7955,L55134,L,369.7277161,311.9,1454,41.9,8.071918459,33,0,0,0,0,0,301
7166,L54345,L,199.463224,310.1,1392,47.9,2.538790246,201,0,0,0,0,0,300.2
3469,L50648,L,131.0348341,310.7,2092,18.6,3.192718796,51,,0,0,0,0,301.8
7798,L54977,L,203.9043211,311.4,1476,39,5.147714436,92,0,0,0,0,0,300
7698,L54877,L,188.6824065,311.4,1400,45.1,6.285451901,29,0,0,0,0,0,300.5
2991,L50170,L,326.5775008,309.8,1688,28.6,3.197466752,135,0,0,0,0,0,300.6
9408,L56587,L,373.0950983,308.3,1435,50.1,5.989101,189,0,0,0,0,0,297.8
4876,L52055,L,270.3347012,312.4,1702,31.2,4.479272524,144,0,0,0,0,0,303.7
2545,L49724,L,364.0657666,309,1951,21.4,4.782416876,102,0,0,0,0,0,299.2
8596,M23455,M,371.7399853,308.2,1624,30.9,5.400256069,186,,0,0,0,0,297.5
5342,H34755,H,170.3119018,312.8,1404,55.8,7.190892688,84,0,0,0,0,0,303.5
1568,L48747,L,163.2726421,308.2,1521,39.3,1.313760336,151,,0,0,0,0,298.1
9995,L57174,L,386.1735738,308.3,1634,27.9,1.948421962,12,0,0,0,0,0,298.8
4067,M18926,M,155.9001936,310.7,1472,47,2.797049349,73,0,0,0,0,0,301.9
3989,L51168,L,278.5264924,311.3,1554,40.2,9.384207433,118,0,0,0,0,0,302.2
7032,L54211,L,291.867435,310.8,1479,49.1,3.473366061,71,0,0,0,0,0,300.7
2161,L49340,L,161.8048496,309,1507,41,6.4580727,213,0,0,0,0,0,299.4
686,M15545,M,153.8631335,309,1636,29.7,4.135109026,32,0,0,0,0,0,297.7
7603,L54782,L,280.0070511,311.2,1705,28.7,4.447243485,20,0,0,0,0,0,300.4
7785,L54964,L,281.6126634,311.5,1403,60.1,1.544803538,58,0,0,0,0,0,300.3
3244,L50423,L,389.6642067,309.6,1724,28.1,6.053734479,133,0,0,0,0,0,301
5845,L53024,L,251.7412681,311.1,1462,37.1,8.269300442,41,0,0,0,0,0,301.4
9220,M24079,M,180.1817545,308.8,1350,57,8.508388805,105,0,0,0,0,0,297.7
2462,M17321,M,217.5065168,308.6,1517,39.8,6.885945421,114,0,0,0,0,0,298.9
4084,M18943,M,277.5638264,310.4,1567,36.4,8.312408388,114,0,0,0,0,0,302
2838,L50017,L,385.5172245,309.1,1699,30.3,3.811208426,178,0,0,0,0,0,300.3
3698,L50877,L,251.129408,311.2,1928,23.1,7.145427676,2,0,0,0,0,0,302.2
7129,L54308,L,399.8964321,310,1511,36.9,7.056124303,105,0,0,0,0,0,300.6
6268,L53447,L,278.6072419,310.4,1570,35.2,4.231956566,23,0,0,0,0,0,300.8
4942,M19801,M,108.0992433,312.7,1699,31.5,3.773877518,105,0,0,0,0,0,303.6
5947,L53126,L,148.4179659,310.8,1496,46.4,3.181492602,90,0,0,0,0,0,300.7
4584,M19443,M,133.3725445,311.2,1467,37.7,6.161149238,73,0,0,0,0,0,302.9
5785,M20644,M,310.3412108,311.1,1399,41.8,6.044581282,125,0,0,0,0,0,301.8
4041,L51220,L,152.978127,310.8,1767,27.4,5.852661493,11,0,0,0,0,0,302
2231,L49410,L,338.6978852,308.7,1446,45.7,5.480528633,173,0,0,0,0,0,299.5
7570,L54749,L,234.169806,311,1255,71.8,8.094468527,149,0,0,1,0,0,300.2
936,M15795,M,318.6055147,306,1641,36.6,5.633961336,21,0,0,0,0,0,295.5
2321,H31734,H,362.5137929,308.8,1440,39.1,5.81239997,188,0,0,0,0,0,299.2
4879,L52058,L,207.0736836,312.4,1348,51,1.186911019,152,0,0,0,0,0,303.7
522,L47701,L,306.3976775,309.4,1497,35.8,4.329793409,44,0,0,0,0,0,297.5
523,M15382,M,392.1136545,309.5,1448,43.7,4.782651195,46,0,0,0,0,0,297.5
5346,L52525,L,357.4868971,312.8,1524,39.4,1.473949158,96,0,0,0,0,0,303.5
9877,H39290,H,197.9567923,309.7,1461,55.1,4.269113052,118,0,0,0,0,0,298.8
3360,L50539,L,171.7386556,310.6,1525,41.9,2.305156987,204,,0,0,0,0,
1312,L48491,L,233.9144558,310.1,1587,,1.205182264,162,0,0,0,0,0,298.9
3984,L51163,L,242.0378433,311.3,1389,46.9,4.190388539,106,0,0,0,0,0,302.2
6495,L53674,L,326.3985401,309.7,1617,33.2,7.666298561,185,0,0,0,0,0,300.6
9561,L56740,L,273.9689533,310.9,1487,42.5,7.725632922,164,0,0,0,0,0,299.6
1717,L48896,L,224.9707397,307.7,1523,37.7,8.152904426,80,0,0,0,0,0,
781,M15640,M,252.356195,308,1409,50.7,8.336664072,43,0,0,0,0,0,296.9
8799,L55978,L,200.9044871,308.4,1469,46.7,5.02891184,65,0,0,0,0,0,297.3
8232,L55411,L,295.3056735,310.5,1419,48.8,4.180827693,76,0,0,0,0,0,299.1
5608,M20467,M,111.7048486,312.2,1745,25.5,3.092282652,98,0,0,0,0,0,302.9
5979,L53158,L,368.9184787,310.6,1448,46.3,7.46574193,173,0,0,0,0,0,300.5
652,L47831,L,133.2743646,309.1,1503,38.9,8.738404124,157,0,0,0,0,0,297.6
3748,L50927,L,308.2034908,311.1,1499,38.8,2.012602792,135,0,0,0,0,0,302.5
2197,M17056,M,259.3629351,308.9,1551,35.4,5.412354705,82,0,0,0,0,0,299.7
8419,L55598,L,250.9343353,310.2,1971,23.2,8.057422402,155,0,0,0,0,0,298.9
370,H29783,H,229.996449,308.4,1587,36.1,6.923856504,98,0,0,0,0,0,297.5
9885,L57064,L,393.3593328,309.5,1673,30.8,2.842435746,141,0,0,0,0,0,298.7
8006,L55185,L,172.724934,312,1477,37.3,4.612546351,164,,0,0,0,0,300.8
4215,L51394,L,237.3977455,310.6,1573,36.6,7.235650239,15,0,0,0,0,0,301.9
378,M15237,M,396.353218,308.2,1424,53.9,4.163258228,120,0,0,0,0,0,297.4
9447,H38860,H,388.7805106,308.9,1388,53.5,2.944643078,83,0,0,0,0,0,298.1
2217,L49396,L,325.2867807,309.2,1645,30.8,5.110665474,137,0,0,0,0,0,299.7
8683,M23542,M,399.6353418,308.5,1353,46.5,8.973750319,185,0,0,0,0,0,297.2
1614,L48793,L,327.7868516,308,1296,62.9,9.434724923,41,0,0,0,0,0,297.9
6980,L54159,L,375.5026074,311.2,1353,60.4,8.297276254,139,0,0,0,0,0,300.9
7550,L54729,L,298.1110018,311.4,1544,41.6,8.791600891,97,0,0,0,0,0,300.3
1828,M16687,M,391.008153,307.3,1420,47.8,6.635096432,171,0,0,0,0,0,297.9
3633,L50812,L,111.5011183,311.3,1634,30.6,4.586062982,50,0,0,0,0,0,302.1
963,M15822,M,397.3902683,306.6,1480,,2.572062236,92,0,0,0,0,0,
2994,M17853,M,210.3496545,309.8,1370,55.9,5.071418794,143,0,0,0,0,0,300.5
6607,H36020,H,115.1466576,310.5,1538,44.3,8.881044126,43,0,0,0,0,0,301.5
9673,H39086,H,301.689431,310.2,1744,31.5,1.332198883,0,0,0,0,0,0,299
2377,M17236,M,256.6514903,308.3,1364,51.8,9.556658227,104,0,0,0,0,0,299.2
8881,L56060,L,217.0803545,309.2,1458,39.8,5.225241776,87,0,0,0,0,0,298
360,M15219,M,163.4690698,308.3,1567,34.6,5.607055678,71,0,0,0,0,0,297.6
3840,M18699,M,334.8950648,311,1578,33.5,6.680619118,158,0,0,0,0,0,302.3
8185,L55364,L,259.3080857,311.1,2144,17.7,1.517333332,190,,0,0,0,0,299.8
1247,H30660,H,399.4831953,308.5,1653,33.3,8.14080076,207,0,0,0,0,0,297.2
7505,L54684,L,195.7603468,311.8,1589,42,2.928927696,201,0,0,0,0,0,300.4
8350,M23209,M,284.5630387,309.5,1487,33.6,8.424074075,183,,0,0,0,0,298.7
6512,M21371,M,161.3120098,310.1,2280,15.7,4.209922715,11,0,0,0,0,0,301.2
5088,M19947,M,224.8622457,313,1685,28.2,6.709488509,66,0,0,0,0,0,304
3695,M18554,M,305.5083685,311.3,1511,45,4.469600329,204,0,0,0,0,0,302.1
1574,L48753,L,292.051424,308.2,1466,42.4,1.538004746,164,0,0,0,0,0,298.2
6282,M21141,M,210.3565621,310.8,1455,41.2,7.250827824,56,0,0,0,0,0,301.3
5440,L52619,L,378.4665054,312.5,1626,30.5,3.127838069,87,0,0,0,0,0,303
2568,L49747,L,242.451149,309.1,1766,24.6,1.766009112,158,0,0,0,0,0,299.4
3424,L50603,L,354.3066785,310.4,1496,35.2,9.395428202,153,0,0,0,0,0,301.4
2038,H31451,H,207.2988146,308.7,1940,19.9,6.515183352,98,0,0,0,0,0,299
9244,L56423,L,233.0509488,308.8,1454,49,5.428495834,166,0,0,0,0,0,298.3
773,H30186,H,155.1179885,308,1453,51,8.459799044,24,0,0,0,0,0,296.8
5381,L52560,L,168.1778441,312.3,1494,37.5,2.061219086,198,0,0,0,0,0,302.8
9569,L56748,L,164.1015272,311.1,1588,38,6.905672798,183,0,0,0,0,0,299.8
3563,L50742,L,186.4822492,310.6,1471,43.8,9.759762696,80,0,0,0,0,0,301.7
563,L47742,L,354.9125537,309.5,1574,30.9,3.279744084,151,0,0,0,0,0,297.6
6684,L53863,L,155.9976012,310.9,1318,50.6,8.855759695,11,0,0,0,0,0,301.5
2547,L49726,L,395.3891434,309.1,1605,34.3,5.046904354,107,,0,0,0,0,299.2
5511,L52690,L,342.7046196,312.1,1418,51.4,4.705505054,54,0,0,0,0,0,302.8
5331,L52510,L,375.1377034,312.9,1588,31.9,1.522163684,53,0,0,0,0,0,303.6
9668,L56847,L,274.1928082,310.3,1352,48.9,4.631215472,238,0,0,0,1,0,299.2
4532,L51711,L,144.246645,310.5,1520,41.2,5.46473366,154,0,0,0,0,0,302.5
1675,L48854,L,267.1171015,307.8,1540,37.8,8.963414808,203,0,0,0,0,0,298.1
7396,M22255,M,207.1411513,310.6,1572,38,1.975936205,139,0,0,0,0,0,299.7
366,L47545,L,109.428404,308.4,1353,57.5,6.007894451,88,0,0,0,0,0,297.6
8017,M22876,M,128.1255767,312,1447,41.4,9.176092316,193,0,0,0,0,0,300.9
9377,H38790,H,346.8953211,308.4,1738,27.7,6.523970091,96,0,0,0,0,0,297.7
4328,H33741,H,351.9073675,310.1,1660,29.3,6.429709624,72,0,0,0,0,0,301.7
9984,L57163,L,182.2033562,308.4,1694,28.7,1.28313028,195,0,0,0,0,0,298.7
148,L47327,L,300.0864143,308.4,1515,40.1,7.663504107,179,0,0,0,0,0,298.4
1669,L48848,L,155.624484,307.9,1551,34.1,6.524584577,190,0,0,0,0,0,298.2
3089,M17948,M,397.6738563,309.1,1624,30.8,3.634253355,155,,0,0,0,0,300
8845,H38258,H,382.3842966,308.9,1645,30.8,5.112667195,196,0,0,0,0,0,297.4
7651,L54830,L,337.4305646,311.4,1343,57.7,7.162235847,142,0,0,0,0,0,
408,M15267,M,323.0631338,308.5,1600,42.1,6.357999733,190,0,0,0,0,0,297.4
9585,L56764,L,313.4027588,310.5,1529,41.3,9.007179917,17,0,0,0,0,0,299.3
7789,M22648,,121.439758,311.5,1547,40.9,7.088826205,66,0,0,0,0,0,
3457,H32870,H,160.856294,310.4,1610,38.6,9.909949907,16,0,0,0,0,0,301.4
6187,M21046,M,344.7562416,311,1413,46.6,1.818614632,30,0,0,0,0,0,301.1
4183,L51362,L,123.1745297,310.7,1362,54.8,9.481517091,155,0,1,0,0,0,302.4
3577,L50756,L,241.950086,310.4,1599,41.7,3.574069117,116,0,0,0,0,0,301.6
3272,M18131,M,192.9627471,310,1689,32.1,6.074266353,207,0,0,0,0,0,301.4
4941,L52120,L,137.4988613,312.6,1502,39.5,6.160794342,103,0,0,0,0,,303.6
1032,L48211,L,303.6789368,307.5,1549,36.1,5.031749577,58,0,0,0,0,0,296.4
8873,M23732,M,110.8547288,309.1,1614,38.1,6.363480787,62,0,0,0,0,0,297.9
6231,M21090,M,372.6853505,311,1641,33,5.959314685,145,0,0,0,0,0,301.3
6593,M21452,M,242.9994285,310.7,1457,47.8,1.972759157,7,,0,0,0,0,301.6
8907,L56086,L,272.5370065,308.7,1592,34.4,8.420627209,158,0,0,0,0,0,297.3
9812,L56991,L,261.1060405,309,1610,31.7,7.894016309,155,0,0,0,0,0,
6725,L53904,L,175.1002772,310.6,1560,36.8,3.018746497,113,0,0,0,0,0,301.3
8030,M22889,M,114.1886247,311.9,1629,35.3,1.472197911,0,0,0,0,0,0,300.6
8053,L55232,L,117.8437352,311.9,1403,45.7,2.192881791,54,0,0,0,0,0,300.5
856,L48035,L,291.053818,307.2,1615,,4.569435586,18,0,0,0,0,0,296.1
3927,L51106,L,209.1089763,311.5,1609,36,1.186587807,162,0,0,0,0,0,302.6
8548,M23407,M,320.795627,309.4,1666,24.3,4.692058938,68,0,0,0,0,0,298.4
79,L47258,L,333.006996,308.9,1398,,5.313329727,0,0,0,0,0,0,298.8
7089,M21948,M,225.1171456,310.3,1614,32.7,8.326120067,0,0,0,0,0,0,300.6
2248,M17107,M,343.7870501,308.4,1396,48.5,5.060656278,5,0,0,0,0,0,299.2
8264,H37677,H,317.8245833,310.6,1704,30.6,6.317058573,160,0,0,0,0,0,299.2
4027,M18886,M,346.054782,311,1574,34.1,3.855507227,215,0,0,0,0,0,302.1
9950,M24809,M,198.7083135,307.8,1411,53.4,8.695712405,110,0,0,0,0,0,298.2
9572,L56751,L,348.7615842,310.8,1589,,5.910290446,190,0,0,0,0,0,
9296,M24155,M,140.4735442,309,1413,47.9,2.037086155,97,0,0,0,0,0,298.2
715,L47894,L,303.0682959,308.6,1609,36.2,2.409397104,116,0,0,0,0,0,297.4
7452,L54631,L,342.2953296,311.8,1508,43.1,1.58720061,57,0,0,0,0,0,300.3
789,M15648,M,209.8904377,308.1,1440,46.3,6.955163005,64,0,0,0,0,0,296.9
2280,L49459,L,223.5734546,308.7,1525,39,4.792208211,90,0,0,0,0,0,
4096,H33509,H,263.3543506,310.5,1459,43.2,9.137451697,148,0,0,0,0,0,302
3898,M18757,M,151.2307894,311.1,1640,32.8,7.230735148,77,0,0,0,0,0,302.2
7945,L55124,L,356.220104,311.7,1414,49,8.89549469,10,0,0,0,0,0,300.8
7178,L54357,L,398.6328047,310.2,1415,,3.290607457,21,0,0,0,0,0,300.2
9077,L56256,L,141.0744716,308.1,1474,44.3,5.453632817,152,,0,0,0,0,297.2
9453,M24312,M,356.4317257,308.7,1392,53.4,9.722380375,104,0,0,0,0,0,298
3632,M18491,M,217.8524442,311.4,1419,36.2,9.123744829,47,0,0,0,0,0,302.1
8625,H38038,H,311.1232978,308.4,1490,39.7,9.583550551,34,0,0,0,0,0,297.5
7298,L54477,L,321.9200873,310.5,1500,39.8,4.473121395,107,0,0,0,0,0,300.1
6273,M21132,M,163.3983324,310.6,1429,52.7,5.573086775,35,0,0,0,0,0,301.1
425,L47604,L,390.4968071,308.4,1430,45.7,3.189097597,15,0,0,0,0,0,297.3
393,M15252,M,276.5198369,308.5,1490,43.4,2.057284553,154,0,0,0,0,0,297.6
3192,M18051,M,242.8259545,309.2,1732,33.7,4.328396582,218,0,0,0,0,0,300.1
17,M14876,M,287.5210967,309.2,1311,46.6,6.110880049,44,0,0,0,0,0,298.6
6336,M21195,M,184.3533774,309.8,1430,43.4,5.565342453,198,0,0,0,0,0,300.4
4201,L51380,L,316.0591607,311.1,1571,34.2,3.542401663,201,0,0,0,0,0,302.5
2673,L49852,L,240.6402397,309.3,1445,42.6,1.130989979,0,0,0,0,0,0,
2445,L49624,L,232.2327553,308.6,1267,68.2,7.31578556,76,,0,1,0,0,
6698,L53877,L,188.7011242,310.9,1643,34.1,1.1718893,44,0,0,0,0,0,301.6
6165,H35578,H,312.8327527,310.7,1656,30.7,2.595166077,200,0,0,0,0,0,300.9
2602,L49781,L,128.2113675,309.1,1399,52.1,2.436008667,27,0,0,0,0,0,299.3
3494,M18353,M,214.3929318,311,1638,35.4,1.121570344,116,0,0,0,0,0,301.9
6045,M20904,M,306.6676397,310.9,1522,41.7,5.08428535,115,0,0,0,0,0,300.8
1460,L48639,L,252.486769,310.3,1472,36.1,7.177196901,97,0,0,0,0,0,299
3805,L50984,L,115.1126586,310.9,1529,33.4,7.8369979,62,0,0,0,0,0,
9846,L57025,L,144.2843371,309.1,1421,47.4,9.286208459,33,0,0,0,0,0,298.3
7395,L54574,L,236.9728909,310.6,1479,38,8.358792656,137,0,0,0,0,0,299.7
4840,H34253,H,246.129891,311.9,1402,,8.056990083,54,0,0,0,0,0,303.4
8112,M22971,M,134.8031075,311.8,1553,33.1,9.432687051,209,1,0,0,0,0,300.4
3836,M18695,M,287.819805,311.1,1435,43.1,9.914550117,149,0,0,0,0,0,302.3
9314,L56493,L,131.6159526,309.4,1418,45.1,1.905665934,148,0,0,0,0,0,298.5
5684,M20543,M,261.6650165,311.6,1592,37.7,3.81949852,79,0,0,0,0,0,302.2
8749,L55928,L,116.7588812,308.5,1384,39.6,7.056214656,144,0,0,0,0,0,297.3
5828,L53007,L,189.1504526,311.1,1624,40.9,1.208675637,0,0,0,0,0,0,301.3
9749,M24608,M,337.7696196,310.1,1441,41.2,6.747406617,189,0,0,0,0,,298.9
4725,L51904,L,361.8938795,311.9,1771,31.6,4.120129881,202,0,0,0,0,0,303.4
8760,M23619,M,207.7671997,308.7,1352,53,7.001019541,171,,0,0,0,0,297.5
5888,H35301,H,332.6633255,311.1,1445,41.4,5.812657977,144,0,0,0,0,0,301.4
2356,M17215,M,135.8082539,308.5,1305,60.6,4.982860837,44,0,0,0,0,0,299.3
6037,M20896,M,307.6449238,311,1401,54.6,4.211863334,94,0,0,0,0,0,300.6
4799,L51978,L,200.2870787,312.5,1457,46.4,2.853609949,168,0,0,0,0,0,
2443,M17302,M,151.0158195,308.4,1332,51.7,7.600447542,71,0,0,0,0,0,299.1
8646,M23505,M,126.4564064,308.6,1492,35.5,8.28799736,88,0,0,0,0,0,297.6
4593,L51772,L,141.3391929,311.1,1555,33.9,4.661046041,96,0,0,0,0,0,302.9
8773,L55952,L,329.6829711,308.6,1621,28.9,2.844828225,0,0,0,0,0,0,
465,L47644,L,350.4591695,308.6,1511,35.7,5.518258502,120,0,0,0,0,0,297.3
164,M15023,M,201.9935141,308.2,1468,43.8,9.758318063,2,0,0,0,0,0,298.4
9262,H38675,H,186.7915815,309,1470,38.4,5.353878915,10,0,0,0,0,0,298.3
9434,M24293,M,146.2702857,308.7,1430,51.9,1.426532234,47,0,0,0,0,0,298
8406,M23265,M,284.9687967,309.5,1484,41.7,4.820571496,119,0,0,0,0,0,298.4
9778,L56957,L,364.2995092,309.6,1387,57.6,8.366136729,50,0,0,0,0,0,298.6
9479,L56658,L,252.0859674,309.6,1890,24,2.354643244,173,0,0,0,0,0,
7381,L54560,L,288.2969939,310.2,1743,24.8,3.419481875,99,,0,0,0,0,299.6
6637,M21496,M,379.1187907,310.5,1774,25.5,6.362207756,121,0,0,0,0,0,301.5
242,L47421,L,343.4329236,308.1,1777,24.3,8.497931768,200,0,0,0,0,0,298
2010,M16869,M,217.1521871,308.3,1717,28.7,1.670744716,29,0,0,0,0,0,298.6
6357,M21216,M,306.837245,309.7,1420,48.4,3.971620287,36,0,0,0,0,0,300.1
3085,H32498,H,366.4839134,309.4,1329,55.2,6.833446032,143,0,0,0,0,0,300.1
6209,M21068,M,169.6945272,310.6,1418,46.3,7.23537187,84,0,0,0,0,0,300.7
901,L48080,L,291.6138262,306.2,1569,35.1,5.014871193,140,0,0,0,0,0,
5543,L52722,L,261.264925,311.7,1400,41.6,1.47680125,136,0,0,0,0,0,302.3
6008,M20867,M,253.4940139,310.6,1349,54.5,1.766459095,19,0,0,0,0,0,300.7
7639,L54818,L,237.0150672,311.5,1661,35.9,9.888421528,110,0,0,0,0,0,300.5
6794,L53973,L,372.0284496,310.7,1608,31.4,5.808917783,86,0,0,0,0,0,301.3
8870,L56049,L,140.8297626,309,1528,37.5,6.864412981,54,0,0,0,0,0,297.9
7759,L54938,L,200.1085504,311.8,1689,30.8,3.283842742,196,0,0,0,0,0,300.4
4838,H34251,H,349.7839826,311.8,1806,27.7,5.396810852,44,0,0,0,0,0,303.3
2294,L49473,L,103.4051635,308.9,1520,38.3,6.451534711,122,0,0,0,0,0,299.5
6549,L53728,L,285.5835922,310.8,1770,24.1,2.025903909,112,0,0,0,0,0,301.4
7899,L55078,L,172.4006441,312.5,1423,47.3,3.980510953,123,0,0,0,0,0,300.8
7978,L55157,L,365.6628985,312.4,1378,59,6.437303053,95,,0,0,0,0,301.2
4482,M19341,M,165.0052697,310.4,1544,35.1,1.215484355,25,0,0,0,0,0,302.6
5303,L52482,L,239.1588709,313.1,1491,,2.940398286,195,0,0,0,0,0,303.9
4606,H34019,H,340.6617999,311,1469,48.7,5.79083012,130,0,0,0,0,0,302.9
3717,L50896,L,270.9812601,311.4,1609,32.3,5.600538206,49,0,0,0,0,0,
9072,L56251,L,253.5661471,308.1,1429,54,4.098912528,138,0,0,0,0,0,297
6141,L53320,L,395.9517771,310.7,1589,34.3,9.514661174,144,0,0,0,0,0,300.8
1765,H31178,H,219.2087967,307.6,1318,55.7,9.414937575,0,0,0,0,0,0,298.2
6599,L53778,L,370.4637834,310.7,1424,51.1,5.06122495,22,0,0,0,0,0,301.5
1550,L48729,L,135.3600837,308.9,1706,29.5,1.424029009,107,0,0,0,0,0,298.4
3030,L50209,L,236.5421355,309.5,1525,51.3,5.250329292,4,0,0,0,0,0,300.4
8654,M23513,M,134.1524975,308.3,1335,57.9,6.193910606,113,0,0,0,0,0,297.4
6299,L53478,L,366.709384,310.5,1428,44.1,5.061222824,103,0,0,0,0,0,301.1
6663,M21522,M,275.8089659,310.4,2093,18.7,5.097106646,190,,0,0,0,0,301.3
6627,L53806,L,224.1654876,310.6,1613,42.5,7.503480529,97,0,0,0,0,0,301.6
2045,L49224,L,315.4170942,309.1,1470,41.1,4.743787052,118,0,0,0,0,0,299.3
768,L47947,L,143.6832504,308,1546,31.1,7.414954044,11,0,0,0,0,0,296.9
5694,M20553,M,268.6530094,311.8,1453,42.1,4.123070622,105,0,0,0,0,0,302.4
7871,M22730,M,218.3434681,312.1,1293,52.3,7.484234293,49,0,0,0,0,0,300.6
7796,H37209,H,320.0500157,311.6,1674,29.6,7.661146823,85,0,0,0,0,0,300.1
1509,M16368,M,162.3925957,308.6,1507,37.3,4.180404553,217,0,0,0,0,0,298
7231,L54410,L,297.152385,309.8,1542,39.4,5.452806691,155,0,0,0,0,0,299.8
7858,L55037,L,112.3000435,311.9,1432,43.1,7.33141074,16,0,0,0,0,0,300.5
3303,L50482,L,127.3114381,310.5,1503,48.6,8.993709356,72,,0,0,0,0,301.3
4518,L51697,L,256.0069846,310.3,1520,31.6,6.118493754,121,0,0,0,0,0,302.4
4220,L51399,L,388.2031775,310.7,1717,26.8,3.568090091,27,0,0,0,0,0,301.9
9079,L56258,L,364.4541271,308.1,1566,35.7,3.836670639,156,0,0,0,0,0,297.3
9941,M24800,M,159.9189952,308.1,1722,28.6,7.242507784,89,0,0,0,0,0,298.3
3293,L50472,L,197.5248497,310.3,1400,44.3,7.976497994,47,0,0,0,0,0,301.3
820,L47999,L,379.993956,307.6,1398,46.7,9.255318676,144,0,0,0,0,0,296.8
1404,L48583,L,199.6093223,310.2,1372,48,6.567486286,174,0,0,0,0,0,299
1383,L48562,L,387.9671486,310.1,1653,30.3,2.850648012,119,0,0,0,0,0,298.8
2149,L49328,L,147.128342,308.9,1583,34.1,3.35975786,176,0,0,0,0,0,299.4
6929,L54108,L,213.7589043,311.7,1816,24.5,7.071017411,7,0,0,0,0,0,301.1
5672,H35085,H,154.8226837,311.6,1534,37.2,3.32996031,41,0,0,0,0,0,302.2
1639,L48818,L,336.145412,307.8,1397,45,3.024484313,104,0,0,0,0,0,297.9
5892,L53071,L,187.5617296,311,1334,53.3,3.900191689,157,0,0,0,0,0,301.4
7428,L54607,L,330.5713661,311.4,1634,31.9,6.994039156,0,0,0,0,0,0,300
609,L47788,L,135.6162127,309.9,1403,47.7,5.804039062,43,0,0,0,0,0,298
6908,L54087,L,175.1129693,311.3,1449,40.2,2.761237037,168,0,0,0,0,0,
400,L47579,L,231.4822221,308.4,1392,49.7,8.448600497,174,0,0,0,0,0,297.4
7248,M22107,M,381.7512679,310.1,1314,53.5,5.072895215,199,0,0,0,0,0,300
6407,L53586,L,230.9248198,309.8,1526,45.6,6.114925096,175,0,0,0,0,0,300.2
883,M15742,M,225.4115525,306.2,1739,25.9,5.830208783,94,0,0,0,0,0,295.7
3566,M18425,M,269.0532719,310.7,1420,52,8.33684964,88,0,0,0,0,0,301.8
4286,L51465,L,175.0071247,309.9,1317,49,9.436424218,187,0,1,0,0,0,301.7
1180,L48359,L,110.2999032,308.4,1441,43.4,6.394711478,14,0,0,0,0,0,297.3
5449,L52628,L,308.6853586,312.7,1551,41.8,1.585872067,111,0,0,0,0,0,
4245,L51424,L,320.4259482,310.9,1469,39.6,6.235377211,86,0,0,0,0,0,302.4
5219,L52398,L,310.4649039,312.9,1589,37.2,8.223475268,203,0,0,0,0,0,303.8
3977,H33390,H,130.9030838,311.4,1372,46,3.634280202,86,0,0,0,0,0,302.3
2131,L49310,L,141.5705383,309,1391,58.2,3.011905681,135,0,0,0,0,0,299.4
5079,M19938,M,382.3570653,313.4,1482,,3.594913608,41,0,0,0,0,0,
457,H29870,H,248.7765552,308.7,1478,47.6,7.920352308,98,0,0,0,0,0,297.3
5583,L52762,L,362.4167453,312,2052,18.9,4.860475725,40,0,0,0,0,0,302.5
5176,L52355,L,163.8224578,313.4,1740,23.7,1.659035173,86,0,0,0,0,0,304.2
1951,M16810,M,146.5861436,307.9,1479,47.6,9.548640216,76,0,0,0,0,0,298
5373,H34786,H,376.1005506,312.3,1509,46.8,7.381566747,175,0,0,0,0,0,302.9
690,H30103,H,131.5031788,309,1354,55.6,8.277104345,46,0,0,0,0,0,297.6
8853,L56032,L,390.8254543,308.9,1575,39.9,9.161253906,12,0,0,0,0,0,297.7
6526,L53705,L,217.7286323,310.4,1312,73.6,3.024628705,49,0,0,1,0,0,301.1
9822,L57001,L,381.9423221,309.4,1667,35.6,1.863709281,185,0,0,0,0,0,298.6
6489,L53668,,217.4708209,309.8,1330,54.4,1.767360018,171,0,0,0,0,0,300.7
6922,L54101,L,322.9762249,311.6,1432,48.1,8.882277506,202,0,0,0,0,0,301.1
1954,L49133,L,122.6523261,307.7,1593,34.9,1.395629254,83,0,0,0,0,0,297.9
7635,M22494,M,274.8627231,311.3,1506,40.7,6.061862973,98,0,0,0,0,0,
5637,L52816,L,372.223011,312,1447,45.5,4.329900782,173,0,0,0,0,0,302.6
7155,L54334,,190.1880183,310.1,1483,39.9,3.319067828,174,0,0,0,0,0,300.3
8425,L55604,L,279.2863634,310.6,1380,44.7,3.516364542,170,0,0,0,0,0,299.1
6611,L53790,L,342.2384274,310.4,1543,34,6.034817381,55,0,0,0,0,0,301.5
2711,L49890,L,175.634823,309.1,1574,39.2,5.952119412,83,0,0,0,0,0,299.6
8731,H38144,H,202.3838267,308.7,1569,33.9,3.700498587,93,0,0,0,0,0,297.3
3202,L50381,L,375.5523424,309.1,1479,47,1.142428046,22,0,0,0,0,0,300.2
4350,L51529,L,372.4473427,309.7,1595,31.4,1.147253444,133,0,0,0,0,0,301.9
4139,L51318,L,276.70839,310.2,1311,57.4,8.382328665,40,0,1,0,0,0,301.7
1885,M16744,M,120.5827437,307.6,1792,26,4.936108976,119,0,0,0,0,0,298
8640,L55819,L,280.7346532,308.4,1384,56,5.468181866,73,0,0,0,0,0,297.5
4486,L51665,L,284.8200665,310.4,1542,35.7,6.048616062,38,0,0,0,0,0,302.7
2495,L49674,L,280.0988161,308.8,1329,53.6,5.193382929,207,0,0,0,1,0,299.1
5948,M20807,M,209.0038246,310.8,1465,45.2,2.076212182,92,,0,0,0,0,300.7
3037,L50216,L,244.184665,309.6,1319,48.1,9.158682456,26,0,0,0,0,0,300.4
5778,L52957,L,233.0419094,311.1,1408,44.4,7.122419425,106,0,0,0,0,0,
3604,L50783,L,300.6848794,310.7,1542,40,8.440185337,188,0,0,0,0,0,301.7
846,L48025,L,270.0384806,307.3,1439,41.5,5.44510598,208,,0,0,0,0,296.3
543,L47722,L,232.9776473,309.4,1803,24.7,9.878428857,98,,0,0,0,0,297.5
3725,M18584,M,144.0845201,311.2,1507,47.7,2.278074809,70,0,0,0,0,0,302.3
4188,M19047,M,340.682418,310.7,1601,33,2.227523179,166,0,0,0,0,0,302.2
3680,L50859,L,224.0577463,311.5,1725,34,7.659352715,170,0,0,0,0,0,302.2
8900,M23759,M,389.7051413,308.5,1710,27.7,9.845520863,138,,0,0,0,0,297.3
7968,M22827,,329.7449508,312.2,1629,32.6,1.376865512,69,0,0,0,0,0,301
8486,L55665,L,121.4934438,309.5,1450,47.9,3.977736163,112,0,0,0,0,0,298.4
6076,L53255,L,145.8452986,310.9,1813,28.5,2.333342584,197,0,0,0,0,0,301
7341,L54520,L,253.3656725,310.3,1386,46.6,7.233048123,2,0,0,0,0,0,299.7
8226,L55405,L,256.4299024,310.5,1532,36.6,7.987041683,62,,0,0,0,0,299.1
7247,L54426,L,345.1973001,310.1,1681,29.1,9.068940723,197,0,0,0,0,0,299.9
9711,L56890,L,225.2194882,310.1,1336,61.3,4.867593915,94,0,0,0,0,0,299.1
8291,M23150,M,142.1523179,310.6,1679,35.8,6.015008471,14,,0,0,0,0,298.9
7138,M21997,M,287.2100736,310,1486,41.2,2.912454331,127,0,0,0,0,0,300.6
2965,L50144,L,320.9865772,309.5,1692,30.3,1.414348427,64,0,0,0,0,0,300.7
7560,M22419,M,363.6590984,311.4,1355,56.2,1.946889313,122,0,0,0,0,0,300.4
2530,M17389,M,106.2330876,308.6,1571,33.7,6.882483548,61,0,0,0,0,0,298.8
7285,M22144,M,397.6185653,310.3,1345,57.1,3.631631503,71,0,0,0,0,0,300.1
5773,L52952,L,299.3174917,311.3,1706,29.9,1.015134487,93,0,0,0,0,0,301.6
1049,L48228,L,184.6930126,307.6,1607,33.5,6.919494475,104,0,0,0,0,0,296.5
7046,M21905,M,323.4698275,310.6,1609,27.6,3.418495333,108,0,0,0,0,0,300.7
1961,L49140,L,350.727263,307.6,1446,51.4,4.186136314,105,0,0,0,0,0,297.8
2531,L49710,L,294.7438135,308.7,1438,51.7,5.713478082,64,0,0,0,0,0,298.9
9049,M23908,M,309.3257286,308.4,1370,50.5,5.978616019,71,0,0,0,0,0,297.3
7604,L54783,L,314.0610059,311.2,1406,43.6,8.033573701,22,0,0,0,0,0,300.4
6525,L53704,L,323.1417955,310.4,1874,24.8,5.572114899,47,0,0,0,0,0,301.1
238,M15097,M,342.1225033,308.1,1552,36.6,1.527797581,190,0,0,0,0,0,298
4918,M19777,M,123.5741338,312.2,1561,38.2,6.640306715,45,0,0,0,0,0,303.4
6480,L53659,L,228.9064663,309.8,1418,42.7,3.702678887,147,0,0,0,0,0,300.6
1134,M15993,M,192.928784,307.9,1418,47.9,9.938204062,127,0,0,0,0,0,296.8
6977,L54156,L,209.3500692,310.9,1344,46.7,8.254568996,133,0,0,0,0,0,300.6
5902,L53081,L,215.821162,310.7,1464,45.8,5.357600345,184,0,0,0,0,0,301
9058,M23917,M,255.6824695,308.4,1686,34.5,4.383924447,97,0,0,0,0,0,297.3
4260,L51439,L,295.6711915,311.2,1545,35.1,7.285624364,128,0,0,0,0,0,302.7
8841,M23700,M,152.5606721,308.7,1542,37,8.203238384,184,0,0,0,0,0,297.3
6966,L54145,L,396.0372103,311,1312,52.1,1.538590214,107,0,0,0,0,0,300.7
9980,L57159,L,262.5215895,308.3,1334,49.8,8.095330229,186,0,0,0,0,0,
793,L47972,L,342.001608,307.8,1373,42.9,5.931077071,74,0,0,0,0,0,296.8
1986,L49165,L,232.1071823,307.7,1537,40.8,9.884154514,169,0,0,0,0,,298.1
5657,M20516,M,339.5120998,311.5,1316,47.2,9.133453669,4,0,0,0,0,0,302.3
8740,H38153,H,226.0998048,308.7,1429,37.6,2.348551132,118,0,0,0,0,0,297.4
7936,M22795,M,358.0139707,311.9,1356,44.3,7.028913565,214,0,0,0,0,0,
6098,H35511,H,176.2073408,310.8,1477,38.4,8.770940648,31,0,0,0,0,0,300.9
5908,H35321,H,118.7188775,310.4,1419,46.4,8.65789549,200,0,0,0,0,0,300.8
7374,L54553,L,327.9095958,310.1,1553,38,1.712694201,83,0,0,0,0,0,299.6
8129,L55308,L,282.1878855,311.4,1629,31.3,9.672260682,41,0,0,0,0,0,
2979,H32392,H,247.8007479,309.4,1642,36.2,2.544741215,103,0,0,0,0,0,300.5
8862,L56041,L,238.3016228,309.1,1619,34.7,2.134450951,33,0,0,0,0,0,297.9
9302,M24161,M,235.595033,308.9,1459,50.3,4.426878952,115,0,0,0,0,0,298.1
6722,L53901,L,231.3943792,310.7,1280,61,7.660723933,106,0,0,0,0,0,301.4
7843,L55022,L,365.3843016,311.5,1659,31.1,9.526828033,203,0,0,0,0,0,300.1
5525,L52704,L,214.0681467,311.9,1633,30.9,9.624721862,89,0,0,0,0,0,302.6
8722,L55901,L,289.31261,308.7,1669,30.7,6.873571745,72,0,0,0,0,0,297.2
8432,H37845,H,193.1095036,310.1,1324,54.6,8.333975274,185,0,0,0,0,0,298.9
9009,M23868,M,210.0167875,308,1440,42.4,7.601149235,190,0,0,0,0,0,297.4
8604,H38017,H,172.0054773,308,1384,49.1,9.837215046,206,0,0,0,0,0,297.3
7175,L54354,L,244.0148382,310.2,1530,48.5,7.100583394,15,0,0,0,0,0,300.2
3920,H33333,H,146.5993884,311.5,1655,32.3,5.687757983,142,0,0,0,0,0,302.5
3139,L50318,L,212.4184741,309.9,1376,43.5,6.183848714,74,0,0,0,0,0,300.4
9417,M24276,M,308.428442,308.5,1463,45.9,9.191337783,3,0,0,0,0,0,298.1
9934,L57113,L,138.9771021,308.3,1597,32.4,4.558039578,69,0,0,0,0,0,298.3
5790,M20649,M,303.1633946,311.5,1416,49,3.52941223,136,0,0,0,0,0,301.8
4074,M18933,M,195.7027605,310.6,1412,46.5,4.060219111,89,0,0,0,0,0,301.9
3288,M18147,M,221.7047683,310.1,1558,32.6,2.206297213,34,0,0,0,0,0,301.2
3230,L50409,L,296.9108371,309.4,1442,43.2,4.684374836,96,0,0,0,0,0,300.6
1827,H31240,H,104.115577,307.3,1516,40.1,5.14069783,166,0,0,0,0,0,297.8
5549,L52728,L,268.0777162,311.8,1605,35.2,2.3871455,152,0,0,0,0,0,302.3
594,L47773,L,109.5672476,309.6,1312,50.7,7.370636963,0,0,0,0,0,0,297.5
2726,L49905,L,256.1334148,309.4,1555,34.8,1.349353741,122,0,0,0,0,0,299.8
4138,L51317,L,266.6470262,310.1,1384,50.5,4.045807208,38,0,0,0,0,0,301.7
561,L47740,L,311.593368,309.4,1318,58.2,9.732849665,146,0,0,0,0,0,297.5
7407,L54586,L,273.1916846,310.9,1545,40.7,5.832569087,166,0,0,0,0,0,299.8
8807,L55986,L,164.8429593,308.5,1692,34.3,7.963233764,83,0,0,0,0,0,297.4
8387,M23246,M,122.054463,309.9,1501,37.1,8.000184303,70,0,0,0,0,0,298.9
244,L47423,L,393.6009694,308.2,1442,44.1,7.494326748,204,0,0,0,0,0,298
7269,L54448,L,124.3922283,310.6,1543,36.2,4.074807112,30,0,0,0,0,0,300.5
5436,M20295,M,180.2045453,312.5,1524,42.1,7.459235024,76,0,0,0,0,0,303
4438,L51617,L,347.795843,310.2,1578,31.2,8.00878808,139,0,0,0,0,0,302.4
9685,H39098,H,351.3593821,309.9,1376,51,5.30463807,32,0,0,0,0,0,298.9
8107,M22966,M,374.60233,312,1596,30.4,8.085752404,191,0,0,0,0,0,300.4
406,L47585,L,290.8743333,308.5,1350,57.6,5.205477049,186,0,0,0,0,0,297.3
1443,M16302,M,359.7704017,310,1486,38.5,3.774842212,55,,0,0,0,0,298.8
262,L47441,L,263.9690296,308.2,1654,32.1,1.205305535,25,0,0,0,0,0,298.1
4407,L51586,L,153.9202524,310.3,1326,,9.025285762,55,0,1,0,0,0,302.5
7634,L54813,L,250.0757604,311.5,1441,44.6,3.689817226,96,0,0,0,0,0,300.4
9534,L56713,L,363.096483,310.5,1705,29.5,2.741477683,95,0,0,0,0,0,299.2
1690,L48869,L,350.0675899,307.5,1561,37.7,7.194244329,16,0,0,0,0,0,297.9
9867,L57046,L,226.6946382,309.9,1630,34,7.549980486,92,,0,0,0,0,299
1726,M16585,M,351.9040385,307.8,1392,50.4,8.813650325,101,0,0,0,0,0,298.3
8995,M23854,M,165.8002458,307.9,1980,20.3,2.371093474,159,0,0,0,0,0,297.1
4931,L52110,L,259.0008228,312.3,1663,33.9,9.072247244,78,0,0,0,0,0,303.4
5963,L53142,L,233.6077401,310.8,1728,26.3,2.220795899,125,0,0,0,0,0,300.5
2497,M17356,M,261.4130931,308.9,1573,37.4,2.676154642,212,0,0,0,0,0,299.2
9015,M23874,M,113.9816375,308.1,1340,61.3,6.266745423,207,0,0,0,1,0,297.2
6905,M21764,M,387.363333,311.5,1704,31.3,6.778353065,159,0,0,0,0,0,300.9
6107,L53286,L,230.556929,311,1432,48.1,8.746422554,59,0,0,0,0,0,300.9
8201,L55380,L,266.4403739,310.8,1426,42.4,9.149304881,0,0,0,0,0,0,299.3
341,L47520,L,140.4013511,308.1,1474,,6.725899735,20,0,0,0,0,0,297.4
2409,L49588,L,152.5358707,308.4,1356,52.6,4.256589606,188,0,0,0,0,0,299
1602,L48781,L,147.5136333,307.8,1597,38.2,3.959820541,11,0,0,0,0,0,297.8
9865,M24724,M,282.0025487,309.9,1645,31.4,5.154106579,86,0,0,0,0,0,298.9
8360,M23219,M,125.5257575,309.6,1525,42.4,8.369917648,2,0,0,0,0,0,298.6
5783,L52962,L,169.0620188,311.1,1455,39.8,8.672603403,118,0,0,0,0,0,
4577,M19436,M,120.1480677,311.1,1926,21.8,4.13607627,58,0,0,0,0,0,302.9
7972,L55151,L,162.492773,312.1,1405,46.1,3.566396909,79,0,0,0,0,0,301
3726,H33139,H,171.5636749,311.1,1543,37.5,3.130950892,73,0,0,0,0,0,302.3
2557,M17416,M,348.8067017,309.1,1449,47.9,2.405161491,131,0,0,0,0,0,
2786,L49965,L,298.9324258,309.5,1495,32.6,5.780690122,49,0,0,0,0,0,300.2
1524,L48703,L,307.1674838,309,1519,36.9,7.82672111,41,0,0,0,0,0,298.3
7718,L54897,L,147.4262707,311.6,1365,53,1.449148727,85,0,0,0,0,0,
2508,H31921,H,361.4794456,309.1,1410,47.1,9.967709272,9,0,0,0,0,0,299.2
2832,M17691,M,283.1503413,309.2,1490,47.9,3.604041636,163,0,0,0,0,0,300.3
1013,M15872,M,267.9849907,307.1,1433,38.5,2.90724997,14,,0,0,0,0,296.1
5281,L52460,L,343.4767595,312.9,1480,41.4,4.700316139,135,0,0,0,0,0,303.6
4896,M19755,M,374.0298264,312.4,1597,33.4,8.753158519,203,0,0,0,0,0,303.8
1767,M16626,M,118.526492,307.7,1717,,1.748435232,7,0,0,0,0,0,298.3
4552,M19411,M,150.0228289,310.5,1524,33.7,3.401312754,204,0,0,0,0,0,302.6
7122,M21981,M,246.499541,310.4,1375,44.7,4.683080495,87,0,0,0,0,0,
6550,H35963,H,228.1841175,310.6,1527,44,7.253805938,114,0,0,0,0,0,301.3
4038,M18897,M,158.3583993,310.8,1609,35.2,5.30286948,4,0,0,0,0,0,302
8271,M23130,M,201.0018408,310.8,1517,38.4,8.210113739,185,0,0,0,0,0,299.1
149,M15008,M,245.9466058,308.3,1379,48,8.840099992,181,0,0,0,0,0,298.3
286,L47465,L,399.6818975,308.3,1568,36,7.180991948,92,0,0,0,0,0,298.2
7801,M22660,M,109.8086954,311.4,1524,40.6,4.115693858,98,0,0,0,0,0,300.1
9652,M24511,M,349.9553123,310,1580,36,5.646983898,195,0,0,0,0,0,299.1
364,L47543,,160.5691918,308.3,1438,47.8,9.124396404,84,0,0,0,0,0,297.6
5368,M20227,M,384.1353201,312.5,1766,26.7,3.769419132,157,0,0,0,0,0,303.1
9946,L57125,L,227.1385067,308,1578,37.8,8.527473725,101,0,0,0,0,0,298.3
8411,L55590,L,385.4921843,309.5,1548,44.5,3.922018061,132,0,0,0,0,0,298.5
9454,H38867,H,274.1971914,309,1360,56.8,2.232512271,107,0,0,0,0,0,298.2
4726,M19585,M,332.641574,311.8,1515,42.6,5.626801253,204,0,0,0,0,0,303.4
7272,M22131,M,197.6955452,310.4,1293,49.7,6.311666628,37,0,0,0,0,0,300.3
6771,M21630,M,167.1485332,310.8,1509,40.1,6.011622637,25,0,0,0,0,0,301.3
4444,L51623,L,197.901935,310.3,1405,57.4,9.764165067,152,0,0,0,0,0,302.5
7447,L54626,L,198.0532568,311.8,1379,51,7.076246188,46,0,0,0,0,0,300.2
237,L47416,L,308.1174756,308.3,1495,38.7,7.394117773,188,0,0,0,0,0,298.1
7710,L54889,L,109.9284583,311.4,1445,41.5,9.517504381,66,0,0,0,0,0,300.5
9586,M24445,M,166.0409066,310.5,1563,42.1,3.603201055,19,0,0,0,0,0,299.3
2563,L49742,L,239.0757979,309.1,1551,39.1,7.441105425,147,0,0,0,0,0,299.3
7124,M21983,M,363.5248038,310.4,1576,40.4,7.540250366,92,0,0,0,0,0,300.9
8537,M23396,M,175.6502366,309.5,1426,45.4,9.120410498,38,0,0,0,0,0,298.6
9603,L56782,L,242.9207026,310.2,1705,32.5,9.616891408,63,0,0,0,0,0,298.9
5520,L52699,L,301.5014897,311.9,1452,47.4,2.582227376,77,0,0,0,0,0,302.5
9614,L56793,L,313.6552994,310.2,1377,62.5,5.443001404,92,0,0,1,0,0,299
3084,L50263,L,226.5460537,309.3,1712,28.5,6.022150783,141,0,0,0,0,0,300.1
2960,M17819,M,386.1729674,309.4,1589,35,3.09970593,52,0,0,0,0,0,300.7
2103,L49282,L,185.5114838,309.3,1325,62,4.772017778,47,0,0,0,0,0,299.3
633,H30046,H,380.5144182,310,1419,47.1,8.549083957,105,,0,0,0,0,298.3
6814,M21673,M,263.3881201,310.7,1420,43,6.457008197,133,0,0,0,0,0,300.9
2494,M17353,M,327.6172757,308.8,1418,45.7,7.268332476,204,0,0,0,0,0,299
2666,L49845,L,123.5088654,309.4,2256,15.9,5.255095992,201,0,0,0,0,0,299.8
8495,L55674,L,133.7318279,309.5,1542,36.7,4.400515873,134,0,0,0,0,0,298.3
8426,L55605,L,218.0007417,310.6,1567,38.4,5.474480703,172,0,0,0,0,0,299.2
9267,L56446,L,193.4551324,308.9,1737,25.5,8.945833567,26,0,0,0,0,0,298.2
4212,L51391,L,127.2825404,310.7,1314,52.8,5.306167004,8,,1,0,0,0,
3875,L51054,L,381.5296852,311.7,1254,54.1,3.087302521,19,0,0,0,0,0,302.6
2818,L49997,L,363.1460951,309.5,1417,41.1,5.997691349,129,0,0,0,0,0,300.2
8269,M23128,M,344.7699707,310.8,1502,39.8,6.440520903,177,0,0,0,0,0,299.2
9816,M24675,M,229.0322998,309.1,1576,38.8,7.472578907,167,0,0,0,0,0,298.4
7427,M22286,M,234.9354229,311.4,1692,29,5.688005508,216,1,0,0,0,0,300
8603,L55782,L,398.9544022,308.1,1729,31.7,2.593391991,204,0,0,0,0,0,297.4
8476,M23335,M,175.3338346,309.7,1557,37.7,8.850905247,86,0,0,0,0,0,298.5
1736,L48915,L,101.0715083,308,1380,47.6,3.358648272,130,0,0,0,0,0,298.4
7398,L54577,L,175.2194987,310.6,1737,26.1,2.146034084,144,,0,0,0,0,299.7
4256,M19115,M,331.2734152,311,1387,52.1,9.259847867,116,,0,0,0,0,302.5
8289,M23148,M,289.3001529,310.6,1640,33.8,5.4569406,9,0,0,0,0,0,298.8
2476,L49655,L,172.6476124,308.5,1459,43.1,6.649877122,147,0,0,0,0,0,298.9
9985,H39398,H,386.8738705,308.4,1432,42.8,5.231292787,197,0,0,0,0,0,298.7
3714,L50893,L,176.3260424,311.5,1565,35.6,9.458586513,41,0,0,0,0,0,
8979,L56158,L,193.687926,307.6,1435,,7.49228555,119,0,0,0,0,0,296.9
1805,L48984,L,362.0719567,307.7,1495,48.1,8.31109617,111,0,0,0,0,0,298.1
708,L47887,L,225.8358161,308.9,1838,27.3,2.199134217,99,0,0,0,0,0,297.7
9192,M24051,M,180.8579364,309,1970,21.6,2.238000607,37,0,0,0,0,0,
5190,M20049,M,326.7913024,313.2,1427,46.9,4.33259364,123,0,0,0,0,0,304.1
5473,L52652,L,390.5304217,312.3,1386,57.8,6.345431377,172,0,0,0,0,0,302.8
73,L47252,L,188.2200702,309.1,1369,44.4,4.475752522,198,0,0,0,0,0,298.9
7844,M22703,M,115.0266162,311.7,1400,48.5,3.593047138,205,0,0,0,0,0,300.1
5102,M19961,M,332.0791794,313.4,1518,42.4,5.156688548,105,0,0,0,0,0,304.1
6765,L53944,L,168.2523567,310.9,1536,38.3,2.450157387,9,0,0,0,0,0,301.4
1126,M15985,M,170.3824703,307.8,1375,51.4,2.828755724,108,0,0,0,0,0,296.7
1242,M16101,M,116.4257931,308.5,1621,32.4,8.248379906,194,0,0,0,0,0,297.1
8254,L55433,L,325.7934614,310.4,1657,31,5.485740303,129,0,0,0,0,0,299.1
2350,M17209,M,116.1722378,308.5,1386,42.2,8.384221166,30,0,0,0,0,0,299.3
6603,L53782,L,120.8359838,310.6,1374,46.7,8.561130805,32,0,0,0,0,0,301.5
6781,L53960,L,114.4752368,310.8,1560,38.5,8.730581545,52,0,0,0,0,0,301.3
4359,H33772,H,388.1325558,309.9,1606,34.5,1.120524042,156,0,0,0,0,0,302
1344,L48523,L,381.7083453,310.2,1676,32.7,3.008763952,18,0,0,0,0,0,298.5
9989,L57168,L,319.0885419,308.6,1771,24.1,5.337335066,213,0,0,0,0,0,298.9
8680,L55859,L,316.8800645,308.5,1456,54.2,6.377066877,179,0,0,0,0,0,297.3
9576,M24435,M,314.5506848,310.8,1603,35.4,3.02419721,202,0,0,0,0,0,299.6
6653,H36066,H,238.8497921,310.4,1580,35.7,7.849097616,161,0,0,0,0,0,301.5
1101,H30514,H,296.5342526,307.5,1695,30,9.039391759,33,0,0,0,0,0,296.8
7328,M22187,M,259.8089332,310.5,1576,39.4,8.925273314,183,0,0,0,0,,
7623,M22482,M,396.9806864,311.6,1473,31.5,4.80637286,69,0,0,0,0,0,300.6
988,M15847,M,186.2651441,307.1,1534,33.8,8.183350829,151,0,0,0,0,0,296.3
2853,M17712,M,274.53376,309.4,1347,50.1,2.655979038,213,0,0,0,0,0,300.5
631,L47810,L,127.7984966,310,1460,47.6,2.988362752,101,0,0,0,0,0,298.3
1250,L48429,L,321.2827638,308.7,1467,36.8,9.162760495,216,0,0,0,0,0,297.3
3180,L50359,L,197.4739544,309.3,1570,36.8,7.706576829,189,0,0,0,0,0,300.1
483,L47662,,324.9218854,309,1548,37.4,3.247708819,171,0,0,0,0,0,297.3
3041,L50220,L,335.6830074,309.5,1474,38.7,1.844085909,35,0,0,0,0,0,300.3
5011,L52190,L,210.1270171,312.8,1543,38.3,2.464655221,61,,0,0,0,0,303.7
8728,L55907,L,260.8969287,308.7,1501,38.5,7.945001848,86,0,0,0,0,0,297.2
7001,M21860,M,360.9965983,310.6,1463,45.5,4.115696363,196,0,0,0,0,0,300.6
3274,M18133,M,234.1672044,309.9,1565,36,7.016868517,213,0,0,0,0,0,301.3
7228,L54407,L,281.7361154,309.6,1720,27.1,6.092658951,146,0,0,0,0,0,
3684,M18543,M,211.9353244,311.2,1558,39.1,4.407229656,179,0,0,0,0,0,302
6675,L53854,L,137.8451867,310.7,1618,,4.139821302,218,0,0,0,0,0,301.5
6808,L53987,L,316.2800704,310.8,1549,41.4,6.950653605,121,0,0,0,0,0,301
9739,L56918,L,223.0401435,310,1509,38,8.999682377,168,0,0,0,0,0,299
1317,L48496,L,170.435692,310.3,1507,36.7,5.302423043,173,0,0,0,0,0,299
3226,L50405,,196.2294859,309.4,1474,40.7,1.449262625,87,0,0,0,0,0,300.6
1073,M15932,M,265.1615986,307.9,1414,46.2,4.729623841,165,0,0,0,0,0,297
4816,H34229,H,146.7064905,311.9,1534,33.2,7.231959491,210,0,0,0,0,0,303.4
8460,L55639,L,399.8745946,309.9,1651,29.5,2.215665964,42,0,0,0,0,0,
5753,H35166,H,238.7127322,311.8,1804,25,1.688363584,43,0,0,0,0,0,302.3
9146,L56325,L,157.1219459,308.5,1574,37.1,6.094677241,121,0,0,0,0,0,297.6
4617,L51796,L,253.1930308,311.4,1829,24.5,3.891116521,159,0,0,0,0,0,303.1
3098,M17957,M,123.1482181,309.2,1353,49.8,4.014604525,182,0,0,0,0,0,299.9
6870,L54049,L,137.9173255,311.2,1412,42.1,3.832790491,64,0,0,0,0,0,301
1301,L48480,L,259.92178,309.8,1322,57,5.131045959,140,0,0,0,0,0,298.7
7286,M22145,M,245.0726493,310.4,1202,61.7,8.826363603,74,0,0,0,0,0,300.2
6285,M21144,M,138.2888743,310.8,1734,31.3,8.587216126,64,0,0,0,0,0,301.2
5496,H34909,H,335.8265083,312.5,1357,55,6.611897362,12,,0,0,0,1,302.9
5292,L52471,L,283.9923149,313.3,1406,52.1,5.502052256,166,0,0,0,0,0,303.8
1799,M16658,M,332.7903057,307.5,1431,52.9,3.251845809,92,0,0,0,0,0,298
5204,M20063,M,331.4714286,312.6,1671,30.5,5.965117878,163,0,0,0,0,0,303.7
8228,M23087,M,126.3476399,310.4,1524,51.4,9.051757638,66,0,0,0,0,0,299.1
5048,M19907,M,103.432187,313.3,1680,29.3,5.310351439,158,0,0,0,0,0,304.1
6442,L53621,L,235.0468647,310.2,1639,31.4,5.268973262,48,0,0,0,0,0,300.7
8106,L55285,L,347.8483529,311.9,1476,48.7,4.435076709,189,0,0,0,0,0,300.4
2360,L49539,L,336.0541707,308.5,1413,38.5,7.761583767,57,0,0,0,0,0,299.3
9381,L56560,L,340.3587939,308.1,1435,45.7,9.307634979,110,0,0,0,0,0,297.4
3655,L50834,L,251.0090638,311.4,1603,35.9,8.388256424,104,,0,0,0,0,
7053,H36466,H,160.1749317,310.4,1510,42.8,1.845378742,124,0,0,0,0,0,300.6
1287,L48466,L,237.7739191,309.6,1582,40.3,9.712852391,103,0,0,0,0,0,
9127,L56306,L,240.3056068,308.5,1477,40.7,1.420973399,74,0,0,0,0,0,297.4
4446,L51625,L,391.8868466,310.2,1716,29.9,4.620373586,156,0,0,0,0,0,302.5
2138,L49317,L,152.0378555,308.9,1623,31.1,7.698012661,152,0,0,0,0,0,
6788,H36201,H,250.1340233,310.6,1388,58.5,2.787574472,68,0,0,0,0,0,301.1
9753,L56932,L,271.7335462,309.8,1561,32.6,5.48548806,201,0,0,0,0,0,298.6
8511,L55690,L,253.5329162,309.7,1484,44.3,9.863435913,173,0,0,0,0,0,298.3
9540,L56719,L,288.0601177,310.8,1424,47.7,4.381316851,109,0,0,0,0,0,299.4
6895,L54074,L,385.1448474,311.7,1408,46.3,9.944955054,135,,0,0,0,0,301.1
8570,L55749,L,275.9913987,308.6,1757,27.5,4.961678608,118,0,0,0,0,0,297.9
7152,H36565,H,272.5462909,309.9,1906,22.9,7.761527617,165,0,0,0,0,0,
964,L48143,L,372.5162002,306.6,1621,31.6,9.030500821,95,0,0,0,0,0,295.8
6013,H35426,H,264.9265012,310.9,1425,44,3.76909567,33,0,0,0,0,0,300.8
4883,L52062,L,386.3545063,312.5,1462,46.2,1.349826935,165,0,0,0,0,0,303.7
141,L47320,L,224.7309826,308.6,1511,36.1,3.484286771,157,,0,0,0,0,298.8
9033,L56212,L,228.749474,308.3,1723,28.8,5.959421501,33,0,0,0,0,0,297.4
6937,L54116,L,330.0097765,311.1,1471,40.7,6.070379288,26,0,0,0,0,0,300.6
6543,L53722,L,123.5612067,310.8,1543,36.9,6.640664481,97,0,0,0,0,0,301.4
5244,L52423,L,101.3894819,313.1,1721,34.8,6.418720042,50,0,0,0,0,0,303.7
4432,H33845,H,138.8999609,310.2,1443,54.6,4.158876819,120,0,0,0,0,0,302.3
407,L47586,L,391.7366767,308.6,1439,51.9,3.881537074,188,0,0,0,0,0,297.4
8213,H37626,H,141.6183781,310.5,1329,48.9,6.331372515,30,0,0,0,0,0,299.2
8377,L55556,L,174.6019915,309.8,1334,49.3,2.863329319,42,0,0,0,0,0,298.8
8628,L55807,L,143.2585328,308.3,1347,45.8,3.826038515,43,0,0,0,0,0,297.4
8235,L55414,L,312.8172093,310.6,1534,39.7,1.567423217,83,0,0,0,0,0,299.2
4400,L51579,L,319.4111556,310.1,1653,29.7,2.798086543,34,0,0,0,0,0,302.3
5253,L52432,L,198.6234729,313,1322,59.5,4.23920865,71,0,0,0,0,0,303.5
12,H29425,H,168.0224467,309.1,1423,44.3,2.883813514,29,0,0,0,0,0,298.6
4761,L51940,L,132.6507576,311.7,1546,38.5,6.232019373,64,0,0,0,0,0,303.6
1178,M16037,M,281.0457203,308.3,1604,,9.074215032,9,0,0,0,0,0,297.2
2864,L50043,L,358.9419232,309.4,1471,44.1,3.773695318,244,0,0,0,0,0,300.6
6472,L53651,L,224.9313985,309.6,1523,38.5,2.49661365,124,0,0,0,0,0,300.4
6229,L53408,L,205.8591486,310.9,1413,50.1,3.500747509,141,0,0,0,0,0,301.2
2990,L50169,L,195.2765118,309.8,1502,42.4,9.979900445,133,0,0,0,0,0,300.6
7118,L54297,L,333.9339927,310.5,1570,40.1,4.491041086,79,0,0,0,0,0,300.9
7011,M21870,M,247.9494295,310.5,1469,42.9,7.538493991,14,0,0,0,0,0,300.5
8558,L55737,L,140.1808291,309,1471,48.3,9.816138179,91,0,0,0,0,0,298.3
1441,M16300,M,142.3574655,309.9,1741,,5.930352495,50,0,0,0,0,0,298.8
9748,L56927,L,337.5785084,310.1,1481,47.4,3.750900628,187,0,0,0,0,0,298.8
2876,M17735,M,216.5652283,309.4,1877,23.8,4.849816959,31,0,0,0,0,0,300.5
9099,L56278,L,382.5611306,308.1,1468,,5.642322955,0,0,0,0,0,0,297.3
8789,L55968,L,149.1978805,308.5,1369,53.2,4.802012304,43,0,0,0,0,0,297.4
7233,M22092,M,281.6784087,309.9,1639,42.1,5.191512185,159,0,0,0,0,0,299.9
3727,M18586,M,376.5742128,311.2,1505,36.7,3.362645324,78,0,0,0,0,0,302.3
2773,L49952,L,325.4649319,309.4,1467,41.2,3.303904144,20,0,0,0,0,0,299.9
455,L47634,L,148.5273838,308.7,1468,46.6,6.323241207,94,0,0,0,0,0,297.4
8190,L55369,L,375.0840691,311,1983,21,5.391071967,201,0,0,0,0,0,299.7
1368,M16227,M,274.4965327,310.2,1581,,2.364653225,75,0,0,0,0,0,298.8
3713,L50892,L,128.5276132,311.5,1543,33.1,7.36425276,39,,0,0,0,0,302.3
9853,L57032,L,214.2129938,309.4,1316,51.4,5.769649228,52,0,0,0,0,0,298.6
1389,H30802,H,196.6365239,310.1,1491,45.3,1.816369629,133,0,0,0,0,0,298.9
1001,L48180,L,192.8745314,307.1,1654,29.6,4.773839493,188,0,0,0,0,0,296.3
7762,H37175,H,188.4003296,311.6,1715,30.8,8.059743439,203,0,0,0,0,0,300.4
3554,M18413,M,327.788076,310.8,1618,37.8,9.253672459,59,0,0,0,0,0,301.8
4115,L51294,L,168.3242917,310.6,1358,53.1,3.543143433,194,0,0,0,0,0,302
1668,L48847,L,241.1280723,307.9,1769,27.2,1.306399471,188,0,0,0,0,0,298.2
3174,L50353,L,159.6151194,309.6,1624,32.6,8.115513224,175,0,0,0,0,0,300.3
9398,M24257,M,102.8430058,308.2,1370,53.4,9.580228868,162,0,0,0,0,0,297.7
489,L47668,L,369.8093438,309.2,1584,42.8,8.877718005,186,0,0,0,0,0,297.4
3231,L50410,L,375.4939101,309.4,1556,36,9.025576912,98,0,0,0,0,0,300.6
3829,M18688,M,258.7627663,310.8,1762,27.8,7.160927515,127,,0,0,0,0,302.3
8652,M23511,M,319.0232123,308.4,1564,35,8.397468035,105,0,0,0,0,0,297.4
5209,L52388,L,134.7238425,312.7,1664,29.3,8.800769608,178,0,0,0,0,0,303.8
7849,H37262,H,384.3248956,311.6,1547,,8.848672567,217,0,0,0,0,0,300.2
5705,L52884,L,119.1958559,311.8,1335,,3.290808147,135,0,0,0,0,0,302.5
9640,L56819,L,289.1887401,310.4,1725,26.8,1.119955639,167,0,0,0,0,0,299.3
8134,L55313,L,146.127613,311.1,1466,46.1,5.626985463,58,0,0,0,0,0,299.8
704,H30117,H,247.4981207,308.9,1479,40.9,2.9390513,87,0,0,0,0,0,297.7
5106,L52285,L,155.8346861,313.4,1374,56.6,4.470332397,115,0,0,0,0,0,304.1
8894,L56073,L,393.0897189,308.7,1371,46.5,9.472892867,121,0,0,0,0,0,297.5
3292,M18151,M,190.8557291,310.1,1479,45.5,6.924047077,44,0,0,0,0,0,301.2
8126,L55305,L,280.1207668,311.4,1452,47.8,7.313687014,34,0,0,0,0,0,300.2
9632,L56811,L,152.7943415,310,1672,,4.003876539,144,0,0,0,0,0,299
9022,M23881,M,144.5789229,308.2,1536,34.6,6.382158991,4,0,0,0,0,0,297.4
4910,L52089,L,335.5241595,312.4,1481,43.7,5.229771521,20,0,0,0,0,0,
4441,L51620,L,337.4792052,310.3,1446,44,5.017117752,146,0,0,0,0,0,302.5
987,H30400,H,122.7717173,307.1,1638,32.5,8.675252039,146,0,0,0,0,0,296.4
9237,L56416,L,364.0193224,308.7,1556,31.6,6.070642688,145,0,0,0,0,0,298.1
9884,H39297,H,163.5909822,309.6,1654,34.3,7.750821577,136,0,0,0,0,0,298.7
7706,L54885,L,347.2159093,311.5,1316,49.7,1.641220422,55,0,0,0,0,0,300.5
6258,L53437,L,229.2778369,310.7,1376,49.1,9.99197551,0,0,0,0,0,0,301.1
6090,L53269,L,113.3380785,310.7,1509,37.5,1.594321617,12,0,0,0,0,0,300.9
5239,L52418,L,344.4468879,313,1457,44.1,3.080251088,40,0,0,0,0,0,303.7
1199,H30612,H,397.9289706,307.9,1557,36.5,1.307059121,63,0,0,0,0,0,296.9
9071,L56250,L,378.0677163,308.2,1427,,1.501864975,136,0,0,0,0,0,297.1
7520,L54699,L,329.6947323,311.6,1999,21,9.394558058,19,0,0,0,0,0,300.2
6813,L53992,L,189.8433393,310.6,1350,53.8,6.104198774,131,0,0,0,0,0,300.9
8321,M23180,M,102.6856868,309.7,1453,47.7,6.780098434,101,0,0,0,0,0,298.8
7176,L54355,L,127.8353332,310.1,1569,43.5,5.394356886,17,0,0,0,0,0,300.1
4471,L51650,L,363.5356184,310.6,1564,34.3,9.516663344,0,0,0,0,0,0,302.7
892,L48071,L,234.8770792,306.1,1408,47.9,1.871847975,117,0,0,0,0,0,295.7
1970,H31383,H,282.3146973,307.5,1631,31.3,4.28816051,124,0,0,0,0,0,297.8
5758,L52937,L,355.8086636,311.3,1366,55.6,6.031684708,57,0,0,0,0,0,301.9
6528,L53707,L,305.8366618,310.4,1516,44.4,2.673580025,53,0,0,0,0,0,301.2
6295,L53474,L,208.6830675,310.5,1529,38.7,5.445269837,91,0,0,0,0,0,301.1
7596,H37009,H,301.9182176,311.2,1397,45.2,9.96438462,2,0,0,0,0,0,300.5
3250,L50429,L,358.1212045,309.8,1493,38.9,4.080927495,149,0,0,0,0,0,301.1
6571,L53750,L,315.646118,310.6,1634,31.1,5.70942083,171,0,0,0,0,0,
6639,L53818,L,191.1835262,310.5,1453,44.2,9.676944235,129,0,0,0,0,0,301.5
7352,L54531,L,217.4207443,310.2,1458,43.4,6.900298895,28,0,0,0,0,0,299.7
9173,L56352,L,182.7235888,308.9,1715,27.2,8.059040458,193,0,0,0,0,0,
7474,M22333,M,331.7959872,311.6,1304,62.8,4.647133287,118,0,0,0,0,0,300.3
9602,L56781,L,190.9375284,310.1,2109,18,6.043244235,61,0,0,0,0,0,298.9
8674,L55853,L,313.8802282,308.6,1494,42.6,4.830903521,161,0,0,0,0,0,297.4
1240,H30653,H,137.6188691,308.5,1482,39.3,8.961230163,187,0,0,0,0,0,297.2
2290,L49469,L,157.4963639,308.7,1504,37.8,4.935332651,112,0,0,0,0,0,299.4
2741,L49920,L,168.8567755,309,1525,42.8,7.179659362,160,0,0,0,0,0,299.6
4586,L51765,L,132.7605638,311.1,1563,32.2,4.878454144,78,0,0,0,0,0,302.8
1230,L48409,L,279.5852391,308.4,1304,53.5,6.809530007,153,0,0,0,0,0,297.1
6981,L54160,L,375.105593,311.3,1505,45.5,1.317402295,141,0,0,0,0,0,300.8
5179,H34592,H,178.9302646,313.2,1517,43.1,9.801358681,96,0,0,0,0,0,304
4294,L51473,L,338.3881327,310,1393,44.9,9.931263687,208,0,0,0,0,0,301.8
1059,L48238,L,102.3753916,307.8,1605,31.3,2.989771299,128,,0,0,0,0,296.7
6263,L53442,L,203.6475351,310.6,1641,33.4,8.293672722,12,0,0,0,0,0,301
282,L47461,L,122.2350468,308,1626,36.5,1.155071031,83,0,0,0,0,0,298.1
969,L48148,L,330.2773288,306.7,1547,40.9,4.893342779,107,0,0,0,0,0,295.9
3954,M18813,M,149.228306,311.4,1484,39.5,3.107148011,22,0,0,0,0,0,302.3
1940,M16799,,320.8185215,307.9,1303,53.9,7.696586575,52,0,0,0,0,0,298.1
8465,H37878,H,219.8746134,309.7,1672,27.5,9.578275072,54,0,0,0,0,0,
1275,H30688,H,168.2997205,309.5,1530,40.2,5.846756866,65,0,0,0,0,0,
620,L47799,L,344.2199959,310,1507,44.7,1.533916112,73,0,0,0,0,0,
8506,L55685,L,106.4583906,309.7,1530,38.6,1.361183376,161,0,0,0,0,0,298.4
1743,L48922,L,132.1088664,308,1379,49.6,2.539026742,152,0,0,0,0,0,298.5
1391,L48570,L,119.408765,310.2,1409,54.8,4.551854785,140,0,0,0,0,0,298.9
2204,L49383,L,269.8782794,309,1614,30.8,9.214725521,100,0,0,0,0,0,299.8
3569,L50748,L,338.0494638,310.6,1372,54.7,2.466195188,95,0,0,0,0,0,301.8
6117,L53296,L,308.4920878,310.9,1453,43.9,3.270561742,84,0,0,0,0,0,300.8
9971,H39384,H,377.5410557,308.1,1891,24.7,5.935788032,158,0,0,0,0,0,298.4
6053,L53232,L,322.4915112,311,2003,20.2,4.564018014,138,0,0,0,0,0,300.9
3179,M18038,M,166.7018214,309.4,1329,53.6,4.329676339,186,0,0,0,0,0,300.2
3193,M18052,M,314.7607078,309.2,1418,39.8,2.836528729,221,0,0,0,0,0,300.1
6100,H35513,H,325.6632294,310.7,1609,28.7,8.908958238,39,0,0,0,0,0,300.9
7030,L54209,L,347.5233549,310.6,1454,,3.62471427,67,0,0,0,0,0,300.6
576,M15435,M,214.8582724,309.9,1410,55.4,2.528314638,188,0,0,0,0,0,297.9
6657,M21516,M,173.7532176,310.4,1553,44.7,6.110509252,173,0,0,0,0,0,301.4
7116,M21975,M,209.0454219,310.6,1460,53.6,9.737606307,74,0,0,0,0,0,301
8803,L55982,L,320.7315623,308.6,1524,43.1,4.422528873,73,0,0,0,0,0,297.4
6277,L53456,L,211.7990163,310.8,1233,,6.242676253,45,0,0,0,0,0,
8985,L56164,L,299.1171151,307.8,1406,60.4,3.361269523,133,0,0,0,0,0,297.1
5898,M20757,,354.8506304,310.7,1517,40.2,5.807665396,171,0,0,0,0,0,301
5725,L52904,L,280.2711104,311.8,1433,50.3,4.731980672,183,0,0,0,0,0,302.3
270,L47449,L,264.574583,308,1524,37,4.189153811,49,0,0,0,0,0,298
630,L47809,L,343.4710748,310.1,1523,45.9,8.148366962,99,0,0,0,0,0,298.3
3082,M17941,M,244.8984813,309.3,1932,21.8,3.72364744,135,0,0,0,0,0,300
3467,L50646,L,227.4492985,310.6,1447,56.9,5.344725166,47,0,0,0,0,0,
6431,L53610,L,246.882303,309.8,1523,39.2,3.735866297,24,0,0,0,0,0,300.3
9312,L56491,L,283.0378538,309.4,1540,43.2,1.630264975,141,0,0,0,0,0,
7063,M21922,M,343.5397593,310.4,1407,51.1,6.115398367,157,0,0,0,0,0,300.6
9728,L56907,L,226.304222,309.8,1461,39.4,6.429848675,141,0,0,0,0,0,298.8
5544,L52723,L,251.1382807,311.8,1255,59,2.246250817,138,0,0,0,0,0,302.4
4357,L51536,L,125.1484494,309.8,1649,31,6.217881784,152,0,0,0,0,0,302
2114,L49293,L,306.4440106,309.1,1863,22.5,7.927298982,79,,0,0,0,0,299.5
8220,L55399,L,393.7274346,310.4,1504,34.3,9.049712052,48,0,0,0,0,0,299
3217,L50396,L,267.0402607,309.5,1653,27.6,7.994179726,62,0,0,0,0,0,300.5
3815,M18674,M,165.3532574,310.6,1326,59.1,1.548514621,88,0,1,0,0,0,302.1
8322,L55501,L,156.9765361,309.6,1442,50,7.358755103,104,0,0,0,0,0,298.8
8590,M23449,M,198.6983318,307.8,1538,48,6.960162979,171,0,0,0,0,0,297.3
2279,M17138,M,152.2164593,308.7,1459,35.6,4.685046211,87,,0,0,0,0,299.3
4600,L51779,L,338.8756476,311.1,1420,55.8,5.687915816,113,0,0,0,0,0,303.1
14,M14873,M,325.4053835,309.2,1742,30,5.870006661,37,0,0,0,0,0,298.6
9226,L56405,L,180.8815729,309.1,1820,23.6,9.522722746,120,0,0,0,0,0,298
1526,L48705,L,265.7713632,309,2449,13.8,8.606143695,45,0,0,0,0,0,298.2
2366,L49545,L,171.7745276,308.5,1845,22.9,1.507917616,76,0,0,0,0,0,299.4
4649,L51828,L,287.0731834,311.4,1630,32.5,1.537950054,2,0,0,0,0,0,303.3
375,L47554,L,203.1761594,308.3,1431,43,3.49634603,113,0,0,0,0,0,297.4
8522,L55701,L,324.9259106,309.5,1376,50.4,9.362170759,202,0,0,0,0,0,298.4
6478,L53657,L,147.0624257,309.7,1841,24.6,4.119497431,143,0,0,0,0,0,300.5
526,L47705,L,135.6022965,309.4,1466,45.5,1.459157005,53,0,0,0,0,0,297.4
6896,M21755,M,395.2022363,311.6,1357,45.6,7.215309212,137,0,0,0,0,0,301
3592,M18451,M,235.9485123,310.5,1458,41.4,1.067228419,153,0,0,0,0,0,301.7
7905,M22764,M,325.1827212,312.4,1811,25.1,2.944140775,136,0,0,0,0,0,300.8
2959,M17818,M,147.9222128,309.5,1481,44.5,8.501877945,49,0,0,0,0,0,300.8
530,L47709,L,372.7821464,309.5,1569,36.2,5.332187661,63,0,0,0,0,0,
3715,M18574,M,382.021031,311.4,1855,23.9,2.078382936,43,0,0,0,0,0,
4733,L51912,L,121.1236101,311.7,1539,38.5,3.757462891,221,0,0,0,0,0,303.3
1395,L48574,L,174.8357033,310.4,1527,44,3.886287327,149,0,0,0,0,0,299.1
5632,L52811,L,166.872874,312.2,1515,36.8,5.546979393,162,0,0,0,0,0,302.8
6564,L53743,L,362.4512013,310.7,1942,20.5,4.287276542,155,0,0,0,0,0,301.5
4704,M19563,M,332.4757878,311.8,1432,42.5,6.954715192,150,0,0,0,0,0,303.6
1713,L48892,L,398.3517198,307.9,1551,33.8,2.043693257,72,0,0,0,0,0,298.3
9756,H39169,H,386.2214487,309.7,1561,35.3,9.542393628,208,0,0,0,0,0,298.5
956,L48135,L,301.4902606,306.3,1911,20.9,8.460572852,74,0,0,0,0,0,295.6
6676,L53855,L,132.4380103,310.6,1579,28,5.217734137,220,0,0,0,0,0,301.5
3454,L50633,L,167.4270019,310.4,1425,54.4,9.647683345,7,,0,0,0,0,301.5
2072,M16931,M,233.0083837,309.6,1313,60,2.804837747,186,,0,0,0,0,299.7
9741,M24600,M,324.941024,310.1,1655,31.5,7.978384391,172,0,0,0,0,0,298.9
159,M15018,M,131.7034666,308.2,1499,40,4.598092005,211,0,0,0,0,0,298.4
7006,M21865,M,317.7796444,310.7,1339,52.9,4.409067078,0,0,0,0,0,0,300.6
353,M15212,M,121.4626949,308.4,1507,46,7.219702527,51,0,0,0,0,0,297.6
6079,L53258,L,275.9914758,310.7,1339,59.1,8.317730848,203,0,0,0,1,0,300.8
6237,M21096,M,180.2661656,310.9,1512,36.9,9.395236436,159,0,0,0,0,0,301.3
2921,L50100,L,132.7187996,309.7,1598,33.7,6.930531203,149,,0,0,0,0,
4645,L51824,L,374.576392,311.4,1514,41.2,8.005184907,230,0,0,0,0,0,303.2
662,M15521,M,318.2553325,309,1427,45.6,8.786706529,179,0,0,0,0,0,297.6
7058,L54237,L,242.1164188,310.6,1666,36.2,7.099102967,144,0,0,0,0,0,
3666,M18525,M,347.8500512,311.8,1358,50.6,4.595358422,133,0,0,0,0,0,302.4
7980,M22839,M,171.5377671,312.4,1428,36.6,8.088656035,99,0,0,0,0,0,301.2
307,L47486,L,315.0960567,308.4,1374,47.1,4.118863433,150,0,0,0,0,0,297.8
4791,L51970,L,179.6712028,312.8,1443,40.7,5.310881928,145,0,0,0,0,0,303.8
2357,H31770,H,291.530143,308.6,1498,39.5,7.561908358,47,0,0,0,0,0,299.3
1928,H31341,H,257.779695,307.8,1314,47.8,1.608586304,19,,0,0,0,0,298
9940,H39353,H,320.1367071,308.1,2636,12.8,3.772196129,84,0,0,0,0,0,298.3
3428,L50607,L,222.9265056,310.6,1562,34.4,9.338679616,162,0,0,0,0,0,301.6
3639,M18498,M,150.4998509,311.5,1445,44.8,6.780334043,65,0,0,0,0,0,302.3
1267,L48446,L,264.6215924,309.6,1633,34.8,2.478225496,41,0,0,0,0,0,298
1561,M16420,M,262.211821,308.4,1510,39.9,1.803344586,134,0,0,0,0,0,298.2
7180,L54359,L,107.8197269,310.1,1523,42.3,5.135901444,25,0,0,0,0,0,300.2
4110,M18969,M,258.9683661,310.6,1475,47.8,8.245563539,179,0,0,0,0,0,301.9
7868,L55047,L,163.3595994,312,1461,38.1,4.231985046,39,0,0,0,0,0,300.5
4905,H34318,H,116.3832216,312.4,1480,50.7,2.427432602,2,0,0,0,0,0,303.6
7295,L54474,L,320.160977,310.6,1809,24.3,6.621981604,97,0,0,0,0,0,300.1
515,L47694,L,303.1576607,309.2,1620,33.2,1.589090094,28,0,0,0,0,0,297.4
895,L48074,L,248.444006,306.2,1426,48.6,1.907557176,124,0,0,0,0,0,295.6
22,L47201,L,386.8165327,309.3,1450,44.8,9.63050284,63,0,0,0,0,0,298.8
900,H30313,H,202.5034189,306.2,1329,55.3,7.955541929,135,0,0,0,0,0,295.6
208,M15067,M,104.7781307,308.7,1421,60.7,9.802962712,119,0,0,1,0,0,298.4
459,L47638,L,381.9370975,308.6,1486,42.6,9.537322581,105,0,0,0,0,0,297.3
2431,M17290,M,205.8193682,308.2,1335,47.8,9.504784146,40,0,0,0,0,0,298.9
8443,L55622,L,175.4272875,310,1517,39,4.39018571,4,0,0,0,0,0,298.6
3390,M18249,M,329.2098207,310.7,1416,53.2,8.284869747,69,0,0,0,0,0,301.5
3912,M18771,M,265.7628014,311.3,1339,50.8,6.142310357,123,0,0,0,0,0,302.3
5384,L52563,L,297.735366,312.3,1504,40.3,5.782736682,204,0,0,0,0,0,302.8
553,M15412,M,154.3488389,309.3,1622,35,6.963081375,123,0,0,0,0,0,297.4
3145,M18004,M,206.4071578,310,1478,36.3,3.297687152,95,0,0,0,0,0,300.6
6918,L54097,L,335.3304202,311.4,1481,37.5,9.168901631,193,0,0,0,0,0,301
2057,L49236,L,140.6667752,309.3,1333,54.1,1.038624269,147,0,0,0,0,0,299.5
1926,L49105,L,169.6997239,307.7,1537,37.7,7.471570437,15,0,0,0,0,0,297.9
635,L47814,L,356.9855266,309.9,1507,,9.627798594,112,0,0,0,0,0,298.3
6083,L53262,L,258.0908705,310.7,1352,46.4,5.327720246,212,0,0,0,0,0,300.9
9271,L56450,L,391.7535997,308.8,1302,60.4,4.966063327,34,0,0,0,0,0,298.2
9679,M24538,M,392.8592213,310.2,1711,28.1,2.636942358,17,0,0,0,0,0,299.1
106,L47285,L,240.0248297,308.7,1591,31.1,6.080301754,68,0,0,0,0,0,298.8
3042,L50221,L,297.4320926,309.5,1543,38.9,8.583998666,37,0,0,0,0,0,300.4
1710,L48889,L,319.4267459,307.8,1749,26.1,5.23252035,66,,0,0,0,0,298.2
90,M14949,M,290.606706,308.9,1487,39.5,2.099245827,30,0,0,0,0,0,298.9
7015,H36428,H,158.3680695,310.5,1403,47.7,1.405866558,24,0,0,0,0,0,300.5
3175,L50354,L,273.7853504,309.6,1600,34.6,1.583849416,177,0,0,0,0,0,300.3
918,L48097,L,259.9657256,305.7,1475,51,7.30785014,187,0,0,0,0,0,295.3
7834,L55013,L,227.2675861,311.4,1604,38.7,5.817026704,185,0,0,0,0,0,300
6733,L53912,L,395.7209477,311,1503,44.8,2.397308198,134,0,0,0,0,0,301.7
1950,M16809,M,161.9714056,308,1543,41.9,6.844541581,73,,0,0,0,0,298.1
6369,M21228,,362.4024774,309.6,1423,48.7,7.814401941,67,0,0,0,0,0,300
2,L47181,L,102.899251,308.7,1408,46.3,8.571888999,3,0,0,0,0,0,298.2
8033,L55212,L,269.5952999,312,1416,,3.692398028,7,0,0,0,0,,300.8
6048,H35461,H,222.4461242,311,1853,23.6,9.625854134,122,0,0,0,0,0,300.9
2721,L49900,L,128.8121907,309.2,1559,39.1,4.253874234,110,0,0,0,0,0,299.6
9813,M24672,M,234.1124626,309.1,1411,45.8,7.812137352,157,0,0,0,0,0,298.2
3118,M17977,M,204.0835585,309.3,1469,,7.037461627,20,,0,0,0,0,300.1
9466,M24325,M,331.5036946,309.4,1460,43.8,2.729244646,138,0,0,0,0,0,298.6
3763,M18622,M,301.8326539,311,1526,37.7,4.301396978,171,0,0,0,0,0,302.3
214,L47393,L,141.8494904,308.7,1386,,5.062882509,135,0,0,0,0,0,298.4
779,L47958,L,323.4058186,308,1580,32.2,5.946147272,39,0,0,0,0,0,296.7
3497,L50676,L,227.9986084,310.9,1309,48,6.52168724,124,,0,0,0,0,301.9
8818,H38231,H,153.3532775,308.6,1376,53.5,4.041233551,112,0,0,0,0,0,297.3
2044,M16903,M,283.2156623,309,1597,30.3,5.21426786,115,0,0,0,0,0,299.2
5421,L52600,L,222.113194,312.3,1512,34.2,7.043409813,44,0,0,0,0,0,302.6
6155,M21014,M,267.0906588,310.9,1765,24.2,3.611422349,179,0,0,0,0,0,301
8358,L55537,L,146.767249,309.5,1385,46.3,5.011636367,203,1,0,0,0,0,298.5
8708,L55887,L,211.5423693,308.5,1471,41.7,8.216931295,41,0,0,0,0,0,297.2
8466,M23325,M,363.1764659,309.8,1475,40.5,4.5280653,59,0,0,0,0,0,298.7
4168,M19027,M,323.0786096,310.7,1559,33.9,1.871233842,119,0,0,0,0,0,302.3
3789,L50968,L,369.8472728,310.8,1511,48.1,5.873713968,24,0,0,0,0,0,302.3
584,H29997,H,168.1343767,309.6,1697,32.2,7.376583923,210,0,0,0,0,0,297.7
9912,M24771,M,147.4774071,309,1481,40.8,8.891285522,6,0,0,0,0,0,298.6
9987,M24846,M,258.4680863,308.6,1507,42.3,2.073367448,207,0,0,0,0,0,298.8
117,L47296,L,357.5667763,308.7,1564,34.1,9.390055993,99,0,0,0,0,0,298.9
6645,L53824,L,354.8447955,310.6,1565,43.9,8.242903733,142,0,0,0,0,0,301.5
9034,L56213,L,256.2072106,308.2,1386,41,5.714747436,35,0,0,0,0,0,297.4
9952,L57131,L,121.0979524,307.8,1355,59.4,9.643610458,115,0,0,0,0,0,
8960,L56139,L,249.0257532,308,1420,,7.852691271,73,,0,0,0,0,297.3
1764,L48943,L,290.428057,307.6,1511,31,2.678837449,209,1,0,0,0,0,298.2
1876,L49055,L,290.0231041,308,1363,50.1,6.413413318,96,0,0,0,0,0,298.3
3225,M18084,M,137.32055,309.5,1557,33.8,7.596999975,84,0,0,0,0,0,300.6
527,L47706,L,106.6595279,309.5,1373,50.6,9.596028765,55,0,0,0,0,0,297.6
7726,L54905,L,211.5451624,311.7,1744,26.9,4.980246198,111,0,0,0,0,0,300.6
2947,M17806,M,167.5439657,309.5,1622,30.5,6.88632979,14,0,0,0,0,0,300.7
4474,L51653,L,143.246153,310.5,1551,35.9,6.268772841,6,0,0,0,0,0,
5656,L52835,L,387.8633133,311.5,1387,47.3,6.77967411,2,0,0,0,0,0,302.3
6060,L53239,L,201.9054013,311,2235,15.8,5.031132932,156,0,0,0,0,0,300.9
960,L48139,L,108.4833115,306.5,1505,35.2,7.546556215,86,0,0,0,0,0,295.8
6343,M21202,M,128.5514033,309.8,1444,42,8.232372194,3,0,0,0,0,0,300.3
3634,M18493,M,254.7185605,311.3,1521,40.6,9.364006519,52,0,0,0,0,0,302.2
1051,L48230,L,289.2867115,307.6,1671,28.8,1.630162756,108,0,0,0,0,0,296.6
3381,L50560,L,237.7673486,310.7,1590,,1.581422393,43,0,0,0,0,0,301.4
3677,M18536,M,282.4280879,311.5,1562,38,3.054300674,162,0,0,0,0,0,302.2
5777,L52956,L,193.0422145,311.1,1325,49.2,9.023916691,104,0,0,0,0,0,301.6
9046,L56225,L,257.0996668,308.4,1603,34.6,7.047731902,65,0,0,0,0,0,297.4
6574,M21433,M,246.918685,310.6,1855,25.3,3.130579407,178,0,0,0,0,0,301.4
5180,M20039,M,265.0189036,313.1,1450,42.8,5.231878337,101,0,0,0,0,0,304
1608,L48787,,247.7660551,307.8,1412,48.3,6.435168027,27,0,0,0,0,0,297.8
3611,M18470,M,288.6850348,310.8,1594,32.4,9.261814407,204,0,0,0,0,0,301.7
9759,L56938,L,352.8460425,309.8,2271,16.2,6.312036007,218,1,0,0,0,0,298.6
6636,L53815,L,385.5736273,310.5,1534,39.3,7.496315879,119,,0,0,0,0,301.5
9998,M24857,M,388.3489554,308.6,1645,33.4,9.826485523,22,0,0,0,0,0,299
792,L47971,L,364.0075414,307.9,1611,35.4,7.613158983,72,0,0,0,0,0,
3057,L50236,L,395.4643913,309.2,1667,29.9,4.74996251,75,0,0,0,0,0,300.2
1981,M16840,M,222.4277283,307.6,1301,58.5,7.266968208,155,0,0,0,0,0,298
3599,L50778,L,216.5862926,310.5,1399,53.2,2.842310974,174,0,0,0,0,0,301.7
934,L48113,L,202.67793,306,1597,37.2,6.23988626,16,0,0,0,0,0,295.5
7425,M22284,M,293.9213493,311.4,1575,29.8,3.268382712,210,0,0,0,0,0,300.1
5627,H35040,H,249.2884573,312.1,1603,32.5,6.059482978,148,0,0,0,0,0,302.7
1683,H31096,H,347.9729131,307.4,1604,36.1,6.425755023,225,1,0,0,0,0,297.9
4180,L51359,L,256.920964,310.9,1349,46.1,8.27488902,148,0,1,0,0,0,302.4
6447,M21306,M,200.6760957,310.3,1471,40.2,9.521004224,59,0,0,0,0,0,300.7
4117,M18976,M,134.9145524,310.5,1381,58.4,5.800333256,201,0,0,0,0,0,302
989,H30402,H,294.4828165,307.1,1774,25.9,9.869470636,154,0,0,0,0,0,296.3
2897,M17756,M,248.489021,309.5,1633,31.3,5.047774259,90,,0,0,0,0,300.7
3779,M18638,M,173.3442509,311.1,1366,54.4,5.099171858,0,0,0,0,0,0,302.4
5659,M20518,M,338.5533508,311.4,1372,55.1,6.242958623,9,0,0,0,0,0,302.2
3094,L50273,L,298.7916402,309.3,1397,51.2,3.704540309,173,0,0,0,0,0,300
3156,L50335,L,227.961502,309.8,1367,54,4.919307823,129,,0,0,0,0,300.5
1824,L49003,L,105.1528511,307.7,1414,,5.377475891,159,0,0,0,0,0,298.1
9623,L56802,L,380.6718709,310,1794,27.2,2.288902944,114,0,0,0,0,0,298.9
1099,M15958,M,315.4820714,307.4,1521,37.9,7.322468638,27,0,0,0,0,0,296.9
2845,L50024,L,275.9135984,309.2,1650,35.2,4.726398092,196,0,0,0,0,0,300.3
3343,L50522,L,171.9799038,310.8,1382,52.4,9.523622528,165,0,0,0,0,0,301.5
39,H29452,H,297.0565393,309.2,1379,50.7,6.917466442,106,0,0,0,0,0,298.9
6541,M21400,M,378.7123812,310.7,1368,63.7,8.981110203,92,0,0,1,0,0,301.4
9474,L56653,,117.4637076,309.5,1446,40,3.840613296,160,0,0,0,0,0,298.7
3357,L50536,L,216.4834042,310.8,1355,57.8,9.010543661,195,0,0,0,1,0,301.6
7814,L54993,L,138.9313694,311.5,1455,41.7,3.589742028,130,0,0,0,0,0,300
8221,M23080,M,210.8162271,310.3,1551,35.2,5.815003286,50,,0,0,0,0,298.9
9228,L56407,L,242.2300288,309.1,1473,44.3,7.837846831,124,0,0,0,0,0,298
2429,M17288,M,279.9548738,308.3,1377,47.2,2.491410533,35,0,0,0,0,0,299
5044,L52223,L,140.7388252,313.2,1468,39.4,8.207357474,148,0,0,0,0,0,304.1
5347,L52526,L,221.397776,312.7,1534,35.5,3.487291992,98,0,0,0,0,0,303.4
4812,M19671,M,144.1390063,312,1748,28.4,8.844928615,200,0,0,0,0,0,303.4
8477,L55656,L,346.2864476,309.6,1585,32.2,7.682226323,89,0,0,0,0,0,298.5
687,M15546,M,325.6178528,309,1504,40.4,6.893428613,35,0,0,0,0,0,297.7
4800,L51979,L,348.7041637,312.5,1418,42.2,8.587611632,170,0,0,0,0,0,303.5
7438,L54617,L,226.7219276,311.3,1727,30,9.832687412,24,0,0,0,0,0,299.8
2354,L49533,L,119.5691253,308.4,1841,22.8,9.959452864,40,0,0,0,0,0,299.2
6354,M21213,M,106.0866385,309.6,1491,42,6.943718752,29,0,0,0,0,0,300
4570,L51749,L,157.8120088,310.9,1636,35,3.709137689,38,0,0,0,0,0,302.8
8214,M23073,M,297.6039611,310.5,1548,33.5,7.743953597,35,0,0,0,0,0,299.2
2753,M17612,M,276.5948136,309.1,1851,24.7,6.175943424,189,0,0,0,0,0,299.7
8074,L55253,L,196.9216115,312,1558,36.7,6.814136364,113,0,0,0,0,0,300.5
1041,L48220,L,238.392951,307.7,1502,43.9,1.501536254,84,0,0,0,0,0,296.7
7492,L54671,L,272.0411182,311.8,1320,57.9,3.631051617,168,0,0,0,0,0,300.4
1266,L48445,L,178.0323232,309.4,1558,35.7,4.902061063,39,0,0,0,0,0,
9266,M24125,M,213.2751527,308.9,1390,49.7,8.604928051,23,0,0,0,0,0,298.3
7060,L54239,L,129.331243,310.5,1644,33.8,4.026768757,148,0,0,0,0,0,300.6
278,H29691,H,313.8715957,308,1479,50.7,8.744442809,70,0,0,0,0,0,298
5085,L52264,L,237.0157132,313.1,1969,20.8,5.400944424,59,0,0,0,0,0,304.1
2383,L49562,L,391.4407393,308.3,1601,31.4,4.083720787,121,0,0,0,0,0,299.1
572,M15431,M,359.5038695,309.8,1676,29,4.416865309,178,0,0,0,0,0,297.8
1436,H30849,H,102.9244686,309.9,1526,42.1,6.163721997,30,0,0,0,0,0,298.8
5353,M20212,M,330.9301011,312.8,1590,36.3,4.355500811,113,0,0,0,0,0,303.4
5446,M20305,M,210.2763413,312.8,1648,32.1,2.381051648,104,0,0,0,0,0,303
1008,M15867,M,237.0389644,307.2,1633,31.1,5.808215653,0,0,0,0,0,0,296.2
4544,M19403,M,186.3594653,310.5,1542,39.9,4.774878756,184,0,0,0,0,0,302.6
8817,M23676,M,345.1777059,308.5,1425,45.8,3.424121907,109,0,0,0,0,0,297.2
2065,L49244,L,248.3916436,309.5,1453,41.4,3.781621882,168,,0,0,0,0,299.6
1137,L48316,L,310.0790608,307.8,1557,38.1,9.484522586,135,0,0,0,0,0,296.9
5344,L52523,L,121.8968195,312.8,1607,38.4,2.164671801,92,0,0,0,0,0,303.5
295,M15154,M,357.7638253,308.5,1372,51.1,3.765999107,116,0,0,0,0,0,298.1
2404,H31817,H,313.6726814,308.7,1448,51.4,7.517398643,173,0,0,0,0,0,299.2
3999,L51178,,218.4707066,311,1586,35.1,8.318803694,142,0,0,0,0,0,302.1
3742,L50921,L,165.1426128,311.3,1503,38.2,1.044796196,120,0,0,0,0,0,302.4
9223,M24082,M,212.2267862,309,1525,38.5,4.85840352,113,0,0,0,0,0,297.9
2720,L49899,L,307.875331,309.2,1690,,8.88613784,108,0,0,0,0,0,299.5
9200,L56379,L,357.5040719,308.8,1613,31.4,9.574253931,57,0,0,0,0,0,297.9
5151,L52330,L,329.0593621,313.5,1590,29.8,7.856043776,17,0,0,0,0,0,304.3
2809,L49988,L,310.9415176,309.3,1471,41.8,2.275472278,109,0,0,0,0,0,299.9
557,L47736,L,220.6939989,309.4,1357,50.1,5.524444592,137,0,0,0,0,0,297.5
8926,M23785,M,300.6843795,308.2,1405,42.5,7.878858764,204,0,0,0,0,0,297.2
4796,L51975,L,181.7198551,312.5,1431,49,6.893107456,162,0,0,0,0,0,303.6
2470,L49649,L,258.4219986,308.7,1507,37.5,9.649159198,134,0,0,0,0,0,299
3739,M18598,M,202.1410338,311.2,1454,43.8,6.546754745,112,0,0,0,0,0,302.3
4287,M19146,M,311.5601472,309.9,1434,47.9,3.686777421,189,0,0,0,0,0,301.7
2605,M17464,M,288.1745394,309.1,1385,45.6,7.168915856,34,0,0,0,0,0,299.3
363,H29776,H,394.9536157,308.3,1640,30.9,3.483130233,79,0,0,0,0,0,297.6
6925,L54104,L,135.3409658,311.6,1461,52.9,3.828770354,208,0,0,0,1,0,301.2
1705,M16564,M,189.6503838,307.8,1503,44.7,2.040898088,54,0,0,0,0,0,298.1
2140,L49319,L,185.0445691,309,1415,47.6,9.14630297,156,0,0,0,0,0,299.3
3240,L50419,L,100.2223954,309.5,1430,48.5,8.616643901,122,0,0,0,0,0,301
2384,L49563,L,370.8973041,308.2,1568,33.3,8.794786896,123,0,0,0,0,0,299.1
7315,L54494,L,254.3125397,310.3,1268,53.3,1.601076021,146,0,0,0,0,0,299.9
4312,M19171,M,322.9585089,310.1,1468,40.8,7.06514358,32,0,0,0,0,0,301.5
1313,L48492,L,111.6674808,310.1,1473,42.6,8.173057345,164,0,0,0,0,0,
3931,M18790,M,208.3694794,311.6,2041,19.2,2.975490707,174,0,0,0,0,0,302.6
6184,H35597,H,359.1914806,310.9,1495,37.3,2.544816719,21,0,0,0,0,0,301
1592,L48771,L,329.0498544,308.4,1355,49.4,2.933872683,209,0,0,0,0,0,298.2
9388,H38801,H,330.8617413,307.9,1390,,1.321113211,131,0,0,0,0,0,297.4
2163,L49342,L,158.3918587,309.1,1336,42.1,8.526424978,217,0,0,0,0,0,299.5
2397,M17256,M,182.1528829,308.5,1592,34.2,7.917166441,153,0,0,0,0,,299.1
318,L47497,L,156.3695157,308.4,1685,28.4,3.572228049,179,,0,0,0,0,297.8
5234,L52413,L,173.7754604,312.9,1450,45.3,4.788370483,29,0,0,0,0,0,303.6
5069,M19928,M,300.2275315,313.3,1540,39,9.935196026,14,0,0,0,0,0,304.3
4037,L51216,L,100.4263559,310.8,1445,49.1,1.905643027,2,0,0,0,0,0,302
3021,L50200,L,394.0948599,309.6,1543,38.1,7.995435013,209,0,0,0,0,0,300.4
8229,M23088,M,383.1229496,310.4,1422,49.3,3.982520954,69,0,0,0,0,0,299.1
5296,L52475,L,206.2405735,313.2,1336,47.8,4.347508333,176,0,0,0,0,0,303.8
3973,L51152,L,104.403157,311.4,1511,34.7,2.076516695,75,0,0,0,0,0,302.3
5371,H34784,H,299.3398728,312.4,1627,37.1,6.402864634,168,0,0,0,0,0,303
4134,L51313,L,129.5586818,310.3,1765,27.3,7.206510682,29,0,0,0,0,0,301.8
975,L48154,L,147.3428386,306.6,1511,35.2,4.366570897,119,0,0,0,0,0,296
7292,L54471,L,187.1241313,310.5,1416,46.7,8.640827635,90,0,0,0,0,0,
955,H30368,H,130.4242539,306.2,1414,42.5,6.421051172,69,0,0,0,0,0,295.6
9307,M24166,M,393.865439,309.2,1783,28.3,4.07409164,130,0,0,0,0,0,
5017,L52196,L,272.7380644,313,1408,47.5,9.102080214,76,0,0,0,0,0,
9731,L56910,L,214.4935415,310,1528,36.7,5.405800024,147,0,0,0,0,0,298.8
7491,M22350,M,284.7327066,311.8,1707,30,9.690126452,165,0,0,0,0,0,300.4
1641,L48820,L,131.061101,307.8,1567,36.4,5.601333807,109,0,0,0,0,0,298
1291,L48470,L,235.3871392,309.7,1429,45.8,9.311576031,113,0,0,0,0,0,298.6
1381,L48560,L,102.993302,310.1,1786,27.7,3.485930576,114,0,0,0,0,0,298.7
1934,L49113,L,390.3476377,308,1638,35.1,5.395248078,38,0,0,0,0,0,
4676,H34089,H,199.6428825,311.5,1629,33.5,9.903375818,73,0,0,0,0,0,303.5
893,L48072,L,113.1674559,306.1,1343,54.4,5.838021464,119,0,0,0,0,0,295.7
7288,M22147,M,222.7690533,310.4,1530,35.7,6.344735574,80,0,0,0,0,0,300.2
4877,M19736,M,138.0152989,312.4,1540,37.4,8.113253576,146,0,0,0,0,0,303.7
7907,L55086,L,145.3911043,312.4,1372,51,4.173271449,142,0,0,0,0,0,300.9
8195,L55374,L,103.1422263,310.7,1426,45.7,6.538997487,213,0,0,0,0,0,299.4
9380,L56559,L,363.7787481,308.2,1419,48.5,4.24220032,108,0,0,0,0,0,297.5
2467,L49646,L,242.940787,308.6,1429,37.7,1.189410852,126,0,0,0,0,0,299
7658,L54837,L,165.7094383,311.6,1661,30,4.685638106,158,0,0,0,0,0,300.5
1914,M16773,M,157.0392442,307.8,1492,40.2,5.092925347,197,0,0,0,0,0,298
2737,M17596,M,226.9985078,309.1,1576,,8.60838516,149,0,0,0,0,0,299.7
727,M15586,M,390.2200536,308.8,1628,37.4,3.5534927,144,0,0,0,0,0,297.4
7215,M22074,M,143.5339196,309.8,1625,41.2,1.071424643,109,0,0,0,0,0,299.9
8246,M23105,M,251.3015055,310.3,1303,68.6,3.886891258,111,0,0,1,0,0,299
1797,H31210,H,310.754539,307.6,1542,37.1,2.299055251,84,0,0,0,0,0,298.1
3846,L51025,L,348.2629763,311,1591,32.7,8.228435452,171,0,0,0,0,0,302.3
6403,M21262,M,247.6995341,309.6,1584,,2.238773062,165,0,0,0,0,0,300.1
937,M15796,M,139.5722253,306.1,1418,46.2,6.340489619,24,0,0,0,0,0,295.6
2266,M17125,M,102.5870961,308.4,1330,51.2,4.489587415,56,0,0,0,0,0,299.2
825,L48004,L,155.2095755,307.4,1436,42.8,7.562426636,156,0,0,0,0,0,296.6
7275,M22134,M,164.9144877,310.3,1478,38.1,9.198838944,45,0,0,0,0,0,300.2
1390,L48569,L,121.7080757,310.2,1533,42.8,1.716566178,138,0,0,0,0,0,298.9
3565,M18424,M,167.2700037,310.6,1492,42.2,7.601390447,85,0,0,0,0,0,301.7
5430,L52609,L,365.7940102,312.4,1590,34.4,6.30524686,64,0,0,0,0,0,302.8
7828,M22687,M,399.387844,311.1,1452,44.3,5.60362148,167,0,0,0,0,0,299.8
5691,L52870,L,143.7020217,311.8,1435,44.8,5.721083721,98,0,0,0,0,0,302.3
7879,L55058,L,130.2493866,312.3,1418,49,5.003384988,69,0,0,0,0,0,300.7
1869,L49048,L,143.1913021,308,1361,56.9,8.994610557,81,0,0,0,0,0,298.3
8203,L55382,L,367.6068622,310.9,1669,32.4,6.406613239,5,0,0,0,0,0,299.3
7487,L54666,L,250.3061948,311.7,1635,31.8,8.978416042,156,0,0,0,0,0,300.3
807,M15666,M,101.2042278,307.9,1422,53,1.342667492,115,0,0,0,0,0,297
4806,L51985,L,388.2126989,312.6,1606,33.6,3.209342629,184,0,0,0,0,0,303.6
9153,L56332,L,308.7966039,308.6,1260,53.6,4.405297379,137,0,0,0,0,0,297.5
7512,L54691,L,179.4638399,311.8,1601,36.1,6.018724354,0,0,0,0,0,0,300.4
8057,L55236,L,179.3599216,311.5,1499,43.4,5.570068433,65,0,0,0,0,0,300.1
4495,H33908,H,358.6427719,310.4,1649,30.1,9.606107865,62,0,0,0,0,0,302.6
2633,M17492,M,316.3238257,309.7,1652,28.6,7.747044573,112,0,0,0,0,0,300
8901,M23760,M,391.7433109,308.6,1584,29.4,7.23523879,141,0,0,0,0,0,297.3
8624,M23483,M,137.5524599,308.3,1476,45.6,9.268954464,31,0,0,0,0,0,297.5
7833,L55012,L,239.3774681,311.4,1484,37,3.403166061,183,0,0,0,0,0,300
4389,L51568,L,273.1616435,309.8,1701,27.2,2.029353662,4,0,0,0,0,0,302
146,L47325,L,328.6657599,308.4,1513,33.6,8.886620099,172,0,0,0,0,0,298.5
6468,L53647,L,249.804083,309.7,1692,27.4,5.524409891,115,0,0,0,0,0,300.4
2034,H31447,H,313.158993,308.5,1359,47.6,9.539395089,85,0,0,0,0,0,298.8
9128,L56307,L,123.1434922,308.5,1761,27.2,4.188270241,76,0,0,0,0,0,297.4
1166,L48345,L,109.8448709,308.1,1487,34.6,6.952007713,208,0,0,0,0,0,297.1
2051,M16910,M,243.0533661,309.3,1675,29.2,4.388160387,132,0,0,0,0,0,299.5
3761,L50940,L,314.5236472,310.9,1377,46.8,7.879928999,166,0,1,0,0,0,302.3
4436,L51615,L,172.4265862,310.1,1321,52.7,7.386552474,134,0,1,0,0,0,302.3
3431,H32844,H,379.6240597,310.6,1821,26.2,7.480598461,171,0,0,0,0,0,301.6
8191,M23050,M,180.8514145,310.9,1620,37.2,3.849656678,203,0,0,0,0,0,299.7
8754,M23613,M,350.1212316,308.6,1657,33.1,1.310437261,156,,0,0,0,0,297.4
7070,L54249,,345.2150743,310.7,1525,39.4,4.025583403,175,0,0,0,0,0,300.8
4362,M19221,M,212.8073805,310.1,1379,48.2,8.786565404,166,0,1,0,0,0,302.1
1772,L48951,L,300.7576134,307.9,1446,45.3,6.810001807,23,0,0,0,0,0,298.4
3512,L50691,L,182.7668508,311,1322,53,3.14816032,166,0,0,0,0,0,301.8
272,M15131,M,105.9180798,308.1,1452,40.8,7.554786743,56,0,0,0,0,0,298.1
8437,L55616,L,164.254968,309.9,1371,51.3,3.960504134,201,0,0,0,0,0,
2033,L49212,L,257.1216449,308.5,1444,42.2,1.136294067,83,0,0,0,0,0,298.8
9665,L56844,L,182.2407699,310.2,1317,54.8,9.884055016,231,0,0,0,1,0,299.1
3811,M18670,M,358.586526,310.8,1562,38.1,2.071473935,78,0,0,0,0,0,302.2
4347,L51526,L,263.8060258,309.7,1598,30.4,4.891248899,124,0,0,0,0,0,301.8
546,L47725,L,164.1292621,309.4,1958,22.1,7.985373066,108,0,0,0,0,0,297.6
3242,H32655,H,214.2824039,309.5,1469,43.4,6.621742884,126,0,0,0,0,0,300.9
8503,H37916,H,215.9289719,309.8,1279,55.9,5.155899401,152,0,0,0,0,0,298.6
9919,L57098,L,279.5790007,308.8,1352,56.7,4.19943401,24,0,0,0,0,0,298.4
7565,M22424,M,317.6953192,311.2,1381,65.2,5.942497553,136,,0,1,0,0,300.3
921,M15780,M,137.5921002,305.9,1518,44.1,3.145194203,194,0,0,0,0,0,295.5
9119,L56298,L,146.9511683,308.6,1526,42.1,5.183516494,57,,0,0,0,0,297.6
6641,L53820,L,276.5269469,310.4,1334,43.2,8.570004073,133,0,0,0,0,0,301.4
7695,H37108,H,187.4355023,311.7,1500,36.7,3.360356951,17,0,0,0,0,0,300.6
8231,L55410,L,233.7158574,310.5,1736,,6.256867554,74,,0,0,0,0,299.1
7127,M21986,M,302.5661567,310,1542,33.9,9.938618292,100,0,0,0,0,0,300.6
4279,L51458,L,145.4613381,310.1,1409,50.4,3.741306278,172,0,0,0,0,0,302
2984,L50163,L,387.3320059,309.6,1290,57.4,8.377916261,119,0,0,0,0,0,300.6
131,L47310,L,248.828882,308.4,1473,41.1,1.649171677,128,0,0,0,0,0,298.8
7981,M22840,M,323.586313,312.4,1505,39.6,2.123005215,102,0,0,0,0,0,301.2
2668,M17527,M,276.0893664,309.3,1663,35.2,5.640573579,208,0,0,0,0,0,299.8
7139,L54318,L,137.0462661,310.1,1297,50,2.500988986,130,0,0,0,0,0,300.6
3224,H32637,H,372.0267971,309.5,1495,36.5,2.168166562,79,0,0,0,0,0,300.6
7694,L54873,L,186.1806683,311.6,1964,21.4,3.173193604,15,0,0,0,0,0,300.6
5393,L52572,L,208.2963033,312.2,1481,,3.027426995,230,0,0,0,0,0,302.8
615,M15474,M,345.9816516,309.9,1445,45.2,5.854924291,55,,0,0,0,0,298
9903,H39316,H,395.7830449,309.3,1402,45.3,5.149582894,190,,0,0,0,0,298.7
1467,L48646,L,112.0613176,309.8,1365,50.5,2.307455586,111,0,0,0,0,0,298.7
4498,L51677,L,125.5673978,310.3,1523,36,3.223668254,72,0,0,0,0,0,302.5
3043,M17902,M,363.1882212,309.4,1459,43.9,9.317414075,39,0,0,0,0,,300.2
2420,M17279,M,391.6196001,308.2,1328,49.2,6.439650504,11,0,0,0,0,0,298.9
5086,M19945,M,243.4557372,313,1377,56,5.956546921,61,0,0,0,0,0,304
3295,L50474,L,340.157799,310.2,1657,34.1,5.339515427,52,0,0,0,0,0,301.1
6738,M21597,M,220.3771006,311,1537,,5.82424524,146,0,0,0,0,0,301.7
1501,M16360,M,288.8098581,308.7,2101,17.4,1.874450808,198,0,0,0,0,0,298
1522,M16381,M,180.900397,308.9,1585,34.3,7.332306564,33,0,0,0,0,0,298.2
9118,M23977,M,318.4854529,308.7,1475,,1.252352342,54,,0,0,0,0,297.6
4233,L51412,L,344.1398865,310.9,1452,42.3,2.688359265,56,0,0,0,0,0,302.2
7687,M22546,M,194.3050823,311.7,1504,36.9,5.05845287,229,0,0,0,0,0,300.7
4431,H33844,H,316.3757245,310.1,1688,30.4,8.051575769,115,0,0,0,0,0,
391,L47570,L,199.7032192,308.7,1460,46.7,4.950791379,150,0,0,0,0,0,297.6
9859,L57038,L,265.6486112,309.5,1547,33.1,5.736444113,68,0,0,0,0,0,298.5
7125,M21984,M,235.4356041,310.3,1868,24.5,7.926076765,95,0,0,0,0,0,300.8
5914,H35327,H,329.1634095,310.2,1479,52.3,5.865719113,9,0,0,0,0,0,300.7
8593,M23452,M,240.0451095,308,1430,44.5,2.143013949,178,0,0,0,0,0,297.5
4807,H34220,H,354.723057,312.5,1375,54,3.931032679,186,0,0,0,0,0,303.6
8955,L56134,,341.369022,308,1447,49,6.879082936,61,0,0,0,0,0,297.3
8239,L55418,L,166.9214031,310.4,1519,45.3,2.364124536,92,0,0,0,0,0,299.1
8045,L55224,L,192.1751023,311.8,1441,38.1,7.463831562,34,0,0,0,0,0,300.7
9783,L56962,L,287.7255288,309.9,1404,47.1,3.33312494,64,0,0,0,0,0,298.7
3994,L51173,L,210.0155987,311.3,1324,47.8,5.417355337,131,0,0,0,0,0,302.3
9552,L56731,L,226.9523569,310.8,1391,48.9,7.918182182,139,0,0,0,0,0,299.4
6610,L53789,L,238.7096463,310.4,1474,39.9,3.694193813,53,0,0,0,0,0,301.5
5320,M20179,M,115.0129705,312.7,1402,47,8.928108831,23,0,0,0,0,0,303.5
7120,L54299,L,178.6053693,310.5,1378,44.4,7.012350116,83,0,0,0,0,0,
2422,L49601,L,384.5124292,308.2,2384,15,6.9762666,19,0,0,0,0,0,298.9
5605,L52784,L,109.1833176,312.2,1513,37.8,4.605619643,92,0,0,0,0,0,302.9
1751,M16610,M,349.1134903,307.8,1617,31.6,8.680918834,173,0,0,0,0,0,298.4
9016,L56195,L,335.1661063,308.1,1431,49.7,2.88038794,210,0,0,0,0,0,297.2
9719,L56898,L,171.7915781,309.9,1517,36.6,5.509816928,117,0,0,0,0,0,298.9
339,L47518,L,133.8051081,308.2,1563,38.2,8.804978894,15,0,0,0,0,0,297.5
8408,L55587,L,388.4857423,309.5,1357,50.1,6.388792953,125,0,0,0,0,0,298.4
1342,M16201,M,280.4575052,310.2,1328,50.5,9.242846083,12,0,0,0,0,0,298.6
9545,L56724,L,260.444938,311,1708,31,3.51745078,122,0,0,0,0,0,299.6
7983,L55162,L,100.8226399,312.3,1488,42.6,8.276080462,107,0,0,0,0,0,301
3641,H33054,H,284.5469901,311.6,1544,39.1,2.002617919,70,0,0,0,0,0,302.4
330,H29743,H,208.8721295,308.5,1720,29.9,6.966808363,210,,0,0,0,0,297.7
8829,L56008,L,357.3625818,308.7,1587,35.8,9.184179089,148,0,0,0,0,0,297.3
3005,M17864,M,384.8715628,309.9,1466,53.2,1.637430192,172,0,0,0,0,0,300.5
6961,L54140,,106.4783571,311,1413,52,3.593969349,91,0,0,0,0,1,300.7
4091,L51270,L,132.0189956,310.5,2197,15.8,4.298886934,133,0,0,0,0,0,302
2323,L49502,L,192.8940263,308.7,1514,41.9,7.080816057,196,0,0,0,0,0,299.2
6668,H36081,H,397.4123532,310.5,1536,39.9,1.425355524,201,0,0,0,0,0,301.4
7010,L54189,L,269.4836171,310.5,1536,36.2,7.998912339,12,0,0,0,0,0,300.5
4198,L51377,L,387.4769753,311,1573,36.5,8.044182073,193,0,0,0,0,0,302.4
3550,M18409,M,127.852519,310.9,1299,60.4,1.754262667,48,0,0,0,0,0,301.8
8364,L55543,L,201.3091835,309.7,1582,45,5.322363108,11,0,0,0,0,0,298.8
4204,M19063,M,314.1969249,310.9,1558,31.9,4.785212469,207,0,0,0,0,0,302.3
9311,L56490,L,153.3302909,309.3,1549,40.8,1.859388667,139,0,0,0,0,,298.4
8937,L56116,L,171.0730374,308.3,1465,42,9.806590374,13,0,0,0,0,0,297.4
6186,L53365,L,361.7458708,311,1918,21.7,4.674472347,28,0,0,0,0,0,301.1
1640,M16499,,354.7447098,307.8,1450,43.5,2.360175144,106,0,0,0,0,0,297.9
61,L47240,L,355.289827,309.1,1393,52.6,9.193795332,167,0,0,0,0,0,298.8
1241,L48420,L,367.5373453,308.6,1636,31.3,7.411324049,192,0,0,0,0,,297.2
5761,M20620,M,251.5366999,311.3,1522,35.6,2.576464475,63,0,0,0,0,,301.9
5137,L52316,L,113.9108464,313.4,1735,28.9,4.351593992,192,0,0,0,0,0,304.2
2344,L49523,L,394.1211758,308.3,1305,,3.545815803,17,0,0,0,0,0,299.1
2121,H31534,H,139.9605502,308.8,1908,21.3,1.474649315,104,0,0,0,0,0,299.2
1525,L48704,L,214.2445713,309,1601,35.8,4.546791377,43,0,0,0,0,0,298.2
7618,L54797,L,129.6470379,311.4,1556,45.3,6.281747726,58,0,0,0,0,0,300.5
154,L47333,L,226.3085169,308.2,1850,,4.314363822,194,0,0,0,0,0,298.4
482,M15341,M,188.1770498,309,1556,39.5,7.618851384,168,0,0,0,0,0,297.3
6123,L53302,L,170.0886546,311,1402,,8.742683094,98,0,0,0,0,0,301
7675,L54854,L,249.9939485,311.6,1509,47.2,3.888263393,202,0,0,0,0,0,300.5
7102,L54281,L,217.1049354,310.2,1850,22.8,6.518180893,33,0,0,0,0,0,
1763,H31176,H,146.0264234,307.6,1460,48.6,1.440881963,204,0,0,0,0,0,298.2
7716,L54895,L,189.1863549,311.5,1302,49.6,9.964681221,80,0,0,0,0,0,300.5
9082,L56261,L,275.9599572,308,1527,35.1,1.562687905,165,0,0,0,0,0,297.3
7480,M22339,M,237.4027165,311.3,1523,34.1,6.536023404,135,0,0,0,0,0,300.1
6213,L53392,L,373.5374691,310.6,1402,53.7,5.326254961,93,0,0,0,0,0,300.8
4854,L52033,L,250.7798858,312.2,1487,34,3.396821418,94,0,0,0,0,0,303.7
2712,L49891,L,168.5509258,309.1,1407,50.6,7.648669608,85,0,0,0,0,0,299.6
6767,M21626,M,268.3631012,311,1427,43.2,4.202029492,13,0,0,0,0,0,301.4
4151,L51330,L,357.8071591,310.4,1610,34.8,1.586959023,71,0,0,0,0,0,301.9
1334,M16193,M,150.575861,310.3,1558,35.4,3.81186409,223,0,0,0,0,0,
8379,M23238,M,188.8603459,309.9,1331,61.6,6.652371455,46,0,0,0,0,0,298.8
9390,L56569,L,319.2024363,308,1258,57.4,2.191391876,139,0,0,0,0,0,297.6
9708,L56887,L,187.6546499,310.1,1699,32.9,8.065349658,87,0,0,0,0,0,299
9122,L56301,L,135.1711719,308.3,1396,45.9,8.73924037,64,0,0,0,0,0,297.3
3851,M18710,M,149.1004474,311,1421,41.3,3.661250311,182,0,0,0,0,0,302.3
8341,M23200,M,361.7132575,309.7,1480,38.1,7.586865086,157,,0,0,0,0,298.8
4125,L51304,L,125.3917636,310.6,1385,53.6,4.870690675,5,,0,0,0,0,302.1
8964,M23823,M,138.9962892,307.9,1687,30.4,6.182691643,82,0,0,0,0,0,297.2
4789,H34202,H,210.8547367,312.6,1514,35.5,4.891349473,138,,0,0,0,0,303.7
2867,L50046,L,103.3264939,309.7,1997,20.7,6.345701154,5,0,0,0,0,0,300.8
1387,L48566,L,384.165505,310.2,1445,40,9.565065491,129,0,0,0,0,0,298.9
5942,L53121,L,371.2388499,310.7,1438,48.5,7.018117067,78,0,0,0,0,0,300.6
3068,L50247,L,271.7281587,309.2,1533,37,8.734327663,101,0,0,0,0,0,300.1
9059,M23918,M,320.6545408,308.3,1326,57.2,5.851088758,100,0,0,0,0,0,297.2
3630,L50809,L,201.6682575,311.3,1415,44.1,1.929905349,43,0,0,0,0,0,302.1
9456,L56635,L,399.9014784,309.2,1983,20.2,6.262622841,114,0,0,0,0,0,298.5
8950,L56129,L,243.5532377,308.3,1284,60.3,8.309281381,50,0,0,0,0,0,297.4
3029,L50208,L,260.1865508,309.5,1379,55.6,5.204143624,2,0,0,0,0,0,300.5
2970,L50149,L,141.6571295,309.4,1468,44.1,1.573658177,76,0,0,0,0,0,300.6
8647,L55826,L,179.1573956,308.6,1497,43.9,7.444120722,91,0,0,0,0,0,297.5
6137,H35550,H,148.2392612,310.8,1390,40.6,8.387546214,131,0,0,0,0,0,300.9
8802,L55981,L,284.2717844,308.6,1488,36.4,7.09802899,71,0,0,0,0,0,297.4
4264,L51443,L,187.3073746,311,1620,36.2,3.245819773,139,0,0,0,0,0,302.6
646,L47825,L,112.9164983,309.4,1392,44.1,7.009533552,140,0,0,0,0,0,297.7
9654,L56833,L,361.0184974,309.9,1373,55.7,6.170907146,201,0,0,0,1,0,299
2075,L49254,L,280.2803554,309.4,1602,31.5,3.748829348,193,0,0,0,0,0,299.5
342,M15201,M,120.0776831,308.2,1530,32.6,8.437773752,22,0,0,0,0,0,297.4
8042,H37455,H,115.4408853,311.9,1431,48.5,6.408813698,25,0,0,0,0,0,300.8
1623,H31036,H,271.0290673,307.6,1538,38.3,7.255924358,63,0,0,0,0,0,297.7
7142,M22001,M,300.536316,309.8,1356,44.4,8.538255278,136,0,0,0,0,0,300.4
5797,L52976,L,352.5115583,311.1,1399,55.1,5.067902569,156,0,0,0,0,0,301.7
7185,M22044,M,345.9512233,310.3,1593,36.1,7.694991211,36,0,0,0,0,0,300.2
8233,L55412,L,145.5122072,310.6,1326,49.7,1.836516171,78,0,0,0,0,0,299.1
5476,L52655,L,329.9696006,312.2,1336,46.8,2.071447185,179,0,0,0,0,0,302.7
9253,M24112,M,223.354232,309,1533,36.1,6.050918351,189,0,0,0,0,0,298.1
75,L47254,L,121.5576381,309,1601,32.3,2.457633358,202,0,0,0,0,0,
8634,L55813,L,281.1256984,308.3,1336,53.7,8.731090058,61,0,0,0,0,0,297.4
9230,M24089,M,303.7514977,309,2042,17.8,3.223473126,129,0,0,0,0,0,298.1
2052,M16911,M,376.8960315,309.2,1470,44.4,1.228091885,135,0,0,0,0,0,
2542,H31955,H,270.1440819,308.8,1553,32.6,6.573818063,90,0,0,0,0,0,299.1
1302,L48481,L,122.2094479,309.9,1483,32.8,5.405642395,142,0,0,0,0,0,298.7
5878,L53057,L,320.1719828,311.1,1458,41.4,3.89142829,123,0,0,0,0,0,301.5
7369,M22228,M,202.781115,310.2,1620,30,6.476149063,70,0,0,0,0,0,
1305,L48484,L,247.9410832,310,2098,19.6,7.213053395,148,0,0,0,0,0,298.8
8429,M23288,,212.7453545,310.3,1827,28,4.146233558,178,0,0,0,0,0,299
9095,M23954,M,106.8126606,308.1,1370,58.8,1.661624281,199,0,0,0,0,0,297.3
2600,M17459,M,155.3697861,308.9,1447,39.6,2.587901421,22,0,0,0,0,0,299.2
2574,L49753,L,263.0528647,309.2,1499,41.5,9.714951023,175,,0,0,0,0,299.5
3187,M18046,M,153.516815,309.4,1456,48.8,4.168709766,205,0,0,0,0,0,300.2
2769,L49948,L,171.1287031,309.5,1675,30.2,4.436074696,11,0,0,0,0,0,300
4832,L52011,L,319.6726702,312,1366,54.5,2.214132942,30,0,1,0,0,0,303.5
4224,L51403,L,263.1738732,310.7,1657,31.9,3.780430931,37,0,0,0,0,0,302
9650,H39063,H,117.8561954,310,1657,33.1,3.974383286,187,,0,0,0,0,299.1
2107,L49286,L,289.6528378,309.1,1645,28.6,6.840213942,57,0,0,0,0,0,299.4
2680,L49859,L,167.3062989,309.5,1476,44.4,1.643892971,14,0,0,0,0,0,299.8
1388,L48567,L,354.3164035,310.1,1823,26.1,8.375398382,131,,0,0,0,0,298.9
8932,L56111,L,332.2572724,308.4,1434,39.9,3.8422565,2,0,0,0,0,0,297.4
9660,L56839,L,307.135044,309.8,1287,61.9,4.406903056,216,0,0,0,1,0,298.9
7084,L54263,L,168.114658,310.4,1416,61.8,5.677265811,209,,0,1,1,0,300.7
1280,M16139,M,148.4824454,309.6,1531,40.1,1.838945008,81,0,0,0,0,0,298.3
805,M15664,M,269.6879997,307.8,1544,37.6,3.386375809,109,0,0,0,0,0,296.9
1556,L48735,L,371.8948829,308.6,1491,42,3.002376921,120,0,0,0,0,0,298.4
9487,M24346,M,225.4940466,309.6,1472,46,7.570336002,199,0,0,0,0,0,298.9
4567,L51746,L,288.0188435,310.8,1402,50.5,3.492209361,30,0,0,0,0,0,302.8
9670,L56849,L,150.8476388,310.3,1619,31.1,6.741674786,242,0,0,0,0,0,299.1
4842,M19701,M,213.2215414,311.8,1441,44.9,6.185773024,61,0,0,0,0,0,303.3
3595,M18454,M,155.0044283,310.4,1452,45.7,1.89171372,164,0,0,0,0,,301.6
6036,M20895,M,117.5164515,310.9,1702,30.3,9.88252371,91,0,0,0,0,0,300.6
6853,H36266,H,306.3654412,311.2,1602,32.7,3.834868833,19,0,0,0,0,0,301
8706,L55885,L,279.6927175,308.6,1437,52.4,5.144867124,37,0,0,0,0,0,297.2
4178,L51357,L,153.4272252,310.9,1477,39.2,8.4945191,144,0,0,0,0,0,302.5
1309,L48488,L,373.5790351,310.1,1750,25,5.767277373,156,0,0,0,0,0,298.9
3453,H32866,H,177.6047183,310.5,1602,32.3,5.030657763,2,0,0,0,0,1,301.6
3696,L50875,L,288.1688556,311.3,1530,37.3,7.266542613,207,,0,0,0,0,302.2
4243,L51422,L,103.1221127,311,1462,48.5,6.531157984,81,0,0,0,0,0,302.4
2199,M17058,M,122.3694098,308.9,1478,,9.945627184,87,0,0,0,0,0,299.7
4426,L51605,L,199.6170042,310.2,1547,36.9,3.91561761,103,0,0,0,0,0,302.5
6151,L53330,L,140.6848324,311.1,1711,29.1,6.320946092,170,0,0,0,0,0,301.1
944,M15803,M,370.4089186,306.2,1477,45,6.971554126,40,0,0,0,0,0,295.6
823,M15682,M,314.5472714,307.6,1547,34.7,4.18748411,150,0,0,0,0,0,296.7
5006,M19865,M,148.9035239,312.9,1444,52.7,9.942237726,46,,0,0,0,0,303.7
6613,L53792,L,112.7035623,310.6,1222,70,2.066778664,62,0,0,0,0,0,301.6
8357,M23216,M,317.6934516,309.6,1344,59.4,5.881269653,200,0,0,0,0,0,298.6
5620,L52799,L,193.1074301,312.3,1932,21.9,5.163269771,132,0,0,0,0,0,303
4548,M19407,M,133.8801904,310.4,1451,53.6,8.038368814,194,0,0,0,0,0,302.5
2539,L49718,L,339.523227,308.8,1429,,5.160631483,84,0,0,0,0,0,299.1
5208,M20067,M,221.8567328,312.7,1488,41.3,7.929343665,175,0,0,0,0,0,303.8
9515,L56694,L,119.2017962,310.1,1416,45.9,8.86016961,47,0,0,0,0,0,299
9010,L56189,L,316.3603213,307.9,1579,34.4,5.362060506,193,0,0,0,0,0,297.3
3055,H32468,H,149.8893752,309.3,1342,48.7,3.161040689,68,0,0,0,0,0,300.2
3676,M18535,M,191.8244885,311.5,1866,23.1,1.161194963,159,0,0,0,0,0,302.1
7777,M22636,M,386.2605727,311.5,1445,47.3,1.652592004,40,0,0,0,0,0,300.3
7219,H36632,H,145.3624329,309.8,1400,48.7,1.308475169,119,0,0,0,0,0,299.9
6723,L53902,L,222.1044567,310.7,1657,28.7,4.328494908,108,0,0,0,0,0,301.4
3301,H32714,H,395.6173295,310.4,1538,38.4,8.550655722,65,0,0,0,0,0,301.3
3311,L50490,L,276.7701888,310.4,1346,46.7,4.820939752,90,0,0,0,0,0,301.3
7222,H36635,H,375.9914196,309.6,1433,49.6,6.474880941,129,0,0,0,0,0,299.7
8520,L55699,L,375.059511,309.6,1420,44.1,8.459487653,197,,0,0,0,0,298.3
5955,L53134,L,120.7811837,310.9,1732,25.7,1.859277676,109,0,0,0,0,0,300.8
833,L48012,L,288.4699559,307.4,1521,38.6,5.519237689,173,0,0,0,0,0,296.6
3463,H32876,H,104.1125862,310.5,1786,27.1,4.089526723,35,0,0,0,0,0,301.6
7644,H37057,H,301.6499457,311.4,1427,50.7,2.875031816,122,0,0,0,0,0,300.4
55,L47234,L,253.8144205,309,1691,30.1,8.765301946,154,0,0,0,0,0,
3452,L50631,L,314.1043658,310.6,1455,43.9,7.390772175,0,0,0,0,0,0,301.6
6306,M21165,M,379.420937,310.5,1603,32.6,5.063640013,121,0,0,0,0,0,301.1
1482,M16341,M,377.9225658,309.2,1332,60.2,8.424197326,147,0,0,0,0,0,298.2
4874,M19733,M,157.6750671,312.4,1474,38.8,1.602692601,139,0,0,0,0,0,303.7
8039,L55218,L,205.8316596,311.8,1486,47.3,5.880349838,19,0,0,0,0,0,300.7
3336,L50515,L,119.5485802,310.9,1705,31.2,3.482023823,146,0,0,0,0,0,301.7
6017,L53196,L,300.916076,310.7,1425,45.3,8.759175791,48,0,0,0,0,0,300.7
4927,L52106,L,148.0355015,312.3,1502,,3.648797343,69,0,0,0,0,0,303.4
5798,L52977,L,231.3962671,311,1431,42.6,9.55938583,158,0,0,0,0,0,301.6
9832,L57011,L,275.9838212,309.3,1542,35.4,8.459099467,208,0,0,0,0,0,298.4
5084,L52263,L,123.2028814,313.1,1327,54.1,6.213676711,57,0,0,0,0,0,304.1
6646,M21505,M,397.5345722,310.4,1486,39.6,8.107103267,144,0,0,0,0,0,301.5
5491,L52670,L,247.259519,312.1,1288,68.5,2.939487537,0,0,0,1,0,0,302.6
769,L47948,L,274.4588143,308,1713,29.3,2.304863551,13,0,0,0,0,0,296.9
2066,L49245,L,388.7994279,309.6,1419,45.1,4.064107426,170,0,0,0,0,0,299.7
9501,L56680,L,229.2683558,310.2,1697,30.6,6.802495643,12,0,0,0,0,0,299.2
7312,H36725,H,299.5834622,310.5,1558,36.7,1.577906133,137,0,0,0,0,0,300
8478,H37891,H,127.1391638,309.6,1579,33.5,7.448212071,91,0,0,0,0,0,298.5
4525,M19384,M,380.8100315,310.5,1527,38.8,4.980106448,136,0,0,0,0,0,302.5
2718,M17577,M,241.3781247,309.1,1422,45.3,4.74529968,103,0,0,0,0,0,299.5
2080,M16939,M,172.9245851,309.3,1523,,4.352728752,204,,0,0,0,0,
8915,M23774,M,180.3083824,308.5,1524,49.3,2.483269751,176,,0,0,0,0,297.3
952,H30365,H,397.6269116,306.3,1509,35.8,5.284495622,60,0,0,0,0,0,295.6
8059,L55238,L,338.2286812,311.6,1515,44.9,1.288572541,69,,0,0,0,0,300.3
2483,L49662,L,262.5342423,308.7,1504,41.8,4.760506918,165,0,0,0,0,0,298.9
1760,H31173,H,100.4326971,307.4,1606,35.2,6.597529161,195,0,0,0,0,0,298
4423,M19282,M,349.6962758,310.2,2157,17.2,8.760709574,94,0,0,0,0,0,302.6
6705,M21564,M,288.5871709,310.7,1510,36,9.504690511,64,0,0,0,0,0,301.5
5183,L52362,L,141.181507,313.1,1586,31.9,9.214492503,108,0,0,0,0,0,303.9
8534,M23393,M,384.7906995,309.4,1465,41.1,6.738980598,30,0,0,0,0,0,298.6
3702,L50881,L,182.6199935,311.2,1417,48,1.883553188,13,0,0,0,0,0,
4244,M19103,M,204.3361627,310.9,1435,42.3,1.219454792,83,0,0,0,0,0,302.4
689,H30102,H,257.2771121,309,1735,26.4,3.186516285,41,0,0,0,0,0,297.6
3433,M18292,M,280.8461469,310.7,2012,20.7,7.491389939,178,0,0,0,0,0,301.6
4945,M19804,M,317.7356421,312.7,1765,27.5,8.656139148,115,0,0,0,0,0,303.6
967,M15826,M,272.3066291,306.5,1641,32.2,7.081756806,101,0,0,0,0,0,295.8
9485,L56664,L,224.7526383,309.6,1663,33.7,4.958738148,195,0,0,0,0,0,
2714,M17573,M,289.2394038,309.2,1651,30.8,3.567404527,92,0,0,0,0,0,299.6
4758,L51937,L,279.2259937,311.6,1497,42.8,3.268975166,58,0,0,0,0,0,303.4
9546,L56725,L,342.4376494,311,1430,38.3,5.341761921,124,0,0,0,0,0,299.6
6321,M21180,M,374.5441704,310.2,1304,52.5,5.264284898,157,0,0,0,0,0,300.8
5976,H35389,H,371.7618201,310.7,1654,28.6,6.71066436,161,0,0,0,0,0,300.5
3573,L50752,L,370.1146226,310.6,1451,50.7,6.840723819,108,0,0,0,0,0,301.8
5300,L52479,L,102.9083781,313.1,1355,49.1,8.144378487,188,0,0,0,0,0,303.7
1991,L49170,L,248.003418,307.8,1423,48.1,7.494989985,183,0,0,0,0,0,298.2
1206,L48385,L,345.5243473,308,1371,54.5,3.516239852,86,0,0,0,0,0,296.8
4972,L52151,L,256.7344234,312.7,1838,27.8,7.074963385,181,0,0,0,0,0,303.8
6784,L53963,L,134.993128,310.8,1450,46.9,1.128197518,59,0,0,0,0,0,301.3
3601,L50780,L,289.6080312,310.5,1523,34.7,7.587037662,181,0,0,0,0,0,301.7
6491,L53670,L,111.3196133,309.9,1383,44.5,7.129897422,176,0,0,0,0,0,300.7
8610,L55789,L,282.5346222,308.3,1475,40.5,8.616836251,222,1,0,0,0,0,297.4
9979,H39392,H,246.5899933,308.3,1377,,1.852387714,181,0,0,0,0,0,298.6
8071,M22930,M,127.2727435,312,1867,23,4.849939321,103,0,0,0,0,0,300.5
8578,L55757,L,114.3608329,308.3,1502,43.2,9.893495512,139,0,0,0,0,0,297.6
7974,L55153,L,318.4569055,312.3,1682,29.7,6.680920599,83,0,0,0,0,0,301.1
1626,L48805,L,167.7656029,307.8,1365,,1.3553123,73,0,0,0,0,0,297.9
537,L47716,L,209.3563294,309.3,1759,24.8,1.59329937,81,0,0,0,0,0,297.4
8767,L55946,L,294.4078037,308.8,1360,50.7,2.944631879,190,0,0,0,0,0,297.5
7971,M22830,M,139.6897103,312.1,1297,48.6,2.772658665,76,0,0,0,0,0,300.9
4213,M19072,M,399.9077321,310.6,1392,60.5,6.830490765,10,0,0,0,0,0,302
6457,L53636,L,330.0950921,310.2,1387,50.6,2.149449628,83,,0,0,0,0,300.7
3508,M18367,M,386.7523386,310.8,1502,34.4,6.552940525,157,0,0,0,0,0,301.7
8394,L55573,L,173.2465259,309.5,1428,43.5,2.353007947,87,0,0,0,0,0,
7113,L54292,L,386.2752971,310.4,1427,47,2.77507618,65,0,0,0,0,0,300.9
2709,L49888,L,184.1356087,309.1,2266,15.3,9.644546877,79,0,0,0,0,0,299.6
5032,M19891,M,237.3384401,313,1514,45,3.368590895,113,0,0,0,0,0,303.8
6515,L53694,L,373.695163,309.9,1507,41.8,2.937587213,19,0,0,0,0,0,301
4663,H34076,H,212.053714,311.2,1607,,6.393870676,34,,0,0,0,0,303.3
4022,H33435,H,117.4858711,310.9,1452,42.5,4.931646201,198,0,0,0,0,0,
1855,M16714,M,375.0238543,307.2,1470,42.6,9.656441489,44,,0,0,0,0,297.6
9426,M24285,M,376.8826957,308.6,1415,46.3,3.309176817,27,0,0,0,0,0,298.1
2873,L50052,L,121.9794539,309.6,1680,28.7,7.543252373,22,0,0,0,0,0,300.8
3031,M17890,M,200.2042051,309.6,1563,34,9.18468049,6,0,0,0,0,0,300.4
1646,L48825,L,328.0394657,307.8,1538,38.5,3.281956645,123,0,0,0,0,0,297.9
3418,L50597,L,369.9355252,310.6,1621,33.7,9.744190947,137,0,0,0,0,0,301.6
3477,L50656,L,231.6281667,310.6,1522,43.8,2.228986355,70,0,0,0,0,0,301.8
9553,M24412,M,260.8545517,310.8,1523,40.9,8.302376094,141,0,0,0,0,0,299.3
1793,M16652,M,228.2703198,307.7,1445,48,1.781169278,73,0,0,0,0,0,298.1
3798,L50977,L,246.9638485,310.8,1622,36.8,4.765242821,45,0,0,0,0,0,302.1
3369,L50548,L,125.3874594,310.8,1350,58.5,2.891503736,13,0,0,0,0,0,301.5
7197,H36610,H,332.4588547,310.1,1426,42.7,8.706891914,64,0,0,0,0,0,300.1
9642,L56821,L,215.7793166,310.4,1365,53.9,1.800085577,171,0,0,0,0,0,299.3
5110,M19969,M,149.1325103,313.4,1389,45.8,8.130038634,123,0,0,0,0,0,304
6025,L53204,L,298.9173345,310.9,1356,65.3,9.800275496,66,0,0,1,0,0,300.7
8796,L55975,L,290.7254373,308.4,1459,39.4,9.211322449,59,0,0,0,0,0,297.3
9295,L56474,L,292.7104611,309,1437,36.2,5.83366527,95,0,0,0,0,0,298.1
127,L47306,L,352.4880945,308.6,1329,60.5,3.097200615,120,0,0,0,0,0,299
5960,L53139,L,305.7102526,310.8,1378,51.2,3.906237397,119,0,0,0,0,,300.6
3877,L51056,L,214.8021667,311.8,1627,31.8,1.843359405,23,0,0,0,0,0,302.6
4452,L51631,L,312.4872818,310.3,1549,40.9,6.364956772,170,0,0,0,0,0,302.5
7148,L54327,L,309.1293779,309.8,1466,41.2,5.001901478,156,0,0,0,0,0,300.3
3532,M18391,M,352.7512942,310.9,1641,33.2,3.598018988,3,0,0,0,0,0,301.9
828,L48007,L,294.6044925,307.3,1501,42.1,5.432357933,162,0,0,0,0,0,296.5
7791,L54970,L,326.3975294,311.4,1729,29.3,4.362059838,71,0,0,0,0,0,300.1
985,L48164,L,265.2664437,307.1,1419,48.6,2.313370674,142,0,0,0,0,0,296.3
7784,L54963,L,256.9982505,311.5,1667,28.8,3.483081477,56,0,0,0,0,0,300.3
2444,L49623,L,233.2425697,308.5,1647,35,3.224602663,74,0,0,0,0,0,299.1
8555,L55734,L,301.2016045,309,1592,33.9,3.98880115,85,0,0,0,0,0,298.1
346,L47525,L,130.8305801,308.3,1585,32.9,3.672699677,32,0,0,0,0,0,297.5
815,M15674,M,344.215717,307.5,1470,,5.693735222,132,0,0,0,0,0,296.8
6167,H35580,H,131.8879076,310.7,1403,40.6,6.259414492,207,0,0,0,0,0,
5780,L52959,L,100.4580179,311.1,1680,29.2,8.977389715,111,0,0,0,0,0,301.6
2117,M16976,M,187.0314031,309,1381,44.9,9.976060369,88,0,0,0,0,0,299.4
794,M15653,M,274.2640735,307.9,1683,31.8,8.866094512,76,0,0,0,0,0,296.8
6899,M21758,M,111.3217053,311.6,1448,43.9,5.124950904,145,0,0,0,0,0,301
2675,L49854,L,295.0338804,309.3,1546,37.2,5.351945761,4,0,0,0,0,0,299.7
95,L47274,L,383.4046562,308.9,1622,31.9,8.954505099,42,0,0,0,0,0,299
4226,L51405,L,110.746289,310.7,1359,49.3,9.754081369,41,0,1,0,0,0,302.1
3757,L50936,L,136.6954239,311.1,1546,33.1,8.813621952,156,0,0,0,0,0,302.3
2892,L50071,L,209.7180329,309.6,1682,30.7,3.37374559,78,0,0,0,0,0,300.6
2372,L49551,L,100.7760636,308.5,1409,44.8,1.79526055,91,0,0,0,0,0,299.3
9389,M24248,M,226.8491097,307.9,1544,37.9,3.244683231,136,0,0,0,0,0,297.5
3229,L50408,L,250.7285178,309.3,1475,46.8,6.352035443,94,0,0,0,0,0,300.5
7864,M22723,M,329.8201105,311.9,1511,44.5,6.010689599,30,0,0,0,0,0,300.5
6360,L53539,L,218.5022165,309.8,1430,56.7,2.947795008,44,0,0,0,0,0,300.1
9197,L56376,L,240.4014742,308.9,1607,37.7,3.140658652,49,0,0,0,0,0,298
7327,M22186,M,199.1886496,310.5,1335,52.9,8.250454115,180,0,0,0,0,0,299.9
6029,L53208,L,151.0655152,310.9,1472,47.6,1.154886345,75,0,0,0,0,0,300.6
1866,L49045,L,322.4143302,307.7,1567,34.7,8.685986758,74,0,0,0,0,0,297.9
4613,L51792,L,102.1500683,311.3,2194,16.5,7.548254705,148,0,0,0,0,0,303
2646,H32059,H,258.5536896,309.5,1547,38.5,4.213107921,148,0,0,0,0,0,299.9
2244,L49423,L,134.1833378,308.4,1465,35,9.632293268,201,0,0,0,0,0,
5374,M20233,M,204.2433761,312.3,1809,25,1.659074458,180,,0,0,0,0,302.9
2337,L49516,L,328.2878595,308.4,1434,46.8,3.653652623,2,0,0,0,0,0,299.2
951,L48130,L,115.8206771,306.2,1424,42.5,9.187414274,58,0,0,0,0,0,295.6
1121,H30534,H,252.7912747,307.7,1654,31,6.001781655,91,0,0,0,0,0,296.6
2205,M17064,M,337.5744605,309.1,1352,46.1,1.700353345,102,0,0,0,0,0,299.7
420,M15279,M,172.5712775,308.3,1501,38.2,7.825725025,2,0,0,0,0,0,297.3
923,M15782,M,134.1182756,305.9,1380,52.4,9.831512905,202,0,0,0,0,0,295.5
8670,M23529,M,325.4066135,308.8,1471,52.3,8.596346819,152,0,0,0,0,0,297.5
5409,L52588,L,315.872466,312.4,1628,,1.975976704,15,0,0,0,0,0,302.6
5789,L52968,L,322.4308348,311.5,1443,43.3,4.803465613,134,0,0,0,0,0,301.8
5743,L52922,L,313.8096453,311.7,1414,,2.49300802,11,0,0,0,0,0,302.3
7668,L54847,L,304.5936416,311.7,1528,43.9,5.070595071,185,0,0,0,0,0,300.6
5568,M20427,M,243.0579609,312,1445,54.8,8.98856047,0,0,0,0,0,0,302.5
8136,L55315,L,129.6336627,311,1554,36.3,6.635410342,62,0,0,0,0,0,299.6
1203,M16062,M,122.0239769,308.1,1355,51.4,3.93148086,76,0,0,0,0,0,297
5766,L52945,L,370.1493886,311.3,1708,30.5,1.677620719,77,0,0,0,0,0,301.7
8390,L55569,L,159.9541488,309.9,1525,39.7,8.266130898,77,0,0,0,0,0,298.8
1971,M16830,M,364.815592,307.6,1202,67,6.42467813,129,0,0,0,0,0,297.9
4019,M18878,M,258.0128821,310.8,1783,23.1,9.51930946,190,0,0,0,0,0,302
3688,M18547,M,229.9018001,311.2,1625,30.7,3.199729484,189,0,0,0,0,,302
1998,L49177,L,151.6499293,308.1,1672,41.3,5.444638038,0,0,0,0,0,0,298.3
4034,L51213,L,105.2765652,310.8,1772,27.1,4.393682112,233,0,0,0,0,0,302.1
1249,L48428,L,331.8934755,308.6,1489,40.2,5.994361979,214,0,0,0,0,0,297.2
2193,L49372,L,258.4380653,309,1472,48.8,9.611982404,72,0,0,0,0,0,299.6
2713,H32126,H,388.5305847,309.2,1302,55.5,5.994456323,87,0,0,0,0,0,299.7
2191,M17050,M,197.5876769,309.1,1471,44.3,1.525782879,67,0,0,0,0,0,299.6
4671,L51850,L,253.804766,311.4,1610,35.5,5.541893555,63,0,0,0,0,0,303.2
5143,L52322,L,137.28765,313.6,1568,39.1,3.703731771,0,0,0,0,0,0,304.4
5985,H35398,H,154.6380543,310.8,1346,52,1.529124691,193,0,0,0,0,0,300.7
6566,L53745,L,394.704064,310.6,1550,36.8,3.795853786,159,0,0,0,0,0,301.4
7805,M22664,M,267.8180051,311.4,1480,44.9,6.813711062,108,0,0,0,0,0,299.9
6944,L54123,L,362.6342562,311.3,1522,35.2,1.772919127,48,0,0,0,0,0,300.7
2137,L49316,L,345.4857639,308.9,1588,41.5,7.824295622,150,0,0,0,0,0,299.2
1066,L48245,L,158.5111434,307.9,1718,25.2,1.095672049,148,0,0,0,0,0,
601,L47780,L,356.7900749,309.7,1547,37.3,7.280777285,25,0,0,0,0,0,297.8
4228,L51407,L,200.1249901,310.8,1383,,6.007157107,45,0,0,0,0,0,302.2
7578,L54757,L,128.2459756,311.2,1530,32,9.289513284,169,0,0,0,0,0,300.4
78,L47257,L,169.3912623,308.9,1455,41.3,4.598419801,208,1,0,0,0,0,298.8
7547,H36960,H,153.6427033,311.5,1454,42.8,2.272547152,88,0,0,0,0,0,300.2
2899,M17758,M,259.0842507,309.5,1550,40.2,2.638938589,96,0,0,0,0,0,300.6
4821,M19680,M,163.3998794,312.1,1627,,4.988531138,7,0,0,0,0,0,303.6
9303,M24162,M,390.1253356,308.9,1804,25.1,4.3179042,118,0,0,0,0,0,298.1
6414,L53593,L,216.2878912,310.1,1614,33.5,5.814420773,191,0,0,0,0,0,300.4
9065,L56244,L,132.4215469,308.4,1833,25.2,3.907477742,117,0,0,0,0,0,297.2
8008,M22867,M,387.5240084,312.1,1664,28.4,6.248657893,168,0,0,0,0,0,301
5469,L52648,L,209.5644253,312.3,1764,29.9,3.669231321,162,0,0,0,0,0,302.8
5952,L53131,L,171.9746301,310.9,1650,29.4,8.313936175,102,0,0,0,0,0,300.7
3392,L50571,L,234.2912978,310.7,1466,47.3,2.985773017,77,0,0,0,0,0,301.5
5416,M20275,M,171.2623372,312.4,1410,50.3,7.278628264,33,0,0,0,0,0,302.6
2561,M17420,M,334.592014,309.1,1326,62,8.0248651,142,0,0,0,0,0,299.4
8163,L55342,L,332.3138547,311,1574,35,9.171953497,133,0,0,0,0,0,299.6
2636,H32049,H,105.4428058,309.6,1462,51,7.102239546,119,0,0,0,0,0,299.9
5257,L52436,L,160.5899192,313,1393,51.6,5.382090182,80,0,0,0,0,0,303.5
3531,M18390,M,135.3172661,310.9,1441,43.7,1.536149448,0,0,0,0,0,0,301.9
8568,L55747,L,109.3007093,308.7,1511,45.8,6.844056886,114,0,0,0,0,0,298
1909,L49088,L,116.580213,307.6,1977,,5.790449847,182,0,0,0,0,0,297.9
236,M15095,M,374.0130378,308.3,1680,33.7,2.277365864,185,0,0,0,0,0,298.1
1605,L48784,L,120.7586766,307.8,1452,39.8,5.337116829,21,0,0,0,0,0,297.8
7985,L55164,L,328.0705921,312.3,1550,34.9,5.959404387,111,0,0,0,0,0,301
3491,M18350,M,346.4675689,310.9,1763,28.4,3.487981202,103,0,0,0,0,0,301.9
1995,M16854,M,107.6196693,307.9,1403,45.1,7.714037079,193,0,0,0,0,0,298.2
2825,M17684,M,324.5426754,309.5,1448,42.4,7.664966662,145,0,0,0,0,0,300.3
9286,M24145,M,280.2322846,309,1410,47.6,3.155320955,76,0,0,0,0,0,298.2
1343,M16202,M,218.4608684,310.1,1596,33,2.062718295,15,0,0,0,0,0,298.6
8513,H37926,H,363.3184083,309.6,1546,36.2,1.938593662,177,,0,0,0,0,298.3
1620,L48799,L,240.3008232,307.7,1590,34.6,4.75757918,57,0,0,0,0,0,297.9
5288,H34701,H,163.2513243,313.2,1506,46.9,3.729550151,154,0,0,0,0,0,303.8
2061,L49240,L,333.6672722,309.5,1803,27.7,1.252142343,159,0,0,0,0,0,299.6
9956,M24815,M,299.6890626,307.9,1462,38.8,4.859660471,124,0,0,0,0,0,298.2
2220,M17079,M,133.978544,309.1,1435,48.4,3.102442975,143,0,0,0,0,0,299.6
6039,L53218,L,399.8591139,311,1496,38.3,2.418088744,99,0,0,0,0,0,300.7
261,M15120,M,168.8417442,308.3,1522,49.1,5.699929741,22,0,0,0,0,0,298.2
9366,M24225,M,374.5872972,308.6,1254,55.8,5.852431619,65,0,0,0,0,0,298
9094,M23953,M,354.2934892,308.1,1709,30.6,5.876587961,196,0,0,0,0,0,297.3
3745,L50924,L,243.9988936,311.4,1409,53.1,7.829282513,126,0,0,0,0,0,302.5
2027,M16886,M,332.5191359,308.5,1360,52.9,4.862323215,69,0,0,0,0,0,298.7
6989,L54168,L,344.8430738,311.1,1478,46.8,9.813656152,165,0,0,0,0,0,300.7
4235,H33648,H,324.6323034,310.9,1522,35.9,3.655206199,61,0,0,0,0,0,302.2
1918,M16777,M,101.1877124,307.9,1463,47.3,9.638248715,206,0,0,0,0,0,298.1
1829,L49008,L,270.349985,307.2,1351,56.3,6.981135527,174,0,0,0,0,0,297.8
6234,L53413,L,128.6795248,310.9,1467,37.1,6.189096868,153,0,0,0,0,0,301.2
9333,M24192,M,247.106087,309,1921,22,8.80326178,196,0,0,0,0,0,298.5
6284,L53463,L,218.6042963,310.8,1719,29.5,1.354080378,62,0,0,0,0,0,301.3
4209,M19068,M,380.7255252,310.9,1627,,6.644322521,0,0,0,0,0,0,
225,L47404,L,219.8705826,308.6,1584,29.3,1.873449888,162,0,0,0,0,0,298.3
8916,L56095,L,368.1279833,308.3,1403,54.1,7.810983603,179,0,0,0,0,0,297.1
6470,M21329,M,176.0657909,309.6,1521,35,8.982074727,119,,0,0,0,0,300.4
9414,L56593,L,373.7002935,308.6,1439,44.9,1.191227789,205,0,0,0,0,0,298.1
847,M15706,M,122.3130296,307.4,1416,50,9.929556876,210,0,0,0,0,0,296.4
4290,M19149,M,181.2285612,310,1781,23.9,7.51665201,198,0,0,0,0,0,301.8
5561,L52740,,309.3315778,311.9,1541,37.9,1.456187653,192,0,0,0,0,0,302.4
2552,L49731,L,391.3726056,309.2,1541,37.2,7.61479959,118,0,0,0,0,0,299.3
118,L47297,L,190.2704321,308.6,1599,33,6.31728387,101,0,0,0,0,0,298.8
8838,M23697,M,210.6317011,309.1,1540,38.5,1.751816987,176,0,0,0,0,0,297.5
5967,L53146,L,154.5283962,310.8,1396,,6.899473248,142,,0,0,0,0,300.4
8196,L55375,L,244.2515125,310.8,1376,53.9,4.139216853,215,0,0,0,1,0,299.4
8660,L55839,L,226.4275039,308.5,1375,55.6,5.010027353,128,0,0,0,0,0,297.5
7490,M22349,M,210.2319829,311.6,1751,28,5.767837064,162,0,0,0,0,0,300.2
6,M14865,M,173.4054753,308.6,1425,41.9,6.288887055,11,0,0,0,0,0,298.1
5343,M20202,M,398.0794181,312.8,1375,45.7,5.070886598,89,0,0,0,0,0,303.5
9112,L56291,L,387.4540736,308.6,1351,51,7.368821187,37,0,0,0,0,0,297.6
4325,L51504,L,280.7580285,310.2,1486,43,2.167533639,66,0,0,0,0,0,
1064,M15923,M,356.6469253,307.8,1664,32.8,4.6537848,142,0,0,0,0,0,296.8
2591,L49770,,322.5673478,308.7,1396,48.6,1.260220334,0,0,0,0,0,0,
8435,M23294,M,384.1338845,309.9,1654,29.1,2.948207825,195,0,0,0,0,0,298.7
3736,M18595,M,347.6473011,311.1,1434,58.6,8.251281645,102,0,0,0,0,0,302.2
3518,L50697,L,300.2679166,311,1550,35.2,1.706625882,184,0,0,0,0,0,302
6987,L54166,L,227.722997,311.1,1688,30.7,6.759967428,161,0,0,0,0,0,
6768,L53947,L,101.6851573,310.9,1509,41.7,6.181861294,16,0,0,0,0,0,
5623,L52802,L,286.3555771,312.2,1571,40.6,3.141724025,139,0,0,0,0,0,302.9
1606,L48785,L,230.8135992,307.8,1396,42.5,7.912158257,23,0,0,0,0,0,297.8
1734,L48913,L,396.9013857,308,1515,42.8,1.364513127,125,0,0,0,0,0,298.4
9342,M24201,M,195.8504158,308.9,1363,,6.77800454,5,0,0,0,0,0,298.3
3813,L50992,L,113.27688,310.6,1392,50,5.998243522,84,0,0,0,0,0,302
9625,H39038,H,254.5037559,310.1,1555,38.6,3.361084794,118,0,0,0,0,0,299
1762,L48941,L,122.6518896,307.6,1950,20.3,8.740681152,202,0,0,0,0,0,298.1
5402,M20261,M,234.6182459,312.3,1454,54.8,9.747801308,253,1,0,0,1,0,302.6
2740,L49919,L,386.2097544,309.2,1572,35.4,8.055419789,158,0,0,0,0,0,299.8
2473,L49652,L,152.9331242,308.5,1429,55.1,3.488366774,140,0,0,0,0,0,298.9
6739,H36152,H,261.9971344,311.1,1463,50.1,3.028665481,149,0,0,0,0,0,301.8
6892,L54071,L,202.9794801,311.5,1505,41.1,7.574314023,129,0,0,0,0,0,300.9
7944,L55123,L,399.5220686,311.7,1753,29,8.884312705,8,0,0,0,0,0,300.8
4207,M19066,M,236.0892069,310.8,1721,28.4,2.203822324,215,0,0,0,0,0,302.3
6372,L53551,L,160.8922344,309.6,1546,36.7,2.425481388,77,0,0,0,0,0,300.1
233,L47412,L,160.21474,308.4,1424,47.6,8.535612848,179,0,0,0,0,0,298.2
8259,L55438,L,155.9849137,310.6,1602,39.7,7.362697864,144,,0,0,0,0,299.1
7562,L54741,L,221.3167376,311.1,1388,49.4,2.113685703,128,0,0,0,0,0,300.3
6169,M21028,M,301.9690852,310.6,1778,27.1,9.277485872,215,0,0,0,0,0,300.7
3597,L50776,L,141.8323665,310.5,1354,50,5.454659173,169,0,0,0,0,0,301.7
6289,L53468,L,255.160691,310.5,1317,50.9,6.19637454,75,0,0,0,0,0,301
4633,M19492,M,165.5188156,311.2,1330,53.7,8.991986128,200,0,1,0,0,0,302.9
126,L47305,L,315.721484,308.6,1560,,3.043658998,118,0,0,0,0,0,298.9
7642,M22501,M,357.4118641,311.4,1352,57.3,9.904920532,116,0,0,0,0,0,300.4
6230,L53409,L,189.1431331,310.9,2165,17.4,4.119659746,143,0,0,0,0,0,301.3
1297,L48476,L,390.3117802,309.9,1621,34.1,4.898989123,130,0,0,0,0,0,298.7
1977,M16836,M,282.8625235,307.7,1419,47.4,1.892415928,142,0,0,0,0,0,298.1
9481,M24340,M,336.3908502,309.6,1434,43.8,4.46466273,180,0,0,0,0,0,298.9
9582,L56761,L,127.7239273,310.6,1418,53.1,9.825609014,10,0,0,0,0,0,
5751,L52930,L,266.8978615,311.8,1981,21.8,3.512158394,36,0,0,0,0,0,302.2
8153,L55332,L,396.2177899,310.7,1438,45.7,6.610532925,106,0,0,0,0,0,299.5
3087,L50266,L,395.6741039,309.2,1610,32.1,2.621908479,150,0,0,0,0,0,300
9277,L56456,L,289.2510516,308.7,1691,30.3,6.986989395,49,0,0,0,0,0,298.1
6883,L54062,L,123.1724113,311.4,2073,21.4,8.669794911,105,0,0,0,0,0,300.9
9306,H38719,H,220.3680334,309.1,1646,30.2,4.313033295,125,0,0,0,0,0,298.3
7674,M22533,M,186.7645546,311.6,1476,39.1,3.397455714,199,0,0,0,0,0,300.5
3346,L50525,L,330.3087366,310.7,1594,34.1,5.915650604,172,0,0,0,0,0,301.3
8173,L55352,L,260.2206334,311.4,1596,28.9,2.582341036,160,0,0,0,0,0,299.9
9422,M24281,M,159.1106391,308.5,1382,54.5,8.459973238,17,0,0,0,0,0,298.1
5871,L53050,L,293.6181661,311.1,2055,16.8,8.378706436,105,0,0,0,0,0,301.5
6507,H35920,H,277.4579376,310.1,1454,,5.312460244,217,0,0,0,0,0,301
2798,M17657,M,217.9837816,309.6,1398,53.7,3.459905685,82,0,0,0,0,0,300.3
919,M15778,M,191.3489342,305.7,1473,38.5,6.16835404,189,0,0,0,0,0,295.3
1647,M16506,M,148.0549873,307.7,1527,42.8,2.817514951,125,0,0,0,0,0,297.9
5123,H34536,H,337.5660306,313.5,1684,29.8,8.439131021,156,0,0,0,0,0,304.2
5127,L52306,L,345.6985813,313.5,1802,25.4,3.678784732,170,0,0,0,0,0,304.3
4622,L51801,L,126.0710487,311.2,1341,51,5.685003562,174,0,1,0,0,0,303
6810,L53989,L,178.0014292,310.8,1490,38.1,3.01668608,125,0,0,0,0,0,300.9
365,L47544,L,284.0541882,308.4,1407,55.2,1.960933093,86,0,0,0,0,0,297.6
2126,L49305,L,275.2755997,308.9,1258,69.4,4.483950929,119,0,0,1,0,0,299.3
8151,M23010,M,316.6931025,310.7,1424,41.3,9.824153901,101,0,0,0,0,0,299.5
8718,L55897,L,197.3043288,308.7,1474,42.3,2.669007817,64,0,0,0,0,0,297.1
56,L47235,L,136.2637856,309.1,1512,40.7,3.580026287,156,0,0,0,0,0,298.8
639,L47818,L,196.3961663,309.6,1536,37.3,1.734881682,120,0,0,0,0,0,298
303,H29716,H,127.3243356,308.4,1512,35.1,3.298201494,138,0,0,0,0,0,297.8
5812,L52991,L,157.7655882,311.1,1454,40.3,2.290660521,191,,0,0,0,0,301.3
1277,M16136,M,194.7461016,309.4,1693,34.4,8.617815331,73,,0,0,0,0,298.2
4433,L51612,L,345.2058526,310.2,1445,46.4,7.162694541,125,0,0,0,0,0,302.4
3645,L50824,L,204.7252634,311.5,1548,32.4,6.847414112,81,0,0,0,0,0,302.2
4144,L51323,L,302.7195102,310.1,1500,39.6,3.551209202,56,0,0,0,0,0,301.7
2879,H32292,H,212.9850948,309.4,1502,34.3,5.498884439,40,0,0,0,0,0,300.5
6494,L53673,L,245.4522538,309.8,1363,53.1,7.36018947,183,0,0,0,0,0,300.7
5241,L52420,L,148.9979644,313,1694,28,9.905840784,44,0,0,0,0,0,303.7
9409,H38822,H,291.5633872,308.4,1637,34.5,8.814225833,191,0,0,0,0,0,297.9
6938,H36351,H,361.3672112,311.1,1452,40.2,2.749183179,28,0,0,0,0,0,300.6
7241,M22100,M,223.1990817,310.1,1362,56.3,1.214271441,179,0,0,0,0,0,299.9
2594,H32007,H,147.7686908,308.5,1415,54,1.265035586,6,0,0,0,0,0,298.9
2394,L49573,L,297.470212,308.5,1544,41.6,8.745669606,146,0,0,0,0,0,299.2
524,L47703,L,292.3954295,309.4,1401,45.9,6.446371428,49,0,0,0,0,0,297.4
6377,L53556,L,181.9418721,309.6,1694,28.7,2.381017381,94,0,0,0,0,0,300
6982,H36395,H,216.8856159,311.2,1612,32.5,2.927341659,143,0,0,0,0,0,300.8
6678,L53857,L,311.0511499,310.7,1435,38.5,8.232259241,224,0,0,0,0,0,301.5
3901,M18760,M,104.5965539,311.1,1450,51.6,8.123312721,86,0,0,0,0,0,302.1
9635,L56814,L,360.4804981,310.2,1425,52.7,9.495129931,154,,0,0,0,0,299.1
5586,M20445,M,182.7144118,312,1642,29.1,6.286277719,46,0,0,0,0,0,302.5
9361,L56540,L,301.1718715,308.6,1532,42.6,2.1569523,54,0,0,0,0,0,298
7957,H37370,H,248.8373432,311.9,1513,38,9.59319257,38,,0,0,0,0,300.9
7571,H36984,H,315.3685287,311,1777,27.5,9.112312322,151,0,0,0,0,0,300.2
6778,L53957,L,363.1106631,310.7,1951,21.3,9.37472468,44,0,0,0,0,0,301.2
672,L47851,L,285.8113457,308.9,1554,34.8,9.283416943,204,0,0,0,0,0,297.5
4189,M19048,M,145.9650484,310.8,1611,31.8,5.735477028,169,0,0,0,0,0,302.3
667,L47846,L,136.4318687,309,1470,43.5,7.62101885,191,0,0,0,0,0,297.5
3267,L50446,L,300.6948842,310.1,1269,56.8,4.760226282,195,0,0,0,1,0,301.3
1888,M16747,M,136.8096239,307.5,1642,32.4,8.107808415,126,0,0,0,0,0,297.9
8473,L55652,L,224.0225166,309.7,1634,37.8,1.843073464,78,0,0,0,0,0,298.5
9092,M23951,M,144.4842977,308,1765,,5.825000283,191,0,0,0,0,0,297.2
7688,M22547,M,262.2059875,311.7,2097,18.9,8.473230619,232,1,0,0,0,0,300.7
6032,L53211,L,391.7745156,310.7,1455,40.6,9.987106679,82,0,0,0,0,0,300.6
6091,L53270,L,223.7424431,310.8,1708,29.1,5.799053326,14,0,0,0,0,0,
6239,L53418,L,125.6556419,310.8,1390,57.4,2.314858666,164,0,0,0,0,0,301.3
7351,L54530,L,275.8698342,310.2,1469,39.5,5.023393983,26,0,0,0,0,0,299.7
7831,H37244,H,251.2173763,311.2,1495,35.8,4.790270526,175,0,0,0,0,0,
761,L47940,L,177.2029298,307.8,1505,39.4,4.504522188,236,0,0,0,0,0,296.7
6255,L53434,L,374.053917,310.5,1408,47,8.247086671,202,0,0,0,0,0,301
1907,L49086,L,332.5802816,307.6,1430,52.4,4.044333052,178,0,0,0,0,0,297.9
3819,L50998,L,142.1172397,310.7,1491,42.8,5.825268,98,0,0,0,0,0,302.1
6270,M21129,M,285.5854302,310.5,1444,43.2,8.553149942,27,0,0,0,0,0,300.9
4301,M19160,M,235.0980797,310.1,1644,34.6,7.321958989,5,0,0,0,0,0,301.7
5570,L52749,L,169.4012059,312,1508,36.9,4.674998263,5,0,0,0,0,0,302.4
7942,M22801,M,385.9767003,311.7,1499,38.9,2.996997367,3,0,0,0,0,0,300.7
4165,L51344,L,292.3263763,310.6,1346,47.5,4.562993873,109,0,1,0,0,0,302.2
5972,L53151,L,179.4149704,310.8,1509,33,4.115109909,153,0,0,0,0,0,300.5
3580,L50759,L,299.3977078,310.6,2672,11.8,8.845513756,124,0,0,1,0,0,301.8
2833,M17692,M,146.7693199,309.3,1467,40.3,6.485677273,166,0,0,0,0,0,300.4
5450,L52629,L,275.3593753,312.8,2329,15.1,3.380730166,113,0,0,0,0,0,303.1
3473,L50652,L,345.91259,310.7,1523,,6.616812132,60,0,0,0,0,0,301.8
6328,L53507,L,360.868073,310,1425,49.5,4.70630017,174,0,0,0,0,0,300.6
138,L47317,L,132.6456825,308.6,1297,,2.45367972,148,0,0,0,0,0,298.7
7044,M21903,M,317.4195482,310.6,2006,19.1,1.970764805,102,0,0,0,0,0,300.7
4893,L52072,L,265.1657157,312.3,1922,23.1,6.913887337,193,0,0,0,0,0,303.7
2181,H31594,H,227.783917,309.2,1597,36.3,4.280530039,35,0,0,0,0,0,299.6
7731,L54910,L,113.9308699,311.9,1472,44.2,7.285273245,126,0,0,0,0,0,300.6
3178,M18037,M,339.3372753,309.5,1564,33.4,6.704822247,183,0,0,0,0,0,300.2
4855,L52034,L,296.6672921,312.2,1568,33.8,9.657629461,96,0,0,0,0,0,303.7
4638,M19497,M,304.1642054,311.3,1847,24.7,7.299012048,212,0,0,0,0,0,303.1
5116,M19975,M,327.3924709,313.7,2113,18.4,1.700832702,139,0,0,0,0,0,304.2
7649,L54828,L,260.5401222,311.4,1552,28.8,7.001794158,135,0,0,0,0,0,300.4
4262,L51441,L,176.1407469,311.1,1730,28.1,9.381174474,135,0,0,0,0,0,302.7
1332,H30745,H,173.9421671,310.2,1771,26.8,4.559962701,216,0,0,0,0,0,298.9
7003,H36416,H,301.6578935,310.6,1411,47.2,4.551854572,201,0,0,0,0,0,300.5
6942,L54121,L,341.8898242,311.4,1316,57.6,8.892928215,43,0,0,0,0,0,300.8
8018,L55197,L,357.4683017,312,1518,39.3,3.344737848,196,0,0,0,0,0,
6242,L53421,L,335.3795487,310.5,1324,52.4,1.493563678,171,0,0,0,0,0,301.1
9988,M24847,M,162.6432679,308.6,1500,37.1,6.062319434,210,0,0,0,0,0,298.8
6882,L54061,L,294.4942725,311.4,1573,37.6,2.87633868,103,0,0,0,0,0,301
4531,L51710,L,384.0533686,310.4,1487,42,6.820252319,152,0,0,0,0,0,302.5
4674,L51853,L,388.8450694,311.5,1501,36.2,9.961810672,69,0,0,0,0,0,303.4
6997,M21856,M,199.6314625,310.6,1621,32,9.48152222,184,0,0,0,0,0,300.5
1253,L48432,L,184.003141,308.8,1533,41.5,3.755254906,223,0,0,0,0,0,297.5
3375,L50554,L,370.7150167,310.7,1376,50.6,8.264644648,25,0,0,0,0,0,301.4
2815,L49994,L,340.4231544,309.3,1395,56.5,9.401166089,122,,0,0,0,0,300
4720,M19579,M,352.4950754,311.7,1690,34.9,5.886628213,189,0,0,0,0,0,303.4
6545,M21404,M,352.3443988,310.7,1470,46.5,9.973721112,101,0,0,0,0,0,301.4
4859,L52038,L,270.9914455,312.3,1349,51,5.027862015,105,0,0,0,0,0,303.7
7902,L55081,L,215.5965162,312.4,1365,44.5,4.231922999,129,0,0,0,0,0,300.8
8581,L55760,L,357.9839879,308.1,1631,30.6,6.302314196,146,0,0,0,0,0,297.5
8428,L55607,L,278.9040456,310.4,1505,46.1,4.627768118,176,0,0,0,0,,
1078,L48257,L,156.4986515,307.6,1547,36.5,6.114352592,179,0,0,0,0,0,296.8
4364,H33777,H,389.4713511,310.1,1844,24.6,6.281410142,171,0,0,0,0,0,302.1
771,L47950,L,123.6340589,308,1391,54.4,2.398843533,17,0,0,0,0,0,296.8
8866,L56045,L,315.423801,309,1290,49.8,3.678508785,43,0,0,0,0,0,297.9
250,L47429,L,144.340279,308.3,1405,56.2,7.093093937,218,0,0,0,1,0,298
7240,L54419,L,258.3344254,310.1,1553,42,8.465034108,177,0,0,0,0,0,299.8
3420,L50599,L,266.2374731,310.5,1611,,6.623872775,144,0,0,0,0,0,301.5
4977,L52156,L,253.3930012,312.7,1359,56.8,4.253416803,194,0,0,0,1,0,
4545,L51724,L,242.5039722,310.4,1349,55.1,3.717724603,187,0,1,0,0,0,302.5
5566,L52745,L,159.0102907,311.9,1671,29.9,9.676827543,204,0,0,0,0,0,302.4
7940,L55119,L,397.2031203,311.8,1417,43.4,2.64335186,223,0,0,0,0,0,300.8
717,H30130,H,312.845167,308.6,1420,45.8,1.02407725,120,0,0,0,0,0,297.4
9653,M24512,M,211.9754846,310,1488,46.3,2.829161902,198,0,0,0,0,0,299
2049,L49228,L,367.3126181,309.2,1465,41.5,5.090572459,127,0,0,0,0,0,299.3
5998,M20857,M,207.5411021,310.2,1571,,1.339915325,228,0,0,0,0,0,300.5
6601,M21460,M,100.3539401,310.6,1424,47,8.894309754,26,0,0,0,0,0,301.5
7246,L54425,L,360.03447,310.1,1477,34.6,3.235047637,195,0,0,0,0,0,300
4179,L51358,L,215.8841954,310.9,1624,34.4,9.34435329,146,0,0,0,0,0,302.5
4810,L51989,L,259.0250583,312.2,1656,32.7,7.713658478,195,0,0,0,0,0,303.4
9483,H38896,H,209.0404089,309.6,1309,57.4,4.612681266,185,0,0,0,0,0,298.8
7141,L54320,L,154.7171403,309.9,1382,46.5,5.294068638,134,0,0,0,0,0,300.5
7191,L54370,L,326.9547351,310.3,1345,46.3,2.900565275,50,,0,0,0,0,300.3
1461,L48640,L,328.7537059,310.3,1437,47.8,1.300542103,99,0,0,0,0,0,299
5990,L53169,L,122.668671,310.7,1507,46.1,8.704750635,209,0,0,0,0,0,300.7
2001,L49180,L,241.3275619,308.1,1279,53.1,1.611051986,9,0,0,0,0,0,298.4
8176,M23035,M,110.8668184,311.3,1445,41.2,3.038001648,169,0,0,0,0,0,299.9
405,L47584,L,383.5074159,308.6,1297,45.9,8.887798396,184,0,0,0,0,0,297.3
385,L47564,L,398.1882302,308.5,1712,26.8,5.128765791,136,0,0,0,0,0,297.5
9449,L56628,L,267.3807254,309,1780,29.3,5.611160227,91,0,0,0,0,0,298.2
9488,L56667,L,240.9374769,309.6,1583,39.8,3.61468191,202,0,0,0,0,0,298.9
1634,L48813,L,126.0908026,307.9,1476,,5.982615492,91,0,0,0,0,0,
9854,L57033,L,382.7264618,309.4,1525,37.8,5.555506444,54,0,0,0,0,0,298.6
4785,L51964,L,156.4744019,312.6,1642,32.3,3.098078164,127,0,0,0,0,0,303.9
9457,L56636,L,126.837228,309.3,1630,33.3,6.709663326,116,0,0,0,0,0,298.5
6971,L54150,L,126.4470275,311,1436,44.9,7.685620561,119,0,0,0,0,0,300.7
3926,L51105,L,373.0076801,311.6,1638,29.6,1.805231082,160,0,0,0,0,0,302.6
4159,L51338,L,207.2269734,310.4,1889,21.5,7.334177037,92,0,0,0,0,0,301.9
7450,L54629,L,286.6658762,311.8,1418,45.9,2.764083966,53,0,0,0,0,0,
8416,M23275,M,339.3982914,309.9,1434,53,2.868123476,144,0,0,0,0,0,298.7
2194,M17053,M,351.2143932,308.9,1448,,4.680529261,74,0,0,0,0,0,299.5
1016,L48195,L,327.4666962,307.2,1356,43.6,2.849227253,22,0,0,0,0,0,296.2
5125,M19984,M,136.7033818,313.5,1557,37.3,2.709508536,164,0,0,0,0,0,304.2
7419,M22278,M,163.4236665,311.4,1427,39.7,9.349117235,196,0,0,0,0,0,300.2
7410,L54589,L,290.1500924,310.9,2084,17.6,4.132769095,175,0,0,0,0,0,299.8
8990,L56169,L,198.5275714,307.9,1469,,1.190943867,144,0,0,0,0,0,297.2
2872,M17731,M,189.2454841,309.6,1536,37.2,2.77016271,19,0,0,0,0,0,300.7
10,M14869,M,331.8234975,309,1741,28,5.648000862,21,0,0,0,0,0,298.5
1839,M16698,M,111.048946,307.2,1456,39.6,5.23571228,199,0,0,0,0,0,297.8
4805,L51984,L,183.3009451,312.6,1621,38.8,2.368507016,182,0,0,0,0,0,303.7
256,L47435,L,128.0465693,308.2,1489,40.4,4.341443353,11,0,0,0,0,0,298
7027,L54206,L,264.6359554,310.7,1543,39.6,6.01047094,60,0,0,0,0,0,300.6
5714,L52893,L,355.8720823,311.9,1596,38,3.164215468,156,0,0,0,0,0,302.2
3325,L50504,L,282.7489484,310.6,1578,34.1,3.046198853,120,0,0,0,0,0,301.5
7715,L54894,L,279.2083853,311.5,1487,43,6.296152605,78,0,0,0,0,0,300.5
1582,M16441,M,267.0487736,308.3,1560,,1.835985124,181,0,0,0,0,0,298.2
925,L48104,L,213.3634842,306,1800,27.6,6.47527963,208,0,0,0,0,0,295.5
2780,L49959,L,250.4134949,309.5,1353,50.9,7.567528128,34,0,0,0,0,0,300.1
7892,L55071,L,264.6270205,312.5,1517,39.2,2.316025843,107,0,0,0,0,0,300.8
6133,L53312,L,393.3890244,311.1,1429,42.5,4.658406299,123,0,0,0,0,0,301.1
5321,L52500,L,285.8365234,312.7,1363,45.5,3.130377541,26,0,0,0,0,0,303.4
7313,L54492,L,256.5812487,310.5,1412,52.4,8.096430121,142,0,0,0,0,0,300
7103,M21962,M,377.1053644,310.3,1494,42.2,1.360364699,35,0,0,0,0,0,300.8
6043,M20902,M,249.5789932,311,1580,36.6,2.388490772,109,0,0,0,0,0,300.8
3776,H33189,H,215.4561454,311.1,1850,23.3,6.182220755,203,0,0,0,0,0,302.5
4836,M19695,M,311.7233925,311.9,1419,50.9,4.640383672,39,0,0,0,0,0,303.4
4965,L52144,L,268.8510424,312.7,1602,33.9,7.800969368,165,0,0,0,0,0,303.9
540,M15399,M,332.1314727,309.3,1775,25.8,5.458341648,91,0,0,0,0,0,297.4
7484,L54663,L,208.2113785,311.6,1671,28.8,9.483635104,149,0,0,0,0,0,
2746,M17605,M,324.8764091,309.1,1603,38.5,5.101896713,170,0,0,0,0,0,299.7
3720,L50899,L,185.3573408,311.5,1590,39.9,6.24264397,58,0,0,0,0,0,302.4
6820,L53999,L,114.6222137,310.7,1359,46,1.958758191,151,0,0,0,0,0,300.9
9338,H38751,H,352.562721,308.9,1500,40.3,4.459108099,207,0,0,0,0,0,298.5
4469,L51648,L,100.2923087,310.5,1725,29,3.437129443,209,0,0,0,0,0,302.7
668,L47847,L,381.5079024,308.9,1459,48.5,9.045111541,193,0,0,0,0,0,297.5
7576,L54755,L,275.8025653,311.2,1471,46.5,3.821448764,164,0,0,0,0,0,300.4
8550,L55729,L,260.8607512,309.3,1558,37.2,4.473606787,73,0,0,0,0,0,298.3
5064,H34477,H,362.0597634,312.9,1495,46.6,2.157466182,0,0,0,0,0,0,304
1354,M16213,M,308.8907877,310.1,1444,48.1,1.13068772,39,0,0,0,0,0,
7115,H36528,H,154.9915059,310.4,1457,43.8,8.676013537,69,0,0,0,0,0,
9774,L56953,L,338.8730072,309.4,1560,37.9,6.284152762,37,0,0,0,0,0,298.5
8663,L55842,L,182.6114071,308.6,1514,36.9,4.737789118,134,0,0,0,0,0,297.5
2704,M17563,M,279.5052042,309.2,1372,58.2,4.13473088,65,0,0,0,0,0,299.8
3331,L50510,L,260.3807801,310.8,1385,50.7,6.430003177,133,0,0,0,0,0,301.7
8054,L55233,L,248.5487726,311.9,1887,21.7,9.859673325,56,0,0,0,0,0,300.5
3585,L50764,L,358.6741102,310.6,1192,68.9,6.293801723,135,,0,0,0,0,301.8
9442,L56621,L,182.1284962,308.8,1432,43.4,8.020387946,68,0,0,0,0,0,298.1
5646,M20505,M,380.1951004,312,1591,29.4,6.678162292,192,0,0,0,0,0,302.5
3377,M18236,M,293.8409909,310.8,1385,47.5,3.036231581,30,0,0,0,0,0,301.5
1257,M16116,M,355.4174964,308.9,1535,37.7,7.922596565,12,0,0,0,0,0,297.5
6191,L53370,L,382.3734196,310.9,1749,26.4,2.660755662,40,0,0,0,0,0,300.9
5349,L52528,L,304.1070792,312.6,1623,34.6,5.538115035,102,0,0,0,0,0,303.3
4176,L51355,L,148.8570371,310.7,1612,33.4,7.106747049,139,0,0,0,0,0,302.3
4911,M19770,M,284.5316934,312.4,1606,31.7,9.140812741,22,0,0,0,0,0,303.5
1853,M16712,M,352.4045618,307.1,1526,39.1,2.451208934,39,0,0,0,0,0,297.6
6317,L53496,L,213.3355494,310.4,1544,36,1.54479917,148,0,0,0,0,0,300.9
9855,H39268,H,270.7767075,309.4,1362,45.3,7.172895332,56,0,0,0,0,0,298.6
2106,L49285,L,355.2278395,309.1,1495,44,7.420209056,55,0,0,0,0,0,299.3
134,M14993,M,368.8768711,308.4,1430,49.6,7.948948119,135,0,0,0,0,0,298.7
5030,M19889,M,143.7805238,313.2,1624,39.8,8.740990483,107,0,0,0,0,0,303.9
929,L48108,L,136.2179921,306,1949,21.9,9.195120663,5,0,0,0,0,0,295.6
824,M15683,M,153.5001378,307.5,1482,39.9,9.536897775,153,0,0,0,0,0,296.6
7577,M22436,M,276.2548236,311.1,1477,,7.055648581,166,0,0,0,0,0,300.3
1532,H30945,H,386.3607169,309,1438,41.4,1.125732582,60,,0,0,0,0,
1215,M16074,M,158.0789769,307.8,1694,33,5.784604706,115,0,0,0,0,0,296.8
505,M15364,M,275.3668413,309.3,1529,41.9,8.304040248,3,0,0,0,0,,297.6
6531,H35944,H,177.9892699,310.6,1605,32.5,1.504168239,59,0,0,0,0,0,301.3
3073,L50252,L,385.1044718,309,1314,58.2,9.589432722,114,0,0,0,0,0,300.1
9087,L56266,L,398.6082551,307.8,1428,43.7,6.030695317,179,0,0,0,0,0,297.1
8648,L55827,L,134.2865123,308.5,1530,38.5,2.221002783,93,0,0,0,0,0,297.5
6620,M21479,M,121.7230032,310.7,1627,31.3,6.968290956,78,0,0,0,0,0,301.7
9274,H38687,H,354.8922796,308.7,1520,35.7,5.410690028,40,,0,0,0,0,
3710,L50889,L,136.163384,311.4,1754,26.9,7.76285538,33,0,0,0,0,0,302.2
4850,M19709,M,376.7113604,312,1475,42.9,5.840033319,85,0,0,0,0,0,303.5
4749,L51928,L,118.6785969,311.2,1363,46.7,5.960517177,29,0,1,0,0,0,303.2
4269,L51448,L,196.1803883,311,1694,29.8,4.417670211,150,0,0,0,0,0,302.7
9879,L57058,L,237.5596941,309.7,1293,59.1,2.58645593,125,,0,0,0,0,298.7
8906,L56085,L,146.3617987,308.6,1385,55.2,4.374622955,156,0,0,0,0,0,297.3
4187,M19046,M,371.7753508,310.6,1570,34.6,2.715129604,163,0,0,0,0,0,
5302,L52481,L,159.0719794,313.1,1309,55.8,2.945488863,193,0,0,0,0,0,303.8
2924,M17783,M,159.8277886,309.7,1397,51.3,9.785608601,155,0,0,0,0,0,300.7
6589,L53768,L,189.2202596,310.7,1457,40.4,1.379727579,213,0,0,0,0,0,301.6
1811,L48990,L,236.7869203,307.6,1364,53.8,8.337725616,129,0,0,0,0,0,298.1
3487,L50666,L,278.7671877,310.8,1650,29.8,1.946151131,94,0,0,0,0,0,301.9
7420,L54599,,232.9021951,311.4,1572,36.2,5.690011087,199,0,0,0,0,0,
3142,L50321,L,218.0510046,310,1521,45.1,8.336997724,86,0,0,0,0,0,300.5
9348,M24207,M,165.0771624,308.7,1426,,4.078469555,23,0,0,0,0,0,298.2
1325,M16184,M,198.3352393,310.1,1243,74.5,3.240467732,194,0,0,1,1,0,
4313,L51492,L,177.5219114,310.1,1430,46.5,4.679870839,35,0,0,0,0,0,301.5
7495,L54674,L,265.0915668,311.8,1436,48.2,7.025827901,175,0,0,0,0,,
8703,L55882,L,328.7101882,308.6,1774,23,9.591207308,30,0,0,0,0,0,297.2
8692,L55871,L,254.0681402,308.5,1555,36.2,1.844311402,0,0,0,0,0,0,297.1
9504,M24363,M,356.0406632,310.3,1551,44.8,8.100597911,18,0,0,0,0,0,299.2
5542,L52721,L,337.7665585,311.8,1433,42.2,3.002115866,134,0,0,0,0,0,302.4
6173,L53352,L,184.1028663,310.6,1577,37.9,2.470633021,227,1,0,0,0,0,300.8
1541,M16400,M,359.0389623,309.1,1525,39.3,8.935163571,86,0,0,0,0,0,298.4
9410,L56589,L,341.037578,308.5,1664,28.3,1.08126071,196,0,0,0,0,0,298
2682,L49861,L,171.7088041,309.5,1545,32.2,5.574390627,18,0,0,0,0,0,299.8
9883,L57062,L,124.3683366,309.8,1895,22,8.861731585,134,0,0,0,0,0,298.8
6314,L53493,L,292.2179047,310.3,1440,47.6,2.992785572,140,0,0,0,0,0,300.9
1192,M16051,M,330.9226923,308.3,1776,28,4.736058258,43,0,0,0,0,0,297.2
5294,M20153,M,377.1295614,313.4,1464,49.1,9.085606412,171,0,0,0,0,0,303.9
1543,L48722,L,126.5594017,308.9,1379,54.7,9.230298351,91,0,0,0,0,0,298.3
7057,M21916,M,219.0490452,310.5,1409,,8.892730853,141,0,0,0,0,0,300.8
2540,L49719,L,120.4703592,308.8,1413,,8.681589756,86,0,0,0,0,0,299.1
954,L48133,L,112.6118112,306.1,1650,,3.670711318,67,0,0,0,0,0,295.5
7242,M22101,M,265.3544776,310,1484,42.1,8.198658421,182,0,0,0,0,0,299.9
6732,L53911,L,384.65748,310.9,1385,51.2,7.015372563,132,0,0,0,0,0,301.6
4847,M19706,M,108.6747533,311.8,1548,,4.267713241,75,,0,0,0,0,303.3
6802,L53981,L,371.4798845,310.7,1334,48.2,6.155644822,106,,0,0,0,0,301.1
8011,L55190,L,313.8872041,311.8,1323,61.1,5.638085835,178,0,0,0,0,0,300.8
4331,L51510,L,149.6480358,309.8,1549,38.5,4.412938413,81,0,0,0,0,0,301.5
8925,H38338,H,139.2193132,308.2,1527,42.2,9.132076143,199,0,0,0,0,0,297.1
5335,M20194,M,198.4424985,312.6,2706,9.8,9.275552189,65,0,0,1,0,0,303.4
7331,H36744,H,106.9189293,310.2,1537,36.6,3.400293564,191,0,0,0,0,0,299.8
9349,L56528,L,226.5188994,308.7,1436,49.1,7.331113481,26,0,0,0,0,0,298.2
4730,L51909,L,122.1981685,311.8,1306,61,4.949434762,215,0,1,0,1,0,303.4
6542,L53721,L,359.1134827,310.7,1509,38.3,6.417715684,95,0,0,0,0,0,301.4
5306,H34719,H,335.8879195,313.2,1680,29.1,5.891957888,201,0,0,0,0,0,303.9
5162,M20021,M,301.6880665,313.2,2028,18.9,8.427157365,45,0,0,0,0,0,304.1
7861,L55040,L,216.7320753,312,1415,44.6,9.756877118,23,0,0,0,0,0,300.5
2157,M17016,M,234.6559973,308.9,1457,41.5,7.807196252,201,0,0,0,0,0,299.4
1063,L48242,L,193.6118735,307.9,1372,49,6.421774117,140,0,0,0,0,0,296.8
1168,L48347,L,313.9189145,308.1,1362,52.5,8.324946728,213,0,0,0,1,0,297
3637,L50816,L,181.9186318,311.4,1449,46.5,7.654407097,60,0,0,0,0,0,
7652,M22511,M,370.8912254,311.5,1476,32.6,7.600408347,144,0,0,0,0,0,300.4
5589,M20448,M,338.4498484,311.8,1566,37.6,6.327634399,54,0,0,0,0,0,302.5
7193,M22052,M,243.7888489,310.2,1429,43.8,5.232310395,54,0,0,0,0,0,300.2
4492,H33905,H,273.9701598,310.4,1409,53.3,8.320285281,52,0,0,0,0,0,302.6
7267,L54446,L,264.5397735,310.5,1578,32.8,3.32560231,26,0,0,0,0,0,300.4
4981,M19840,M,160.4287146,312.8,1685,,6.610362344,203,0,0,0,0,0,303.7
8336,M23195,M,207.7519941,309.8,2240,15.9,5.530920918,144,0,0,0,0,0,299
9953,L57132,L,124.1459301,307.8,1429,46.9,8.542785406,117,0,0,0,0,0,298.2
4947,M19806,M,273.7485102,312.7,1669,31.7,9.741197651,120,0,0,0,0,0,303.7
2783,M17642,M,198.7717471,309.6,1491,41.8,7.301595455,41,,0,0,0,,300.2
718,L47897,L,350.1375423,308.7,1545,36.9,2.725294351,125,0,0,0,0,0,297.4
2503,L49682,L,343.1649507,309,1515,48.9,6.258316828,228,0,0,0,1,0,299.2
4361,L51540,L,377.9317375,310.1,1543,35.8,9.844785955,164,0,0,0,0,0,302.1
4172,M19031,M,339.1238983,310.5,1832,23.7,2.56644186,129,0,0,0,0,0,302.2
8083,H37496,H,280.8518044,311.5,1422,46.2,5.688114745,134,0,0,0,0,0,300.1
9761,M24620,M,279.5424226,309.6,1509,47.3,4.478445077,2,0,0,0,0,0,298.5
396,L47575,L,281.7634561,308.3,1571,37.7,3.653590709,162,,0,0,0,0,
7187,M22046,M,203.3106394,310.5,1644,31.4,4.608047557,41,0,0,0,0,0,300.4
9823,L57002,L,135.5127042,309.4,1360,60.9,1.013051933,187,0,0,0,1,0,298.5
4493,M19352,M,292.5005704,310.5,1420,56.4,7.921776705,57,0,0,0,0,0,302.6
1366,L48545,L,128.9260801,310.1,1676,,7.581470514,70,,0,0,0,0,298.7
9527,M24386,M,394.1504641,310.4,1395,55.4,7.414257525,76,0,0,0,0,0,299.2
8788,M23647,M,220.4065916,308.5,1699,30.1,7.913726444,40,0,0,0,0,0,297.5
5918,L53097,L,358.2669359,310.2,1341,52.6,2.596731271,21,0,0,0,0,0,300.6
4969,M19828,M,179.5973842,312.7,1485,43.3,1.534250601,174,0,0,0,0,0,303.9
2915,H32328,H,271.8732187,309.6,1888,20.5,1.402844172,133,0,0,0,0,0,300.6
5645,L52824,,165.9860422,312,1383,51.3,9.960041923,190,0,0,0,0,0,
3767,L50946,L,338.5519566,311.1,1373,53,2.824015999,181,0,0,0,0,0,302.3
3441,L50620,L,109.9446756,310.3,1460,41.5,5.901611115,197,,0,0,0,0,301.3
7358,L54537,L,392.4182317,310.1,1487,42.9,9.541202873,42,0,0,0,0,0,299.6
6807,L53986,L,392.2665854,310.8,1608,32.9,3.019476856,119,0,0,0,0,0,301.1
2144,M17003,M,148.7791029,308.8,1442,49,3.446314631,165,0,0,0,0,0,299.3
5105,L52284,L,256.1764635,313.5,1469,44.6,6.079162314,113,0,0,0,0,0,304.1
5074,M19933,M,391.5256473,313,1454,46.8,8.980674578,30,0,0,0,0,0,304
1572,L48751,L,279.0515251,308.4,1528,37.3,8.811981608,160,0,0,0,0,0,298.3
4080,L51259,L,303.6112618,310.5,1978,,2.327860991,106,0,0,0,0,0,302
1123,L48302,L,322.8261289,307.6,1541,38.5,9.136042545,98,0,0,0,0,0,296.5
2787,M17646,M,330.5784485,309.5,1630,28.3,7.433734669,51,0,0,0,0,0,300.2
2968,L50147,L,102.2627305,309.4,1369,51.6,4.823589844,71,0,0,0,0,0,300.6
2505,L49684,L,286.2357918,309.1,1468,45.6,8.542701406,2,,0,0,0,0,299.2
5989,H35402,H,231.2967419,310.8,1296,58.2,2.090729271,204,,0,0,0,0,300.7
8868,L56047,L,200.9809811,308.9,1566,41.9,3.290868119,50,0,0,0,0,0,297.9
7165,M22024,M,397.8256451,310.1,1474,44,4.032849549,198,0,0,0,0,0,300.2
729,M15588,M,397.2210904,308.7,1425,50.3,3.220145056,152,0,0,0,0,0,297.4
7588,L54767,L,383.080765,311.1,1405,,4.207624014,193,0,0,0,0,0,300.4
7544,L54723,L,379.9824221,311.5,1446,45,3.09656969,82,0,0,0,0,0,300.3
413,L47592,L,114.3001033,308.6,1388,48.2,2.615066711,203,0,0,0,0,0,297.5
5746,L52925,L,390.7683238,311.5,1987,20.1,9.217411193,21,0,0,0,0,0,302.1
7669,L54848,L,101.8975044,311.8,1539,37,8.679316284,187,0,0,0,0,0,300.6
826,L48005,L,348.0965859,307.3,1474,40,1.089412572,158,0,0,0,0,0,296.6
3268,L50447,L,126.0863639,310,1550,41.5,9.456177712,197,0,0,0,0,0,
3975,L51154,L,112.789161,311.5,1505,37.9,6.274650138,79,0,0,0,0,0,302.4
8809,L55988,L,311.3629039,308.6,1446,,5.659684646,88,0,0,0,0,0,297.4
8307,M23166,M,370.1623233,310.1,1549,42.5,4.801446774,61,0,0,0,0,0,298.7
418,L47597,L,258.9205752,308.4,1394,50.1,4.55886357,213,,0,0,0,0,297.4
6749,H36162,H,350.1895059,311,2016,19.3,8.18425035,180,0,0,0,0,0,301.7
8968,L56147,L,205.8201576,307.8,1536,40.4,6.737378941,92,0,0,0,0,,297.1
2083,H31496,H,263.9795291,309.2,1513,36.1,2.544941042,212,0,0,0,0,0,299.4
8946,L56125,L,384.7320766,308.2,1639,33.8,4.197421012,39,0,0,0,0,0,297.4
3374,L50553,L,386.4869856,310.7,1568,35.2,2.908905313,23,0,0,0,0,0,301.4
5727,M20586,M,312.8827958,311.9,1398,50.1,4.478347271,188,0,0,0,0,0,302.4
4108,L51287,L,179.68264,310.5,1809,27.1,8.813445898,175,0,0,0,0,0,302
4381,L51560,L,295.7945448,309.6,1410,49,7.944551104,223,0,0,0,0,0,301.9
7724,L54903,L,359.1353445,311.6,1730,30.2,9.359240028,106,0,0,0,0,0,300.5
1067,M15926,M,216.6053864,307.8,1544,40.3,6.179308889,150,0,0,0,0,0,296.9
3914,M18773,M,334.7204563,311.4,1675,,1.084569556,128,0,0,0,0,0,302.4
5537,M20396,M,230.330674,311.8,1363,54,2.359888248,119,0,0,0,0,0,302.3
8003,M22862,M,397.4150827,312.1,1851,23,4.924195534,156,0,0,0,0,0,300.9
5388,L52567,L,229.3416569,312.2,1433,50,9.679661363,216,0,0,0,0,0,302.8
5733,L52912,L,133.3528637,311.7,1412,44.5,2.919577817,204,0,0,0,0,0,302.2
2739,M17598,M,219.4963441,309.1,1496,44.4,4.392530138,155,0,0,0,0,0,299.8
5053,L52232,L,139.7337607,313,1433,48.4,4.585351655,178,0,0,0,0,0,303.9
4001,L51180,L,140.8454613,311.2,1422,50.3,2.51416637,146,0,0,0,0,0,302.1
2428,L49607,L,260.9418989,308.3,1855,23.8,3.587320433,33,0,0,0,0,0,298.9
6834,L54013,L,150.9738765,311.1,1387,53.1,9.641061334,188,0,0,0,0,0,301.1
1688,L48867,L,288.1232108,307.3,1502,36.7,3.528444998,12,0,0,0,0,0,297.9
852,M15711,M,167.9464714,307.2,1389,48.6,4.980102448,7,0,0,0,0,0,
6304,H35717,H,324.4997223,310.6,1457,50.5,3.234947153,114,0,0,0,0,0,301.2
9088,L56267,L,150.4685435,307.8,1681,27.6,8.696565453,181,0,0,0,0,0,297.1
5879,L53058,L,194.7807979,311,1533,45.8,3.219757066,125,0,0,0,0,0,301.4
8528,L55707,L,187.2474495,309.3,1531,37.4,6.947005218,16,0,0,0,0,0,298.4
2840,M17699,M,391.6088237,309.4,1362,42.1,7.236654437,182,0,0,0,0,0,300.4
4612,L51791,L,114.5254295,311.3,1365,56.2,7.095950567,146,0,1,0,0,0,303
9541,M24400,M,174.4906954,310.8,1628,40.2,8.815811713,111,0,0,0,0,0,299.4
9208,L56387,L,196.7390699,308.8,1386,48.6,1.693998852,75,0,0,0,0,0,297.9
2490,H31903,H,310.2608618,308.7,1500,41.6,8.156426506,187,,0,0,0,0,298.9
6906,M21765,M,110.4064478,311.5,1550,34.9,1.052722823,162,0,0,0,0,0,301
7391,M22250,M,328.9290497,310.5,1490,41.2,1.3980436,126,0,0,0,0,0,299.7
2850,L50029,L,101.6631357,309.3,1766,28.2,2.538283049,207,0,0,0,0,0,
6666,L53845,L,133.2423356,310.4,1440,41.5,1.933417523,197,0,0,0,0,0,301.3
5882,L53061,L,356.4334438,311.1,1952,22.7,8.575759245,131,0,0,0,0,0,301.4
4453,M19312,M,144.9601252,310.3,1447,,4.200909581,172,0,0,0,0,0,302.5
7422,M22281,M,283.4428554,311.4,1342,48.5,5.756351231,203,0,0,0,0,0,300.1
6485,H35898,H,113.1954776,309.8,1913,22.5,2.582702146,157,0,0,0,0,0,300.6
2480,L49659,L,291.8822589,308.5,1604,34.7,7.459989959,159,0,0,0,0,0,299
6618,L53797,L,139.2030431,310.6,1321,60.8,9.779527922,73,0,0,0,0,0,301.6
2142,M17001,M,392.8422939,308.9,1577,34.9,8.391603105,160,0,0,0,0,0,299.3
5189,L52368,L,339.2015353,313.2,1632,30.6,9.144601093,121,0,0,0,0,0,304
9705,L56884,L,160.9125244,310.1,1577,41.4,2.626993971,80,0,0,0,0,0,298.9
2745,L49924,L,171.5279414,309.2,1620,30,6.516460244,168,0,0,0,0,0,
7254,L54433,L,388.3435585,310.5,1522,39.1,3.572578846,217,0,0,0,0,0,300.3
3507,H32920,H,381.1469894,310.8,1435,,1.430636151,152,0,0,0,0,0,301.6
1680,L48859,L,327.0851659,307.5,1792,27.9,9.1734524,217,0,0,0,0,0,298
4250,L51429,L,330.3184143,310.9,1330,56.9,5.723618514,97,0,1,0,0,0,302.5
3148,M18007,M,261.4347627,309.7,1440,42.8,5.99012952,104,0,0,0,0,0,300.4
8131,H37544,H,165.2558854,311.2,1393,,8.768193519,45,0,0,0,0,0,300
7005,L54184,L,170.6570223,310.6,1950,,3.811234692,208,0,0,0,0,0,300.5
581,M15440,M,117.9567672,309.8,1798,25.5,3.338258987,203,0,0,0,0,0,297.8
4071,L51250,L,276.1149853,310.7,1348,58.1,2.617885837,83,0,0,0,0,0,302
3344,M18203,M,182.0993125,310.8,1628,36.4,6.611738115,167,0,0,0,0,0,301.5
7405,L54584,L,255.0832142,310.8,1553,32.2,6.666385125,161,0,0,0,0,,299.8
3673,L50852,L,231.4382829,311.6,1658,32.3,7.555725782,150,0,0,0,0,0,302.3
560,L47739,L,338.3336715,309.4,1503,40.6,1.50327344,144,0,0,0,0,0,297.5
5238,L52417,L,387.9621048,313,1499,42.3,6.848447255,38,0,0,0,0,0,303.8
7806,L54985,L,337.8437484,311.4,1706,28.8,4.974845121,111,0,0,0,0,0,299.9
513,L47692,L,368.1069685,309.2,1426,44.8,8.403984898,24,0,0,0,0,0,297.5
1082,L48261,L,236.3167616,307.8,1521,40.2,2.405830653,190,0,0,0,0,0,297
1665,L48844,L,142.0576507,308,1535,38,7.611936693,179,0,0,0,0,0,
9205,L56384,L,286.2321428,308.8,1621,36.1,8.000273546,68,0,0,0,0,0,297.8
1932,M16791,M,225.3389531,308,1969,21.7,5.376267868,32,0,0,0,0,0,298.2
9667,M24526,M,335.6234296,310.3,1838,24,7.099905639,235,0,0,0,0,0,299.1
1151,L48330,,184.0846286,307.9,1456,50,5.110455931,166,0,0,0,0,0,
2839,L50018,L,141.2202847,309.3,1478,39.5,6.876657633,180,0,0,0,0,0,300.3
5950,M20809,M,268.6988646,310.8,1506,,8.69969069,97,0,0,0,0,,
8309,L55488,L,199.3288976,310.1,1401,45.3,2.215260934,67,0,0,0,0,0,298.7
8933,L56112,L,297.4725965,308.4,1474,43.6,6.752322426,4,0,0,0,0,0,297.4
9789,M24648,M,383.7931275,309.5,1535,39.8,2.941318723,87,0,0,0,0,0,298.5
5178,H34591,H,150.941619,313.1,1388,53.2,4.841326024,91,0,0,0,0,0,
831,L48010,L,153.355978,307.4,1631,35,7.482911393,168,0,0,0,0,0,296.6
8312,M23171,M,186.7715242,310,1295,52.7,7.672449856,74,0,0,0,0,0,298.8
4753,H34166,H,348.8095628,311.3,1502,39.5,3.612592934,38,0,0,0,0,0,303.3
9851,M24710,M,292.6875579,309.3,1498,34.6,4.21639282,46,0,0,0,0,0,298.5
636,L47815,L,197.5132411,310,1858,23.9,1.866037152,114,0,0,0,0,0,298.3
4466,L51645,L,370.5725957,310.6,1404,43.2,2.345890052,203,0,0,0,0,0,302.8
6800,M21659,M,391.2022611,310.7,2636,12.2,5.526096459,100,0,0,1,0,0,
7988,H37401,H,379.1790583,312.2,1489,40.3,4.22525192,117,0,0,0,0,0,301
7080,L54259,L,319.447255,310.5,1445,41.1,5.648488503,201,0,0,0,0,0,300.7
6967,L54146,L,289.038014,311,1969,20.7,3.521050773,109,0,0,0,0,0,300.7
4143,L51322,L,219.8392543,310.1,1424,50.2,5.394572992,54,0,0,0,0,0,301.7
7028,L54207,L,181.9722253,310.6,1508,34.8,9.281575509,62,0,0,0,0,0,300.6
9184,L56363,L,354.7080764,309.1,1543,36.6,8.386927921,20,0,0,0,0,0,297.9
877,L48056,L,276.0577673,306.3,1915,22.4,7.045379267,79,0,0,0,0,0,295.7
4870,L52049,L,115.1524441,312.4,1718,26.5,4.761709949,130,0,0,0,0,0,303.7
5316,L52495,L,261.5954902,312.8,1710,27.2,2.967745011,14,0,0,0,0,0,303.6
5223,L52402,L,114.5663779,313.1,1665,29.6,2.939188334,0,0,0,0,0,0,303.9
5,L47184,L,115.1792047,308.7,1408,40,3.209553163,9,0,0,0,0,0,298.2
3052,L50231,L,255.8864129,309.3,1366,49.3,8.855127031,59,,0,0,0,0,
5692,L52871,L,361.7808796,311.8,1320,56.4,7.506271184,100,0,0,0,0,0,302.4
3125,L50304,L,179.2205514,309.4,1568,39.7,7.194347382,42,0,0,0,0,0,300.1
2492,L49671,L,186.1513607,308.9,1445,43.4,2.771079938,197,0,0,0,0,0,299.1
3855,L51034,L,148.9352161,311,1338,,2.434924713,194,0,0,1,1,0,302.4
4778,M19637,M,138.6449387,312.2,1818,23.6,8.519769674,109,0,0,0,0,0,
7510,L54689,L,229.712847,311.9,1372,60.1,2.553593893,212,0,0,0,1,0,300.6
6458,L53637,L,172.0402568,310,1395,48,2.405695485,85,0,0,0,0,0,300.7
6294,H35707,H,252.3827984,310.4,1512,44.9,4.238702927,86,0,0,0,0,0,301
1149,L48328,L,131.6847961,308,1348,58,1.480395677,162,0,0,0,0,0,297.1
575,M15434,M,298.4377157,310,1439,41.7,6.957592126,185,0,0,0,0,0,297.9
3770,M18629,M,287.7062402,311,1436,47,1.757396987,187,0,0,0,0,0,
4147,L51326,L,329.2256755,310.3,1482,41.4,2.602873703,63,0,0,0,0,0,301.8
854,L48033,L,103.5187154,307.3,1444,49,4.126171375,13,0,0,0,0,0,296.3
5920,L53099,L,239.3147196,310.3,1414,,8.734237649,25,0,0,0,0,0,300.6
9359,L56538,L,266.9298309,308.7,1407,45.1,8.699401564,49,0,0,0,0,0,298.2
6615,L53794,L,174.1583831,310.6,1660,28.7,2.255121948,66,0,0,0,0,0,301.7
6003,L53182,L,203.8179013,310.3,1683,31.5,1.886622458,8,0,0,0,0,0,300.5
9164,L56343,L,295.4789397,308.6,1415,47.3,6.346852668,169,0,0,0,0,0,297.6
4496,L51675,L,163.756827,310.4,1359,57.2,9.816528597,67,0,1,0,0,0,302.6
8174,H37587,H,290.5745679,311.4,1497,37,7.265889957,162,0,0,0,0,0,299.9
6656,L53835,L,346.6915939,310.3,1639,32.7,2.831640986,171,0,0,0,0,0,301.4
2369,M17228,M,245.7077771,308.4,1468,42.2,2.307838075,83,0,0,0,0,0,299.3
4781,L51960,L,341.0813739,312.4,1404,46.6,8.523034356,119,0,0,0,0,0,303.7
7993,M22852,M,239.3555502,312.3,1852,25.9,1.418045101,131,0,0,0,0,0,301.1
2951,M17810,M,189.0757171,309.5,1445,46.4,8.359072551,24,0,0,0,0,0,300.7
5626,L52805,L,193.5097991,312.1,1728,24.4,4.487739273,146,0,0,0,0,0,302.7
6972,M21831,M,310.4497943,311,1559,42.8,8.375422219,121,0,0,0,0,0,300.7
8717,M23576,M,398.580816,308.6,1717,31.3,4.1890682,61,0,0,0,0,0,297.1
1842,L49021,L,160.0820552,307.2,1668,37.8,6.833600159,5,0,0,0,0,0,297.7
5987,L53166,L,273.8385447,310.7,1440,52.5,9.99020587,200,0,0,0,0,0,300.6
538,H29951,H,203.771046,309.3,1516,43,8.067129525,83,,0,0,0,0,297.4
2807,L49986,L,393.2096737,309.3,1364,41.2,1.922417077,104,0,0,0,0,0,300
5802,L52981,L,226.2552294,310.8,1413,44.6,9.101956093,166,0,0,0,0,0,301.5
5597,M20456,M,127.3117104,312,1538,36.7,5.552677352,74,0,0,0,0,0,
7207,L54386,L,399.9788037,309.7,1457,51.9,4.829927186,89,0,0,0,0,0,299.8
7344,L54523,L,168.1201602,310.2,1468,48,5.098024334,9,0,0,0,0,0,299.6
7561,M22420,M,243.3405022,311.3,1377,53.8,5.535844228,125,0,0,0,0,0,300.3
8097,M22956,M,223.7555418,311.7,1555,37.4,3.269836182,169,0,0,0,0,0,300.2
785,L47964,L,160.7426774,307.9,1743,27.9,6.111319833,55,0,0,0,0,0,296.7
1410,L48589,L,209.776827,310.1,1466,42.5,5.726300933,187,,0,0,0,0,298.9
155,L47334,L,159.8997034,308.2,1528,36.2,7.980108704,196,0,0,0,0,0,298.4
7807,L54986,L,214.8940481,311.5,1349,48.6,6.317745816,113,0,0,0,0,0,300
3010,M17869,M,379.7317371,309.7,1466,39.8,7.7294839,184,0,0,0,0,0,300.4
1687,H31100,,315.6283967,307.3,1663,28.7,2.316612842,7,0,0,0,0,0,297.9
4015,L51194,L,315.3655985,311,1740,30.8,6.116745814,182,0,0,0,0,0,
7456,M22315,M,145.681671,311.7,1597,39.5,2.644808344,68,0,0,0,0,0,300.2
3864,L51043,L,152.4481357,311.4,1674,27,4.040298815,223,0,0,0,0,0,302.5
2734,L49913,L,123.3382898,309.2,1422,40.4,4.170965177,140,0,0,0,0,0,299.7
1896,L49075,L,123.4689376,307.6,1344,54.3,7.119847575,151,0,0,0,0,0,297.9
5443,L52622,L,128.2801103,312.7,1353,51.8,8.995619802,97,,0,0,0,0,
570,M15429,M,382.4880805,309.6,1596,35.2,5.306211111,173,0,0,0,0,0,297.7
6710,L53889,L,271.4902602,310.6,1481,37.6,9.531485989,77,0,0,0,0,0,301.4
5855,L53034,L,395.7437113,310.9,1416,53.3,2.588349412,66,0,0,0,0,0,301.2
1817,L48996,L,258.3341866,307.6,1460,46.5,1.062494403,143,0,0,0,0,0,298.1
8320,L55499,L,146.0863659,309.7,1393,45.7,5.148268996,99,0,0,0,0,0,298.7
3395,L50574,L,251.0349677,310.6,1405,42.3,4.289794271,83,0,0,0,0,0,301.5
3328,M18187,M,280.0990342,310.6,2432,14.2,1.746337366,126,0,0,0,0,0,301.5
9983,M24842,M,142.7612701,308.4,1507,45.7,7.097958317,192,0,0,0,0,0,298.7
6103,L53282,L,200.4255678,310.7,1442,43.2,3.274888955,49,0,0,0,0,0,300.7
2976,H32389,H,142.6583307,309.4,1360,46.2,4.666092763,93,0,0,0,0,0,300.5
981,L48160,L,162.6522429,306.7,1409,,7.596472991,134,0,0,0,0,0,296.1
191,L47370,L,256.6707212,308.4,1477,49.9,6.803617004,72,0,0,0,0,0,298.2
9332,L56511,L,247.8587617,308.9,1496,37.9,3.496002126,194,0,0,0,0,0,298.4
5089,L52268,L,232.7458818,313.1,1465,,9.775092266,69,0,0,0,0,0,304
700,H30113,H,241.7352957,308.7,1416,39.2,4.981481265,74,0,0,0,0,0,297.5
9760,L56939,L,318.5422054,309.7,1613,36.7,8.18391336,0,0,0,0,0,0,298.5
607,L47786,L,373.3110938,309.8,1461,50.5,2.593465604,38,0,0,0,0,0,297.9
302,L47481,L,187.0904257,308.4,1740,27.1,7.964110746,136,0,0,0,0,0,297.7
3421,L50600,L,227.7291583,310.6,1834,23.5,5.19336581,146,0,0,0,0,0,301.6
9805,L56984,L,355.8609146,309.1,1467,42.5,8.87077599,139,0,0,0,0,0,298.4
1061,H30474,H,328.7919241,307.9,1424,53.8,7.603526718,133,0,0,0,0,0,296.7
3445,L50624,L,329.9209202,310.6,1381,50.7,1.592859451,206,0,0,0,0,0,301.5
1070,M15929,M,341.9073714,307.8,1840,24.6,6.664286978,157,0,0,0,0,0,296.9
2206,L49385,L,283.4000086,309.2,1624,34.6,2.488137177,105,0,0,0,0,0,299.9
9436,L56615,L,240.9752671,308.7,1443,49.3,7.477597604,52,0,0,0,0,0,298
7340,L54519,L,261.7105853,310.4,1579,36.4,7.558459719,0,0,0,0,0,0,299.8
8209,L55388,L,210.6333422,310.7,1477,44,2.310998924,19,0,0,0,0,0,299.2
7680,L54859,L,255.8735875,311.7,1635,32.4,4.960889328,213,0,0,0,0,0,300.7
4643,L51822,L,375.8549513,311.4,1238,54.6,5.35631813,226,0,1,0,1,0,303.2
7684,L54863,L,359.4011413,311.7,1524,43.5,6.958067617,222,0,0,0,0,0,300.7
9008,L56187,L,239.6553425,308,1383,46.2,2.372771999,188,0,0,0,0,0,297.4
7997,M22856,M,299.498319,312.2,1499,41.5,9.793600852,140,0,0,0,0,0,301
5601,L52780,L,222.5670539,312.1,1487,36.6,6.675717907,84,0,0,0,0,0,302.8
9152,L56331,L,229.6220197,308.6,1553,,1.846317893,135,0,0,0,0,0,
7023,L54202,L,159.9717121,310.5,1561,33.2,7.718686014,48,0,0,0,0,0,300.7
4894,M19753,M,398.3753463,312.5,1448,44.3,1.894184361,195,0,0,0,0,0,303.8
226,L47405,L,256.9889879,308.5,1362,53.8,4.902842974,164,0,0,0,0,0,298.3
3355,L50534,L,364.1631938,310.9,1559,40.2,2.998609595,191,0,0,0,0,0,301.6
5896,M20755,M,207.3941248,310.9,1460,46.7,9.10495317,166,0,0,0,0,0,301.2
8755,L55934,L,286.9145649,308.6,1635,30.5,6.949657898,159,0,0,0,0,0,297.4
3437,L50616,L,273.3865797,310.5,1466,48.1,7.202172867,189,0,0,0,0,0,301.5
1694,H31107,H,360.6866868,307.5,1683,27.8,1.709088631,26,0,0,0,0,0,298
6894,L54073,L,241.7251757,311.6,1470,43.4,1.306165049,133,0,0,0,0,,301
1046,H30459,H,303.0949398,307.5,1403,52.8,5.323574862,94,0,0,0,0,0,296.4
3447,H32860,H,176.8182746,310.6,1400,49.5,5.987558671,211,0,0,0,0,0,
8051,L55230,L,288.8008676,312,1401,51.1,1.816084987,50,0,0,0,0,0,300.7
9147,L56326,L,354.2977772,308.6,1528,40,1.571625431,123,0,0,0,0,0,297.6
9982,L57161,L,366.4297148,308.5,1353,47,5.470806386,190,0,0,0,0,0,298.7
4736,L51915,L,309.4753566,311.5,1544,42.5,2.495901994,227,0,0,0,0,0,303.2
4497,M19356,M,353.9280343,310.4,1605,36,6.814861309,69,0,0,0,0,0,302.5
1219,M16078,M,228.6213227,308.2,1702,30.7,1.487022248,124,0,0,0,0,,297
6016,M20875,M,107.9961112,310.8,1520,38,2.48345011,45,0,0,0,0,0,300.8
9720,L56899,L,178.8944664,309.9,1309,56.2,9.887909424,119,0,0,0,0,0,298.9
3988,M18847,M,367.831173,311.3,1444,43.1,3.794968511,115,0,0,0,0,0,302.3
4912,L52091,L,257.5937675,312.3,1681,29.8,1.807796283,25,0,0,0,0,0,303.5
9493,L56672,L,365.9559495,309.9,1586,36.6,9.248554167,215,0,0,0,0,0,299.1
4494,L51673,L,367.7369621,310.5,1511,37.7,2.755812137,60,0,0,0,0,0,
6945,M21804,M,381.7841737,311.3,1487,39.8,7.124597108,50,0,0,0,0,0,300.7
5700,L52879,L,295.6971804,311.9,1867,25.9,9.050863046,121,0,0,0,0,0,
8353,L55532,L,113.2863492,309.6,1491,36.9,8.067030559,192,0,0,0,0,0,
957,H30370,H,293.515886,306.2,1632,32.2,4.749565664,76,0,0,0,0,0,295.6
2870,L50049,L,278.9494524,309.7,1519,35.8,5.46602589,14,0,0,0,0,0,300.8
4434,H33847,H,305.0449396,310.2,1435,44.9,1.652720671,127,0,0,0,0,0,302.4
4974,L52153,L,336.6041419,312.7,1461,38.2,6.612672609,188,0,0,0,0,0,303.8
2962,L50141,L,173.2224488,309.4,1654,32.8,3.883376701,57,0,0,0,0,0,300.6
2201,L49380,L,277.7554499,309.1,1546,35.6,8.619642701,93,0,0,0,0,0,299.8
99,L47278,L,168.0192439,308.8,1529,32.7,8.421180385,53,0,0,0,0,0,298.9
9850,L57029,L,288.7457087,309.4,2312,15.5,3.849269253,44,0,0,0,0,0,298.6
2558,M17417,M,186.5513165,309.1,1440,50,3.230771652,134,0,0,0,0,0,
8446,M23305,M,102.0980841,310,1541,,8.951276767,12,0,0,0,0,0,298.6
4200,M19059,M,358.4240432,311.1,1638,32,4.823042575,198,0,0,0,0,0,302.5
9638,L56817,L,184.6746243,310.3,1463,38.9,6.663988321,160,0,0,0,0,0,299.2
5540,H34953,H,184.372663,311.7,1482,39,4.87128946,127,0,0,0,0,0,302.3
1649,L48828,L,300.3739479,307.8,1373,50.2,1.323405243,130,0,0,0,0,0,297.9
6198,L53377,L,374.9487023,310.8,1493,45.8,4.330829408,57,0,0,0,0,0,300.9
6296,H35709,H,167.2556624,310.6,1782,24.9,2.081328457,93,0,0,0,0,0,301.1
4500,H33913,H,118.5383323,310.3,1721,27.4,1.745209841,79,0,0,0,0,0,302.6
1155,L48334,L,215.6338022,307.9,1626,29.9,2.114042464,177,0,0,0,0,0,296.9
2256,L49435,L,278.5720375,308.3,1559,33.7,8.688830597,30,0,0,0,0,0,299.1
3171,M18030,M,157.8238324,309.7,1685,32.3,6.381702548,167,0,0,0,0,0,300.4
7401,M22260,M,186.3046844,310.6,1633,34.2,9.632200157,151,0,0,0,0,0,299.6
7159,L54338,L,148.6849255,310,1389,53.6,1.48909814,184,0,0,0,0,0,300.2
3109,L50288,L,225.455397,309.2,1504,38.7,2.094743589,212,0,0,0,0,0,299.8
4549,L51728,L,329.5219158,310.5,1511,37.2,8.708395933,197,0,0,0,0,0,302.6
5424,L52603,L,220.3972583,312.3,1647,31.8,1.416493618,52,0,0,0,0,0,
2050,M16909,M,214.7246475,309.2,1586,37.9,1.787356653,129,0,0,0,0,0,
9209,L56388,L,142.1609584,308.9,1406,40.9,2.860836976,77,,0,0,0,0,298
8816,H38229,H,229.8510481,308.5,1435,55,3.1715659,104,0,0,0,0,0,297.3
9798,M24657,M,127.7159,309.2,1597,33.5,1.867182358,116,0,0,0,0,0,298.4
263,M15122,M,210.2139578,308.2,1736,26.8,4.482503719,27,0,0,0,0,0,298.1
4062,L51241,L,337.4883675,310.8,1906,21.7,5.789868037,62,0,0,0,0,0,301.9
5535,M20394,M,116.4729176,311.7,1494,37.1,2.066030119,114,0,0,0,0,0,302.3
6617,M21476,M,217.9999902,310.6,1380,45.8,3.587657098,70,0,0,0,0,0,
8121,L55300,L,218.0007294,311.6,1767,26.4,8.430790504,20,0,0,0,0,0,300.2
8156,L55335,L,201.1015847,310.8,1283,52.4,8.742706344,112,0,0,0,0,0,299.5
1803,H31216,H,155.695406,307.6,1496,,2.660533155,104,0,0,0,0,0,298.1
4737,L51916,L,301.2153316,311.5,1513,37.9,8.259028184,0,0,0,0,0,0,303.2
2386,L49565,L,232.1639842,308.3,1524,34.1,7.449857254,128,0,0,0,0,0,299.1
6695,M21554,M,117.518391,310.9,1300,,9.243357592,36,0,0,0,0,0,301.7
5760,L52939,L,112.483326,311.3,1551,35.8,6.923804523,61,0,0,0,0,0,301.8
1960,M16819,M,316.3095414,307.6,1352,49.4,6.174589002,102,0,0,0,0,0,297.8
2977,M17836,M,324.0756221,309.3,1881,25.5,1.126500115,98,0,0,0,0,0,300.5
8681,L55860,L,113.2459847,308.5,1494,39.6,8.850619147,181,0,0,0,0,0,297.2
1844,L49023,L,286.4425326,307.1,1496,39.2,5.423579857,12,,0,0,0,0,
1735,M16594,M,288.7107981,308.1,1501,39.2,9.297421693,127,0,0,0,0,0,298.5
2912,M17771,M,327.0415279,309.5,1352,44,3.406150464,126,0,0,0,0,0,300.7
8339,L55518,L,208.7890422,309.7,1740,28.5,4.859686727,152,0,0,0,0,0,298.8
1987,L49166,L,204.7075385,307.6,1498,42.9,1.118182499,171,0,0,0,0,0,298.1
9562,L56741,L,184.8144111,310.9,1853,26.3,9.850981625,166,0,0,0,0,0,299.6
6547,M21406,M,110.0155035,310.8,1530,39.9,7.248123172,107,0,0,0,0,0,301.4
7099,L54278,L,202.6654707,310.2,1642,32.6,5.54159036,26,0,0,0,0,0,300.7
2812,L49991,L,123.7252488,309.2,1761,25.6,1.58884733,115,0,0,0,0,0,299.9
660,L47839,L,389.7202192,309.1,1449,49.1,7.367440193,174,0,0,0,0,0,297.6
2512,M17371,M,226.904238,308.9,1526,41.1,4.824655856,20,0,0,0,0,0,299
4283,L51462,L,129.4824762,309.9,1374,48.5,6.592230721,180,0,1,0,0,0,301.9
9340,L56519,L,203.6277008,309,1458,44.8,6.302190173,217,0,0,0,0,0,298.5
8801,L55980,L,371.73905,308.5,1475,47.2,2.883223765,69,0,0,0,0,0,297.4
6288,M21147,M,298.827415,310.6,1479,41.1,2.144936391,72,0,0,0,0,0,301.1
1931,M16790,M,397.4473648,307.9,1569,37,9.230992411,29,0,0,0,0,0,
7126,L54305,L,210.0755129,310.1,1261,56.6,5.954236096,98,,0,0,0,0,
198,M15057,M,220.6710423,308.6,1527,40.9,2.064383321,96,0,0,0,0,0,298.4
7778,L54957,L,169.8073925,311.5,1695,25.6,2.100497006,43,0,0,0,0,0,300.3
2932,L50111,L,371.9906852,309.7,1373,45.4,5.401404098,179,0,0,0,0,0,300.8
8005,L55184,L,336.2483921,312,1533,44,6.723209076,162,0,0,0,0,0,300.9
2328,M17187,M,165.9081881,308.7,1420,50.3,5.714587534,208,0,0,0,0,0,299.3
4390,M19249,M,295.5339687,310,1355,45.1,2.971893803,6,0,1,0,0,0,
8959,M23818,M,260.080516,308.1,1734,,2.143210665,70,,0,0,0,0,297.4
4219,M19078,M,287.632027,310.6,1479,40.5,1.68166415,24,0,0,0,0,0,302
203,M15062,M,311.2822023,308.5,1636,35.7,7.295853676,107,0,0,0,0,0,298.4
3511,L50690,L,383.0155313,311,1474,42.6,6.816130416,164,0,0,0,0,0,301.7
4932,M19791,M,289.3823192,312.1,1693,30,2.969062717,80,0,0,0,0,0,303.3
5536,L52715,L,275.8045323,311.7,1465,43.5,8.860934883,117,0,0,0,0,0,302.3
5792,M20651,M,197.9301441,311.3,1542,40.1,7.190966531,142,0,0,0,0,0,301.8
1708,L48887,L,392.0436002,307.8,1439,41.6,1.656031083,62,0,0,0,0,0,298.2
5173,L52352,L,118.3618526,313.4,1740,28.2,3.62716091,78,0,0,0,0,0,304.2
5250,M20109,M,191.3303546,312.9,1422,39.9,9.685544543,63,0,0,0,0,0,303.4
6529,L53708,L,254.7360752,310.5,1546,40,4.002258019,55,0,0,0,0,0,301.2
9849,H39262,H,197.9335622,309.2,1568,40.6,4.46405619,39,0,0,0,0,0,298.5
5856,M20715,M,301.1601229,310.9,1424,45.2,8.869998705,68,0,0,0,0,0,301.2
8165,L55344,L,218.6146182,310.9,1472,40.9,3.913980415,137,0,0,0,0,0,299.6
855,M15714,M,192.9608648,307.3,1498,,7.198333026,15,0,0,0,0,0,296.3
4738,M19597,M,210.044481,311.5,1336,,6.803197962,2,0,1,0,0,0,303.2
699,L47878,L,317.3599699,308.8,1539,40.2,3.458960834,72,0,0,0,0,0,297.6
3697,L50876,L,351.7889117,311.2,1454,46.8,8.977883074,0,0,0,0,0,0,302.1
1637,L48816,L,229.9827534,307.8,1505,37.3,9.647622103,100,0,0,0,0,0,297.9
7281,L54460,L,153.6042576,310.2,1288,69.6,7.998655901,62,0,0,1,0,0,299.9
7555,M22414,M,114.1643781,311.4,1371,50.2,8.851324868,109,0,0,0,0,0,300.3
3582,M18441,M,246.4893148,310.6,1459,40.2,2.681072448,128,0,0,0,0,0,301.8
1292,M16151,M,258.000537,309.7,1675,28.4,6.049115622,115,0,0,0,0,0,298.6
6586,M21445,M,358.1237101,310.5,1600,32.8,7.973474605,205,0,0,0,0,0,301.5
1854,L49033,L,298.6398771,307.2,1486,40.6,5.204591913,42,,0,0,0,0,297.6
5233,L52412,L,223.9152093,312.9,1381,57.8,9.073443651,27,0,0,0,0,0,303.6
3764,L50943,L,163.6697295,311,1428,47.9,7.046777004,174,0,0,0,0,0,302.3
3305,L50484,L,356.5019423,310.3,1497,45.7,7.604857124,76,0,0,0,0,0,301.2
1496,H30909,H,191.0578515,308.5,1383,44.6,3.93166628,184,0,0,0,0,0,297.9
7995,L55174,L,272.0656413,312.3,1424,43.5,6.788671503,136,0,0,0,0,0,301
1999,H31412,H,210.5948865,308,1637,30.8,2.10667183,2,0,0,0,0,0,298.3
664,L47843,L,204.1691788,308.9,1469,44,9.589092513,185,0,0,0,0,0,297.5
3749,L50928,L,276.0824153,311.1,1493,39,5.401544037,137,0,0,0,0,0,302.5
4414,M19273,M,356.5567742,310.5,1398,47.3,9.820122957,70,0,0,0,0,0,302.7
5531,M20390,M,126.2827314,311.8,1355,50.1,5.74170925,104,0,0,0,0,0,302.3
5576,H34989,H,282.650968,312,1477,39.7,6.456654732,18,0,0,0,0,0,302.4
8902,L56081,L,166.0045479,308.6,1446,50.1,4.294273719,144,,0,0,0,0,
7527,L54706,L,382.4152374,311.4,1660,31.4,8.942603693,38,0,0,0,0,0,300.1
9475,M24334,M,100.5719348,309.6,1455,46.8,1.265230218,162,0,0,0,0,0,298.7
5865,M20724,M,287.4581427,311,1486,36.5,8.200291266,91,0,0,0,0,0,301.4
6777,L53956,L,108.6822879,310.6,1451,47.5,3.822608667,42,0,0,0,0,0,301.3
1307,L48486,L,273.1636378,310,1487,41.4,6.613364353,152,0,0,0,0,0,298.8
7393,M22252,M,279.8734092,310.5,1492,39.3,5.778713383,131,0,0,0,0,0,299.7
5593,L52772,L,111.098606,311.9,1437,46.7,4.204641194,65,0,0,0,0,0,302.5
9722,L56901,L,111.6317797,309.8,1490,40.6,2.536502843,124,0,0,0,0,0,298.8
1664,M16523,M,197.2897942,307.9,1759,28.6,7.001366057,176,0,0,0,0,0,298.1
5451,H34864,H,308.1023757,312.8,1435,41.9,7.535209391,115,0,0,0,0,0,303.1
9955,M24814,M,365.2944233,307.9,1446,42.8,3.165037599,121,0,0,0,0,0,298.1
3628,L50807,L,341.7791489,311.5,1588,30.6,4.66334769,39,0,0,0,0,0,302.2
2694,M17553,M,100.1164096,309.6,1622,36.1,2.287609642,43,0,0,0,0,0,300.1
9790,L56969,L,352.0432857,309.6,1715,28.4,7.020318338,90,0,0,0,0,0,298.6
5916,M20775,M,198.7388379,310.2,1532,38.7,5.574627221,16,0,0,0,0,0,300.6
3158,M18017,M,177.2993182,309.7,1488,42.2,1.74223494,133,0,0,0,0,0,300.4
6669,L53848,L,325.1846981,310.5,1476,39.2,7.519433466,206,0,0,0,0,0,301.4
1060,M15919,M,377.6295347,307.9,1874,21.3,2.830195565,130,0,0,0,0,0,296.7
4637,L51816,L,172.6161882,311.3,1466,43,9.532893439,210,0,0,0,0,0,303
3243,L50422,L,221.7115109,309.6,1384,42.4,5.998179494,131,0,0,0,0,0,
1679,L48858,L,284.8349131,307.5,1644,32.8,6.396836364,215,0,0,0,0,0,298
6893,L54072,L,185.504687,311.6,1440,43.3,7.450560739,131,0,0,0,0,0,301
6375,L53554,L,175.2716938,309.5,1506,38.8,5.540566142,87,0,0,0,0,0,300
7575,L54754,L,150.1387798,311.1,1487,37.4,1.470545235,162,0,0,0,0,0,300.4
1758,M16617,M,260.6234339,307.4,1335,56.2,5.802675552,190,0,0,0,0,0,
6020,L53199,L,302.1860977,310.8,1519,43.9,5.999752884,55,0,0,0,0,0,300.7
5117,L52296,L,256.2952224,313.8,1401,53.9,7.998424102,142,0,0,0,0,0,304.2
8756,M23615,M,319.8335015,308.7,1582,31.9,8.210114762,161,0,0,0,0,0,297.4
7409,L54588,L,344.0334965,310.9,1292,51.1,6.526883712,173,0,0,0,0,0,299.9
2791,L49970,L,377.8883822,309.6,1356,45.9,2.230467548,64,0,0,0,0,0,300.4
864,L48043,L,398.445638,306.7,1416,44.2,5.43568506,46,0,0,0,0,0,296
7859,L55038,L,355.6238062,311.9,1350,51.7,6.643224716,18,0,0,0,0,0,300.5
1485,M16344,M,295.3422011,309,1562,39.2,9.884405888,155,0,0,0,0,0,298
7036,L54215,L,216.2235289,310.6,1497,38.2,6.485741422,83,0,0,0,0,0,300.6
7722,L54901,L,336.4747482,311.6,1425,42.4,8.686256477,102,,0,0,0,0,
5978,L53157,L,186.2228836,310.7,1750,30.6,9.752666911,171,0,0,0,0,0,300.6
5135,L52314,L,151.6303019,313.3,1438,,5.58941598,188,0,0,0,0,0,304.1
207,L47386,L,140.2180796,308.7,1609,35.3,5.133064648,117,0,0,0,0,0,298.5
4489,M19348,M,122.5526237,310.4,1509,37.6,7.031497941,45,0,0,0,0,0,
6939,L54118,L,165.887608,311.2,1452,44.4,6.422446032,33,0,0,0,0,0,300.7
9063,L56242,L,276.0157184,308.3,1576,35.3,9.112628912,113,0,0,0,0,0,297.2
6911,L54090,L,234.0822495,311.2,1434,45.6,7.801041333,174,,0,0,0,0,300.8
503,L47682,L,247.5028424,309.2,1390,43.3,4.9644952,221,0,0,0,0,0,297.6
7386,M22245,M,349.8399138,310.5,1375,53.9,7.421136216,110,0,0,0,0,0,299.8
1029,L48208,L,142.8719357,307.4,1472,39.9,1.172075223,51,0,0,0,0,0,296.3
3841,L51020,L,374.9088631,311,1610,33.1,6.883868085,161,0,0,0,0,0,302.4
8111,H37524,H,192.470558,311.8,2141,18.5,7.284006619,204,0,0,0,0,0,300.3
5057,M19916,M,107.2475623,312.9,1430,53.5,5.68263552,189,0,0,0,0,0,303.9
9763,L56942,L,251.4425312,309.7,1925,22.1,9.25747605,7,,0,0,0,0,298.6
8155,L55334,L,108.7133843,310.7,1393,52.1,7.502498376,110,0,0,0,0,0,299.6
2732,M17591,M,301.7114757,309.2,1597,32.9,5.067786258,135,0,0,0,0,0,299.7
8997,L56176,L,223.1722967,307.9,1540,37.1,5.4627896,164,0,0,0,0,0,297.2
2455,L49634,L,159.1832704,308.6,1653,31.7,1.541877666,100,,0,0,0,0,299
7216,L54395,L,266.8499234,309.8,1477,47.7,4.425285078,112,0,0,0,0,0,
3105,M17964,M,277.5976635,309.2,1678,29.8,4.542062006,202,0,0,0,0,0,299.8
8393,M23252,M,383.1241005,309.6,1502,39.4,7.84268234,84,0,0,0,0,0,298.5
6279,L53458,L,152.6892323,310.7,1568,38.3,1.215539258,49,0,0,0,0,0,301.2
3100,M17959,M,370.6788088,309.1,1513,43.8,1.78668918,188,0,0,0,0,0,299.9
6185,L53364,L,130.1129467,311,1553,,7.587042776,26,0,0,0,0,0,301
3562,L50741,L,199.1266269,310.6,1486,38.5,8.459484709,78,0,0,0,0,0,301.7
5893,L53072,L,346.8105281,311.1,1472,44.5,4.219269777,159,0,0,0,0,0,301.4
392,L47571,L,199.3033316,308.6,1491,38.1,6.274184203,152,0,0,0,0,0,297.6
6737,L53916,L,225.0092918,311,1527,42.2,5.840048059,144,0,0,0,0,0,301.7
5619,M20478,M,301.4687505,312.4,1645,29.6,7.949013196,129,0,0,0,0,0,303
5259,M20118,M,222.3530489,312.9,1572,44.7,8.233930623,84,0,0,0,0,0,303.5
9688,M24547,M,171.2150515,310.1,1649,,4.639565122,41,0,0,0,0,0,299.1
2696,L49875,L,131.7326605,309.5,1869,22.7,2.00208755,49,0,0,0,0,0,300
2028,L49207,L,327.0961269,308.4,1750,25.8,8.330364206,72,0,0,0,0,0,298.7
5464,L52643,L,182.955579,312.4,1561,34.8,4.380329433,150,0,0,0,0,0,
2569,L49748,L,293.445909,309.2,1450,43.1,3.929940916,160,0,0,0,0,0,299.6
8007,L55186,L,370.8057623,312.1,1462,46,4.807345843,166,0,0,0,0,0,300.9
65,L47244,L,131.9675386,309.1,1523,38.6,4.753152693,177,0,0,0,0,0,299
2063,M16922,M,112.4463107,309.6,1477,42.7,1.896115728,163,0,0,0,0,0,299.7
5277,L52456,L,235.0887264,313,1606,34,2.647182672,126,0,0,0,0,0,303.5
7209,L54388,L,204.0309542,309.7,1707,29.1,4.147444254,94,0,0,0,0,0,299.8
8685,L55864,L,228.3783337,308.5,1588,40.4,6.334278051,190,0,0,0,0,0,297.2
8572,L55751,L,136.0731521,308.6,2262,15.7,9.14756856,125,0,0,0,0,0,297.9
6332,H35745,H,102.7791868,310,1495,47.4,9.082268201,184,0,0,0,0,0,
4860,L52039,L,138.5747336,312.4,1535,38.6,6.039591103,107,0,0,0,0,0,303.7
4888,L52067,L,174.1914753,312.5,1481,33.3,2.768971179,182,0,0,0,0,0,303.7
9269,L56448,L,352.960767,308.8,1666,31.5,2.591818978,30,0,0,0,0,0,298.2
879,M15738,M,228.9764978,306.3,1685,34.9,6.783673043,84,0,0,0,0,0,295.7
8530,M23389,M,229.0880884,309.4,1522,47.4,4.478667294,20,0,0,0,0,0,298.5
7917,L55096,L,398.1703264,312.1,1512,37.1,9.931235865,169,0,0,0,0,0,300.8
6864,L54043,L,389.3632847,311.3,1630,29.5,3.542155324,51,0,0,0,0,0,301.1
7893,M22752,M,343.1198436,312.6,1555,40.6,5.708303081,109,0,0,0,0,0,300.9
6440,L53619,L,122.7823286,310.1,1656,32.7,8.510280335,44,0,0,0,0,0,300.6
7870,M22729,M,383.0357221,312,1779,27.7,9.653607799,46,0,0,0,0,0,300.5
1017,M15876,M,221.8289182,307.2,1319,,2.470713995,24,0,0,1,0,0,296.3
9468,L56647,L,302.6091093,309.3,1702,27.6,9.32783823,143,0,0,0,0,0,298.6
7630,M22489,M,338.7804154,311.7,1269,64,8.078305209,87,0,0,0,0,0,300.5
996,L48175,L,248.282856,307.3,1566,35.8,1.611952869,175,0,0,0,0,0,296.3
4298,M19157,M,154.0336411,310.2,1609,34.2,3.217893996,217,0,0,0,0,0,301.8
162,L47341,L,362.2201507,308.1,1412,52.3,5.474711824,218,0,0,0,1,0,
5676,M20535,M,292.6348057,311.7,1453,42.5,7.376463744,56,0,0,0,0,0,302.3
6874,L54053,L,381.608953,311.4,1478,39.5,1.295931768,75,0,0,0,0,0,301
9693,M24552,M,384.2201495,310,1667,30,6.247664273,53,0,0,0,0,0,299
7990,L55169,L,225.9155266,312.4,1430,37.9,8.873945789,124,0,0,0,0,0,301.1
3844,L51023,L,337.7100071,311.2,1227,60.1,2.301874907,167,0,0,0,0,0,302.5
1022,M15881,M,344.1156513,307.2,1454,42.5,7.744216826,35,0,0,0,0,0,296.3
3074,L50253,L,320.4986537,309.1,1478,46.9,1.49297669,116,0,0,0,0,0,300.1
7556,L54735,L,117.3997869,311.3,1332,,8.430668376,112,0,0,0,0,0,300.3
3944,L51123,L,211.2346315,311.4,1333,66.7,9.207082994,205,0,0,1,1,0,302.3
1586,L48765,L,369.5634514,308.3,1400,48.7,5.859637508,194,0,0,0,0,0,
3153,M18012,M,317.400007,309.8,1473,42.3,4.798755669,121,0,0,0,0,0,300.5
8227,L55406,L,115.8823786,310.5,1389,61.4,8.585019557,64,0,0,0,0,0,299.1
776,L47955,L,327.7676391,307.8,1453,46,6.709754348,33,0,0,0,0,0,296.7
9671,L56850,L,368.6221389,310.2,1690,30.7,3.221006062,244,0,0,0,0,0,299
7100,M21959,M,120.3251492,310.2,1373,44.1,1.177840475,28,0,0,0,0,0,300.7
5487,L52666,L,366.6694581,312.2,1520,43,2.357956977,208,0,0,0,0,0,302.6
6236,L53415,L,268.5968667,310.9,1596,33.9,1.49520242,157,0,0,0,0,0,301.3
9556,H38969,H,333.5873881,310.8,1585,31.4,2.813635415,149,0,0,0,0,0,299.4
7042,L54221,L,148.8675538,310.5,1470,37.7,6.418792459,98,0,0,0,0,0,300.6
2613,L49792,L,296.7633479,309.1,2421,14.2,7.047605824,57,0,0,0,0,0,299.4
7514,L54693,L,300.5820738,311.8,2261,14.9,9.641511716,5,,0,0,0,0,300.4
8434,M23293,M,368.3531687,310.1,1501,48.7,2.445150968,192,0,0,0,0,0,298.8
8793,L55972,L,285.5980043,308.5,1418,51.2,8.009489588,52,0,0,0,0,0,297.4
5394,L52573,L,278.3030834,312.3,1473,42.6,4.82567013,232,0,0,0,0,0,302.8
8839,L56018,L,365.3304423,309,1320,54.7,2.349062804,179,,0,0,0,0,297.5
3891,L51070,L,114.9757451,311.2,1386,53.5,2.373731054,59,0,0,0,0,,302.3
3557,L50736,L,138.2664597,310.8,1735,31.5,5.546434888,66,0,0,0,0,0,301.9
1529,L48708,L,385.438213,309,1559,34,1.975201338,54,0,0,0,0,0,298.1
1268,M16127,M,137.0212353,309.6,1549,38.7,9.176900689,43,0,0,0,0,0,298.1
7735,L54914,L,326.0019125,312,1670,29.4,7.657674628,134,0,0,0,0,0,300.6
1900,L49079,L,316.8058878,307.5,1388,40,7.188764658,159,0,0,0,0,0,297.8
4659,L51838,L,206.6093339,311.2,1679,34.8,8.180585575,25,0,0,0,0,0,303.1
3006,L50185,L,366.1365254,309.9,1503,37.4,2.158770705,175,0,0,0,0,0,300.5
2735,H32148,H,234.3588839,309.2,1572,32.8,2.041608883,142,0,0,0,0,0,299.7
190,M15049,M,348.9785432,308.4,1539,,3.504223523,69,0,0,0,0,0,298.3
9168,M24027,M,357.0693792,308.7,1392,41.2,5.371717918,178,0,0,0,0,0,297.6
2748,L49927,L,217.747543,309.2,1616,,6.655410672,175,0,0,0,0,0,299.7
2048,L49227,L,337.5558699,309.2,1775,24.2,6.950590608,125,0,0,0,0,0,
7850,M22709,M,248.9213038,311.7,1374,47.9,8.156035119,222,1,0,0,0,0,300.3
2559,M17418,M,206.0167474,309,1881,23.9,4.837824953,137,0,0,0,0,0,299.2
9275,L56454,L,302.6505576,308.7,1428,54.9,3.193519176,45,0,0,0,0,0,298.2
8667,L55846,L,233.0175295,308.7,1407,42.5,5.080091505,145,0,0,0,0,,297.5
6397,L53576,L,373.9084436,309.6,1526,46.4,9.416455465,150,0,0,0,0,0,300
3386,L50565,L,289.9030885,310.7,1466,43.6,9.509105667,56,0,0,0,0,0,301.5
4556,L51735,L,141.9329812,310.6,1690,26.7,8.761506778,4,0,0,0,0,0,302.7
1185,L48364,L,279.2089104,308.5,1497,47.5,9.414575729,27,0,0,0,0,0,297.3
6421,L53600,L,367.7307089,309.9,1518,,4.359239435,0,0,0,0,0,0,300.3
5052,L52231,L,231.498548,313,1480,39.9,9.645523054,176,0,0,0,0,0,303.9
5312,H34725,H,319.4113935,312.9,1460,49.8,1.640808293,2,0,0,0,0,0,303.7
2434,L49613,L,131.8196671,308.3,1441,44,3.872161095,48,0,0,0,0,0,299
6950,M21809,M,197.6750596,311.2,1769,26.5,7.206133609,63,0,0,0,0,0,300.7
770,L47949,L,310.4574968,308,1343,44.5,6.037329371,15,0,0,0,0,0,296.9
1686,L48865,L,195.4026576,307.3,1824,26.3,2.837564223,5,0,0,0,0,0,297.9
8323,L55502,L,179.4234219,309.6,1364,44.9,1.178073205,106,0,0,0,0,0,298.7
5579,L52758,L,294.986091,312.2,1574,38.7,7.309309846,30,0,0,0,0,0,302.5
4427,L51606,L,259.2983927,310.3,1479,40.4,2.92446123,105,0,0,0,0,0,302.6
467,L47646,L,208.2012127,308.5,1550,41.5,7.046522871,125,0,0,0,0,0,297.2
6266,L53445,L,225.0812388,310.3,1383,46.6,5.642379498,19,0,0,0,0,0,300.8
5735,L52914,L,340.8216739,311.8,1369,,2.298279744,208,0,0,0,1,0,302.3
5192,L52371,L,351.072896,313.2,1416,46,6.99735799,128,0,0,0,0,0,304
5391,H34804,H,349.6434823,312.3,1483,47.2,1.694843231,223,0,0,0,0,0,302.8
861,H30274,H,265.742013,306.9,1541,32.6,5.860128971,33,0,0,0,0,0,296.1
7271,L54450,L,164.5382153,310.4,1808,25.8,3.812775675,35,0,0,0,0,0,300.2
2080,M16939,M,172.9245851,309.3,1523,,4.352728752,204,,0,0,0,0,
4225,L51404,L,191.0327353,310.7,1698,28.1,8.190492192,39,0,0,0,0,0,302
5653,L52832,L,112.9329633,311.8,1727,26.5,7.725042884,213,0,0,0,0,0,302.4
3841,L51020,L,374.9088631,311,1610,33.1,6.883868085,161,0,0,0,0,0,302.4
1297,L48476,L,390.3117802,309.9,1621,34.1,4.898989123,130,0,0,0,0,0,298.7
3192,M18051,M,242.8259545,309.2,1732,33.7,4.328396582,218,0,0,0,0,0,300.1
3291,L50470,L,327.4639587,310.2,1385,42.3,3.970191743,42,0,0,0,0,0,301.2
7249,L54428,L,389.2760945,310.1,1762,,6.9627948,202,0,0,0,0,0,300
7884,H37297,H,377.6901612,312.3,1446,45.4,9.837078419,86,0,0,0,0,0,300.7
3957,M18816,M,241.9397104,311.4,1500,40.2,2.44765919,30,,0,0,0,0,302.3
3855,L51034,L,148.9352161,311,1338,,2.434924713,194,0,0,1,1,0,302.4
3987,M18846,M,108.4975517,311.3,1577,29.8,6.015574917,112,0,0,0,0,0,302.2
7271,L54450,L,164.5382153,310.4,1808,25.8,3.812775675,35,0,0,0,0,0,300.2
6574,M21433,M,246.918685,310.6,1855,25.3,3.130579407,178,0,0,0,0,0,301.4
2688,L49867,L,143.6025959,309.4,1348,52.8,7.332763658,31,0,0,0,0,0,299.9
2442,L49621,L,194.6550858,308.5,1676,31,7.271912318,69,0,0,0,0,,299.1
2832,M17691,M,283.1503413,309.2,1490,47.9,3.604041636,163,0,0,0,0,0,300.3
4972,L52151,L,256.7344234,312.7,1838,27.8,7.074963385,181,0,0,0,0,0,303.8
8233,L55412,L,145.5122072,310.6,1326,49.7,1.836516171,78,0,0,0,0,0,299.1
9557,L56736,L,199.8965508,310.8,1374,48.3,2.885034729,154,0,0,0,0,0,299.5
8712,L55891,L,199.3053393,308.5,1733,28.7,1.026976118,50,0,0,0,0,0,297.1
2842,L50021,L,282.1797885,309.4,1705,29.4,3.275971521,190,0,0,0,0,0,300.3
634,L47813,L,110.5472718,310,1442,,2.673367188,110,0,0,0,0,0,298.3
5896,M20755,M,207.3941248,310.9,1460,46.7,9.10495317,166,0,0,0,0,0,301.2
2310,L49489,L,126.0938714,308.6,1611,31.4,4.161472686,161,0,0,0,0,0,299.1
4658,L51837,L,304.1132612,311.2,1628,35.2,5.20309483,23,0,0,0,0,0,303.1
9681,L56860,,308.7755812,310.1,1894,24.2,3.362966926,22,,0,0,0,0,299.1
9908,M24767,M,149.3748221,309.1,1487,43.2,3.381509639,206,0,0,0,0,0,298.6
792,L47971,L,364.0075414,307.9,1611,35.4,7.613158983,72,0,0,0,0,0,
7930,M22789,M,325.3355335,311.6,1669,29.2,3.896610746,200,,0,0,0,0,300.6
4906,L52085,L,211.6659957,312.4,1363,53.1,4.727098079,7,0,0,0,0,0,303.6
9560,L56739,L,126.1291803,310.9,1496,38.5,6.118587817,162,0,0,0,0,0,299.5
1029,L48208,L,142.8719357,307.4,1472,39.9,1.172075223,51,0,0,0,0,0,296.3
7565,M22424,M,317.6953192,311.2,1381,65.2,5.942497553,136,,0,1,0,0,300.3
2075,L49254,L,280.2803554,309.4,1602,31.5,3.748829348,193,0,0,0,0,0,299.5
8907,L56086,L,272.5370065,308.7,1592,34.4,8.420627209,158,0,0,0,0,0,297.3
7941,M22800,M,138.6722688,311.7,1532,,3.935733517,0,0,0,0,0,0,300.7
6948,M21807,M,382.3123844,311.3,1562,37.1,5.382072373,58,0,0,0,0,0,
3810,L50989,L,261.7218523,310.8,1350,56.6,8.354114648,76,0,0,0,0,0,302.2
7461,L54640,L,273.3656216,311.5,1445,41.6,2.353968309,81,0,0,0,0,0,300
6993,L54172,L,188.2820629,311,1596,36.9,2.148809219,174,0,0,0,0,0,300.7
8034,L55213,L,184.6430296,311.9,1485,38.8,7.952320158,9,0,0,0,0,0,300.7
5008,L52187,L,134.9091306,312.9,1442,,5.504853583,52,0,0,0,0,0,303.8
8754,M23613,M,350.1212316,308.6,1657,33.1,1.310437261,156,,0,0,0,0,297.4
9078,L56257,L,231.7287151,308.1,1762,26.1,7.936987037,154,0,0,0,0,0,297.3
3923,M18782,M,226.6855894,311.4,1757,29.5,1.143949718,151,0,0,0,0,0,302.6
9657,L56836,L,236.8921232,310.1,1623,33,8.478813651,210,0,0,0,0,0,299
1001,L48180,L,192.8745314,307.1,1654,29.6,4.773839493,188,0,0,0,0,0,296.3
3555,L50734,L,103.9967053,310.8,1525,43.2,4.337806893,62,0,0,0,0,,
5836,L53015,L,149.4050061,311.2,1668,30.1,8.424080774,18,0,0,0,0,0,301.3
836,M15695,M,289.4966011,307.4,1533,32.5,5.260697324,182,0,0,0,0,0,
3627,M18486,M,130.8715527,311.5,1360,53,6.871939083,36,0,0,0,0,0,302.2
7865,L55044,L,201.9829664,311.9,1330,59.5,5.919098981,33,0,0,0,0,0,300.5
8091,L55270,L,236.2098831,311.4,1910,23,6.425799906,153,0,0,0,0,0,300.1
9252,M24111,M,311.7516853,309.1,1651,28.8,8.79564527,186,0,0,0,0,0,298.2
478,H29891,H,158.138059,309,1468,41.4,8.380885945,156,0,0,0,0,0,
1608,L48787,,247.7660551,307.8,1412,48.3,6.435168027,27,0,0,0,0,0,297.8
893,L48072,L,113.1674559,306.1,1343,54.4,5.838021464,119,0,0,0,0,0,295.7
9056,H38469,H,357.9479704,308.4,1864,23.1,1.914809206,90,0,0,0,0,0,297.3
5315,L52494,L,143.8897282,312.8,1701,30.8,7.443430153,12,0,0,0,0,0,303.6
5776,L52955,L,343.3044156,311.1,1907,21.5,2.244833452,102,0,0,0,0,0,301.6
5040,H34453,H,181.9661578,313.3,1689,32.5,2.021634551,134,,0,0,0,0,304.1
3576,L50755,L,240.0328145,310.5,1567,,8.544540989,114,0,0,0,0,0,301.7
2314,M17173,M,318.7595126,308.8,1725,26.6,6.302771372,172,0,0,0,0,0,299.1
3436,L50615,L,296.9248792,310.5,1389,54.9,9.629303394,187,0,0,0,0,0,301.5
6887,M21746,M,164.3836,311.3,1465,43.2,9.048662246,113,0,0,0,0,0,300.8
683,H30096,H,132.1914555,309,1410,48.8,3.313999772,23,0,0,0,0,0,297.8
9819,M24678,M,152.1576787,309.4,1407,45.1,9.602017055,176,0,0,0,0,0,298.6
3845,L51024,L,243.2392586,311.1,1484,45.9,6.427575852,169,0,0,0,0,0,302.4
5216,M20075,M,199.0654176,312.7,1532,42.7,9.812874406,194,0,0,0,0,0,303.7
1925,L49104,L,172.8756968,307.7,1353,50.7,7.44105463,13,0,0,0,0,0,297.9
4840,H34253,H,246.129891,311.9,1402,,8.056990083,54,0,0,0,0,0,303.4
9353,L56532,L,325.2401585,308.7,1780,27.9,1.443104499,35,0,0,0,0,0,298.2
8620,H38033,H,322.0152797,308.6,1480,39.8,5.917714457,19,,0,0,0,0,297.6
8594,M23453,M,374.67431,308,1601,34.6,9.178884702,181,0,0,0,0,0,297.4
5430,L52609,L,365.7940102,312.4,1590,34.4,6.30524686,64,0,0,0,0,0,302.8
5106,L52285,L,155.8346861,313.4,1374,56.6,4.470332397,115,0,0,0,0,0,304.1
8548,M23407,M,320.795627,309.4,1666,24.3,4.692058938,68,0,0,0,0,0,298.4
5108,L52287,L,116.2916646,313.2,1540,44.4,4.414778461,119,0,0,0,0,0,303.9
9595,L56774,L,196.9687618,310.3,1727,28.7,5.639976184,43,0,0,0,0,0,299.1
4130,M18989,M,184.4596555,310.3,1666,32.7,6.703678627,19,0,0,0,0,0,301.8
4063,L51242,L,128.7405135,310.9,1446,44,9.827419331,64,0,0,0,0,0,302
1307,L48486,L,273.1636378,310,1487,41.4,6.613364353,152,0,0,0,0,0,298.8
2840,M17699,M,391.6088237,309.4,1362,42.1,7.236654437,182,0,0,0,0,0,300.4
8323,L55502,L,179.4234219,309.6,1364,44.9,1.178073205,106,0,0,0,0,0,298.7
6403,M21262,M,247.6995341,309.6,1584,,2.238773062,165,0,0,0,0,0,300.1
4053,M18912,,180.1246981,310.8,1563,39.2,3.464082168,39,0,0,0,0,0,301.9
3455,L50634,L,131.2877788,310.4,1918,21.8,7.563031444,9,0,0,0,0,0,301.5
3374,L50553,L,386.4869856,310.7,1568,35.2,2.908905313,23,0,0,0,0,0,301.4
3218,L50397,L,391.4473722,309.5,2025,21.4,7.804756316,64,0,0,0,0,0,300.6
9445,L56624,L,195.7439502,308.9,2136,15.9,3.815054816,78,0,0,0,0,0,298.1
5598,L52777,L,176.076774,312,1501,37,6.339466299,77,0,0,0,0,,302.7
9225,L56404,L,283.3045984,309,1450,46.8,9.787513333,118,0,0,0,0,0,297.9
664,L47843,L,204.1691788,308.9,1469,44,9.589092513,185,0,0,0,0,0,297.5
5385,M20244,M,257.7358292,312.4,1421,,6.739479007,206,0,0,0,0,0,302.9
8853,L56032,L,390.8254543,308.9,1575,39.9,9.161253906,12,0,0,0,0,0,297.7
4030,H33443,H,108.7003621,310.9,1679,29,8.617504326,222,0,0,0,0,0,302
5845,L53024,L,251.7412681,311.1,1462,37.1,8.269300442,41,0,0,0,0,0,301.4
5496,H34909,H,335.8265083,312.5,1357,55,6.611897362,12,,0,0,0,1,302.9
8963,L56142,L,361.136789,307.9,1628,30.2,3.841505439,80,0,0,0,0,0,297.3
9584,L56763,L,271.5012307,310.5,1281,59.8,8.672294814,15,0,0,0,0,0,299.3
831,L48010,L,153.355978,307.4,1631,35,7.482911393,168,0,0,0,0,0,296.6
1710,L48889,L,319.4267459,307.8,1749,26.1,5.23252035,66,,0,0,0,0,298.2
9923,H39336,H,113.9491471,308.8,1566,39.1,5.355973262,36,0,0,0,0,0,298.6
5069,M19928,M,300.2275315,313.3,1540,39,9.935196026,14,0,0,0,0,0,304.3
585,H29998,H,193.8837598,309.6,1419,48.2,1.350436418,215,0,0,0,0,0,297.6
8412,L55591,L,265.8206447,309.8,1496,37.7,4.522527137,134,0,0,0,0,0,298.6
9641,L56820,L,168.5325495,310.5,1514,36.1,8.173616479,169,0,0,0,0,0,299.4
2279,M17138,M,152.2164593,308.7,1459,35.6,4.685046211,87,,0,0,0,0,299.3
9505,L56684,L,347.0381739,310.3,1440,47,6.36764798,21,,0,0,0,0,299.2
9059,M23918,M,320.6545408,308.3,1326,57.2,5.851088758,100,0,0,0,0,0,297.2
4966,M19825,M,220.3334824,312.7,1364,49.3,2.120178811,167,,0,0,0,0,303.8
5120,L52299,L,254.0023938,313.6,1411,46,3.154664693,149,0,0,0,0,0,304.2
7548,L54727,L,307.7509793,311.4,1430,40.9,8.931307127,93,0,0,0,0,0,300.1
4719,L51898,,166.8146562,311.6,1337,56.8,1.385871483,187,0,1,0,0,0,303.3
7460,L54639,L,322.9613843,311.5,1591,32,4.56256734,79,0,0,0,0,0,300
296,M15155,M,108.0188815,308.6,1716,30.7,7.509160595,119,0,0,0,0,0,298.1
1082,L48261,L,236.3167616,307.8,1521,40.2,2.405830653,190,0,0,0,0,0,297
2462,M17321,M,217.5065168,308.6,1517,39.8,6.885945421,114,0,0,0,0,0,298.9
9263,M24122,M,171.2308217,309.1,1404,47,8.787303475,15,,0,0,0,0,298.3
191,L47370,L,256.6707212,308.4,1477,49.9,6.803617004,72,0,0,0,0,0,298.2
3222,L50401,L,120.1274623,309.6,1423,49.1,4.67014417,74,0,0,0,0,0,300.6
2528,L49707,L,268.547354,308.5,1450,,7.221241584,57,0,0,0,0,0,298.8
4927,L52106,L,148.0355015,312.3,1502,,3.648797343,69,0,0,0,0,0,303.4
4302,L51481,L,291.3780685,310.2,1471,,7.335362436,8,0,0,0,0,0,301.7
4199,M19058,M,135.3472001,311.1,1432,44.5,2.987457819,195,0,0,0,0,0,302.4
4528,M19387,M,370.5136775,310.5,1372,45.7,6.626056027,144,0,1,0,0,0,302.4
5405,H34818,H,343.1998979,312.5,1422,46.1,4.727522511,4,0,0,0,0,0,302.8
7303,L54482,L,380.1220414,310.5,1494,44.2,7.232987206,117,0,0,0,0,0,
7001,M21860,M,360.9965983,310.6,1463,45.5,4.115696363,196,0,0,0,0,0,300.6
4516,L51695,L,238.3478581,310.4,1415,48.2,4.243659013,117,0,0,0,0,0,302.5
4156,L51335,L,238.1546268,310.5,1370,44.4,5.418873139,85,0,1,0,0,0,302
6108,L53287,L,164.1478572,311,1438,49,8.77917938,61,0,0,0,0,0,300.9
3424,L50603,L,354.3066785,310.4,1496,35.2,9.395428202,153,0,0,0,0,0,301.4
4905,H34318,H,116.3832216,312.4,1480,50.7,2.427432602,2,0,0,0,0,0,303.6
2900,L50079,L,383.3730821,309.4,1410,40.6,7.34360651,99,0,0,0,0,0,300.6
9691,M24550,M,198.4686995,310,1520,35.6,6.937405361,48,0,0,0,0,0,298.9
2837,M17696,M,249.7168397,309.1,1458,44.3,2.728320378,175,0,0,0,0,0,300.3
6315,M21174,M,228.95204,310.4,1793,25,3.551873171,142,,0,0,0,0,301
6117,L53296,L,308.4920878,310.9,1453,43.9,3.270561742,84,0,0,0,0,0,300.8
3773,L50952,L,294.5195616,311.1,1448,44.8,4.086482005,195,0,0,0,0,0,302.4
4193,M19052,M,296.7154527,311,1463,43.1,4.79708782,181,0,0,0,0,0,302.5
6406,L53585,L,188.2175496,309.7,2151,17.5,3.179132735,173,,0,0,0,0,300.1
3574,L50753,L,269.5734351,310.6,1452,48.4,8.845282772,110,0,0,0,0,0,301.8
6570,M21429,M,116.8923644,310.7,1375,42,2.933243886,168,0,0,0,0,0,301.4
5550,H34963,H,267.7606107,311.9,1374,52.4,9.593035137,154,0,0,0,0,0,302.3
5650,M20509,M,282.1942103,311.9,1414,51.6,2.610997941,205,,0,0,0,0,302.5
1220,M16079,M,368.2975814,308.1,1357,41.8,2.643930326,127,,0,0,0,0,296.9
4479,L51658,L,127.7976883,310.2,1477,41.6,9.043000655,16,0,0,0,0,0,302.5
8415,L55594,L,291.0435465,309.8,1842,20.1,3.199565963,142,0,0,0,0,0,298.6
8438,L55617,L,153.7637428,309.8,1181,65.9,9.195612266,203,0,0,0,1,,298.7
9262,H38675,H,186.7915815,309,1470,38.4,5.353878915,10,0,0,0,0,0,298.3
1998,L49177,L,151.6499293,308.1,1672,41.3,5.444638038,0,0,0,0,0,0,298.3
1869,L49048,L,143.1913021,308,1361,56.9,8.994610557,81,0,0,0,0,0,298.3
7168,L54347,L,274.3256542,310.3,1362,60.3,3.442942295,206,0,0,0,1,0,300.3
5454,L52633,L,364.7254377,312.6,1451,42.1,9.330923593,125,0,0,0,0,0,303
6216,L53395,L,322.0435224,310.8,1521,41,6.813054141,99,,0,0,0,0,301.1
5543,L52722,L,261.264925,311.7,1400,41.6,1.47680125,136,0,0,0,0,0,302.3
6597,M21456,M,353.5927583,310.7,1454,39.4,7.729235864,17,0,0,0,0,0,301.5
4894,M19753,M,398.3753463,312.5,1448,44.3,1.894184361,195,0,0,0,0,0,303.8
8096,L55275,L,246.2083339,311.7,1493,48.3,1.131406179,167,0,0,0,0,0,300.2
3009,M17868,M,252.847435,309.7,1547,38,7.223400482,181,0,0,0,0,0,300.4
983,L48162,L,363.1250739,306.9,1516,39.1,1.037180971,138,0,0,0,0,0,296.2
9888,L57067,L,102.3575476,309.5,1368,44.7,3.156836803,147,0,0,0,0,0,298.8
5670,M20529,M,265.2310304,311.5,1479,39.5,3.725147431,36,0,0,0,0,0,302.2
2814,L49993,L,262.2547366,309.3,1887,22.6,3.808472606,120,0,0,0,0,0,300
7117,L54296,L,223.9459105,310.5,1601,33.2,4.651135103,77,0,0,0,0,0,301
321,H29734,H,141.3090953,308.4,1550,38.2,6.25552453,185,0,0,0,0,0,297.8
5705,L52884,L,119.1958559,311.8,1335,,3.290808147,135,0,0,0,0,0,302.5
8531,M23390,M,297.1709516,309.3,1615,31.8,9.580416485,23,0,0,0,0,0,298.5
828,L48007,L,294.6044925,307.3,1501,42.1,5.432357933,162,0,0,0,0,0,296.5
9257,L56436,L,168.6780612,309.1,1569,35.2,8.723928944,199,0,0,0,0,0,298.2
6354,M21213,M,106.0866385,309.6,1491,42,6.943718752,29,0,0,0,0,0,300
8326,M23185,M,205.8754981,309.5,1500,38.8,2.731720796,116,0,0,0,0,0,298.7
4530,M19389,M,181.4062358,310.4,1586,34.3,8.608822099,149,0,0,0,0,0,302.4
7253,H36666,H,374.1759954,310.4,1501,42.9,3.757683568,212,0,0,0,0,0,300.2
5988,L53167,L,114.6995861,310.8,1608,39.5,5.664446693,202,0,0,0,0,0,300.7
6627,L53806,L,224.1654876,310.6,1613,42.5,7.503480529,97,0,0,0,0,0,301.6
357,M15216,M,309.6750885,308.4,1398,48.9,5.717271173,63,0,0,0,0,0,297.6
4431,H33844,H,316.3757245,310.1,1688,30.4,8.051575769,115,0,0,0,0,0,
2766,M17625,M,284.4593559,309.4,1399,54.8,1.793685103,3,0,0,0,0,0,299.9
6677,L53856,L,158.8654053,310.7,1423,,9.708009782,222,0,0,0,0,0,301.5
9332,L56511,L,247.8587617,308.9,1496,37.9,3.496002126,194,0,0,0,0,0,298.4
9243,M24102,M,228.2644649,308.7,1269,60.9,2.416136268,163,0,0,0,0,0,298.2
2137,L49316,L,345.4857639,308.9,1588,41.5,7.824295622,150,0,0,0,0,0,299.2
2678,L49857,L,268.2767088,309.5,1495,39.6,2.401545139,10,0,0,0,0,0,299.8
9772,M24631,M,141.0103075,309.6,1424,50.4,4.428331202,32,0,0,0,0,0,298.7
6667,L53846,L,287.758966,310.4,1414,51.4,7.222251568,199,0,0,0,0,0,301.3
8868,L56047,L,200.9809811,308.9,1566,41.9,3.290868119,50,0,0,0,0,0,297.9
8683,M23542,M,399.6353418,308.5,1353,46.5,8.973750319,185,0,0,0,0,0,297.2
676,M15535,M,151.4349031,309.1,1424,45.5,6.075123117,2,0,0,0,0,0,297.8
7348,L54527,L,149.3886842,310.2,1627,36.6,5.481693099,17,0,0,0,0,0,299.6
1750,L48929,L,102.3630129,307.7,1576,,3.834191117,171,0,0,0,0,0,298.3
372,L47551,L,387.9005333,308.4,1604,38.1,7.556681978,106,,0,0,0,0,297.5
3074,L50253,L,320.4986537,309.1,1478,46.9,1.49297669,116,0,0,0,0,0,300.1
5567,L52746,L,270.2007809,312,1457,45.5,3.035331859,206,0,0,0,0,0,302.4
5584,L52763,L,115.4657722,312,1673,29.9,5.791643491,42,0,0,0,0,0,302.5
8796,L55975,L,290.7254373,308.4,1459,39.4,9.211322449,59,0,0,0,0,0,297.3
5155,L52334,,321.6950613,313.4,1568,37.6,2.028748745,25,0,0,0,0,0,304.2
1051,L48230,L,289.2867115,307.6,1671,28.8,1.630162756,108,0,0,0,0,0,296.6
1187,L48366,L,118.7009848,308.4,1417,47.8,6.423425877,31,0,0,0,0,0,297.3
2657,L49836,L,347.9769879,309.5,1349,51.3,5.144895303,176,0,0,0,0,0,299.9
6472,L53651,L,224.9313985,309.6,1523,38.5,2.49661365,124,0,0,0,0,0,300.4
8815,L55994,L,351.069685,308.4,1462,,1.143489128,102,0,0,0,0,0,297.2
1349,L48528,L,191.6517074,310.2,1363,45.5,6.062667016,28,0,0,0,0,0,298.7
3976,H33389,H,398.9482081,311.5,1540,43.7,8.306680593,81,0,0,0,0,0,302.4
9664,L56843,L,386.612862,310.1,1435,48.8,4.359801268,229,,0,0,1,0,299.1
5061,L52240,L,336.2415945,312.8,1542,42.7,7.718546009,198,0,0,0,0,0,
6371,L53550,,371.0011916,309.6,1321,,2.583199272,75,0,0,0,0,0,300.1
2781,M17640,M,312.5639513,309.6,1556,35.8,5.397082719,36,0,0,0,0,,300.2
154,L47333,L,226.3085169,308.2,1850,,4.314363822,194,0,0,0,0,0,298.4
2141,L49320,L,121.9193418,309,1419,46.6,8.406243252,158,0,0,0,0,0,299.3
3470,M18329,M,242.8962608,310.7,1429,47.9,9.130922383,53,0,0,0,0,0,301.8
5370,H34783,H,282.1582549,312.5,1507,37.9,4.767303567,163,0,0,0,0,0,303
9856,L57035,L,391.4779261,309.6,1516,,8.758614775,61,0,0,0,0,0,298.7
9244,L56423,L,233.0509488,308.8,1454,49,5.428495834,166,0,0,0,0,0,298.3
2800,L49979,L,197.9132991,309.6,1404,44.6,5.894250742,87,0,0,0,0,0,300.3
5092,L52271,L,187.7886362,313.2,1345,48.2,8.238115158,77,0,0,0,0,0,303.9
130,L47309,L,116.580659,308.5,1559,34.3,3.991814207,126,0,0,0,0,0,298.9
5225,L52404,L,151.0846277,313.2,1590,31.9,7.299163552,5,0,0,0,0,0,
356,L47535,L,304.9179005,308.3,1623,36.9,6.502382421,61,0,0,0,0,0,297.6
5869,L53048,L,159.3678916,311.1,1731,27.9,2.981199672,101,,0,0,0,0,
8569,L55748,L,347.9220102,308.6,1691,29.6,4.234536443,116,0,0,0,0,0,297.9
2982,H32395,H,209.6111317,309.4,1530,40.4,7.148929343,112,0,0,0,0,0,300.4
8749,L55928,L,116.7588812,308.5,1384,39.6,7.056214656,144,0,0,0,0,0,297.3
2637,L49816,L,303.6487453,309.6,1254,61.3,5.675325555,124,0,0,0,0,0,299.9
2468,M17327,M,274.9501132,308.6,1574,33.5,9.319334496,128,,0,0,0,0,298.9
8145,M23004,M,339.719579,311,1506,42.7,6.311568683,85,,0,0,0,0,
5351,M20210,M,248.753122,312.8,1622,35.1,4.103746975,107,0,0,0,0,0,303.4
143,M15002,M,115.6401081,308.4,1778,28.2,3.788476465,161,0,0,0,0,0,298.6
608,M15467,M,312.1932062,309.9,1565,33.9,2.559565251,40,0,0,0,0,0,298
5995,L53174,L,303.7517067,310.4,1608,,8.223330105,221,0,0,0,0,0,300.6
7757,L54936,L,173.9330264,311.8,1368,57.9,5.836263689,191,0,0,0,1,0,
5384,L52563,L,297.735366,312.3,1504,40.3,5.782736682,204,0,0,0,0,0,302.8
4008,L51187,L,324.7255061,311.2,1369,50.8,7.702562405,164,0,0,0,0,0,302.1
8764,L55943,L,293.5827415,308.8,1603,36.7,5.301657709,184,0,0,0,0,0,297.5
9947,L57126,L,104.9643781,307.9,1502,42,1.538443269,103,0,0,0,0,0,298.3
9209,L56388,L,142.1609584,308.9,1406,40.9,2.860836976,77,,0,0,0,0,298
4237,L51416,L,262.3370671,310.9,1604,,2.500677267,68,0,0,0,0,0,302.2
8773,L55952,L,329.6829711,308.6,1621,28.9,2.844828225,0,0,0,0,0,0,
2827,M17686,M,390.1947545,309.4,1612,33.1,2.91757774,150,0,0,0,0,0,300.3
5629,L52808,L,207.794473,312.1,1688,32,1.17828438,155,,0,0,0,0,
1929,L49108,L,340.4322654,307.8,1623,29.9,8.172237886,24,0,0,0,0,0,298
3665,M18524,M,226.6613085,311.7,1685,30.8,7.179613092,130,0,0,0,0,0,302.3
6973,L54152,,359.9272489,311,1377,49.9,7.246809391,124,0,0,0,0,0,300.7
6300,L53479,L,137.0551364,310.6,1385,49.2,7.197916889,105,0,0,0,0,0,301.2
9836,L57015,L,295.8013023,309.3,1545,36.9,1.979030745,3,0,0,0,0,0,298.4
9121,L56300,L,349.4295325,308.4,1525,38.7,9.630344429,62,0,0,0,0,0,
6174,L53353,L,274.7260364,310.7,1633,27.8,7.117097383,0,,0,0,0,0,
5513,L52692,L,175.3796237,312.2,1682,30.9,6.538947599,58,0,0,0,0,0,302.8
8391,M23250,M,209.4634057,309.8,1288,61.9,3.693284216,79,0,0,0,0,0,298.8
1525,L48704,L,214.2445713,309,1601,35.8,4.546791377,43,0,0,0,0,0,298.2
7081,L54260,L,281.2926374,310.4,1543,47.3,2.495276362,203,0,0,0,0,0,
7810,M22669,M,255.9579875,311.4,1537,35.4,1.020817362,120,0,0,0,0,0,300
9483,H38896,H,209.0404089,309.6,1309,57.4,4.612681266,185,0,0,0,0,0,298.8
3548,M18407,M,204.2198398,311,1467,48.1,3.954150437,43,0,0,0,0,0,301.9
8309,L55488,L,199.3288976,310.1,1401,45.3,2.215260934,67,0,0,0,0,0,298.7
9876,M24735,M,137.3028791,309.8,1363,50.6,1.282184973,115,0,0,0,0,0,298.9
5414,H34827,H,273.8577198,312.5,1527,36.4,1.594241159,26,0,0,0,0,0,302.7
6863,M21722,M,314.7470175,311.2,1384,49.4,5.712204127,48,0,0,0,0,0,301.1
1322,L48501,L,307.4297929,310.2,1362,53,8.698227655,185,0,0,0,0,0,298.9
8318,L55497,L,163.1263832,309.7,1667,30.4,7.464709171,92,0,0,0,0,0,298.7
7393,M22252,M,279.8734092,310.5,1492,39.3,5.778713383,131,0,0,0,0,0,299.7
4358,L51537,L,328.8830726,309.9,1407,52.8,4.739058976,154,0,0,0,0,0,302
3766,M18625,M,320.5010207,311.1,1443,51.8,8.198509433,178,0,0,0,0,0,302.4
4044,M18903,M,368.584493,310.8,1445,,1.328226175,17,0,0,0,0,0,302
8480,L55659,L,193.7004737,309.7,1627,33.4,2.304945022,99,0,0,0,0,0,298.6
3023,L50202,L,255.8413668,309.6,1760,30.6,4.102993663,213,0,0,0,0,0,300.5
8214,M23073,M,297.6039611,310.5,1548,33.5,7.743953597,35,0,0,0,0,0,299.2
2833,M17692,M,146.7693199,309.3,1467,40.3,6.485677273,166,0,0,0,0,0,300.4
5870,L53049,L,123.5853034,311.1,2076,18.7,8.962394817,103,0,0,0,0,0,301.5
1166,L48345,L,109.8448709,308.1,1487,34.6,6.952007713,208,0,0,0,0,0,297.1
9666,L56845,L,350.6527139,310.3,1610,33.3,9.167214619,233,,0,0,0,0,299.2
2364,L49543,L,125.312197,308.5,1510,45.4,7.379165122,72,0,0,0,0,0,299.3
9718,L56897,L,193.5637418,309.9,1500,44.2,1.579355415,115,0,0,0,0,0,298.9
3672,M18531,M,173.9368082,311.7,1486,39.6,6.987734822,147,0,0,0,0,0,302.3
1634,L48813,L,126.0908026,307.9,1476,,5.982615492,91,0,0,0,0,0,
4609,M19468,M,288.3359233,311.2,1519,38,4.719031539,139,0,0,0,0,0,303
1780,M16639,M,298.8863595,308.2,1488,44,4.938055912,43,0,0,0,0,0,
3964,H33377,H,202.7806508,311.5,1526,38.2,7.582455484,47,0,0,0,0,0,302.3
9284,M24143,M,183.0797874,309,1802,27.5,3.778022485,71,0,0,0,0,0,298.3
9265,M24124,M,103.2404998,309,1526,,8.999234507,20,0,0,0,0,0,298.3
4245,L51424,L,320.4259482,310.9,1469,39.6,6.235377211,86,0,0,0,0,0,302.4
4854,L52033,L,250.7798858,312.2,1487,34,3.396821418,94,0,0,0,0,0,303.7
7340,L54519,L,261.7105853,310.4,1579,36.4,7.558459719,0,0,0,0,0,0,299.8
5976,H35389,H,371.7618201,310.7,1654,28.6,6.71066436,161,0,0,0,0,0,300.5
2420,M17279,M,391.6196001,308.2,1328,49.2,6.439650504,11,0,0,0,0,0,298.9
4678,H34091,H,119.4106352,311.6,1466,47,7.971118731,80,0,0,0,0,0,303.5
8054,L55233,L,248.5487726,311.9,1887,21.7,9.859673325,56,0,0,0,0,0,300.5
4845,M19704,M,362.6423612,311.8,1316,50.9,6.304462898,69,0,1,0,0,0,303.4
5891,L53070,L,220.8444016,311,1634,32.6,9.430666002,155,0,0,0,0,0,301.4
1828,M16687,M,391.008153,307.3,1420,47.8,6.635096432,171,0,0,0,0,0,297.9
8874,H38287,,137.2557714,309.1,1557,36.4,9.884519229,65,0,0,0,0,0,
4420,M19279,M,267.9185376,310.2,2676,10.8,5.24922427,84,0,0,1,0,0,302.6
7066,L54245,L,361.5440626,310.6,1384,52.9,3.264843147,165,0,0,0,0,0,300.8
3243,L50422,L,221.7115109,309.6,1384,42.4,5.998179494,131,0,0,0,0,0,
631,L47810,L,127.7984966,310,1460,47.6,2.988362752,101,0,0,0,0,0,298.3
8646,M23505,M,126.4564064,308.6,1492,35.5,8.28799736,88,0,0,0,0,0,297.6
4679,H34092,H,380.3736312,311.7,1476,40.1,3.804487322,85,0,0,0,0,0,303.6
9649,L56828,L,293.7623816,310.1,1416,41.2,1.662983024,185,0,0,0,0,0,299.1
6934,L54113,L,258.3868901,311.4,1492,40.6,7.363507147,20,0,0,0,0,0,300.8
8817,M23676,M,345.1777059,308.5,1425,45.8,3.424121907,109,0,0,0,0,0,297.2
4280,L51459,L,330.6715802,310.1,1361,45.4,5.016714334,174,0,1,0,0,0,302
7388,H36801,,317.9739266,310.6,1423,44.6,3.966343429,116,0,0,0,0,0,299.8
667,L47846,L,136.4318687,309,1470,43.5,7.62101885,191,0,0,0,0,0,297.5
3819,L50998,L,142.1172397,310.7,1491,42.8,5.825268,98,0,0,0,0,0,302.1
2664,L49843,L,142.304516,309.3,1620,31.1,3.907056733,196,0,0,0,0,0,299.9
2658,M17517,M,295.8293995,309.5,1425,40.8,3.977865447,178,0,0,0,0,0,300
2558,M17417,M,186.5513165,309.1,1440,50,3.230771652,134,0,0,0,0,0,
8722,L55901,L,289.31261,308.7,1669,30.7,6.873571745,72,0,0,0,0,0,297.2
3618,L50797,L,293.079252,311,1529,41.6,1.058068322,12,0,0,0,0,0,301.8
8351,M23210,M,128.0040523,309.6,1382,48.1,4.02852032,186,0,0,0,0,0,298.7
7308,M22167,M,354.3715277,310.4,1385,,8.561410691,128,0,0,0,0,0,300
8491,M23350,M,260.7781563,309.6,1364,58.7,6.950821119,123,0,0,0,0,0,298.5
9763,L56942,L,251.4425312,309.7,1925,22.1,9.25747605,7,,0,0,0,0,298.6
528,M15387,M,230.7015173,309.6,1592,35.8,2.735136585,57,0,0,0,0,0,297.6
3531,M18390,M,135.3172661,310.9,1441,43.7,1.536149448,0,0,0,0,0,0,301.9
1831,L49010,L,151.8754445,307.3,1859,24,7.006672261,178,0,0,0,0,0,
8450,L55629,L,222.5480058,309.9,1725,27.8,7.36460301,21,0,0,0,0,0,298.4
4734,L51913,L,173.4057194,311.6,1484,,2.082370383,223,0,0,0,0,0,303.3
422,M15281,M,377.3353972,308.3,1657,,7.130378537,8,0,0,0,0,0,297.3
5645,L52824,,165.9860422,312,1383,51.3,9.960041923,190,0,0,0,0,0,
6594,L53773,L,216.2979513,310.7,1679,29.5,3.629462163,10,0,0,0,0,0,301.6
1135,M15994,M,383.8336036,307.8,1426,50.7,5.794658883,130,0,0,0,0,0,296.9
5763,L52942,L,140.5654306,311.2,1334,52.3,5.570482206,68,,0,0,0,0,301.8
7628,L54807,L,342.6592779,311.7,1445,44.8,8.857031918,83,0,0,0,0,0,
7599,L54778,L,155.6969031,311.1,1491,42.6,5.065742318,11,0,0,0,0,0,300.5
6950,M21809,M,197.6750596,311.2,1769,26.5,7.206133609,63,0,0,0,0,0,300.7
3447,H32860,H,176.8182746,310.6,1400,49.5,5.987558671,211,0,0,0,0,0,
9472,M24331,M,367.8982892,309.4,1774,27.5,9.963802642,154,0,0,0,0,0,298.6
5893,L53072,L,346.8105281,311.1,1472,44.5,4.219269777,159,0,0,0,0,0,301.4
990,M15849,M,279.9521541,307,2119,18.3,9.283651936,159,0,0,0,0,0,296.2
7294,L54473,L,338.8890041,310.5,1627,29.2,4.47379326,95,0,0,0,0,,300.1
7864,M22723,M,329.8201105,311.9,1511,44.5,6.010689599,30,0,0,0,0,0,300.5
5696,L52875,,231.7748628,311.8,1451,42,3.990670257,110,0,0,0,0,0,302.4
2940,L50119,L,232.0780466,309.7,1431,41.4,4.159552516,199,,0,0,0,0,300.9
2971,M17830,M,260.3249679,309.4,1452,39.4,2.318321136,78,0,0,0,0,0,300.6
6157,L53336,L,156.2603098,311.1,1508,41.5,4.948632819,184,0,0,0,0,0,301.1
7183,L54362,L,166.3988707,310.3,2158,16.8,1.330202141,32,0,0,0,0,0,300.3
6112,M20971,M,184.0622913,310.8,1486,41.2,9.576106119,71,0,0,0,0,0,300.7
4421,H33834,H,282.4667971,310.2,1873,21.3,6.347964339,87,0,0,0,0,0,302.6
6705,M21564,M,288.5871709,310.7,1510,36,9.504690511,64,0,0,0,0,0,301.5
3189,M18048,M,316.1513321,309.2,1438,51,2.332994055,211,0,0,0,0,0,300.1
730,L47909,L,214.0105213,308.6,1586,37.7,1.166011029,155,0,0,0,0,0,297.3
2397,M17256,M,182.1528829,308.5,1592,34.2,7.917166441,153,0,0,0,0,,299.1
4501,L51680,L,210.7009187,310.4,1638,,6.505687475,84,0,0,0,0,0,302.6
9117,H38530,H,111.1215975,308.7,1659,32.1,6.523580804,49,0,0,0,0,0,297.6
8083,H37496,H,280.8518044,311.5,1422,46.2,5.688114745,134,0,0,0,0,0,300.1
1084,L48263,L,297.9634241,307.8,1683,32.3,2.152892143,197,0,0,0,0,0,297
9566,M24425,M,322.4560837,311.1,1498,38.1,5.764147577,176,0,0,0,0,0,299.8
3752,L50931,,241.5738476,311.1,1520,42.2,3.292831336,143,,0,0,0,0,
9944,M24803,M,202.511949,308,1766,26,9.073411261,96,0,0,0,0,0,298.3
4941,L52120,L,137.4988613,312.6,1502,39.5,6.160794342,103,0,0,0,0,,303.6
469,L47648,L,206.7549024,308.7,1619,31.6,9.332315378,129,0,0,0,0,0,297.3
7724,L54903,L,359.1353445,311.6,1730,30.2,9.359240028,106,0,0,0,0,0,300.5
4785,L51964,L,156.4744019,312.6,1642,32.3,3.098078164,127,0,0,0,0,0,303.9
7834,L55013,L,227.2675861,311.4,1604,38.7,5.817026704,185,0,0,0,0,0,300
6347,L53526,L,221.9647654,309.7,1275,60.7,2.799185059,15,0,0,0,0,0,300.2
1931,M16790,M,397.4473648,307.9,1569,37,9.230992411,29,0,0,0,0,0,
700,H30113,H,241.7352957,308.7,1416,39.2,4.981481265,74,0,0,0,0,0,297.5
41,L47220,L,169.2589268,309.1,1362,45.4,2.108860861,113,0,0,0,0,0,298.8
4001,L51180,L,140.8454613,311.2,1422,50.3,2.51416637,146,0,0,0,0,0,302.1
556,M15415,M,256.1596163,309.4,1539,42.2,6.180374681,134,0,0,0,0,0,297.4
3274,M18133,M,234.1672044,309.9,1565,36,7.016868517,213,0,0,0,0,0,301.3
9843,L57022,L,149.8146196,309.3,1395,,2.293275936,24,0,0,0,0,0,298.4
2897,M17756,M,248.489021,309.5,1633,31.3,5.047774259,90,,0,0,0,0,300.7
6122,L53301,L,131.7614211,311.1,1457,37.4,7.448302857,96,,0,0,0,0,300.9
1371,L48550,L,184.7814138,310.3,1451,40,5.077133096,86,0,0,0,0,0,298.7
6087,L53266,L,367.4175743,310.8,1482,,1.966887072,5,0,0,0,0,0,300.9
7661,M22520,M,211.1770714,311.6,1246,52.9,3.839285907,165,0,0,0,0,0,300.5
690,H30103,H,131.5031788,309,1354,55.6,8.277104345,46,0,0,0,0,0,297.6
8046,M22905,M,177.6527808,311.9,1366,55.1,8.926981351,36,0,0,0,0,0,
6336,M21195,M,184.3533774,309.8,1430,43.4,5.565342453,198,0,0,0,0,0,300.4
8668,M23527,M,126.0623948,308.8,1455,46.1,3.5424133,147,0,0,0,0,0,297.5
4656,L51835,L,137.561385,311.1,1854,22.6,7.17065352,19,0,0,0,0,0,303.1
5170,L52349,L,183.9565469,313.3,1470,39.9,7.464838841,70,0,0,0,0,0,304.1
5242,L52421,L,317.4490179,313.1,1683,28.4,6.935196925,46,0,0,0,0,0,303.7
7290,L54469,L,379.1087056,310.6,1433,53.8,3.058567934,86,0,0,0,0,0,
1005,H30418,H,333.4906083,307.2,1424,42,3.229029448,196,0,0,0,0,0,296.3
960,L48139,L,108.4833115,306.5,1505,35.2,7.546556215,86,0,0,0,0,0,295.8
4534,M19393,M,207.9532921,310.3,1375,,6.529432477,161,0,1,0,0,0,302.4
6469,L53648,L,307.0970953,309.8,1507,42.5,2.019899728,117,0,0,0,0,0,300.5
8753,M23612,M,250.3802719,308.5,1465,55.9,6.637419409,153,0,0,0,0,0,297.4
7056,L54235,L,173.4191128,310.6,1663,30.6,4.631253202,139,0,0,0,0,0,300.8
9954,L57133,L,177.368752,307.8,1565,35.3,4.106591801,119,0,0,0,0,0,298.1
3741,L50920,L,349.3768908,311.2,1401,49.7,6.507562051,118,0,0,0,0,0,
4665,M19524,M,304.4741001,311.3,1566,46.1,5.344117508,41,0,0,0,0,0,303.3
9071,L56250,L,378.0677163,308.2,1427,,1.501864975,136,0,0,0,0,0,297.1
1467,L48646,L,112.0613176,309.8,1365,50.5,2.307455586,111,0,0,0,0,0,298.7
4180,L51359,L,256.920964,310.9,1349,46.1,8.27488902,148,0,1,0,0,0,302.4
103,L47282,L,398.2894838,308.8,1555,,2.481661724,61,0,0,0,0,0,298.8
986,L48165,L,219.3426266,307.2,1748,25.3,7.846386973,144,0,0,0,0,0,296.4
3694,L50873,L,252.1903665,311.3,1521,31.5,6.866161031,202,0,0,0,0,0,302.1
9206,L56385,L,289.0019757,308.8,1579,,9.016513825,70,0,0,0,0,0,297.8
4724,L51903,L,147.7272197,311.8,1366,50.9,1.568359609,200,0,1,0,0,0,303.4
4617,L51796,L,253.1930308,311.4,1829,24.5,3.891116521,159,0,0,0,0,0,303.1
5348,L52527,L,358.3663373,312.7,1262,63.8,5.875866602,100,0,0,0,0,0,303.3
3077,L50256,L,120.2865341,309.2,1444,43.6,6.797870049,123,0,0,0,0,0,300
1169,L48348,L,328.2461854,308.1,1584,36.8,9.101671532,215,0,0,0,0,0,297.1
6447,M21306,M,200.6760957,310.3,1471,40.2,9.521004224,59,0,0,0,0,0,300.7
5985,H35398,H,154.6380543,310.8,1346,52,1.529124691,193,0,0,0,0,0,300.7
1681,M16540,M,241.2785485,307.4,1610,34.6,4.468580017,219,0,0,0,0,0,297.9
2285,L49464,L,345.2307873,308.5,1378,53.4,8.058149082,100,0,0,0,0,,299.2
9391,M24250,M,343.3871413,308,1560,39,9.445691718,141,0,0,0,0,0,297.5
2498,M17357,M,269.979256,308.9,1521,42.3,5.113827045,215,0,0,0,0,0,299.2
7731,L54910,L,113.9308699,311.9,1472,44.2,7.285273245,126,0,0,0,0,0,300.6
6165,H35578,H,312.8327527,310.7,1656,30.7,2.595166077,200,0,0,0,0,0,300.9
1465,L48644,L,285.5094692,310,1412,46.3,6.490090382,107,0,0,0,0,0,298.8
5633,L52812,L,109.5939076,312.2,1376,52.8,4.031233196,164,0,0,0,0,0,302.7
5089,L52268,L,232.7458818,313.1,1465,,9.775092266,69,0,0,0,0,0,304
6233,L53412,L,105.2271923,311,1576,30.4,4.987429509,151,0,0,0,0,0,301.3
9451,M24310,M,149.447984,308.7,1494,42.6,1.456729228,96,0,0,0,0,0,298
7438,L54617,L,226.7219276,311.3,1727,30,9.832687412,24,0,0,0,0,0,299.8
7594,L54773,L,110.5207288,311.2,1270,67.5,8.379703889,208,0,0,0,1,0,300.5
9593,L56772,L,269.6226913,310.4,1379,46.8,5.430920066,39,0,0,0,0,0,299.2
5798,L52977,L,231.3962671,311,1431,42.6,9.55938583,158,0,0,0,0,0,301.6
5102,M19961,M,332.0791794,313.4,1518,42.4,5.156688548,105,0,0,0,0,0,304.1
729,M15588,M,397.2210904,308.7,1425,50.3,3.220145056,152,0,0,0,0,0,297.4
2873,L50052,L,121.9794539,309.6,1680,28.7,7.543252373,22,0,0,0,0,0,300.8
5900,H35313,H,393.1567909,310.6,1686,27.7,9.734087756,176,0,0,0,0,0,
1206,L48385,L,345.5243473,308,1371,54.5,3.516239852,86,0,0,0,0,0,296.8
8917,L56096,L,127.8123584,308.2,2267,15.7,3.437706414,181,0,0,0,0,0,
2660,H32073,H,371.666467,309.3,1595,32.1,4.064737725,183,0,0,0,0,0,299.8
3686,M18545,M,271.9308233,311.1,1380,51.6,6.362988352,184,0,0,0,0,0,301.9
3614,L50793,L,152.4586101,310.9,1557,39.4,2.263821795,2,0,0,0,0,0,301.7
6840,L54019,L,316.120939,311.2,1558,34.1,7.510863251,204,,0,0,0,0,301.2
6669,L53848,L,325.1846981,310.5,1476,39.2,7.519433466,206,0,0,0,0,0,301.4
9837,M24696,M,172.5004326,309.3,1390,53.6,6.614374723,5,0,0,0,0,0,298.4
2638,L49817,L,142.7467694,309.6,1294,49.7,4.606556994,126,0,0,0,0,0,299.9
9955,M24814,M,365.2944233,307.9,1446,42.8,3.165037599,121,0,0,0,0,0,298.1
3440,L50619,L,379.1409956,310.3,1492,41.4,8.371976523,195,0,0,0,0,0,301.4
353,M15212,M,121.4626949,308.4,1507,46,7.219702527,51,0,0,0,0,0,297.6
5534,L52713,L,324.2176873,311.7,1721,26.9,8.725081707,112,0,0,0,0,0,302.4
5178,H34591,H,150.941619,313.1,1388,53.2,4.841326024,91,0,0,0,0,0,
8771,L55950,L,385.6635245,308.6,1680,32.8,4.815323204,200,0,0,0,0,0,297.4
3378,H32791,H,221.8057396,310.8,1591,29.6,4.46557584,33,,0,0,0,0,301.5
628,L47807,L,198.2086698,310.1,1455,42.2,3.705235774,94,0,0,0,0,0,298.4
1877,L49056,L,365.8817073,308,1242,62,1.669441561,98,0,0,0,0,0,298.3
5572,L52751,L,114.8617511,312,1562,37.9,5.314075951,10,0,0,0,0,0,302.4
6137,H35550,H,148.2392612,310.8,1390,40.6,8.387546214,131,0,0,0,0,0,300.9
2776,L49955,L,375.6708732,309.4,1560,47.7,2.752735386,26,0,0,0,0,0,300.1
1814,L48993,L,378.7149125,307.7,1479,,8.751044232,136,0,0,0,0,0,298.1
4715,H34128,H,102.174963,311.8,1693,28.3,6.557325452,175,0,0,0,0,0,303.4
8628,L55807,L,143.2585328,308.3,1347,45.8,3.826038515,43,0,0,0,0,0,297.4
8341,M23200,M,361.7132575,309.7,1480,38.1,7.586865086,157,,0,0,0,0,298.8
3248,M18107,M,368.7822313,309.8,1594,31.1,2.501140657,143,0,0,0,0,0,301
5291,L52470,L,386.3891874,313.3,1526,,4.404914378,164,0,0,0,0,0,303.9
297,L47476,L,334.961896,308.5,1395,46.2,9.422329974,122,0,0,0,0,0,298
6869,L54048,L,240.3138314,311.2,1363,46.3,5.615598585,62,0,0,0,0,0,301
71,M14930,M,158.0254809,309,1924,22.6,3.876957621,193,0,0,0,0,0,298.9
1860,L49039,L,318.4742539,307.4,1355,45.8,3.936164618,60,0,0,0,0,0,297.8
2581,L49760,L,138.8302444,309.1,1293,53.7,5.933620743,189,0,0,0,0,0,299.3
9118,M23977,M,318.4854529,308.7,1475,,1.252352342,54,,0,0,0,0,297.6
6843,L54022,L,129.9616595,311.2,1635,29.6,9.839052949,211,0,0,0,0,0,301.2
1040,L48219,L,215.7111236,307.7,1524,36.8,6.023142232,82,0,0,0,0,0,296.7
7805,M22664,M,267.8180051,311.4,1480,44.9,6.813711062,108,0,0,0,0,0,299.9
5475,M20334,M,393.3624595,312.1,1378,46.9,7.132492587,176,0,0,0,0,0,302.7
6208,L53387,L,205.7902501,310.6,1447,40.7,7.620627684,82,0,0,0,0,0,300.7
8129,L55308,L,282.1878855,311.4,1629,31.3,9.672260682,41,0,0,0,0,0,
4702,H34115,H,129.8340305,311.7,1584,32.7,7.283641873,143,0,0,0,0,0,303.5
1060,M15919,M,377.6295347,307.9,1874,21.3,2.830195565,130,0,0,0,0,0,296.7
5443,L52622,L,128.2801103,312.7,1353,51.8,8.995619802,97,,0,0,0,0,
6269,L53448,L,251.5856671,310.5,1616,33.5,4.333536932,25,0,0,0,0,0,
9282,L56461,L,102.040776,308.9,1336,45,8.096118683,66,0,0,0,0,0,298.2
8262,H37675,H,167.5775924,310.6,1434,48.4,2.65854292,153,,0,0,0,0,299.2
3476,L50655,L,136.6010362,310.7,1644,33.4,2.009862837,68,0,0,0,0,0,301.8
3863,H33276,H,273.0940488,311.5,1496,43.8,2.938002944,218,0,0,0,0,0,302.5
3505,M18364,M,366.2881974,310.8,1524,41.3,1.958428218,147,0,0,0,0,0,301.7
3900,M18759,M,264.1268903,311,1711,28.7,7.903980027,83,0,0,0,0,0,302.1
2286,L49465,L,349.48887,308.7,1381,56.7,8.660206735,102,0,0,0,0,0,299.4
3910,H33323,H,127.0258392,311.3,1744,30.3,5.372090543,116,0,0,0,0,0,302.3
1337,L48516,L,203.9041508,310.3,1583,32.6,3.165232736,230,0,0,0,0,0,298.9
225,L47404,L,219.8705826,308.6,1584,29.3,1.873449888,162,0,0,0,0,0,298.3
8006,L55185,L,172.724934,312,1477,37.3,4.612546351,164,,0,0,0,0,300.8
2714,M17573,M,289.2394038,309.2,1651,30.8,3.567404527,92,0,0,0,0,0,299.6
2651,L49830,L,200.9005361,309.6,1280,59.3,8.293460636,163,0,0,0,0,0,299.9
3113,M17972,M,220.0912772,309.1,1355,56.7,1.397532117,7,0,0,0,0,0,299.8
176,L47355,L,141.149394,308.1,1382,43.5,9.823079036,37,0,0,0,0,0,
5919,L53098,L,156.9796421,310.1,1541,42,7.965334247,23,0,0,0,0,0,300.6
7651,L54830,L,337.4305646,311.4,1343,57.7,7.162235847,142,0,0,0,0,0,
2531,L49710,L,294.7438135,308.7,1438,51.7,5.713478082,64,0,0,0,0,0,298.9
4357,L51536,L,125.1484494,309.8,1649,31,6.217881784,152,0,0,0,0,0,302
8392,L55571,L,182.9055053,309.6,1423,42.7,8.470394856,82,0,0,0,0,0,298.6
4853,L52032,L,190.0887505,312.2,1619,34.9,3.333964016,92,0,0,0,0,0,303.7
369,L47548,L,176.1776355,308.4,1489,39.5,1.445837572,96,0,0,0,0,0,
2303,L49482,L,239.1239421,308.5,1515,39.8,3.349573406,141,0,0,0,0,0,
2600,M17459,M,155.3697861,308.9,1447,39.6,2.587901421,22,0,0,0,0,0,299.2
5417,L52596,L,367.0325393,312.3,1660,30.3,2.922135876,36,0,0,0,0,0,302.6
4457,L51636,L,288.571565,310.1,1487,46,8.050953651,184,0,0,0,0,0,302.3
9368,L56547,L,179.0202084,308.5,1472,45.1,5.174623538,70,0,0,0,0,0,297.9
3815,M18674,M,165.3532574,310.6,1326,59.1,1.548514621,88,0,1,0,0,0,302.1
4908,M19767,M,207.2726541,312.5,1607,33.7,7.939667824,14,0,0,0,0,0,303.6
4778,M19637,M,138.6449387,312.2,1818,23.6,8.519769674,109,0,0,0,0,0,
5664,M20523,M,343.2180593,311.5,1530,42.3,9.305799171,21,0,0,0,0,0,302.3
4671,L51850,L,253.804766,311.4,1610,35.5,5.541893555,63,0,0,0,0,0,303.2
9468,L56647,L,302.6091093,309.3,1702,27.6,9.32783823,143,0,0,0,0,0,298.6
520,M15379,M,327.9734145,309.5,2027,19.8,6.834889234,39,0,0,0,0,0,297.7
874,L48053,L,324.3871066,306.4,1892,21.7,1.633605365,72,,0,0,0,0,295.9
9634,H39047,H,239.0966188,310.1,1421,41.2,1.858897074,149,0,0,0,0,0,299.1
7006,M21865,M,317.7796444,310.7,1339,52.9,4.409067078,0,0,0,0,0,0,300.6
8929,L56108,L,152.4401129,308.4,1531,41.5,9.11951515,213,0,0,0,0,0,297.4
6132,H35545,H,160.8647563,311,1640,37.6,8.786928239,118,0,0,0,0,0,301
7870,M22729,M,383.0357221,312,1779,27.7,9.653607799,46,0,0,0,0,0,300.5
8883,L56062,L,380.3156971,309.2,1378,49.7,4.948440836,94,,0,0,0,0,298
1666,H31079,H,138.2811164,307.9,1491,39.7,1.423468009,181,0,0,0,0,0,298.2
6696,M21555,M,202.5739122,311,1311,55.8,5.522712884,39,,0,0,0,,301.7
9211,M24070,M,262.0038606,309,2456,13.9,4.082974537,82,0,0,0,0,0,297.9
9432,L56611,L,172.1644472,308.6,1430,57,5.87993713,43,0,0,0,0,0,298
9018,M23877,M,165.9770191,308.1,1369,52,8.212470898,214,0,0,0,0,0,297.3
9600,L56779,L,251.458412,310.1,1463,37.4,2.704313483,56,0,0,0,0,0,299
2149,L49328,L,147.128342,308.9,1583,34.1,3.35975786,176,0,0,0,0,0,299.4
2447,L49626,L,273.4806172,308.6,1422,48.9,8.622563674,83,0,0,0,0,0,299.3
2870,L50049,L,278.9494524,309.7,1519,35.8,5.46602589,14,0,0,0,0,0,300.8
6320,L53499,L,295.5493175,310.2,1514,40,8.165027309,155,0,0,0,0,0,300.8
5876,M20735,M,360.9612731,311,1577,39.7,8.292174906,118,0,0,0,0,0,301.5
2759,M17618,M,164.3650979,309.2,1412,45.3,5.673855209,205,0,0,0,0,0,299.7
4104,L51283,L,244.8846331,310.4,1448,43.4,8.185728744,167,0,0,0,0,0,302
4366,L51545,L,204.8302083,310,1449,48.8,1.003436491,181,0,0,0,0,0,302
3100,M17959,M,370.6788088,309.1,1513,43.8,1.78668918,188,0,0,0,0,0,299.9
710,M15569,M,215.0707046,308.8,1357,49.7,3.40624155,104,0,0,0,0,0,297.6
6230,L53409,L,189.1431331,310.9,2165,17.4,4.119659746,143,0,0,0,0,0,301.3
8803,L55982,L,320.7315623,308.6,1524,43.1,4.422528873,73,0,0,0,0,0,297.4
8211,H37624,H,194.6787724,310.7,1636,29.4,2.476041024,23,0,0,0,0,,299.2
1451,M16310,M,344.7385719,310.3,1447,39.9,5.685926391,78,0,0,0,0,0,299
3927,L51106,L,209.1089763,311.5,1609,36,1.186587807,162,0,0,0,0,0,302.6
7788,L54967,L,372.7963415,311.5,1378,,9.029171712,64,0,0,0,0,0,300.3
4142,H33555,H,119.2099186,310.1,1462,38.3,8.868540625,49,0,0,0,0,0,
330,H29743,H,208.8721295,308.5,1720,29.9,6.966808363,210,,0,0,0,0,297.7
619,H30032,H,374.1079457,310,1433,44.2,5.761941188,68,0,0,0,0,0,
2093,L49272,L,138.2978253,309.2,1444,48.2,4.019424162,24,0,0,0,0,0,299.4
3179,M18038,M,166.7018214,309.4,1329,53.6,4.329676339,186,0,0,0,0,0,300.2
1217,L48396,L,218.9323149,308,1514,41,2.120800475,120,0,0,0,0,0,296.9
7220,M22079,M,333.5107494,309.7,1556,37.7,4.130715868,124,0,0,0,0,0,299.8
4281,L51460,L,329.4848442,310.1,1753,28.9,6.801837962,176,0,0,0,0,0,302.1
9747,L56926,L,298.2538473,310,1403,45.6,7.242648943,185,0,0,0,0,0,298.8
6454,L53633,L,206.9306779,310.2,1807,24.2,3.645366753,77,0,0,0,0,0,300.7
9550,M24409,M,174.7342683,311.1,1649,33.8,2.99124286,133,0,0,0,0,0,299.6
5116,M19975,M,327.3924709,313.7,2113,18.4,1.700832702,139,0,0,0,0,0,304.2
4164,L51343,L,204.4909487,310.5,1696,30.9,3.120458146,107,0,0,0,0,0,302.1
5948,M20807,M,209.0038246,310.8,1465,45.2,2.076212182,92,,0,0,0,0,300.7
8304,L55483,L,277.9241546,310.2,1504,41,6.989400907,51,0,0,0,0,0,298.8
5252,M20111,M,191.3692958,312.9,1307,54.3,1.531673519,68,0,0,0,0,0,303.4
5917,L53096,L,286.6635369,310.2,1555,41.9,2.751780356,19,0,0,0,0,0,300.6
5459,L52638,L,136.7670318,312.6,1514,42.1,6.999479464,138,0,0,0,0,0,303.1
7678,L54857,L,378.330562,311.7,1428,52.6,4.314764315,208,0,0,0,0,0,300.6
9530,L56709,L,338.672719,310.3,1459,46.7,3.504157187,84,0,0,0,0,0,299.1
8623,L55802,L,206.2801712,308.3,1437,42.3,4.609127157,29,,0,0,0,0,297.5
3458,M18317,M,306.115454,310.4,2639,12,8.846788814,21,0,0,1,0,0,301.5
9951,L57130,L,320.8651427,307.8,1413,54.1,9.737850881,113,0,0,0,0,,298.1
1192,M16051,M,330.9226923,308.3,1776,28,4.736058258,43,0,0,0,0,0,297.2
193,H29606,H,300.8159164,308.4,1398,51.8,5.558996997,76,0,0,0,0,0,298.2
367,M15226,M,189.1182259,308.5,1552,40.9,4.126715634,90,0,0,0,0,0,297.6
4504,M19363,M,303.4364877,310.2,1751,30.5,7.085349624,90,0,0,0,0,0,302.5
6680,L53859,L,289.3543568,310.8,1392,42.4,1.511861015,3,0,0,0,0,0,301.6
6466,M21325,M,314.5452392,309.8,1416,48.5,5.547974695,110,0,0,0,0,0,300.5
5195,M20054,M,162.3908273,313.1,1668,34.4,8.435863144,137,0,0,0,0,0,303.9
8520,L55699,L,375.059511,309.6,1420,44.1,8.459487653,197,,0,0,0,0,298.3
1888,M16747,M,136.8096239,307.5,1642,32.4,8.107808415,126,0,0,0,0,0,297.9
4108,L51287,L,179.68264,310.5,1809,27.1,8.813445898,175,0,0,0,0,0,302
6283,M21142,M,205.9766514,310.8,1418,45.4,3.282418769,59,,0,0,0,0,301.3
27,L47206,L,179.5940357,309.5,1512,39,9.174199415,75,0,0,0,0,0,299.1
2218,L49397,L,324.5289236,309.1,1347,55.3,1.877589886,139,0,0,0,0,0,299.7
2113,L49292,L,175.0612612,309.1,1852,22.6,3.431439792,77,0,0,0,0,0,299.5
7162,L54341,L,229.3558354,310.2,1440,42.9,9.857695148,191,0,0,0,0,0,300.2
5597,M20456,M,127.3117104,312,1538,36.7,5.552677352,74,0,0,0,0,0,
9349,L56528,L,226.5188994,308.7,1436,49.1,7.331113481,26,0,0,0,0,0,298.2
3528,M18387,M,277.536126,310.9,1573,38.9,4.878239833,209,0,0,0,0,0,301.9
989,H30402,H,294.4828165,307.1,1774,25.9,9.869470636,154,0,0,0,0,0,296.3
7673,M22532,M,307.0000899,311.7,2141,17.2,8.219856072,196,0,0,0,0,0,300.5
8562,L55741,L,181.3119037,308.9,1332,44.4,2.711857932,100,0,0,0,0,0,298.2
2822,M17681,M,227.5473162,309.6,1419,42.5,9.966826775,137,0,0,0,0,0,300.3
3916,L51095,L,264.749424,311.5,1700,29.5,5.198556618,133,0,0,0,0,0,302.5
3425,L50604,L,245.6030714,310.5,1593,32.9,9.376448579,155,0,0,0,0,0,301.5
4708,L51887,L,217.4249878,311.8,1944,23.5,4.566828035,159,0,0,0,0,0,303.5
4459,L51638,L,246.8234185,310.4,1478,47.7,6.648179979,189,0,0,0,0,0,
3637,L50816,L,181.9186318,311.4,1449,46.5,7.654407097,60,0,0,0,0,0,
5541,L52720,L,195.8690793,311.8,1493,38.4,8.432241629,132,0,0,0,0,0,302.4
9494,L56673,L,106.0947148,309.8,1398,55.4,8.684374192,217,0,0,0,1,0,299.1
3392,L50571,L,234.2912978,310.7,1466,47.3,2.985773017,77,0,0,0,0,0,301.5
8826,M23685,M,239.2954314,308.8,1548,41.3,9.835449345,140,0,0,0,0,0,297.3
6270,M21129,M,285.5854302,310.5,1444,43.2,8.553149942,27,0,0,0,0,0,300.9
4084,M18943,M,277.5638264,310.4,1567,36.4,8.312408388,114,0,0,0,0,0,302
8755,L55934,L,286.9145649,308.6,1635,30.5,6.949657898,159,0,0,0,0,0,297.4
8959,M23818,M,260.080516,308.1,1734,,2.143210665,70,,0,0,0,0,297.4
3978,M18837,M,204.3367424,311.3,1510,36.6,6.714399469,91,0,0,0,0,0,
6802,L53981,L,371.4798845,310.7,1334,48.2,6.155644822,106,,0,0,0,0,301.1
4661,L51840,L,225.1541565,311.2,1439,43.9,6.727817775,30,0,0,0,0,0,303.2
6773,L53952,L,136.099656,310.7,1536,39.3,1.026774096,31,0,0,0,0,0,
1615,M16474,M,153.2129325,307.9,1802,25.8,1.274467291,43,0,0,0,0,0,297.8
1354,M16213,M,308.8907877,310.1,1444,48.1,1.13068772,39,0,0,0,0,0,
5009,H34422,,220.9224517,312.8,1488,42.8,1.951567119,54,0,0,0,0,0,303.7
1920,L49099,L,167.3452289,308,1658,30,1.127170557,3,0,0,0,0,0,298.2
1872,L49051,L,346.8464222,308.1,1840,21.5,6.620711754,88,0,0,0,0,0,298.3
6442,L53621,L,235.0468647,310.2,1639,31.4,5.268973262,48,0,0,0,0,0,300.7
518,M15377,M,288.2983982,309.4,1391,58.2,6.937114359,34,0,0,0,0,0,297.5
6852,M21711,M,398.9859535,311.2,1394,41.3,1.459442199,16,0,0,0,0,0,301
573,L47752,L,328.2351765,309.9,1351,49,3.005523752,181,,0,0,0,0,297.8
1062,L48241,L,289.7544744,307.9,1420,50.1,6.0558529,138,0,0,0,0,0,296.7
5678,L52857,L,282.8107023,311.8,1281,51.7,8.227521985,61,0,0,0,0,0,302.3
1032,L48211,L,303.6789368,307.5,1549,36.1,5.031749577,58,0,0,0,0,0,296.4
970,L48149,L,125.335783,306.6,1412,,6.219869179,109,0,0,0,0,0,295.9
2977,M17836,M,324.0756221,309.3,1881,25.5,1.126500115,98,0,0,0,0,0,300.5
2428,L49607,L,260.9418989,308.3,1855,23.8,3.587320433,33,0,0,0,0,0,298.9
7726,L54905,L,211.5451624,311.7,1744,26.9,4.980246198,111,0,0,0,0,0,300.6
7756,M22615,M,347.4364647,311.8,1362,47.6,8.372982777,188,0,0,0,0,0,300.4
7839,L55018,L,373.8104394,311.6,1372,49.2,1.022051087,195,0,0,0,0,0,300.2
5874,M20733,M,292.1321133,311.1,1396,43.5,1.63235843,112,0,0,0,0,0,
257,L47436,L,216.4895633,308.3,1331,63,4.197199253,13,0,0,0,0,0,
2453,M17312,M,164.0776231,308.6,2329,14.6,3.385632654,95,0,0,0,0,0,299.1
1282,H30695,H,145.673923,309.5,1427,54.3,2.688677428,89,0,0,0,0,0,298.3
807,M15666,M,101.2042278,307.9,1422,53,1.342667492,115,0,0,0,0,0,297
8357,M23216,M,317.6934516,309.6,1344,59.4,5.881269653,200,0,0,0,0,0,298.6
9398,M24257,M,102.8430058,308.2,1370,53.4,9.580228868,162,0,0,0,0,0,297.7
284,L47463,L,349.6420425,308.2,1469,,9.204048923,88,0,0,0,0,0,298.2
5881,L53060,L,203.841385,311.1,1434,49.6,7.194712227,129,0,0,0,0,0,301.5
5912,M20771,M,134.0769396,310.4,1288,,9.41389135,3,0,0,0,0,0,300.8
1832,M16691,M,330.5896594,307.3,1315,54,5.829977768,180,0,0,0,0,0,297.8
8237,L55416,L,228.5214169,310.6,1498,41.1,2.479608758,88,0,0,0,0,0,
9628,M24487,M,216.4314271,310,1487,36.6,5.087614164,129,0,0,0,0,0,
8635,L55814,L,243.0312484,308.3,1411,,2.45562027,63,0,0,0,0,0,297.3
7323,H36736,H,160.3946762,310.2,1573,33.3,3.150155093,168,0,0,0,0,0,299.8
2519,M17378,M,379.5671774,308.6,1425,,7.24734063,35,0,0,0,0,0,
2945,L50124,L,182.0184261,309.6,1505,34.9,1.757649512,7,0,0,0,0,0,300.7
2849,M17708,M,237.871271,309.3,1391,57.9,9.239156247,204,0,0,0,0,0,300.3
2294,L49473,L,103.4051635,308.9,1520,38.3,6.451534711,122,0,0,0,0,0,299.5
4362,M19221,M,212.8073805,310.1,1379,48.2,8.786565404,166,0,1,0,0,0,302.1
7224,L54403,L,394.6710826,309.6,1374,51.6,2.671126438,137,0,0,0,0,0,299.8
1141,M16000,M,315.9228607,307.9,1385,44.8,5.183431287,144,0,0,0,0,0,296.9
4725,L51904,L,361.8938795,311.9,1771,31.6,4.120129881,202,0,0,0,0,0,303.4
9159,H38572,H,282.5564367,308.4,1487,46.2,3.848366979,150,0,0,0,0,0,297.4
2232,L49411,L,327.3384742,308.6,1415,56.4,3.953854546,175,0,0,0,0,0,299.4
3809,M18668,M,304.2843049,310.9,1762,24.5,5.421837876,73,0,0,0,0,0,302.3
4107,L51286,L,149.0421462,310.5,1425,51.1,2.343269335,173,0,0,0,0,0,301.9
561,L47740,L,311.593368,309.4,1318,58.2,9.732849665,146,0,0,0,0,0,297.5
1861,L49040,L,147.2714653,307.6,1607,30.3,2.011779998,62,0,0,0,0,0,297.8
2799,L49978,L,346.1955998,309.6,1568,39.6,2.254267901,85,0,0,0,0,0,300.3
6921,M21780,M,232.4935071,311.6,1423,48,5.293830192,199,0,0,0,0,0,301.2
6154,L53333,L,305.5605856,311.1,1236,64.4,1.880690992,177,0,0,0,1,0,301
4862,L52041,L,223.9740478,312.3,1946,21.1,7.296370199,112,0,0,0,0,0,303.5
5386,H34799,H,237.140994,312.3,1754,26.9,2.020104507,209,0,0,0,0,0,302.9
8313,M23172,M,327.1311243,310,1529,,7.82847033,77,0,0,0,0,0,298.8
7592,M22451,M,188.9167218,311.1,1296,61.3,1.065140896,202,0,0,0,1,0,300.5
88,L47267,L,276.0353523,309,1544,31.8,1.433109293,25,0,0,0,0,0,299
2312,M17171,M,154.3217408,308.6,1491,38.5,9.499207653,166,0,0,0,0,0,299.1
8107,M22966,M,374.60233,312,1596,30.4,8.085752404,191,0,0,0,0,0,300.4
1416,L48595,L,258.5571045,309.9,1617,33,9.600795619,203,0,0,0,0,0,298.7
2463,L49642,L,267.3937388,308.5,1742,34.5,2.222436005,117,0,0,0,0,0,298.9
2470,L49649,L,258.4219986,308.7,1507,37.5,9.649159198,134,0,0,0,0,0,299
1968,L49147,L,211.9994311,307.6,1589,37.8,9.352219179,120,0,0,0,0,0,297.9
1550,L48729,L,135.3600837,308.9,1706,29.5,1.424029009,107,0,0,0,0,0,298.4
8067,L55246,L,179.3884503,311.9,1868,21.3,6.289588149,92,0,0,0,0,0,300.4
2735,H32148,H,234.3588839,309.2,1572,32.8,2.041608883,142,0,0,0,0,0,299.7
3954,M18813,M,149.228306,311.4,1484,39.5,3.107148011,22,0,0,0,0,0,302.3
3166,L50345,L,393.16511,309.6,1536,34.5,7.27073722,154,0,0,0,0,0,300.4
4547,M19406,M,274.5889593,310.4,1429,43.2,5.192961986,191,0,0,0,0,0,302.5
9852,M24711,M,243.598936,309.3,1761,27.2,7.512198918,49,0,0,0,0,0,
2320,M17179,M,309.7826333,308.8,1700,33.5,1.152033915,185,0,0,0,0,0,299.2
6619,M21478,M,114.2847643,310.6,1309,65.8,7.768407235,75,0,0,1,0,0,
5922,L53101,L,139.5098925,310.3,1336,57.1,8.351639829,29,0,0,0,0,0,300.5
2114,L49293,L,306.4440106,309.1,1863,22.5,7.927298982,79,,0,0,0,0,299.5
6037,M20896,M,307.6449238,311,1401,54.6,4.211863334,94,0,0,0,0,0,300.6
2120,M16979,M,282.9963333,308.9,1858,24.7,8.761022771,101,0,0,0,0,0,
3172,L50351,L,308.5907529,309.6,1386,56.9,3.463405669,170,0,0,0,0,0,300.4
1523,H30936,H,196.7834808,309,1562,37.7,8.939704693,36,0,0,0,0,0,298.2
9961,L57140,L,284.1230228,307.8,1575,35,2.430028357,137,0,0,0,0,0,298.2
9397,L56576,L,161.1634465,308.3,1498,47.3,9.641206938,160,0,0,0,0,0,297.8
844,L48023,L,279.6517331,307.5,1485,42.7,6.552388843,204,0,0,0,0,0,296.6
8125,L55304,L,124.566199,311.4,1568,41,9.294389991,32,0,0,0,0,0,300.2
5720,L52899,L,125.7980452,312,1398,43.3,6.668093421,171,0,0,0,0,0,302.3
4210,M19069,M,315.0806012,310.8,1422,47,8.797473998,3,0,0,0,0,0,302.2
5676,M20535,M,292.6348057,311.7,1453,42.5,7.376463744,56,0,0,0,0,0,302.3
3710,L50889,L,136.163384,311.4,1754,26.9,7.76285538,33,0,0,0,0,0,302.2
2433,L49612,L,129.3552587,308.2,1510,43.5,8.07334324,46,0,0,0,0,0,298.9
1785,L48964,L,370.3948217,308,2886,3.8,8.758459052,57,0,0,1,0,,298.3
8489,L55668,L,176.7999079,309.4,1385,43.2,3.597234433,119,0,0,0,0,0,298.4
8984,M23843,M,153.1852337,307.7,1261,51.1,8.635389067,130,,0,0,0,0,297
4282,L51461,L,146.0825838,310,1832,22.9,6.51828076,178,0,0,0,0,0,302
8978,M23837,M,353.2299693,307.5,1556,,2.486983556,116,0,0,0,0,0,296.9
4087,L51266,L,345.2172549,310.5,1567,36.1,3.177607259,124,0,0,0,0,0,
2181,H31594,H,227.783917,309.2,1597,36.3,4.280530039,35,0,0,0,0,0,299.6
3850,L51029,L,225.0385501,311,1561,37.2,7.752063286,180,0,0,0,0,0,
6204,L53383,L,277.2837688,310.9,1404,41.8,9.536709731,71,0,0,0,0,0,301
8213,H37626,H,141.6183781,310.5,1329,48.9,6.331372515,30,0,0,0,0,0,299.2
4212,L51391,L,127.2825404,310.7,1314,52.8,5.306167004,8,,1,0,0,0,
3876,L51055,L,194.6869446,311.8,1427,50.1,2.73964802,21,0,0,0,0,0,
6543,L53722,L,123.5612067,310.8,1543,36.9,6.640664481,97,0,0,0,0,0,301.4
4492,H33905,H,273.9701598,310.4,1409,53.3,8.320285281,52,0,0,0,0,0,302.6
7352,L54531,L,217.4207443,310.2,1458,43.4,6.900298895,28,0,0,0,0,0,299.7
1838,L49017,L,213.5407591,307.2,1392,43,2.963195018,197,0,0,0,0,0,297.7
8068,M22927,M,119.4590957,312,1490,39.8,9.425075159,94,0,0,0,0,0,300.6
6977,L54156,L,209.3500692,310.9,1344,46.7,8.254568996,133,0,0,0,0,0,300.6
8559,M23418,M,390.7414345,309,1505,41.3,6.438749354,93,0,0,0,0,0,298.3
9371,H38784,H,218.6808774,308.4,1418,51.9,6.148628837,77,,0,0,0,0,297.7
984,L48163,L,392.6060201,306.9,1526,34.9,5.17377029,140,0,0,0,0,0,296.2
6285,M21144,M,138.2888743,310.8,1734,31.3,8.587216126,64,0,0,0,0,0,301.2
6261,L53440,L,112.2603285,310.7,1436,,8.017481742,8,0,0,0,0,0,301.1
1548,L48727,L,360.2537963,308.9,1348,55.5,4.485307512,102,0,0,0,0,0,298.3
5071,M19930,M,320.4041313,313.1,1608,31.1,1.58561361,20,0,0,0,0,0,304.2
1440,M16299,M,294.6269703,309.8,1534,,1.60606403,47,0,0,0,0,0,298.8
5958,L53137,L,100.7847051,310.9,1637,37.2,3.469504595,115,0,0,0,0,0,300.7
3790,L50969,L,327.9466345,310.8,1650,32.4,8.359737995,26,0,0,0,0,0,302.3
4508,L51687,L,323.8682716,310.1,1709,,6.040035067,100,0,0,0,0,0,302.4
9857,L57036,L,331.3407351,309.5,1450,44.2,1.951033151,63,0,0,0,0,0,298.6
210,L47389,L,279.4675179,308.6,1477,44,3.834928647,124,0,0,0,0,0,298.4
4980,M19839,M,161.2057338,312.7,1612,36.3,4.171320303,200,0,0,0,0,0,303.7
7911,M22770,M,336.72562,312.2,1664,25.7,2.088778915,150,,0,0,0,0,300.8
7300,L54479,L,386.9242531,310.5,1492,50.9,4.774724984,111,0,0,0,0,0,300.1
5757,M20616,M,273.2839691,311.5,1366,52.3,4.320079711,54,0,0,0,0,0,302
8816,H38229,H,229.8510481,308.5,1435,55,3.1715659,104,0,0,0,0,0,297.3
4318,M19177,M,330.507604,310,1417,44.6,6.317259051,49,0,0,0,0,0,
6501,M21360,M,160.0635711,310,1416,46.6,9.190426674,201,0,0,0,0,0,300.9
3261,M18120,M,275.2471915,310,2068,17.8,6.215933168,176,,0,0,0,0,301.3
8823,L56002,L,233.101524,308.8,1462,,3.443622656,132,0,0,0,0,0,
7798,L54977,L,203.9043211,311.4,1476,39,5.147714436,92,0,0,0,0,0,300
5897,L53076,L,128.4843009,310.8,1274,55.7,8.810788202,169,0,0,0,0,0,301.1
2333,L49512,L,327.4077989,308.5,1378,,7.493587392,220,0,0,0,1,0,
8115,H37528,H,372.4494748,311.8,2496,13.5,9.17744478,5,,0,0,0,0,300.4
9761,M24620,M,279.5424226,309.6,1509,47.3,4.478445077,2,0,0,0,0,0,298.5
286,L47465,L,399.6818975,308.3,1568,36,7.180991948,92,0,0,0,0,0,298.2
358,L47537,L,195.1020775,308.4,1517,34.2,4.737882772,66,0,0,0,0,0,297.6
4209,M19068,M,380.7255252,310.9,1627,,6.644322521,0,0,0,0,0,0,
8935,L56114,L,132.2652675,308.2,1601,35.7,3.958445393,9,0,0,0,0,0,297.3
5835,L53014,L,259.7140025,311.3,1434,49.8,2.684421464,16,0,0,0,0,0,301.3
8530,M23389,M,229.0880884,309.4,1522,47.4,4.478667294,20,0,0,0,0,0,298.5
2729,L49908,L,112.8963623,309.3,1779,25.5,5.352337586,129,0,0,0,0,,299.7
2244,L49423,L,134.1833378,308.4,1465,35,9.632293268,201,0,0,0,0,0,
4433,L51612,L,345.2058526,310.2,1445,46.4,7.162694541,125,0,0,0,0,0,302.4
4273,L51452,L,204.1877598,310.8,1577,36.9,4.872768981,158,0,0,0,0,0,
5809,L52988,L,167.3422324,311,1733,25.7,1.49105774,182,0,0,0,0,0,301.4
5126,M19985,M,124.1951098,313.5,1416,48.1,6.376475703,167,0,0,0,0,0,304.3
2403,L49582,L,210.1133011,308.7,1325,51,3.378313786,171,0,0,0,0,0,299.2
3288,M18147,M,221.7047683,310.1,1558,32.6,2.206297213,34,0,0,0,0,0,301.2
7809,L54988,L,146.3470665,311.4,1627,36.7,6.429789755,118,0,0,0,0,0,299.9
6462,L53641,L,201.5157025,310,1505,35.9,6.394327358,95,0,0,0,0,0,300.6
3191,L50370,L,335.9102465,309.2,1599,30.1,9.641459868,216,0,0,0,0,0,300.1
929,L48108,L,136.2179921,306,1949,21.9,9.195120663,5,0,0,0,0,0,295.6
769,L47948,L,274.4588143,308,1713,29.3,2.304863551,13,0,0,0,0,0,296.9
3755,L50934,L,336.0622325,311,1442,43.7,4.047091793,152,0,0,0,0,0,302.3
5890,M20749,M,208.1023586,311,1234,,2.624484037,152,0,0,0,0,0,301.4
2259,L49438,L,101.8006611,308.2,1319,60.3,7.621078515,36,0,0,0,0,0,299.1
8905,L56084,L,313.878953,308.7,1584,38.2,9.19935129,154,0,0,0,0,0,297.4
2444,L49623,L,233.2425697,308.5,1647,35,3.224602663,74,0,0,0,0,0,299.1
2387,L49566,L,359.1434973,308.4,1543,37.9,8.729766199,130,0,0,0,0,0,299.1
2997,M17856,M,335.1693719,309.8,1508,37.8,6.786607825,150,0,0,0,0,0,300.5
863,H30276,H,338.0698464,306.8,1645,31,1.041928724,41,0,0,0,0,0,296.1
7124,M21983,M,363.5248038,310.4,1576,40.4,7.540250366,92,0,0,0,0,0,300.9
2774,L49953,L,196.522198,309.4,1858,22.5,8.073119693,22,0,0,0,0,0,299.9
8578,L55757,L,114.3608329,308.3,1502,43.2,9.893495512,139,0,0,0,0,0,297.6
277,M15136,M,152.8303985,307.9,1750,26.6,9.759136902,67,0,0,0,0,0,298
6655,L53834,L,102.5366615,310.3,2203,,6.451133904,169,0,0,0,0,0,301.4
815,M15674,M,344.215717,307.5,1470,,5.693735222,132,0,0,0,0,0,296.8
8199,M23058,M,215.7130003,310.7,1374,48.9,5.069628059,222,0,0,0,0,0,299.3
1901,H31314,H,327.48239,307.6,1493,36,6.583988526,161,0,0,0,0,0,297.9
2225,M17084,M,118.3261649,309,1645,31.9,5.281055527,155,0,0,0,0,0,299.7
1540,M16399,M,348.8331919,309.2,1449,46.4,3.923378546,83,0,0,0,0,0,298.5
2401,H31814,H,357.7501676,308.6,1462,55,6.746603423,163,0,0,0,0,0,299.2
6693,M21552,M,128.4774362,311,1839,23.6,5.902428904,30,0,0,0,0,0,301.8
7611,M22470,M,267.9503083,311.3,1507,43.4,8.718931766,41,0,0,0,0,0,300.5
4481,H33894,H,382.0275859,310.4,1305,55.2,5.146498902,20,0,1,0,0,0,302.7
1379,H30792,H,174.5265667,310.2,1455,44.9,9.40426578,107,0,0,0,0,,
2382,L49561,L,319.0968897,308.2,1493,34.9,3.645990071,119,0,0,0,0,0,299.1
1613,M16472,M,242.4970744,307.9,1540,39.8,7.998364963,38,0,0,0,0,0,297.9
4573,M19432,M,132.281931,311,1556,36.5,1.630996815,44,0,0,0,0,0,302.9
5350,M20209,M,272.053648,312.7,1642,33.6,9.461281356,104,0,0,0,0,0,303.3
6423,L53602,L,242.0563451,309.9,1377,55.3,6.270312927,4,0,0,0,0,0,300.3
7086,L54265,L,291.4015509,310.3,1484,41,4.624953017,213,0,0,0,0,0,300.6
9553,M24412,M,260.8545517,310.8,1523,40.9,8.302376094,141,0,0,0,0,0,299.3
5188,L52367,L,326.8156167,313.1,1648,35.7,5.341095835,119,0,0,0,0,0,304
1549,M16408,M,277.5531664,308.8,1349,,5.037029802,104,0,0,0,0,0,298.3
7286,M22145,M,245.0726493,310.4,1202,61.7,8.826363603,74,0,0,0,0,0,300.2
7683,M22542,M,376.5870243,311.7,1412,49.1,1.894202247,219,0,0,0,0,0,300.7
4458,M19317,M,170.4105453,310.3,1710,27.3,1.519038811,186,0,0,0,0,0,302.5
7627,H37040,H,270.3116203,311.6,1351,53.5,5.573739498,78,0,0,0,0,0,300.5
3939,L51118,L,182.3605878,311.5,1603,32.4,9.760518104,194,0,0,0,0,0,302.5
2105,M16964,M,272.7000191,309.1,1600,35.3,9.05627703,52,0,0,0,0,0,299.3
5036,M19895,M,183.9237662,313.2,1500,40.6,3.135791592,124,0,0,0,0,0,304
6001,H35414,H,244.4622446,310.2,1431,43.2,8.025422766,0,0,0,0,0,0,300.4
3785,L50964,L,159.6591632,310.8,1744,29.7,6.187374027,16,0,0,0,0,0,302.2
7860,M22719,M,328.7245909,311.9,1370,44.8,2.879169816,20,0,0,0,0,0,
3157,L50336,L,215.231105,309.7,1467,36.9,9.953386947,131,0,0,0,0,0,300.4
3526,L50705,L,127.8609571,310.9,1609,31.7,5.467473282,202,0,0,0,0,0,301.8
6522,L53701,L,174.0736652,310.1,1666,27.2,3.815541076,40,0,0,0,0,0,301.1
7691,M22550,M,243.6110579,311.6,1577,,9.5718449,4,0,0,0,0,0,300.5
6205,M21064,M,322.2100127,310.8,1519,,3.863100065,73,0,0,0,0,0,300.9
9909,L57088,L,150.8791019,309,1456,47.7,2.745805952,0,0,0,0,0,0,298.6
3924,M18783,M,299.6422329,311.4,1718,,1.477268654,154,0,0,0,0,0,302.6
5681,M20540,,207.4308165,311.6,1386,50.5,5.917834158,69,0,0,0,0,0,302.2
9030,L56209,L,101.2248034,308.3,1483,38.8,3.462803644,23,,0,0,0,0,297.4
57,L47236,L,383.1104736,309.1,1477,42.4,6.063390983,158,0,0,0,0,0,298.8
9165,L56344,L,315.3324252,308.6,2384,14.4,2.70293077,171,0,0,0,0,0,297.6
3341,M18200,M,174.9313658,310.8,1452,44.1,4.0189048,157,0,0,0,0,0,301.5
4749,L51928,L,118.6785969,311.2,1363,46.7,5.960517177,29,0,1,0,0,0,303.2
4815,L51994,L,313.6061892,311.8,1401,53,8.370069227,208,0,0,0,1,0,303.4
4226,L51405,L,110.746289,310.7,1359,49.3,9.754081369,41,0,1,0,0,0,302.1
9868,L57047,L,208.1322838,309.9,1411,44.7,2.076396415,94,,0,0,0,0,299
4586,L51765,L,132.7605638,311.1,1563,32.2,4.878454144,78,0,0,0,0,0,302.8
4616,L51795,L,285.7691675,311.3,1793,29.3,1.504076775,157,0,0,0,0,0,303
6041,M20900,M,104.1087313,311.1,1438,46.6,8.135904884,103,0,0,0,0,0,300.7
1325,M16184,M,198.3352393,310.1,1243,74.5,3.240467732,194,0,0,1,1,0,
5844,L53023,L,230.8617965,311.2,1700,28.8,3.368586157,39,0,0,0,0,0,301.5
6634,M21493,M,142.0905357,310.5,1737,29.3,8.230912607,114,0,0,0,0,0,301.5
7330,M22189,M,199.2269527,310.4,1576,34.3,7.988684624,188,0,0,0,0,0,299.9
7452,L54631,L,342.2953296,311.8,1508,43.1,1.58720061,57,0,0,0,0,0,300.3
7173,M22032,M,250.6097974,310.1,1402,,4.833607202,10,0,0,0,0,0,300.1
1302,L48481,L,122.2094479,309.9,1483,32.8,5.405642395,142,0,0,0,0,0,298.7
8074,L55253,L,196.9216115,312,1558,36.7,6.814136364,113,0,0,0,0,0,300.5
9896,L57075,L,232.4694235,309.4,1387,,3.845505347,171,0,0,0,0,0,298.8
70,L47249,L,137.7973179,309,1410,65.7,1.75258185,191,0,0,1,1,0,298.9
8855,M23714,M,239.5891954,309,1433,41.8,6.199891087,16,0,0,0,0,0,297.7
1671,L48850,L,140.6665538,307.8,1528,31.1,4.954007228,194,0,0,0,0,0,298.2
2327,M17186,M,244.7741582,308.7,1487,52.6,5.98376676,205,0,0,0,0,0,
763,M15622,M,206.2256872,307.8,1286,60.5,8.960033284,0,0,0,0,0,0,296.7
9327,L56506,L,243.7873195,309.3,1677,31.2,3.909537507,180,0,0,0,0,0,298.6
157,M15016,M,396.5185823,308.1,1495,46,9.967507149,203,0,0,0,0,0,298.4
8122,L55301,L,330.6484291,311.6,1827,27,7.441939821,22,0,0,0,0,0,300.2
9839,L57018,L,114.4371188,309.2,1425,45.5,7.479501208,11,0,0,0,0,0,298.4
7084,L54263,L,168.114658,310.4,1416,61.8,5.677265811,209,,0,1,1,0,300.7
2736,L49915,L,348.0958438,309.2,1412,45.4,9.200956971,147,0,0,0,0,0,299.7
5932,L53111,L,327.1898595,310.4,1336,54.4,6.319277942,52,,0,0,0,0,300.3
7451,L54630,L,267.7672543,311.8,1451,41,8.77322857,55,0,0,0,0,0,300.3
8621,L55800,L,330.944737,308.5,1475,42.4,4.425396166,24,0,0,0,0,0,297.6
7496,L54675,L,136.374911,311.9,1609,34,7.77376365,177,0,0,0,0,0,300.3
1854,L49033,L,298.6398771,307.2,1486,40.6,5.204591913,42,,0,0,0,0,297.6
8605,L55784,L,129.0293051,308.2,1297,52.1,9.797450729,211,0,0,0,0,0,297.4
5942,L53121,L,371.2388499,310.7,1438,48.5,7.018117067,78,0,0,0,0,0,300.6
9812,L56991,L,261.1060405,309,1610,31.7,7.894016309,155,0,0,0,0,0,
1341,L48520,L,142.1194382,310.2,1569,36.3,2.472943754,10,0,0,0,0,0,298.6
8063,M22922,M,231.6478088,311.6,1359,54.1,6.88047552,81,0,0,0,0,0,300.3
5056,H34469,H,162.8725987,312.9,1378,45.6,4.774330614,184,0,0,0,0,0,
6884,L54063,L,125.7558928,311.3,1953,,4.362197237,107,,0,0,0,0,300.9
9269,L56448,L,352.960767,308.8,1666,31.5,2.591818978,30,0,0,0,0,0,298.2
641,M15500,M,131.6126117,309.6,1515,38.8,3.730983703,124,,0,0,0,0,297.9
4482,M19341,M,165.0052697,310.4,1544,35.1,1.215484355,25,0,0,0,0,0,302.6
9902,M24761,M,189.6689578,309.2,1423,48.9,7.184816014,187,0,0,0,0,0,298.7
485,L47664,L,139.1252521,309,1568,33.7,4.596311144,175,0,0,0,0,0,297.4
6,M14865,M,173.4054753,308.6,1425,41.9,6.288887055,11,0,0,0,0,0,298.1
2645,L49824,L,262.4410315,309.4,1510,42.5,2.590832296,146,0,0,0,0,0,299.8
3515,H32928,H,282.7332893,311,1430,49.8,4.874289296,174,0,0,0,0,0,301.9
6015,H35428,H,122.3867285,310.8,1618,32.8,6.00113205,40,0,0,0,0,0,300.8
6866,L54045,L,159.5201708,311.4,1531,,1.677928144,55,0,0,0,0,0,301.1
8119,L55298,L,189.4354868,311.8,1548,33,3.941044167,16,0,0,0,0,0,300.3
707,M15566,M,119.291455,309,1434,,8.134466129,96,0,0,0,0,0,297.8
9799,L56978,L,312.0471298,309.3,1471,44.7,4.248357736,119,0,0,0,0,0,298.5
7215,M22074,M,143.5339196,309.8,1625,41.2,1.071424643,109,0,0,0,0,0,299.9
6115,M20974,M,341.8824585,310.8,1549,35.5,8.068481593,79,0,0,0,0,0,300.8
9317,H38730,H,297.1602259,309.4,1417,41.2,5.081226391,155,0,0,0,0,0,298.5
5659,M20518,M,338.5533508,311.4,1372,55.1,6.242958623,9,0,0,0,0,0,302.2
9207,M24066,M,174.02757,308.9,1547,44,8.428986718,72,0,0,0,0,0,297.9
5826,L53005,,293.4448935,311.1,1413,42,3.515506826,221,0,0,0,0,0,301.3
8787,L55966,L,323.3343198,308.5,1306,50.7,9.268737831,38,,0,0,0,0,297.5
42,L47221,L,309.0265391,309.1,1368,,9.891083877,115,0,0,0,0,0,298.8
5,L47184,L,115.1792047,308.7,1408,40,3.209553163,9,0,0,0,0,0,298.2
5303,L52482,L,239.1588709,313.1,1491,,2.940398286,195,0,0,0,0,0,303.9
9104,L56283,L,102.6487264,308.2,1490,41,9.562918224,16,0,0,0,0,0,297.3
9345,L56524,L,185.4552855,308.8,1616,33.7,6.480175313,16,,0,0,0,0,298.2
6013,H35426,H,264.9265012,310.9,1425,44,3.76909567,33,0,0,0,0,0,300.8
3300,L50479,L,221.7521046,310.5,1390,45.8,1.623223311,63,0,0,0,0,0,301.3
9877,H39290,H,197.9567923,309.7,1461,55.1,4.269113052,118,0,0,0,0,0,298.8
2203,M17062,M,171.5779608,309.2,1548,35.7,7.173692469,97,0,0,0,0,0,299.9
6961,L54140,,106.4783571,311,1413,52,3.593969349,91,0,0,0,0,1,300.7
6527,L53706,L,103.4915656,310.4,1515,38.4,3.231364518,51,0,0,0,0,0,301.2
2351,L49530,L,153.7176013,308.6,1744,26.4,4.94971123,33,0,0,0,0,0,299.3
1974,L49153,L,153.6905087,307.6,1747,25.3,8.800368806,136,0,0,0,0,0,297.9
1208,M16067,M,183.8943814,308.1,1573,34.9,5.325570333,93,0,0,0,0,0,297
3770,M18629,M,287.7062402,311,1436,47,1.757396987,187,0,0,0,0,0,
7892,L55071,L,264.6270205,312.5,1517,39.2,2.316025843,107,0,0,0,0,0,300.8
7099,L54278,L,202.6654707,310.2,1642,32.6,5.54159036,26,0,0,0,0,0,300.7
3715,M18574,M,382.021031,311.4,1855,23.9,2.078382936,43,0,0,0,0,0,
5667,L52846,L,177.1521611,311.4,1430,43.1,3.279245716,29,0,0,0,0,0,302.2
5025,L52204,L,220.0064193,313.1,1639,29,2.029815629,95,0,0,0,0,0,
3967,L51146,L,385.9964878,311.5,1530,37.8,9.666910388,57,,0,0,0,0,302.3
7456,M22315,M,145.681671,311.7,1597,39.5,2.644808344,68,0,0,0,0,0,300.2
7955,L55134,L,369.7277161,311.9,1454,41.9,8.071918459,33,0,0,0,0,0,301
6794,L53973,L,372.0284496,310.7,1608,31.4,5.808917783,86,0,0,0,0,0,301.3
9752,L56931,L,392.254756,309.9,1615,28.8,2.10822063,199,0,0,0,0,0,298.6
5211,L52390,L,302.7775176,312.6,1466,42.5,2.2859172,183,0,0,0,0,0,303.7
9181,L56360,L,245.0827811,309.1,1507,36.9,4.941669124,13,0,0,0,0,0,297.9
8180,L55359,L,370.9122009,311.3,1560,35.4,2.136435347,178,0,0,0,0,0,299.8
2530,M17389,M,106.2330876,308.6,1571,33.7,6.882483548,61,0,0,0,0,0,298.8
2242,L49421,L,341.7120491,308.4,1711,28.9,2.716106504,197,,0,0,0,0,299.2
7419,M22278,M,163.4236665,311.4,1427,39.7,9.349117235,196,0,0,0,0,0,300.2
6468,L53647,L,249.804083,309.7,1692,27.4,5.524409891,115,0,0,0,0,0,300.4
9520,L56699,L,198.4598182,310.1,1531,36,7.61619515,57,,0,0,0,0,299
6398,M21257,M,148.6408781,309.6,1587,32.6,7.823853203,152,0,0,0,0,0,300
5049,H34462,H,276.8789283,313.2,1271,68.6,1.394828593,161,0,0,1,0,0,304
2829,M17688,M,370.8999237,309.4,1875,23.9,7.269768921,155,0,0,0,0,,300.4
9458,M24317,M,390.3239323,309.3,1692,26.7,5.124169779,118,,0,0,0,0,298.5
1909,L49088,L,116.580213,307.6,1977,,5.790449847,182,0,0,0,0,0,297.9
2202,L49381,L,199.2643402,309,1567,36.1,1.9245979,95,0,0,0,0,0,299.8
9587,L56766,L,156.6407559,310.6,1348,54.5,4.656065559,22,0,0,0,0,0,299.4
2614,M17473,M,196.261045,309.1,1571,38.3,7.162696865,59,0,0,0,0,0,299.3
53,H29466,H,218.7116569,309,1497,43.8,7.374449098,147,,0,0,0,0,298.8
5442,M20301,M,318.6278874,312.6,1392,42.9,4.681959164,94,0,0,0,0,0,303
3805,L50984,L,115.1126586,310.9,1529,33.4,7.8369979,62,0,0,0,0,0,
5355,L52534,L,311.52198,312.6,1462,37.5,7.540978037,118,0,0,0,0,0,303.4
4844,L52023,L,204.5690884,311.8,1842,24.5,5.66453796,67,0,0,0,0,0,303.3
7533,M22392,M,370.0853055,311.3,1629,32.1,6.446632953,55,0,0,0,0,0,300
4590,L51769,L,139.7161132,311.1,1721,30,5.235175323,87,,0,0,0,0,302.8
7159,L54338,L,148.6849255,310,1389,53.6,1.48909814,184,0,0,0,0,0,300.2
1398,L48577,L,250.3502014,310.2,1569,38.2,8.196631976,155,0,0,0,0,0,
636,L47815,L,197.5132411,310,1858,23.9,1.866037152,114,0,0,0,0,0,298.3
8990,L56169,L,198.5275714,307.9,1469,,1.190943867,144,0,0,0,0,0,297.2
28,H29441,H,253.4069456,309.4,1811,24.6,2.280439437,77,0,0,0,0,0,299.1
5669,M20528,M,183.8484382,311.4,1432,45.3,6.019588393,33,0,0,0,0,0,302.2
140,L47319,L,119.8849184,308.6,1268,55.8,9.22494351,155,0,0,0,0,0,298.8
205,L47384,L,352.2631977,308.5,1741,32.8,1.527007785,112,0,0,0,0,0,298.4
9677,L56856,L,153.0863699,310.1,1886,21.2,2.83124771,13,0,0,0,0,0,299
4440,M19299,M,398.8833854,310.2,1392,,1.071907772,143,0,0,0,0,0,
8355,L55534,L,215.963458,309.6,1390,50.3,1.232773706,196,,0,0,0,0,298.6
2309,L49488,L,294.3332437,308.5,1371,55.5,6.184515092,159,0,0,0,0,0,299.1
2315,L49494,L,272.136438,308.9,1368,47.2,6.689024411,175,0,0,0,0,0,299.2
9034,L56213,L,256.2072106,308.2,1386,41,5.714747436,35,0,0,0,0,0,297.4
3803,M18662,M,389.2764108,310.9,1488,44.2,4.639243931,57,0,0,0,0,0,
1144,L48323,L,110.6593685,307.9,1479,39.2,8.152847736,151,0,0,0,0,0,
7296,M22155,M,127.0268749,310.5,1329,57.4,1.129658215,99,0,0,0,0,0,
7758,M22617,M,120.6604729,311.7,1723,28.3,5.754089225,193,0,0,0,0,0,300.3
3893,M18752,M,313.9802265,311.1,1338,53.3,8.35850681,63,0,0,0,0,0,302.3
2482,L49661,L,280.6390785,308.6,1378,47.8,7.498458542,163,0,0,0,0,0,299
6191,L53370,L,382.3734196,310.9,1749,26.4,2.660755662,40,0,0,0,0,0,300.9
2174,M17033,M,379.9669102,309.2,1495,41.6,9.673450827,17,0,0,0,0,0,299.5
1456,L48635,L,390.0942103,310.4,1382,53,7.898505396,89,0,0,0,0,0,299
2556,L49735,L,130.5279194,309.2,1511,37.2,4.78274215,129,0,0,0,0,0,299.3
1244,M16103,M,125.124404,308.4,1432,53.4,9.596977648,199,0,0,0,0,0,297.1
1817,L48996,L,258.3341866,307.6,1460,46.5,1.062494403,143,0,0,0,0,0,298.1
1408,L48587,L,182.0203293,310,1564,33.8,9.016044601,183,0,0,0,0,0,298.9
2542,H31955,H,270.1440819,308.8,1553,32.6,6.573818063,90,0,0,0,0,0,299.1
9023,L56202,L,271.6097776,308.3,1548,46.6,4.784367789,7,0,0,0,0,0,297.4
799,M15658,M,164.5952413,307.8,1828,24.6,3.577557184,91,0,0,0,0,0,296.9
1199,H30612,H,397.9289706,307.9,1557,36.5,1.307059121,63,0,0,0,0,0,296.9
4596,M19455,M,194.1388105,311.2,1460,43.9,3.66346856,103,0,0,0,0,0,
3379,L50558,L,103.4132987,310.7,1568,33.1,2.782834465,38,0,0,0,0,0,301.5
5046,M19905,M,137.9740447,313.2,1510,46.9,7.377887787,152,0,0,0,0,0,304.1
6365,M21224,M,376.4646182,309.6,1489,41.7,2.538457337,56,0,0,0,0,0,299.9
1520,M16379,M,252.7546216,308.9,1512,38.5,2.330195258,28,0,0,0,0,0,298.2
3056,L50235,L,399.1200846,309.2,1427,37.6,4.300610855,73,0,0,0,0,0,300.1
6819,M21678,M,130.6174995,310.7,1657,29.9,3.037063726,148,0,0,0,0,0,301
8026,M22885,M,111.8752757,312,1422,,3.387501023,219,0,0,0,0,0,300.8
1376,M16235,M,109.5594391,310.3,1528,37.1,1.527534795,99,0,0,0,0,0,298.8
3834,M18693,M,176.694817,311,1541,36.6,7.448559395,143,0,0,0,0,0,302.3
4832,L52011,L,319.6726702,312,1366,54.5,2.214132942,30,0,1,0,0,0,303.5
9016,L56195,L,335.1661063,308.1,1431,49.7,2.88038794,210,0,0,0,0,0,297.2
8703,L55882,L,328.7101882,308.6,1774,23,9.591207308,30,0,0,0,0,0,297.2
8042,H37455,H,115.4408853,311.9,1431,48.5,6.408813698,25,0,0,0,0,0,300.8
153,M15012,M,371.1158814,308.2,1584,41,9.57308609,191,0,0,0,0,0,298.4
4404,L51583,L,228.5047946,310.1,1388,,5.119894281,48,0,0,0,0,0,
3765,L50944,L,320.5639514,311,1329,54.6,5.638743557,176,0,0,0,0,0,302.4
1360,L48539,L,128.4153576,310.2,1404,50.3,6.737811535,54,0,0,0,0,0,298.7
4446,L51625,L,391.8868466,310.2,1716,29.9,4.620373586,156,0,0,0,0,0,302.5
3864,L51043,L,152.4481357,311.4,1674,27,4.040298815,223,0,0,0,0,0,302.5
6984,M21843,M,386.1171441,311,1334,53.9,2.23911099,150,0,0,0,0,0,300.7
6702,L53881,L,392.663977,310.9,1623,,3.182853942,56,0,0,0,0,0,301.6
9698,M24557,M,198.4217927,309.8,1413,45.5,1.458992092,64,0,0,0,0,0,298.8
8925,H38338,H,139.2193132,308.2,1527,42.2,9.132076143,199,0,0,0,0,0,297.1
4800,L51979,L,348.7041637,312.5,1418,42.2,8.587611632,170,0,0,0,0,0,303.5
1580,L48759,L,277.3378127,308.3,1444,43.8,9.1621143,176,,0,0,0,0,298.3
9306,H38719,H,220.3680334,309.1,1646,30.2,4.313033295,125,0,0,0,0,0,298.3
1957,M16816,M,394.4814943,307.7,1364,46.8,9.954280074,89,0,0,0,0,0,297.9
7964,L55143,L,119.3109641,312.2,1510,39.9,8.879857471,61,0,0,0,0,0,301
1555,M16414,M,134.0411494,308.7,1584,31.7,2.821703694,117,0,0,0,0,0,298.4
7227,L54406,L,228.2394187,309.6,1399,51.3,5.800601694,144,0,0,0,0,0,299.7
3168,L50347,L,238.2163845,309.7,1384,45.1,9.174768424,159,0,0,0,0,0,300.4
1790,L48969,L,379.2110657,307.9,1313,67.3,1.082166655,67,0,0,1,0,0,298.2
189,L47368,L,296.2259934,308.5,1606,33.6,5.308754857,67,0,0,0,0,0,298.3
6019,M20878,M,129.7982285,310.9,1557,31.6,2.272322548,52,0,0,0,0,0,300.8
2460,L49639,L,348.4487629,308.6,1297,54.2,4.051996673,110,0,0,0,0,0,299
2815,L49994,L,340.4231544,309.3,1395,56.5,9.401166089,122,,0,0,0,0,300
9823,L57002,L,135.5127042,309.4,1360,60.9,1.013051933,187,0,0,0,1,0,298.5
7739,M22598,M,365.1793558,312,1263,,5.15476479,146,0,0,0,0,0,300.5
8914,M23773,M,364.3158402,308.5,1487,46.9,9.956747815,173,0,0,0,0,0,297.2
8486,L55665,L,121.4934438,309.5,1450,47.9,3.977736163,112,0,0,0,0,0,298.4
9088,L56267,L,150.4685435,307.8,1681,27.6,8.696565453,181,0,0,0,0,0,297.1
3812,M18671,M,181.4437551,310.7,1608,30.3,2.4496573,81,0,0,0,0,0,302.1
7716,L54895,L,189.1863549,311.5,1302,49.6,9.964681221,80,0,0,0,0,0,300.5
8417,M23276,M,344.8044518,310.1,1585,31.3,1.280570356,147,0,0,0,0,0,298.8
5820,L52999,L,278.8372953,311,1418,41.9,7.73369321,208,0,0,0,0,0,301.3
3689,L50868,L,387.7006683,311.2,1420,45.8,1.094191754,192,0,0,0,0,0,302
3005,M17864,M,384.8715628,309.9,1466,53.2,1.637430192,172,0,0,0,0,0,300.5
9527,M24386,M,394.1504641,310.4,1395,55.4,7.414257525,76,0,0,0,0,0,299.2
4028,L51207,L,302.4233161,311,1566,37.8,7.772311595,218,0,0,0,0,0,302
3342,H32755,H,258.0051974,310.7,1329,52,9.277815625,160,0,0,0,0,0,301.4
728,H30141,H,271.7514605,308.6,1499,37.6,4.31559967,147,0,0,0,0,0,297.3
5431,L52610,L,102.2604716,312.5,1694,28.4,8.576975306,66,0,0,0,0,0,302.8
861,H30274,H,265.742013,306.9,1541,32.6,5.860128971,33,0,0,0,0,0,296.1
1587,M16446,M,399.3306248,308.4,1486,44.2,8.371104699,196,0,0,0,0,0,298.3
1213,L48392,L,289.6593263,307.9,1359,56.5,3.842010198,110,0,0,0,0,0,296.9
9802,M24661,M,209.2868057,309.3,1496,45.6,7.233739358,129,0,0,0,0,0,298.4
1142,L48321,L,126.6645102,307.9,1635,31.6,3.243544246,147,0,0,0,0,0,297
4982,M19841,M,368.0543751,312.8,1558,37.7,2.355450806,206,,0,0,0,0,303.7
3052,L50231,L,255.8864129,309.3,1366,49.3,8.855127031,59,,0,0,0,0,
8158,L55337,L,142.5196158,310.8,1498,46.9,8.289626653,116,0,0,0,0,0,299.6
1682,M16541,M,186.606927,307.3,1804,26,9.310607098,222,0,0,0,0,,297.8
7995,L55174,L,272.0656413,312.3,1424,43.5,6.788671503,136,0,0,0,0,0,301
727,M15586,M,390.2200536,308.8,1628,37.4,3.5534927,144,0,0,0,0,0,297.4
6399,L53578,L,334.9854627,309.7,1351,58.2,9.40972135,155,0,0,0,0,0,300.1
4115,L51294,L,168.3242917,310.6,1358,53.1,3.543143433,194,0,0,0,0,0,302
868,H30281,H,136.479094,306.5,1594,33.2,4.586468834,55,,0,0,0,0,295.9
1944,L49123,L,221.8416365,308,1704,30.9,5.820107477,61,,0,0,0,0,298.1
9911,L57090,L,312.1624087,309,1469,46,4.680953658,4,0,0,0,0,0,298.6
9544,M24403,M,106.7668978,310.9,1378,48.7,1.027232594,119,0,0,0,0,0,299.5
4914,M19773,M,399.300735,312.3,1593,35.2,4.788567705,29,0,0,0,0,0,303.5
8679,L55858,L,336.9594309,308.5,1514,44.5,5.868491598,177,0,0,0,0,0,297.3
4821,M19680,M,163.3998794,312.1,1627,,4.988531138,7,0,0,0,0,0,303.6
2162,L49341,L,256.3203702,309.1,1464,40.5,2.818675868,215,0,0,0,0,0,299.4
6489,L53668,,217.4708209,309.8,1330,54.4,1.767360018,171,0,0,0,0,0,300.7
9757,L56936,L,398.7061624,309.8,1597,35.9,1.873703187,213,0,0,0,0,0,298.6
8687,M23546,M,368.4690883,308.5,1611,,4.170543148,197,0,0,0,0,0,297.2
4599,L51778,L,214.9161081,311.2,1399,49.2,1.131618898,111,0,0,0,0,0,303.1
3975,L51154,L,112.789161,311.5,1505,37.9,6.274650138,79,0,0,0,0,0,302.4
1303,L48482,L,145.5980036,309.8,1505,45.7,6.63037415,144,,0,0,0,1,298.6
5107,L52286,L,261.3449982,313.3,1519,36.7,7.523738609,117,0,0,0,0,0,304
3021,L50200,L,394.0948599,309.6,1543,38.1,7.995435013,209,0,0,0,0,0,300.4
4438,L51617,L,347.795843,310.2,1578,31.2,8.00878808,139,0,0,0,0,0,302.4
4706,L51885,L,224.3247799,311.8,1614,33.2,9.147336549,155,0,0,0,0,0,303.6
2641,M17500,,330.5538925,309.5,1372,56.2,6.229657613,133,0,0,0,0,0,299.9
9199,M24058,M,268.4517061,308.8,1538,37.6,2.966924044,54,0,0,0,0,0,297.9
5238,L52417,L,387.9621048,313,1499,42.3,6.848447255,38,0,0,0,0,0,303.8
610,L47789,L,220.8695626,309.9,1629,32.5,7.185244477,45,0,0,0,0,0,298.1
9312,L56491,L,283.0378538,309.4,1540,43.2,1.630264975,141,0,0,0,0,0,
817,L47996,L,250.8806285,307.6,1434,,8.643481633,138,0,0,0,0,0,296.8
7720,H37133,H,351.0029527,311.7,1535,,2.945268929,92,0,0,0,0,0,300.6
2666,L49845,L,123.5088654,309.4,2256,15.9,5.255095992,201,0,0,0,0,0,299.8
6072,M20931,M,186.2154848,310.8,1452,43.6,2.420918356,185,0,0,0,0,0,300.9
1228,L48407,L,354.4325999,308.4,1422,42.1,9.109089381,148,0,0,0,0,0,297.1
3226,L50405,,196.2294859,309.4,1474,40.7,1.449262625,87,0,0,0,0,0,300.6
3142,L50321,L,218.0510046,310,1521,45.1,8.336997724,86,0,0,0,0,0,300.5
1746,L48925,,316.577818,308,1624,29.8,2.209475897,160,0,0,0,0,0,298.5
1821,L49000,L,195.2336666,307.5,1493,43.7,5.2964242,153,0,0,0,0,0,298.1
5529,L52708,L,191.9206453,311.8,1384,50.9,1.726940793,99,0,0,0,0,0,302.4
5594,L52773,L,202.1776309,311.9,1354,48,1.045220118,67,,0,0,0,0,302.6
5183,L52362,L,141.181507,313.1,1586,31.9,9.214492503,108,0,0,0,0,0,303.9
8136,L55315,L,129.6336627,311,1554,36.3,6.635410342,62,0,0,0,0,0,299.6
9046,L56225,L,257.0996668,308.4,1603,34.6,7.047731902,65,0,0,0,0,0,297.4
2186,L49365,L,235.3645785,309.4,1630,32.4,4.528645314,53,0,0,0,0,0,299.8
1299,M16158,M,249.7856639,309.8,1343,53.6,1.26173417,134,0,0,0,0,0,
1290,M16149,M,179.8132368,309.7,1635,32.2,2.239180891,110,0,0,0,0,0,298.6
3820,L50999,L,278.5211124,310.7,1567,36.4,9.862993877,100,0,0,0,0,0,302.2
1573,L48752,L,268.4312595,308.3,1230,59.6,2.585043711,162,0,0,0,0,0,298.2
3359,L50538,L,288.8567039,310.6,1522,,9.454995031,202,0,0,0,0,0,301.5
3719,L50898,L,321.0202147,311.4,1450,44.1,5.214127496,56,0,0,0,0,0,
8568,L55747,L,109.3007093,308.7,1511,45.8,6.844056886,114,0,0,0,0,0,298
9163,M24022,M,324.3536197,308.6,1509,39.7,8.561936593,166,0,0,0,0,0,297.6
1679,L48858,L,284.8349131,307.5,1644,32.8,6.396836364,215,0,0,0,0,0,298
4118,L51297,L,105.7221574,310.5,1340,55.7,1.868491178,204,0,0,0,1,0,301.9
4018,L51197,L,133.8453012,310.8,1902,23.4,8.231327274,188,0,0,0,0,0,302
5960,L53139,L,305.7102526,310.8,1378,51.2,3.906237397,119,0,0,0,0,,300.6
5379,L52558,L,293.1766797,312.4,1550,36.9,6.413810355,194,0,0,0,0,0,302.9
4537,L51716,L,308.4310185,310.2,1351,45.1,7.057124449,168,0,1,0,0,0,302.4
9870,L57049,L,201.1664248,309.9,1590,31.3,7.274139251,98,0,0,0,0,0,298.9
9941,M24800,M,159.9189952,308.1,1722,28.6,7.242507784,89,0,0,0,0,0,298.3
9072,L56251,L,253.5661471,308.1,1429,54,4.098912528,138,0,0,0,0,0,297
359,M15218,M,175.8941045,308.3,1467,36.7,9.674955459,68,0,0,0,0,,297.6
5359,H34772,H,215.7917501,312.6,1827,24.2,1.666783312,132,0,0,0,0,0,303.3
9501,L56680,L,229.2683558,310.2,1697,30.6,6.802495643,12,0,0,0,0,0,299.2
8985,L56164,L,299.1171151,307.8,1406,60.4,3.361269523,133,0,0,0,0,0,297.1
7849,H37262,H,384.3248956,311.6,1547,,8.848672567,217,0,0,0,0,0,300.2
8364,L55543,L,201.3091835,309.7,1582,45,5.322363108,11,0,0,0,0,0,298.8
8338,M23197,M,111.9185806,309.7,1589,35.3,3.089096243,149,0,0,0,0,0,298.8
542,L47721,,182.8625781,309.4,1296,52.3,4.707417893,96,0,0,0,0,0,
8295,M23154,M,378.756612,310.5,1525,38.5,9.083395987,27,0,0,0,0,0,298.9
9406,M24265,M,335.2609202,308.1,1469,48.8,2.740950287,183,0,0,0,0,0,297.7
4597,L51776,L,107.5030729,311.2,1361,47.6,1.714886109,106,0,1,0,0,0,
4223,M19082,M,366.5849203,310.6,1535,38.6,8.199635775,34,0,0,0,0,0,302
9988,M24847,M,162.6432679,308.6,1500,37.1,6.062319434,210,0,0,0,0,0,298.8
8951,L56130,L,231.2656233,308.2,1419,50,9.77503135,52,0,0,0,0,0,297.4
1013,M15872,M,267.9849907,307.1,1433,38.5,2.90724997,14,,0,0,0,0,296.1
1988,M16847,M,154.99804,307.8,1599,31.2,3.64268627,173,0,0,0,0,0,298.2
7784,L54963,L,256.9982505,311.5,1667,28.8,3.483081477,56,0,0,0,0,0,300.3
5745,H35158,H,301.3244382,311.5,1482,42.6,7.289638787,16,0,0,0,0,0,
771,L47950,L,123.6340589,308,1391,54.4,2.398843533,17,0,0,0,0,0,296.8
3917,L51096,L,137.7697554,311.6,1453,37,7.378946746,135,0,0,0,0,0,302.6
9844,L57023,L,158.2124008,309.2,1383,52.1,2.261500813,26,0,0,0,0,0,
2172,L49351,L,288.5260956,309.1,1502,44.6,4.346413234,13,0,0,0,0,0,299.5
5717,L52896,L,268.0379042,312,1354,52.2,2.569323394,165,0,0,0,0,0,302.3
9271,L56450,L,391.7535997,308.8,1302,60.4,4.966063327,34,0,0,0,0,0,298.2
5532,M20391,M,385.9362059,311.7,1504,37.3,4.190823135,107,0,0,0,0,0,302.3
1789,L48968,L,376.1664101,308,1442,47.3,9.37346237,65,0,0,0,0,0,298.3
2405,M17264,M,324.6349461,308.7,2008,20.3,3.314849176,178,,0,0,0,0,299.1
1859,M16718,M,150.2041029,307.4,1488,36.1,3.032308596,57,0,0,0,0,0,297.8
5394,L52573,L,278.3030834,312.3,1473,42.6,4.82567013,232,0,0,0,0,0,302.8
2207,L49386,L,320.2760074,309.2,1436,52,3.41542816,107,,0,0,0,0,299.9
2951,M17810,M,189.0757171,309.5,1445,46.4,8.359072551,24,0,0,0,0,0,300.7
3930,M18789,M,265.6894983,311.6,1501,38.8,7.73113484,171,0,0,0,0,0,302.7
7679,M22538,M,359.5431273,311.7,1389,52.1,2.066966412,210,0,0,0,0,0,300.6
8844,H38257,H,319.9197925,308.8,1564,38,5.745654249,191,0,0,0,0,0,297.3
3316,M18175,,311.2837624,310.6,1492,43,5.427833226,100,0,0,0,0,0,301.5
4187,M19046,M,371.7753508,310.6,1570,34.6,2.715129604,163,0,0,0,0,0,
4410,M19269,M,327.8249931,310.1,1358,54.6,4.615242151,61,0,1,0,0,0,302.4
3655,L50834,L,251.0090638,311.4,1603,35.9,8.388256424,104,,0,0,0,0,
3120,L50299,L,220.9316094,309.4,1858,23.6,2.274545281,26,0,0,0,0,0,300.1
7642,M22501,M,357.4118641,311.4,1352,57.3,9.904920532,116,0,0,0,0,0,300.4
9912,M24771,M,147.4774071,309,1481,40.8,8.891285522,6,0,0,0,0,0,298.6
5559,L52738,L,163.5082877,311.9,1553,40.1,7.400302193,187,0,0,0,0,0,302.5
6016,M20875,M,107.9961112,310.8,1520,38,2.48345011,45,0,0,0,0,0,300.8
8870,L56049,L,140.8297626,309,1528,37.5,6.864412981,54,0,0,0,0,0,297.9
4010,L51189,L,283.9793506,311.2,1630,36,5.982316705,169,0,0,0,0,0,302.2
4020,M18879,M,376.1579371,310.9,1558,45.3,5.397588826,193,0,0,0,0,0,302
8741,M23600,M,309.0765343,308.8,1573,33.9,3.981694934,123,0,0,0,0,0,297.4
5249,M20108,M,251.6008158,313,1902,21.6,2.625496241,60,,0,0,0,0,303.5
420,M15279,M,172.5712775,308.3,1501,38.2,7.825725025,2,0,0,0,0,0,297.3
5615,H35028,H,390.4220876,312.2,1624,28.8,3.315053356,117,0,0,0,0,0,
2692,L49871,L,214.0519612,309.6,1431,47.7,2.484328459,39,0,0,0,0,0,300
8933,L56112,L,297.4725965,308.4,1474,43.6,6.752322426,4,0,0,0,0,0,297.4
8099,L55278,L,236.6431291,311.6,1500,39,4.046782024,174,0,0,0,0,0,
5599,L52778,L,288.5217239,312.1,1441,52.1,1.776776523,79,0,0,0,0,0,302.8
9736,L56915,L,277.0943598,310.1,1444,47.7,8.477794265,161,,0,0,0,0,299
2704,M17563,M,279.5052042,309.2,1372,58.2,4.13473088,65,0,0,0,0,0,299.8
5913,M20772,M,142.7351234,310.3,1659,,3.247124329,6,0,0,0,0,0,300.7
2267,L49446,L,196.6287638,308.5,1381,60.6,9.927038757,59,0,0,0,0,,
1313,L48492,L,111.6674808,310.1,1473,42.6,8.173057345,164,0,0,0,0,0,
9279,H38692,H,206.7036126,308.8,1606,39.9,5.487775217,53,0,0,0,0,0,298.2
4777,L51956,L,176.5783547,312.1,1522,36.4,5.347062076,107,0,0,0,0,0,303.5
5945,M20804,M,197.9801986,310.6,1484,38,8.069112166,84,0,0,0,0,0,300.7
1787,L48966,L,134.3711354,308.2,1618,33,9.624913252,61,0,0,0,0,0,298.4
9737,M24596,M,325.7601437,310,1348,58.2,4.896644936,163,0,0,0,0,0,298.9
546,L47725,L,164.1292621,309.4,1958,22.1,7.985373066,108,0,0,0,0,0,297.6
9930,H39343,H,116.4567462,308.4,1479,39.2,3.025336361,58,0,0,0,0,0,298.4
594,L47773,L,109.5672476,309.6,1312,50.7,7.370636963,0,0,0,0,0,0,297.5
3290,M18149,M,306.6884535,310.1,1295,56.6,1.942147797,39,0,0,0,0,0,301.2
1332,H30745,H,173.9421671,310.2,1771,26.8,4.559962701,216,0,0,0,0,0,298.9
7878,L55057,L,312.6336922,312.3,1420,53.8,2.458986495,67,0,0,0,0,0,300.7
3117,L50296,L,163.4301018,309.2,1566,34.4,4.716564772,18,0,0,0,0,0,300
9650,H39063,H,117.8561954,310,1657,33.1,3.974383286,187,,0,0,0,0,299.1
8258,M23117,M,321.5555623,310.6,1587,34.2,4.184014728,141,0,0,0,0,0,299
4742,L51921,L,314.7497094,311.3,1393,52.9,8.965959928,12,0,0,0,0,0,
2195,M17054,M,150.2212047,308.9,1568,35.3,2.480369006,77,0,0,0,0,0,299.6
7516,M22375,M,304.0322901,311.9,1335,58.3,5.510031647,9,,0,0,0,0,300.4
3098,M17957,M,123.1482181,309.2,1353,49.8,4.014604525,182,0,0,0,0,0,299.9
3567,L50746,L,211.6992757,310.6,1295,62.3,3.382530923,91,0,0,0,0,0,301.8
387,L47566,L,305.8555118,308.7,1319,50.9,8.17998625,141,0,0,0,0,0,297.6
1970,H31383,H,282.3146973,307.5,1631,31.3,4.28816051,124,0,0,0,0,0,297.8
663,M15522,,259.0733966,308.9,1479,38.1,8.51131911,182,0,0,0,0,0,297.6
7765,M22624,M,114.2104466,311.7,1555,,6.498820167,5,0,0,0,0,0,
5721,L52900,L,381.2322158,311.9,1434,51.9,4.277526012,173,0,0,0,0,0,302.3
940,L48119,L,116.4747084,306.1,1488,40.7,4.037182404,31,,0,0,0,0,
1646,L48825,L,328.0394657,307.8,1538,38.5,3.281956645,123,0,0,0,0,0,297.9
1539,L48718,L,216.4880257,309.1,1798,29.6,2.893733347,81,0,0,0,0,0,298.4
2492,L49671,L,186.1513607,308.9,1445,43.4,2.771079938,197,0,0,0,0,0,299.1
2769,L49948,L,171.1287031,309.5,1675,30.2,4.436074696,11,0,0,0,0,0,300
1479,L48658,L,213.3002303,309.4,1568,,7.663127621,140,0,0,0,0,0,298.3
8982,L56161,L,322.198842,307.7,1502,39.4,8.764067363,126,0,0,0,0,0,297
2572,M17431,M,357.7934008,309.2,1497,40.9,3.162381637,169,0,0,0,0,0,299.5
9440,M24299,M,264.6768913,308.8,1433,48.2,8.953234312,62,0,0,0,0,0,298.1
5810,H35223,H,331.666361,311,1580,36.6,5.519004063,184,0,0,0,0,0,301.3
1024,L48203,L,356.4794029,307.3,1881,24.3,4.06778971,40,0,0,0,0,0,296.2
3875,L51054,L,381.5296852,311.7,1254,54.1,3.087302521,19,0,0,0,0,0,302.6
7021,L54200,L,377.3760739,310.8,1460,53.8,2.250753952,41,0,0,0,0,0,300.8
3406,M18265,M,382.8067347,310.4,1635,32.5,8.011629146,110,0,0,0,0,0,301.3
5012,M19871,M,170.6396693,312.8,1634,33.8,8.363537591,63,0,0,0,0,0,
5734,L52913,L,383.0706925,311.8,1487,43.2,4.853490728,206,0,0,0,0,0,302.3
4394,M19253,M,147.9526629,310.1,1572,,1.697085648,17,0,0,0,0,0,302.2
8805,M23664,M,342.703939,308.6,1255,60.7,2.484331696,77,0,0,0,0,0,
9297,H38710,H,181.9879112,309,1524,39.1,1.665925991,100,0,0,0,0,0,298.2
1117,L48296,L,258.3960652,307.3,1487,37.5,6.7527656,83,0,0,0,0,0,
1432,M16291,M,256.562215,309.9,1404,41.4,9.682529618,20,0,0,0,0,0,
2293,L49472,L,268.6472969,308.9,1422,53.2,3.81961365,120,0,0,0,0,,299.6
855,M15714,M,192.9608648,307.3,1498,,7.198333026,15,0,0,0,0,0,296.3
3884,M18743,M,326.0178264,311.4,1534,40.1,5.593475957,41,0,0,0,0,0,302.4
3372,L50551,L,269.9937611,310.7,1989,21.8,5.831582182,19,0,0,0,0,0,301.4
6904,M21763,M,268.6147733,311.6,1609,35.8,6.509829874,156,0,0,0,0,0,301
4700,L51879,L,178.5885161,311.6,1428,46.2,2.885621377,139,0,0,0,0,,303.5
9985,H39398,H,386.8738705,308.4,1432,42.8,5.231292787,197,0,0,0,0,0,298.7
6361,L53540,L,169.1297275,309.7,1441,40.1,7.070085084,46,0,0,0,0,0,300.1
5920,L53099,L,239.3147196,310.3,1414,,8.734237649,25,0,0,0,0,0,300.6
2091,L49270,L,350.3246588,309.2,1393,47.3,6.600048913,20,0,0,0,0,0,299.5
6277,L53456,L,211.7990163,310.8,1233,,6.242676253,45,0,0,0,0,0,
4861,M19720,M,285.9035741,312.4,1504,49.5,6.199025424,109,0,0,0,0,0,303.6
2241,L49420,L,303.4780696,308.5,1457,44.7,3.731038576,195,0,0,0,0,0,299.2
3345,L50524,,141.0175347,310.7,1706,27.9,9.396114167,170,0,0,0,0,0,301.4
819,L47998,L,214.2744141,307.6,1304,48.7,8.766891607,142,0,0,0,0,0,296.8
2318,L49497,L,381.9061264,308.8,1605,31.1,4.389833719,181,0,0,0,0,0,299.2
5284,L52463,L,262.2240798,313.2,1525,41.9,3.741794896,145,0,0,0,0,0,303.8
3767,L50946,L,338.5519566,311.1,1373,53,2.824015999,181,0,0,0,0,0,302.3
9963,L57142,L,238.9405129,307.9,1429,49.4,4.344619788,141,0,0,0,0,0,298.2
8095,H37508,H,332.5123315,311.6,1662,28.8,6.704757338,162,0,0,0,0,0,300.2
7557,L54736,L,214.3206194,311.4,1471,37,8.669612749,114,0,0,0,0,0,300.3
9591,M24450,M,199.7560613,310.4,1325,52,6.49233062,34,0,0,0,0,0,299.2
8327,H37740,H,124.9062693,309.5,1523,34.2,3.192420138,119,0,0,0,0,0,298.6
4864,M19723,M,113.193051,312.3,1915,22.3,5.897497708,116,0,0,0,0,0,303.6
6541,M21400,M,378.7123812,310.7,1368,63.7,8.981110203,92,0,0,1,0,0,301.4
5894,M20753,M,123.2509662,311,1410,52.7,8.55480062,161,,0,0,0,0,301.3
3771,L50950,L,108.884371,311,1609,31,8.179264712,190,0,0,0,0,0,302.3
7968,M22827,,329.7449508,312.2,1629,32.6,1.376865512,69,0,0,0,0,0,301
2987,L50166,L,384.6450117,309.8,1455,48,2.836660728,125,0,0,0,0,0,
4252,H33665,H,122.8595688,310.9,1356,55.5,2.222869797,101,0,1,0,0,0,302.5
7245,L54424,L,125.6588305,310.2,1760,26.9,7.639751731,193,0,0,0,0,0,300
452,H29865,H,120.6197628,308.6,1440,46.1,9.901009015,84,0,0,0,0,0,297.5
9982,L57161,L,366.4297148,308.5,1353,47,5.470806386,190,0,0,0,0,0,298.7
2647,M17506,M,314.6276202,309.5,1453,43.2,9.382373102,153,,0,0,0,0,299.8
4949,M19808,M,353.5198982,312.7,1500,41.7,8.34533759,125,0,0,0,0,0,303.8
7868,L55047,L,163.3595994,312,1461,38.1,4.231985046,39,0,0,0,0,0,300.5
5079,M19938,M,382.3570653,313.4,1482,,3.594913608,41,0,0,0,0,0,
9723,H39136,H,242.6211785,309.8,1911,21.6,1.012076003,126,0,0,0,0,0,298.8
9480,H38893,H,229.4466961,309.6,1600,,7.651836083,175,0,0,0,0,0,298.9
1802,M16661,M,381.3418237,307.5,1427,43.6,8.456829674,101,0,0,0,0,0,298
6275,M21134,M,209.6297998,310.7,1543,32.9,2.025748301,40,0,0,0,0,0,
4046,M18905,M,262.2416495,310.9,1881,20.9,7.038503104,23,0,0,0,0,0,
204,L47383,L,239.5126615,308.5,1490,37.9,5.844613841,110,0,0,0,0,0,298.4
2100,L49279,L,259.2205561,309.3,1596,31.8,9.968180696,40,,0,0,0,0,299.4
4015,L51194,L,315.3655985,311,1740,30.8,6.116745814,182,0,0,0,0,0,
5778,L52957,L,233.0419094,311.1,1408,44.4,7.122419425,106,0,0,0,0,0,
2642,H32055,H,155.4570646,309.5,1420,46.7,6.258566359,136,0,0,0,0,0,299.8
7332,L54511,L,176.1840058,310.3,1524,34.2,6.137438891,196,,0,0,0,0,299.8
7110,L54289,,308.5254036,310.5,1599,,5.546710632,57,0,0,0,0,0,300.9
1775,M16634,M,172.0246001,308,1519,37.3,9.729178434,29,0,0,0,0,0,298.5
2422,L49601,L,384.5124292,308.2,2384,15,6.9762666,19,0,0,0,0,0,298.9
4963,M19822,M,393.444163,312.7,1456,51.2,8.211621893,160,0,0,0,0,0,304
1351,L48530,L,200.4070077,310.2,1436,47.5,4.573851172,32,0,0,0,0,0,298.7
9983,M24842,M,142.7612701,308.4,1507,45.7,7.097958317,192,0,0,0,0,0,298.7
3275,L50454,L,228.0205181,310,1665,31.4,5.996047986,0,0,0,0,0,0,301.3
461,H29874,H,204.5604557,308.6,1431,42,1.996051095,109,0,0,0,0,,297.3
4426,L51605,L,199.6170042,310.2,1547,36.9,3.91561761,103,0,0,0,0,0,302.5
4939,M19798,M,290.5481468,312.4,1606,30.1,9.823977142,98,0,0,0,0,0,303.5
5411,M20270,M,271.957519,312.5,1417,51.5,4.718454731,19,0,0,0,0,0,
6003,L53182,L,203.8179013,310.3,1683,31.5,1.886622458,8,0,0,0,0,0,300.5
2860,L50039,L,179.3116381,309.4,1549,,6.419589039,233,0,0,0,0,0,300.6
9826,L57005,L,363.6185566,309.2,1610,32.4,3.96961808,194,0,0,0,0,0,298.4
3666,M18525,M,347.8500512,311.8,1358,50.6,4.595358422,133,0,0,0,0,0,302.4
3658,L50837,L,282.881112,311.5,1477,45.4,8.985133142,111,0,0,0,0,0,302.1
3319,L50498,L,252.574301,310.4,1436,49.7,6.506793619,108,0,0,0,0,0,301.4
3942,L51121,L,155.5981943,311.4,1987,19.9,3.540314864,200,0,0,0,0,0,302.2
9719,L56898,L,171.7915781,309.9,1517,36.6,5.509816928,117,0,0,0,0,0,298.9
5391,H34804,H,349.6434823,312.3,1483,47.2,1.694843231,223,0,0,0,0,0,302.8
2033,L49212,L,257.1216449,308.5,1444,42.2,1.136294067,83,0,0,0,0,0,298.8
6181,L53360,L,111.7406159,310.9,1492,,6.525544631,15,0,0,0,0,0,301
5440,L52619,L,378.4665054,312.5,1626,30.5,3.127838069,87,0,0,0,0,0,303
8992,M23851,M,390.900905,308,1598,29.4,7.543153559,148,0,0,0,0,0,297.3
5445,L52624,L,259.9846566,312.7,2024,19.9,3.573074969,102,0,0,0,0,0,
5319,L52498,L,260.9614505,312.6,1496,39,5.871459759,21,0,0,0,0,,303.5
4287,M19146,M,311.5601472,309.9,1434,47.9,3.686777421,189,0,0,0,0,0,301.7
4388,L51567,L,234.9571844,309.8,1532,39.4,1.2818157,2,0,0,0,0,,302
5866,M20725,M,396.9159483,311.1,1402,40,8.675044557,94,0,0,0,0,0,301.5
6636,L53815,L,385.5736273,310.5,1534,39.3,7.496315879,119,,0,0,0,0,301.5
7071,L54250,L,129.205834,310.7,1333,61,9.325786706,177,0,0,0,0,0,300.7
1903,L49082,L,247.2869701,307.6,1694,29.1,7.646612485,169,0,0,0,0,0,298
4090,M18949,M,326.9627861,310.5,1590,40.3,1.147948454,130,0,0,0,0,0,301.9
5635,M20494,M,165.0538427,312.2,1353,56.5,4.856009997,168,0,0,0,0,0,302.6
45,M14904,M,209.2715352,309.1,1472,47.5,1.418536733,125,0,0,0,0,0,298.8
4098,L51277,L,181.5032595,310.4,1518,34.1,2.087179441,155,0,0,0,0,0,
3367,M18226,M,300.5395567,310.7,1692,32.3,9.653748466,5,0,0,0,0,0,301.4
1067,M15926,M,216.6053864,307.8,1544,40.3,6.179308889,150,0,0,0,0,0,296.9
4386,L51565,L,205.3007332,309.7,1442,45.3,8.254454732,233,1,0,0,0,0,301.8
9699,L56878,L,100.9013285,309.8,1663,28.2,9.657425743,67,0,0,0,0,0,298.8
8227,L55406,L,115.8823786,310.5,1389,61.4,8.585019557,64,0,0,0,0,0,299.1
1912,M16771,M,346.0917114,307.8,1316,57.2,2.950396101,191,0,0,0,0,0,298.1
1536,L48715,L,390.1578189,308.8,1581,36.1,4.43202492,73,0,0,0,0,0,
9475,M24334,M,100.5719348,309.6,1455,46.8,1.265230218,162,0,0,0,0,0,298.7
822,L48001,L,136.470782,307.6,1474,41.7,8.219051038,148,0,0,0,0,0,
3308,M18167,M,254.1429818,310.5,1563,39.9,9.332391011,83,0,0,0,0,0,301.4
6850,L54029,L,224.9835021,311.3,1498,37.6,1.627592079,11,0,0,0,0,0,301.1
6721,L53900,L,200.9765769,310.6,1458,48,2.009350555,104,0,0,0,0,0,301.3
4648,L51827,L,373.453211,311.4,1958,21.5,4.363527454,0,,0,0,0,0,303.3
8394,L55573,L,173.2465259,309.5,1428,43.5,2.353007947,87,0,0,0,0,0,
6390,H35803,H,249.6561299,309.9,1677,30.1,7.975723105,130,0,0,0,0,0,300.3
7903,M22762,M,209.3505359,312.3,1430,47.2,7.864422422,131,0,0,0,0,0,300.7
2845,L50024,L,275.9135984,309.2,1650,35.2,4.726398092,196,0,0,0,0,0,300.3
5105,L52284,L,256.1764635,313.5,1469,44.6,6.079162314,113,0,0,0,0,0,304.1
7209,L54388,L,204.0309542,309.7,1707,29.1,4.147444254,94,0,0,0,0,0,299.8
9847,L57026,L,297.4640873,309,1339,,8.429299977,35,0,0,0,0,0,298.3
9970,L57149,L,220.4920696,308.1,1491,50,5.397266586,156,0,0,0,0,0,298.4
6228,L53407,L,367.1206152,310.8,1479,38.2,9.212077924,139,0,0,0,0,,301.2
1811,L48990,L,236.7869203,307.6,1364,53.8,8.337725616,129,0,0,0,0,0,298.1
7832,M22691,M,322.3024698,311.4,1533,42.6,8.885993911,180,0,0,0,0,0,300
4660,M19519,M,146.8429116,311.2,1489,44.5,6.29334277,27,0,0,0,0,0,303.1
8210,L55389,L,380.2127259,310.8,1391,46.9,2.57506997,21,0,0,0,0,0,299.3
5021,L52200,L,267.9271892,313.1,1556,36.3,5.63215614,86,,0,0,0,0,304.1
3921,L51100,L,352.1985818,311.5,1885,27.5,6.341853811,147,0,0,0,0,0,302.6
9216,L56395,L,209.311307,308.8,1681,31.7,5.570317163,94,0,0,0,0,0,297.9
6666,L53845,L,133.2423356,310.4,1440,41.5,1.933417523,197,0,0,0,0,0,301.3
7259,L54438,L,321.7768683,310.4,1742,25.9,9.335063573,7,0,0,0,0,0,300.3
2133,L49312,L,136.1499497,309,1660,28.4,5.623921815,139,0,0,0,0,,299.4
2106,L49285,L,355.2278395,309.1,1495,44,7.420209056,55,0,0,0,0,0,299.3
8852,M23711,M,127.7701582,308.9,1573,35.1,6.243402772,9,0,0,0,0,0,297.7
8476,M23335,M,175.3338346,309.7,1557,37.7,8.850905247,86,0,0,0,0,0,298.5
445,L47624,L,192.961891,308.4,1582,37.2,2.054507468,68,0,0,0,0,0,297.4
4336,L51515,L,390.8760917,309.9,1607,37.7,5.807647051,93,0,0,0,0,0,301.7
6404,L53583,L,273.9056085,309.6,1649,33.6,4.233239963,168,0,0,0,0,0,300.1
5136,L52315,L,375.5106677,313.3,1883,24.5,9.883964764,190,0,0,0,0,0,304.1
7848,L55027,L,259.496086,311.6,1322,50.9,4.772308927,215,,0,0,0,0,300.2
1829,L49008,L,270.349985,307.2,1351,56.3,6.981135527,174,0,0,0,0,0,297.8
64,M14923,M,389.0593375,309,1812,25.9,8.262872074,174,0,0,0,0,0,
6328,L53507,L,360.868073,310,1425,49.5,4.70630017,174,0,0,0,0,0,300.6
481,L47660,L,131.3665353,309,1583,32,4.149190946,166,0,0,0,0,0,297.4
7584,L54763,L,165.3233787,311.1,1480,46.6,8.840798714,185,0,0,0,0,0,300.3
1237,H30650,H,158.7441111,308.4,1359,46.6,9.675302043,176,0,0,0,0,0,297.1
4007,L51186,L,196.5706247,311.2,1492,45,3.575188037,162,0,0,0,0,0,302.1
7063,M21922,M,343.5397593,310.4,1407,51.1,6.115398367,157,0,0,0,0,0,300.6
3204,M18063,M,382.9743887,309.1,1533,38,2.583100529,26,0,0,0,0,0,300.1
6662,M21521,M,385.1627954,310.4,1501,39.8,1.009385094,187,0,0,0,0,0,
1767,M16626,M,118.526492,307.7,1717,,1.748435232,7,0,0,0,0,0,298.3
7222,H36635,H,375.9914196,309.6,1433,49.6,6.474880941,129,0,0,0,0,0,299.7
6512,M21371,M,161.3120098,310.1,2280,15.7,4.209922715,11,0,0,0,0,0,301.2
4105,L51284,L,236.3041379,310.5,1389,49.6,6.833524575,169,0,0,0,0,0,302.1
1858,L49037,L,322.2189748,307.4,1643,36.5,5.23673534,55,0,0,0,0,0,297.7
1850,L49029,L,187.5946829,307.2,1668,32.7,1.716378426,31,0,0,0,0,0,297.7
8331,L55510,L,109.9357505,309.7,1505,39,2.893436806,131,0,0,0,0,0,298.8
2917,L50096,L,151.9173057,309.6,1411,41.6,3.471013166,140,0,0,0,0,0,300.6
7121,L54300,L,124.2668412,310.5,2288,16.1,6.538975454,85,,0,0,0,0,300.9
5888,H35301,H,332.6633255,311.1,1445,41.4,5.812657977,144,0,0,0,0,0,301.4
3979,L51158,L,362.9706068,311.3,1382,46.4,9.654483521,94,0,0,0,0,0,
4213,M19072,M,399.9077321,310.6,1392,60.5,6.830490765,10,0,0,0,0,0,302
2762,L49941,L,244.1990634,309.3,1299,65.1,4.667946074,212,0,0,0,1,0,299.8
9255,L56434,L,393.2765578,309.1,1616,31.1,5.117555856,195,,0,0,0,0,298.3
4369,L51548,L,229.5381879,310,1664,28.6,7.897712419,190,0,0,0,0,0,302
4931,L52110,L,259.0008228,312.3,1663,33.9,9.072247244,78,0,0,0,0,0,303.4
696,L47875,L,292.3908247,309,1487,45.4,8.087778565,64,0,0,0,0,0,297.6
908,M15767,,249.9877668,306.1,1669,29,3.665833011,161,0,0,0,0,0,295.6
7344,L54523,L,168.1201602,310.2,1468,48,5.098024334,9,0,0,0,0,0,299.6
4341,M19200,M,361.5479045,309.9,1533,40.9,6.469026318,106,0,0,0,0,0,301.7
9770,L56949,L,394.9153116,309.6,1386,,7.27472383,25,0,0,0,0,0,298.6
144,H29557,H,238.1104304,308.4,1407,50.5,4.806779289,164,0,0,0,0,0,298.6
5237,L52416,L,272.7696104,313.1,1394,45.4,2.624916306,36,0,0,0,0,0,303.8
4153,M19012,M,363.7661233,310.5,1425,44.7,6.640121634,76,0,0,0,0,0,302
7102,L54281,L,217.1049354,310.2,1850,22.8,6.518180893,33,0,0,0,0,0,
492,L47671,L,319.6493759,309.2,1420,45.6,4.193560895,193,0,0,0,0,0,297.4
5579,L52758,L,294.986091,312.2,1574,38.7,7.309309846,30,0,0,0,0,0,302.5
5338,M20197,M,313.3911215,312.6,1482,44.4,8.10491687,73,0,0,0,0,0,303.3
5692,L52871,L,361.7808796,311.8,1320,56.4,7.506271184,100,0,0,0,0,0,302.4
7924,M22783,M,291.6184437,312,1450,45,7.508718216,183,0,0,0,0,0,300.8
7923,L55102,L,180.3181976,311.9,1462,39.7,2.128417627,181,0,0,0,0,0,300.7
9753,L56932,L,271.7335462,309.8,1561,32.6,5.48548806,201,0,0,0,0,0,298.6
1436,H30849,H,102.9244686,309.9,1526,42.1,6.163721997,30,0,0,0,0,0,298.8
226,L47405,L,256.9889879,308.5,1362,53.8,4.902842974,164,0,0,0,0,0,298.3
3434,M18293,M,346.0875951,310.6,1924,23.6,7.9379531,181,0,0,0,0,0,301.6
8674,L55853,L,313.8802282,308.6,1494,42.6,4.830903521,161,0,0,0,0,0,297.4
7360,M22219,M,377.7821873,310,1512,43.2,7.094737501,47,0,0,0,0,0,299.4
7208,M22067,M,191.030195,309.6,1540,34.4,7.150261325,91,0,0,0,0,0,299.7
6185,L53364,L,130.1129467,311,1553,,7.587042776,26,0,0,0,0,0,301
7422,M22281,M,283.4428554,311.4,1342,48.5,5.756351231,203,0,0,0,0,0,300.1
7233,M22092,M,281.6784087,309.9,1639,42.1,5.191512185,159,0,0,0,0,0,299.9
2550,L49729,L,312.1685765,309.2,1489,42.3,5.808166727,114,0,0,0,0,0,299.4
9660,L56839,L,307.135044,309.8,1287,61.9,4.406903056,216,0,0,0,1,0,298.9
776,L47955,L,327.7676391,307.8,1453,46,6.709754348,33,0,0,0,0,0,296.7
2810,L49989,L,117.084525,309.2,1598,34.6,5.680889425,111,0,0,0,0,0,299.9
333,M15192,M,306.3335001,308.3,1538,40.2,5.738554199,0,0,0,0,0,0,297.6
1472,L48651,L,363.8501272,309.6,1421,53.6,3.76896456,122,0,0,0,0,0,298.5
8058,L55237,L,198.8682154,311.5,1549,37.2,5.858413617,67,0,0,0,0,,300.2
517,L47696,L,287.4519916,309.3,1732,29.9,7.551189036,32,0,0,0,0,0,297.5
7322,L54501,L,363.7936109,310.2,1911,23.5,3.623182211,166,0,0,0,0,0,299.8
4856,L52035,L,361.83647,312.3,1375,46.2,5.768227424,98,0,0,0,0,0,303.7
6381,L53560,L,226.6290744,309.8,1430,55,7.030762382,102,0,0,0,0,0,300.2
6507,H35920,H,277.4579376,310.1,1454,,5.312460244,217,0,0,0,0,0,301
9603,L56782,L,242.9207026,310.2,1705,32.5,9.616891408,63,0,0,0,0,0,298.9
6125,M20984,M,308.0736283,310.9,1727,30.1,4.782253743,102,,0,0,0,0,300.9
1962,L49141,L,290.5913075,307.5,1448,51.2,8.18262597,107,,0,0,0,0,297.8
7991,M22850,M,201.378768,312.4,1809,25.1,8.905940163,126,0,0,0,0,0,301.1
9338,H38751,H,352.562721,308.9,1500,40.3,4.459108099,207,0,0,0,0,0,298.5
6886,L54065,L,195.3556446,311.2,1397,48.7,6.8284748,111,0,0,0,0,0,300.8
1004,L48183,L,332.9658077,307.1,1444,46.7,4.082058037,194,0,0,0,0,0,296.2
3836,M18695,M,287.819805,311.1,1435,43.1,9.914550117,149,0,0,0,0,0,302.3
308,M15167,M,363.522782,308.4,1579,36.6,2.281469851,152,0,0,0,0,0,297.8
8253,L55432,L,130.9799732,310.4,1565,36.1,3.307253683,127,0,0,0,0,0,299
2360,L49539,L,336.0541707,308.5,1413,38.5,7.761583767,57,0,0,0,0,0,299.3
7190,L54369,L,153.1199014,310.4,1486,46.3,9.64899437,48,0,0,0,0,0,
1241,L48420,L,367.5373453,308.6,1636,31.3,7.411324049,192,0,0,0,0,,297.2
5782,M20641,M,317.0655285,311.1,1618,36.7,3.357140518,115,0,0,0,0,0,301.7
7000,M21859,M,131.0562581,310.7,1457,36.7,8.146861361,193,0,0,0,0,0,300.6
3051,L50230,,360.5194607,309.2,1431,51.3,5.45300399,57,0,0,0,0,0,300.2
1022,M15881,M,344.1156513,307.2,1454,42.5,7.744216826,35,0,0,0,0,0,296.3
2306,H31719,H,104.4173561,308.5,1342,47.5,1.293829827,147,0,0,0,0,0,
2400,M17259,M,290.099534,308.5,1594,35.8,6.893536431,160,0,0,0,0,0,299.2
5819,L52998,L,230.5143326,311,1539,36.9,9.316132234,206,0,0,0,0,0,301.3
7928,L55107,L,300.6031031,311.9,1476,42,1.244018754,196,0,0,0,0,0,300.7
1016,L48195,L,327.4666962,307.2,1356,43.6,2.849227253,22,0,0,0,0,0,296.2
2924,M17783,M,159.8277886,309.7,1397,51.3,9.785608601,155,0,0,0,0,0,300.7
7058,L54237,L,242.1164188,310.6,1666,36.2,7.099102967,144,0,0,0,0,0,
4797,L51976,L,128.5216868,312.4,1390,47.3,5.359742105,164,0,0,0,0,0,303.5
5858,L53037,L,257.1591286,310.9,1760,23.9,6.869282686,76,0,0,0,0,0,301.3
8113,M22972,M,125.8562399,311.8,1442,45.1,6.89899175,0,0,0,0,0,0,300.4
6367,M21226,M,242.2552427,309.5,2065,18.1,7.989304057,62,0,0,0,0,0,299.9
975,L48154,L,147.3428386,306.6,1511,35.2,4.366570897,119,0,0,0,0,0,296
3879,L51058,L,174.3449521,311.7,1773,27.1,5.925975587,30,0,0,0,0,0,302.6
6172,L53351,L,337.6477809,310.6,1416,42.2,3.623697174,225,0,0,0,0,0,300.8
1301,L48480,L,259.92178,309.8,1322,57,5.131045959,140,0,0,0,0,0,298.7
8699,H38112,H,199.0539731,308.7,1438,46.2,9.569391687,16,,0,0,0,0,
4274,L51453,L,140.8633493,310.8,1486,36.4,1.565906519,160,,0,0,0,0,302.6
4224,L51403,L,263.1738732,310.7,1657,31.9,3.780430931,37,0,0,0,0,0,302
2319,L49498,L,324.70362,308.8,1405,51.4,9.952479456,183,0,0,0,0,0,299.2
7670,L54849,L,205.3210253,311.8,1336,58.4,6.74258429,189,0,0,0,1,0,300.7
5855,L53034,L,395.7437113,310.9,1416,53.3,2.588349412,66,0,0,0,0,0,301.2
2005,L49184,L,359.722323,308.2,1451,47.5,2.660733543,18,0,0,0,0,,298.5
820,L47999,L,379.993956,307.6,1398,46.7,9.255318676,144,0,0,0,0,0,296.8
1268,M16127,M,137.0212353,309.6,1549,38.7,9.176900689,43,0,0,0,0,0,298.1
6567,L53746,L,276.997507,310.6,1966,22.6,2.499362083,161,0,0,0,0,0,301.3
2011,L49190,L,274.371923,308.3,1278,60.5,2.982882065,32,0,0,0,0,0,298.6
4502,L51681,L,373.7777221,310.2,1307,,1.135970042,86,0,1,0,0,0,302.5
1547,L48726,L,334.3233433,308.9,1391,48.4,6.209042765,100,0,0,0,0,0,298.4
1586,L48765,L,369.5634514,308.3,1400,48.7,5.859637508,194,0,0,0,0,0,
3745,L50924,L,243.9988936,311.4,1409,53.1,7.829282513,126,0,0,0,0,0,302.5
2632,H32045,H,391.6315615,309.7,1529,42.4,3.972050028,107,0,0,0,0,0,
3871,L51050,L,287.6363005,311.8,1461,46.1,3.735552341,10,0,0,0,0,0,302.7
6708,L53887,L,270.5187377,310.6,1556,39,3.280489269,72,0,0,0,0,0,301.3
9528,L56707,L,298.1469865,310.4,1550,43.9,6.072281782,79,0,0,0,0,0,299.1
229,M15088,M,152.7467574,308.5,1629,37.1,8.084582587,170,0,0,0,0,0,298.3
4509,L51688,L,248.6152166,310,1426,46.6,7.817456648,102,0,0,0,0,0,302.4
4494,L51673,L,367.7369621,310.5,1511,37.7,2.755812137,60,0,0,0,0,0,
9324,L56503,L,115.5115311,309.4,1447,40.2,4.621484073,173,0,0,0,0,0,298.6
2173,L49352,L,243.1209983,309.2,1816,23,5.313581192,15,0,0,0,0,0,
848,L48027,L,144.3439242,307.4,2833,5.6,2.223579655,213,,0,1,0,0,296.4
8714,L55893,L,310.4876176,308.6,1917,24.1,2.120375991,54,0,0,0,0,0,297.2
6875,H36288,H,154.5998637,311.3,1295,58.9,1.999889487,77,0,0,0,0,0,300.9
3676,M18535,M,191.8244885,311.5,1866,23.1,1.161194963,159,0,0,0,0,0,302.1
2871,M17730,M,332.8792439,309.7,1519,39.7,7.002838243,16,0,0,0,0,0,300.8
2605,M17464,M,288.1745394,309.1,1385,45.6,7.168915856,34,0,0,0,0,0,299.3
2850,L50029,L,101.6631357,309.3,1766,28.2,2.538283049,207,0,0,0,0,0,
8930,M23789,M,285.0126568,308.4,1620,35.8,4.375431415,215,0,0,0,0,0,297.4
1614,L48793,L,327.7868516,308,1296,62.9,9.434724923,41,0,0,0,0,0,297.9
5793,M20652,M,286.8141571,311.3,1624,31.6,8.714188861,145,0,0,0,0,0,301.8
6599,L53778,L,370.4637834,310.7,1424,51.1,5.06122495,22,0,0,0,0,0,301.5
6407,L53586,L,230.9248198,309.8,1526,45.6,6.114925096,175,0,0,0,0,0,300.2
5289,L52468,L,142.2998058,313.2,1531,39.4,6.469747823,159,0,0,0,0,0,303.8
1362,M16221,M,149.6593748,310.1,1458,41.9,3.727259449,61,0,0,0,0,0,298.6
6025,L53204,L,298.9173345,310.9,1356,65.3,9.800275496,66,0,0,1,0,0,300.7
2585,L49764,L,328.8906046,308.8,1502,46.7,9.546887077,197,0,0,0,0,0,299.1
904,L48083,L,130.6013657,306.2,2270,14.6,2.550250625,149,0,0,1,0,0,295.7
2661,L49840,L,238.4013904,309.3,1291,56.4,8.182178906,188,0,0,0,0,0,299.8
1493,M16352,M,275.2993219,308.7,1479,58.5,8.205948217,176,0,0,1,0,0,298
8225,L55404,L,317.8359328,310.5,1496,35.2,7.386463805,60,0,0,0,0,0,299.1
3136,L50315,L,197.9628932,309.8,1342,52.5,9.313287788,68,0,0,0,0,0,300.4
9727,L56906,L,322.2088712,309.8,1557,37.2,4.831088653,139,0,0,0,0,0,298.8
3445,L50624,L,329.9209202,310.6,1381,50.7,1.592859451,206,0,0,0,0,0,301.5
9081,L56260,L,128.5497326,308,1869,25.4,2.701461691,163,0,0,0,0,0,
1426,L48605,L,126.9455829,309.7,1356,54,4.444062694,6,0,0,0,0,0,298.6
91,L47270,L,313.4882919,308.9,1753,25.8,9.104985357,33,0,0,0,0,0,
5884,L53063,L,358.3300212,311.1,1800,26,6.156712292,135,0,0,0,0,0,301.4
8040,L55219,L,366.3687899,311.9,1560,31.8,5.364891684,21,0,0,0,0,0,
4499,H33912,H,204.2079098,310.4,1614,36,2.688285568,74,0,0,0,0,0,302.6
5620,L52799,L,193.1074301,312.3,1932,21.9,5.163269771,132,0,0,0,0,0,303
1310,L48489,L,111.6131932,310.2,1654,31.1,5.045810636,158,0,0,0,0,0,298.9
318,L47497,L,156.3695157,308.4,1685,28.4,3.572228049,179,,0,0,0,0,297.8
2867,L50046,L,103.3264939,309.7,1997,20.7,6.345701154,5,0,0,0,0,0,300.8
1049,L48228,L,184.6930126,307.6,1607,33.5,6.919494475,104,0,0,0,0,0,296.5
9232,L56411,L,196.2834945,309.1,1539,36.5,8.078669047,134,0,0,0,0,0,298.2
854,L48033,L,103.5187154,307.3,1444,49,4.126171375,13,0,0,0,0,0,296.3
1839,M16698,M,111.048946,307.2,1456,39.6,5.23571228,199,0,0,0,0,0,297.8
3233,L50412,L,102.9312,309.3,1580,38.3,1.493395687,102,0,0,0,0,0,300.7
5111,M19970,M,244.1505906,313.5,1732,26.2,3.138537184,126,0,0,0,0,0,304
239,L47418,L,356.6464257,308.1,1393,50.3,5.796186696,193,0,0,0,0,0,297.9
8483,L55662,L,395.9665938,309.5,1520,38.1,8.149072756,106,0,0,0,0,0,298.4
290,L47469,L,258.0490442,308.4,1436,46.7,6.77734374,103,0,0,0,0,0,298.1
4412,L51591,L,247.4185172,310.3,1688,31.6,9.720870103,66,0,0,0,0,0,302.5
9907,M24766,M,138.8848757,309.1,1587,37.3,7.291218568,203,0,0,0,0,0,298.6
3892,L51071,L,282.1806386,311.1,1418,47,3.035133362,61,0,0,0,0,0,
7082,L54261,L,212.328119,310.4,1366,52.6,7.274637306,205,,0,0,0,,300.7
6396,M21255,M,129.6346241,309.6,1376,52.1,4.786504549,147,0,0,0,0,0,
4755,M19614,M,240.8817917,311.5,1384,54.8,2.209204137,48,,0,0,0,0,303.3
3111,H32524,H,171.5734533,309.2,1525,,8.872746304,0,0,0,0,0,0,299.9
7761,M22620,M,131.674651,311.7,1511,33,9.975938993,200,,0,0,0,0,300.4
1173,L48352,L,384.5907508,308.1,1446,36.6,3.650556595,227,0,0,0,0,0,297.1
9173,L56352,L,182.7235888,308.9,1715,27.2,8.059040458,193,0,0,0,0,0,
3581,L50760,L,118.4295659,310.6,1650,31.9,1.740061222,126,,0,0,0,0,301.8
7598,L54777,L,131.6775171,311,2074,18.9,8.467961689,9,0,0,0,0,0,300.5
6646,M21505,M,397.5345722,310.4,1486,39.6,8.107103267,144,0,0,0,0,0,301.5
6520,L53699,L,358.4755439,310.1,1417,,8.581365649,35,0,0,0,0,0,
2199,M17058,M,122.3694098,308.9,1478,,9.945627184,87,0,0,0,0,0,299.7
4572,L51751,L,286.9119455,310.9,1708,29.8,9.295641436,42,0,0,0,0,0,302.8
4080,L51259,L,303.6112618,310.5,1978,,2.327860991,106,0,0,0,0,0,302
2206,L49385,L,283.4000086,309.2,1624,34.6,2.488137177,105,0,0,0,0,0,299.9
5524,M20383,M,209.3116888,311.9,1524,34.8,2.805995116,86,0,0,0,0,0,302.5
5758,L52937,L,355.8086636,311.3,1366,55.6,6.031684708,57,0,0,0,0,0,301.9
7157,M22016,M,375.9939879,310,1664,30.7,8.852901747,179,0,0,0,0,0,300.2
5595,L52774,L,150.1133531,311.9,1598,35.5,3.762403766,69,0,0,0,0,0,302.6
7008,L54187,L,398.4207461,310.6,1499,45.2,6.302610673,8,0,0,0,0,0,300.5
7029,M21888,M,397.1456665,310.6,1403,,8.831529351,64,,0,0,0,0,300.6
6073,M20932,M,167.0063316,310.8,1695,30.2,3.115909296,188,,0,0,0,0,300.9
9386,M24245,M,307.3914882,308.1,1907,23.5,5.696434187,125,0,0,0,0,0,297.5
7925,H37338,H,393.2864013,311.9,1389,46.5,2.818705257,186,0,0,0,0,0,300.7
9842,M24701,M,390.6220535,309.2,1359,51.4,3.691430224,21,0,0,0,0,0,298.3
9148,L56327,L,127.9209074,308.7,1688,27.2,6.594127492,125,0,0,0,0,0,297.7
1947,L49126,L,141.3049772,308.1,1622,34.9,1.245046137,67,0,0,0,0,0,298.2
2671,L49850,L,171.231362,309.4,1467,46.2,3.068336809,219,0,0,0,0,0,299.8
6928,L54107,L,253.7677049,311.6,1488,43.4,9.454236579,5,0,0,0,0,0,301.1
2480,L49659,L,291.8822589,308.5,1604,34.7,7.459989959,159,0,0,0,0,0,299
4751,M19610,M,216.4363203,311.2,1688,31.9,8.151705968,33,0,0,0,0,0,303.2
2547,L49726,L,395.3891434,309.1,1605,34.3,5.046904354,107,,0,0,0,0,299.2
3364,L50543,L,343.38734,310.6,1555,43.3,2.64883946,212,0,0,0,0,0,301.4
3354,L50533,L,277.0268264,310.9,1632,31.6,9.032807065,189,0,0,0,0,0,301.6
300,M15159,M,209.3063238,308.3,1567,35.6,5.784367769,131,0,0,0,0,0,297.8
4497,M19356,M,353.9280343,310.4,1605,36,6.814861309,69,0,0,0,0,0,302.5
2670,H32083,H,282.4233763,309.3,1494,37.8,3.349810743,214,0,0,0,0,0,299.7
3578,M18437,M,348.8248355,310.4,1455,39,3.659155956,118,0,0,0,0,0,301.6
881,M15740,M,283.9782373,306.3,1235,76.2,6.606464876,89,0,0,1,0,0,295.8
9311,L56490,L,153.3302909,309.3,1549,40.8,1.859388667,139,0,0,0,0,,298.4
4538,L51717,L,173.8247773,310.2,1548,35.3,8.384975579,170,0,0,0,0,0,302.3
9286,M24145,M,280.2322846,309,1410,47.6,3.155320955,76,0,0,0,0,0,298.2
2323,L49502,L,192.8940263,308.7,1514,41.9,7.080816057,196,0,0,0,0,0,299.2
9342,M24201,M,195.8504158,308.9,1363,,6.77800454,5,0,0,0,0,0,298.3
9409,H38822,H,291.5633872,308.4,1637,34.5,8.814225833,191,0,0,0,0,0,297.9
1441,M16300,M,142.3574655,309.9,1741,,5.930352495,50,0,0,0,0,0,298.8
2198,L49377,L,304.6736814,309,1412,49.2,2.687304474,85,0,0,0,0,0,299.7
9602,L56781,L,190.9375284,310.1,2109,18,6.043244235,61,0,0,0,0,0,298.9
9845,H39258,H,250.8217673,309.1,1484,37,6.096442563,28,0,0,0,0,0,298.3
495,L47674,L,289.8842144,309.4,1326,49.8,8.729189831,199,0,0,0,0,0,297.6
9859,L57038,L,265.6486112,309.5,1547,33.1,5.736444113,68,0,0,0,0,0,298.5
4177,M19036,M,132.9712675,310.7,1544,39.7,4.104827133,141,0,0,0,0,0,302.3
5278,L52457,L,312.4073702,312.9,1501,44,6.547878869,128,0,0,0,0,0,303.5
1717,L48896,L,224.9707397,307.7,1523,37.7,8.152904426,80,0,0,0,0,0,
236,M15095,M,374.0130378,308.3,1680,33.7,2.277365864,185,0,0,0,0,0,298.1
6908,L54087,L,175.1129693,311.3,1449,40.2,2.761237037,168,0,0,0,0,0,
9599,L56778,L,264.3181527,310.2,1490,41.1,5.957645536,54,0,0,0,0,0,299
4789,H34202,H,210.8547367,312.6,1514,35.5,4.891349473,138,,0,0,0,0,303.7
3382,L50561,L,399.1780148,310.6,1376,,9.583859573,45,,0,0,0,0,301.3
3800,L50979,L,398.3196531,310.9,1506,34,6.857783998,49,0,0,0,0,0,302.2
4851,L52030,L,264.5709267,312,1441,56.8,2.407979168,88,0,0,0,0,0,303.5
2156,L49335,L,172.1786754,308.8,1341,47.7,3.899814015,199,0,0,0,0,0,299.3
9866,M24725,M,275.113412,309.8,2450,13.9,2.870619235,89,0,0,0,0,0,298.9
6355,L53534,L,149.3813513,309.6,1565,34.8,1.981548591,32,0,0,0,0,0,300.1
3329,L50508,L,314.7044747,310.6,1418,43.9,2.868789913,129,0,0,0,0,0,
6746,M21605,M,164.1977278,311.1,1395,44.6,5.074108826,171,0,0,0,0,0,301.8
3796,M18655,M,156.2682819,310.8,1409,41.3,5.791451899,39,0,0,0,0,0,
8197,L55376,L,297.9715184,310.8,1622,33.6,1.232537033,217,0,0,0,0,0,299.4
6382,L53561,L,172.5014607,309.7,1771,27.1,4.026223391,104,0,0,0,0,0,
6828,M21687,M,383.561127,310.9,1515,41.8,2.876654604,170,0,0,0,0,0,301
6823,M21682,M,255.3343581,310.6,1709,29.2,5.623674747,158,0,0,0,0,0,300.9
3941,L51120,L,270.7917082,311.5,1395,54.2,2.92488903,198,0,0,0,0,0,302.3
4883,L52062,L,386.3545063,312.5,1462,46.2,1.349826935,165,0,0,0,0,0,303.7
2050,M16909,M,214.7246475,309.2,1586,37.9,1.787356653,129,0,0,0,0,0,
4932,M19791,M,289.3823192,312.1,1693,30,2.969062717,80,0,0,0,0,0,303.3
7573,L54752,L,138.0826812,311.1,1676,28.6,1.299175652,158,0,0,0,0,0,300.3
1418,L48597,L,236.9802526,309.9,1541,38.5,2.09344745,208,0,0,0,0,0,298.7
7459,M22318,M,160.6400461,311.6,1433,51.4,6.891243914,76,0,0,0,0,0,300.1
4770,H34183,H,305.2869706,311.9,1544,37.1,2.072312891,88,0,0,0,0,0,303.6
6577,L53756,L,309.5612762,310.5,1644,34.9,3.170766126,186,0,0,0,0,0,301.5
2124,L49303,L,351.5904577,309,1491,38.4,8.868786511,115,0,0,0,0,0,299.3
5966,H35379,H,342.3085329,310.9,1447,46.5,7.427371207,137,0,0,0,0,0,300.5
6175,L53354,L,392.8523105,310.7,1573,31.2,8.080684689,2,0,0,0,0,0,300.9
5631,M20490,M,231.6509,312.2,1615,32.9,7.940039181,159,0,0,0,0,0,302.8
9356,L56535,L,299.8214946,308.9,1708,28,9.427437386,42,0,0,0,0,0,298.3
5032,M19891,M,237.3384401,313,1514,45,3.368590895,113,0,0,0,0,0,303.8
6014,L53193,L,164.0310662,310.8,1597,30.5,2.427893709,38,0,0,0,0,0,300.7
7129,L54308,L,399.8964321,310,1511,36.9,7.056124303,105,0,0,0,0,0,300.6
1561,M16420,M,262.211821,308.4,1510,39.9,1.803344586,134,0,0,0,0,0,298.2
1698,M16557,,290.3824377,307.6,1519,44,8.374559348,37,0,0,0,0,0,297.9
9164,L56343,L,295.4789397,308.6,1415,47.3,6.346852668,169,0,0,0,0,0,297.6
9047,L56226,L,144.8786049,308.4,1664,28.1,8.161125372,67,0,0,0,0,0,297.4
4178,L51357,L,153.4272252,310.9,1477,39.2,8.4945191,144,0,0,0,0,0,302.5
1921,L49100,L,136.5608705,307.9,2161,17.5,4.026664976,5,0,0,0,0,0,298.1
2353,M17212,M,341.3983938,308.5,1422,45.4,9.045910046,37,0,0,0,0,0,299.3
4378,M19237,M,325.4471297,309.6,1436,49,4.310535787,214,0,0,0,0,0,301.8
7307,L54486,L,233.940096,310.5,1356,45.8,7.942877945,126,0,0,0,0,0,300.1
3224,H32637,H,372.0267971,309.5,1495,36.5,2.168166562,79,0,0,0,0,0,300.6
1059,L48238,L,102.3753916,307.8,1605,31.3,2.989771299,128,,0,0,0,0,296.7
3880,M18739,M,366.3948102,311.7,1430,51.7,9.315502684,32,0,0,0,0,0,302.6
5189,L52368,L,339.2015353,313.2,1632,30.6,9.144601093,121,0,0,0,0,0,304
8403,L55582,L,245.2342558,309.5,1370,52.4,5.354637573,113,0,0,0,0,0,298.5
8103,L55282,L,395.5665334,311.8,1413,,8.534368734,182,0,0,0,0,0,300.3
3584,L50763,L,119.1100951,310.7,1751,29.3,9.444185809,133,0,0,0,0,0,301.8
415,L47594,L,389.229233,308.4,1588,32.5,8.486337699,207,0,0,0,0,0,297.4
5200,L52379,L,222.8754628,312.8,1503,40,1.008114811,154,0,0,0,0,0,
2280,L49459,L,223.5734546,308.7,1525,39,4.792208211,90,0,0,0,0,0,
4960,L52139,L,187.2502828,312.6,1735,25.9,9.135140398,154,0,0,0,0,0,303.8
6146,M21005,M,162.6738785,311.1,1436,41.8,6.000439967,156,0,0,0,0,0,301.1
1382,M16241,M,115.7027411,310.2,1583,,7.66962656,116,0,0,0,0,0,298.8
8030,M22889,M,114.1886247,311.9,1629,35.3,1.472197911,0,0,0,0,0,0,300.6
9402,M24261,M,196.9872151,308.2,1720,25.6,6.159438451,174,0,0,0,0,0,297.7
758,L47937,,153.8902715,308.1,1555,33.7,7.940091508,229,0,0,0,0,0,296.9
1256,H30669,H,102.8393981,308.9,1419,50.7,7.169006077,7,0,0,0,0,,
5600,M20459,M,175.7768409,312,1652,31,3.706273023,81,0,0,0,0,0,302.7
4349,L51528,L,141.1887428,309.8,1507,,5.858403742,131,0,0,0,0,0,301.9
2503,L49682,L,343.1649507,309,1515,48.9,6.258316828,228,0,0,0,1,0,299.2
54,L47233,L,375.6641811,309,1565,35.1,8.402354046,152,0,0,0,0,0,298.7
243,L47422,L,380.3618689,308.2,1348,58.8,3.33441231,202,0,0,0,1,0,298
2545,L49724,L,364.0657666,309,1951,21.4,4.782416876,102,0,0,0,0,0,299.2
4606,H34019,H,340.6617999,311,1469,48.7,5.79083012,130,0,0,0,0,0,302.9
6675,L53854,L,137.8451867,310.7,1618,,4.139821302,218,0,0,0,0,0,301.5
4275,L51454,L,187.06839,310.6,1445,40.3,5.282323579,162,0,0,0,0,0,302.4
1875,L49054,L,274.727276,308.1,1598,32.7,9.943859763,94,0,0,0,0,0,298.4
6480,L53659,L,228.9064663,309.8,1418,42.7,3.702678887,147,0,0,0,0,0,300.6
4653,L51832,L,222.6868779,311.2,1452,52.9,4.978334568,11,0,0,0,0,0,303.1
3241,L50420,L,149.7611725,309.5,1612,35.2,3.885873986,124,0,0,0,0,0,300.9
4189,M19048,M,145.9650484,310.8,1611,31.8,5.735477028,169,0,0,0,0,0,302.3
4397,H33810,H,161.5245788,310.1,1383,,2.616279877,24,0,0,0,0,0,302.3
3903,L51082,L,109.156357,311.1,1630,34.6,5.543720514,94,0,0,0,0,0,302.2
1900,L49079,L,316.8058878,307.5,1388,40,7.188764658,159,0,0,0,0,0,297.8
2103,L49282,L,185.5114838,309.3,1325,62,4.772017778,47,0,0,0,0,0,299.3
6643,L53822,L,380.4785043,310.6,1431,37.5,3.680782735,137,,0,0,0,0,301.6
6036,M20895,M,117.5164515,310.9,1702,30.3,9.88252371,91,0,0,0,0,0,300.6
7432,M22291,M,325.2038114,311.4,1352,61.8,2.028342888,10,,0,0,0,0,300
8927,M23786,M,315.3023884,308.3,1459,59.6,5.331550638,207,0,0,1,1,0,297.3
9621,L56800,L,179.2916678,310,1470,45.9,8.469740405,109,0,0,0,0,0,298.9
6811,L53990,L,117.7905532,310.7,1727,34.5,2.770378267,127,,0,0,0,0,301
7816,M22675,M,254.7472856,311.3,1703,28.4,5.160091251,134,0,0,0,0,0,299.9
4981,M19840,M,160.4287146,312.8,1685,,6.610362344,203,0,0,0,0,0,303.7
3153,M18012,M,317.400007,309.8,1473,42.3,4.798755669,121,0,0,0,0,0,300.5
6674,L53853,L,157.4098148,310.7,1380,,1.921884166,216,0,0,0,1,0,301.6
4759,L51938,L,340.1921324,311.6,1465,48.7,5.085504189,60,0,0,0,0,0,303.5
635,L47814,L,356.9855266,309.9,1507,,9.627798594,112,0,0,0,0,0,298.3
6422,L53601,L,317.6274031,309.9,1527,41.4,6.016141219,2,0,0,0,0,0,300.3
16,L47195,L,295.6480186,309.2,1542,48.4,2.455074721,42,0,0,0,0,0,298.6
4652,L51831,L,133.0533141,311.4,1349,51.1,6.965983253,9,0,1,0,0,0,303.2
4714,L51893,L,187.103775,311.8,1451,45.2,1.129123606,173,0,0,0,0,0,303.5
6825,L54004,L,233.8482136,310.7,1740,25.3,7.158269644,164,0,0,0,0,0,300.9
6911,L54090,L,234.0822495,311.2,1434,45.6,7.801041333,174,,0,0,0,0,300.8
1412,L48591,L,105.7061619,310.1,1944,23.4,6.320726962,192,0,0,0,0,0,298.9
8858,L56037,L,249.3779758,308.9,1742,26.3,8.599188929,24,,0,0,0,0,297.7
9521,L56700,L,350.9888274,310.1,1375,48.9,3.68090571,59,0,0,0,0,0,299
3607,L50786,,232.6122895,310.7,1318,55,8.744006759,194,,0,0,0,0,301.7
3645,L50824,L,204.7252634,311.5,1548,32.4,6.847414112,81,0,0,0,0,0,302.2
6287,L53466,L,213.3223234,310.6,1611,35.2,6.857546859,70,0,0,0,0,0,301.1
2937,M17796,M,117.1030947,309.7,1394,48.8,6.954809897,192,0,0,0,0,0,300.9
7528,L54707,L,316.2278078,311.3,1470,,7.652828059,40,0,0,0,0,0,300.1
7578,L54757,L,128.2459756,311.2,1530,32,9.289513284,169,0,0,0,0,0,300.4
1240,H30653,H,137.6188691,308.5,1482,39.3,8.961230163,187,0,0,0,0,0,297.2
8589,L55768,L,103.0065162,307.8,1385,,9.397387877,169,0,0,0,0,0,297.3
8746,L55925,L,165.8876395,308.6,1411,46.3,5.40892662,138,,0,0,0,0,297.4
4417,M19276,M,321.9836802,310.4,1532,36.1,8.87149278,77,0,0,0,0,0,302.6
7786,L54965,,166.8932425,311.5,1383,42.1,9.856086993,60,0,0,0,0,0,300.2
5877,L53056,L,215.0467766,311.1,1426,52.1,3.413666435,121,0,0,0,0,0,301.5
9952,L57131,L,121.0979524,307.8,1355,59.4,9.643610458,115,0,0,0,0,0,
5523,L52702,L,358.7181438,311.9,1453,39.1,8.305140256,84,0,0,0,0,0,302.6
4816,H34229,H,146.7064905,311.9,1534,33.2,7.231959491,210,0,0,0,0,0,303.4
5339,M20198,M,376.8192527,312.5,1674,32.7,6.477094706,76,0,0,0,0,0,303.3
3340,L50519,L,157.32363,310.9,1492,45.2,8.888056665,155,0,0,0,0,0,301.6
7582,M22441,M,343.451541,311.2,1366,56.1,6.462070039,177,0,0,0,0,0,300.4
164,M15023,M,201.9935141,308.2,1468,43.8,9.758318063,2,0,0,0,0,0,298.4
6771,M21630,M,167.1485332,310.8,1509,40.1,6.011622637,25,0,0,0,0,0,301.3
6286,M21145,M,151.0517293,310.7,1426,46.1,2.905329912,67,0,0,0,0,0,301.2
6579,L53758,L,139.8285825,310.4,1543,40.9,1.407994297,190,0,0,0,0,0,301.4
4256,M19115,M,331.2734152,311,1387,52.1,9.259847867,116,,0,0,0,0,302.5
4472,L51651,L,236.0674395,310.6,1670,29.1,8.434132514,2,0,0,0,0,0,
9058,M23917,M,255.6824695,308.4,1686,34.5,4.383924447,97,0,0,0,0,0,297.3
3348,L50527,L,208.2970328,310.6,1529,41.8,8.197208172,176,,0,0,0,0,301.3
110,L47289,L,260.186588,308.7,1572,34.1,2.953745227,80,0,0,0,0,0,298.9
5323,M20182,M,271.5475709,312.7,1357,,5.885307402,31,0,0,0,0,0,303.4
8292,L55471,L,176.6266157,310.5,1717,26.9,6.012960592,17,0,0,0,0,0,298.9
4002,H33415,H,354.4068124,311.2,1598,37.9,7.067890913,148,0,0,0,0,0,302.1
8603,L55782,L,398.9544022,308.1,1729,31.7,2.593391991,204,0,0,0,0,0,297.4
7105,L54284,L,123.3532852,310.4,1454,,5.188782256,43,0,0,0,0,,300.9
4718,M19577,M,146.5206008,311.6,1425,45.4,6.944319436,184,0,0,0,0,0,303.4
1582,M16441,M,267.0487736,308.3,1560,,1.835985124,181,0,0,0,0,0,298.2
9106,M23965,M,169.453654,308.2,1677,34.9,7.894201091,21,0,0,0,0,0,297.3
7345,L54524,L,160.7951256,310.1,1384,,4.833302598,11,0,0,0,0,0,299.6
8801,L55980,L,371.73905,308.5,1475,47.2,2.883223765,69,0,0,0,0,0,297.4
5483,L52662,L,390.5359343,312.1,1782,26.8,7.204447241,198,0,0,0,0,0,302.6
1231,M16090,M,253.6571528,308.4,1880,23.5,5.639961271,155,0,0,0,0,0,297.1
7514,L54693,L,300.5820738,311.8,2261,14.9,9.641511716,5,,0,0,0,0,300.4
7097,L54276,L,261.6947193,310.2,1489,47.8,1.916425551,21,0,0,0,0,0,300.6
1678,M16537,M,144.2086721,307.5,1647,30.8,7.537536518,212,0,0,0,0,0,297.9
2643,L49822,L,344.7974184,309.5,1542,40.3,9.445843187,141,0,0,0,0,0,299.8
1511,M16370,M,237.9202312,308.7,1547,38.9,9.521042475,0,0,0,0,0,0,298.1
4247,L51426,L,264.4078956,311,1537,35.5,2.944855429,91,0,0,0,0,0,302.6
8287,M23146,M,250.6025853,310.5,1678,32.8,3.350574294,4,0,0,0,0,0,298.8
3140,H32553,H,143.2225049,309.9,1513,38.7,1.877764503,76,0,0,0,0,0,300.4
6251,L53430,L,184.2364588,310.2,1520,37.7,6.454514454,193,0,0,0,0,0,300.8
8515,L55694,L,207.575048,309.4,1447,47.1,7.377275102,185,0,0,0,0,,298.2
7885,L55064,L,377.8177744,312.4,1465,59.1,9.100762182,91,0,0,1,0,0,
4197,M19056,M,245.4499946,311,1563,35.6,4.785980065,190,0,0,0,0,0,302.5
7277,M22136,M,364.4265839,310.3,1350,48.8,9.981237293,50,0,0,0,0,0,300.1
3148,M18007,M,261.4347627,309.7,1440,42.8,5.99012952,104,0,0,0,0,0,300.4
2008,L49187,L,349.5223927,308.4,1562,34.4,2.63538083,25,0,0,0,0,0,298.6
1823,L49002,L,398.8551916,307.6,1488,39.4,5.00002629,157,0,0,0,0,0,298.1
4644,L51823,L,360.0940612,311.4,1324,54.2,3.958316013,228,0,1,0,1,0,303.2
3997,M18856,M,297.0939528,311.3,1625,33.1,5.617560425,137,0,0,0,0,0,302.3
4977,L52156,L,253.3930012,312.7,1359,56.8,4.253416803,194,0,0,0,1,0,
9531,H38944,H,323.0158113,310.4,1405,53.6,8.350400403,86,0,0,0,0,0,299.1
7674,M22533,M,186.7645546,311.6,1476,39.1,3.397455714,199,0,0,0,0,0,300.5
105,L47284,L,245.888295,308.7,1450,43.4,8.809886541,66,0,0,0,0,0,298.8
5535,M20394,M,116.4729176,311.7,1494,37.1,2.066030119,114,0,0,0,0,0,302.3
5366,L52545,L,369.9543919,312.6,1548,36.4,3.977649528,150,0,0,0,0,0,303.1
1935,L49114,L,299.2422583,307.9,1698,33.3,3.723420636,40,0,0,0,0,0,298.1
8117,L55296,L,324.9285436,311.8,2004,19.6,2.570020115,12,,0,0,0,0,300.3
2478,L49657,L,307.2965339,308.5,1387,57.3,6.220927802,154,0,0,0,0,0,298.9
8950,L56129,L,243.5532377,308.3,1284,60.3,8.309281381,50,0,0,0,0,0,297.4
6385,H35798,H,310.1982049,309.6,1463,45.1,1.183766899,113,0,0,0,0,0,
6490,M21349,M,310.1573057,309.8,1490,38.8,5.089881718,173,0,0,0,0,0,300.7
9114,L56293,L,368.8108821,308.6,1744,28.5,1.944365876,42,,0,0,0,0,297.6
1476,M16335,M,275.8471644,309.5,1519,,8.432506204,133,0,0,0,0,0,298.4
6465,M21324,M,309.8869767,309.9,1735,27,4.263761885,107,0,0,0,0,0,300.5
9462,M24321,M,166.9942033,309.2,1414,,9.818519595,128,0,0,0,0,0,298.4
2266,M17125,M,102.5870961,308.4,1330,51.2,4.489587415,56,0,0,0,0,0,299.2
1127,L48306,L,240.094609,307.9,1706,30.8,8.400929659,111,,0,0,0,0,296.8
7617,M22476,M,179.1123165,311.4,1468,40.4,6.608792006,55,0,0,0,0,0,300.6
1227,L48406,L,155.3573267,308.4,1488,42.5,2.489882359,146,0,0,0,0,0,297.1
5176,L52355,L,163.8224578,313.4,1740,23.7,1.659035173,86,0,0,0,0,0,304.2
391,L47570,L,199.7032192,308.7,1460,46.7,4.950791379,150,0,0,0,0,0,297.6
230,L47409,L,361.8091171,308.5,1538,32.2,6.793932575,173,0,0,0,0,0,
211,L47390,L,228.9169655,308.7,1523,36.1,3.020407844,126,0,0,0,0,0,298.4
1833,M16692,M,218.8897333,307.4,1330,51.7,6.596645157,183,0,0,0,0,0,297.8
8423,H37836,H,224.4303451,310.3,1243,63,1.755717469,163,0,0,0,0,0,298.9
4524,L51703,L,197.2195391,310.4,1488,48.4,1.43263636,134,0,0,0,0,0,302.5
1519,H30932,H,157.7966612,309,1371,55.7,8.234285274,23,0,0,0,0,0,298.2
3603,M18462,M,208.7425262,310.6,1417,45.2,7.743944201,185,0,0,0,0,0,301.7
6957,M21816,M,335.1592429,311.2,1434,39.1,3.096891159,82,0,0,0,0,0,300.8
2549,M17408,M,253.7504453,309.2,1440,37.5,9.331702387,111,0,0,0,0,0,299.3
2439,M17298,M,112.5279468,308.4,1330,53.6,6.540747569,62,0,0,0,0,0,299.1
1364,L48543,L,306.7018073,310.1,1433,54.6,4.45305185,66,0,0,0,0,0,298.7
3002,L50181,L,161.5866721,309.8,1445,43.9,4.817503128,164,0,0,0,0,0,300.5
9905,L57084,L,218.4364818,309.1,1537,35.7,8.949153209,198,0,0,0,0,0,298.6
4600,L51779,L,338.8756476,311.1,1420,55.8,5.687915816,113,0,0,0,0,0,303.1
7247,L54426,L,345.1973001,310.1,1681,29.1,9.068940723,197,0,0,0,0,0,299.9
2721,L49900,L,128.8121907,309.2,1559,39.1,4.253874234,110,0,0,0,0,0,299.6
8924,M23783,M,161.9981169,308.1,1363,45.3,5.30712632,196,0,0,0,0,0,297
3331,L50510,L,260.3807801,310.8,1385,50.7,6.430003177,133,0,0,0,0,0,301.7
8353,L55532,L,113.2863492,309.6,1491,36.9,8.067030559,192,0,0,0,0,0,
7862,L55041,L,348.9136428,312,1498,42.9,1.168706517,25,0,0,0,0,0,
7554,L54733,L,273.7282252,311.3,1505,39.6,4.954716279,107,0,0,0,0,0,300.3
2813,M17672,M,392.854918,309.3,1413,40.7,1.48503829,117,,0,0,0,0,300
8111,H37524,H,192.470558,311.8,2141,18.5,7.284006619,204,0,0,0,0,0,300.3
3886,L51065,L,237.7143067,311.5,1677,29.2,1.611536879,49,0,0,0,0,0,302.5
2757,L49936,L,358.3719406,309.2,1781,29.6,8.193020923,201,0,0,0,0,0,299.7
6985,M21844,M,245.0189402,311,1706,25,1.587826165,153,0,0,0,0,0,300.7
9879,L57058,L,237.5596941,309.7,1293,59.1,2.58645593,125,,0,0,0,0,298.7
4202,L51381,L,117.7353976,311,2211,15.4,4.49504475,203,0,0,0,0,0,302.4
4885,H34298,H,149.4275427,312.5,1655,28,1.70689792,170,0,0,0,0,0,303.8
1151,L48330,,184.0846286,307.9,1456,50,5.110455931,166,0,0,0,0,0,
4987,L52166,L,310.8859628,312.9,1502,40.5,7.628963888,0,0,0,0,0,0,303.7
8266,H37679,H,145.7830888,310.6,1791,28,1.535694069,168,0,0,0,0,0,299.1
788,L47967,L,222.1422707,308.1,1435,45.3,7.92983994,62,0,0,0,0,0,296.9
9886,L57065,L,372.8322228,309.6,1613,27.7,4.821016572,143,0,0,0,0,0,298.8
1995,M16854,M,107.6196693,307.9,1403,45.1,7.714037079,193,0,0,0,0,0,298.2
9182,L56361,L,132.2812499,309.1,1521,36.1,6.937334567,15,0,0,0,0,0,
169,L47348,L,229.3996221,308.3,1433,62.3,6.976930073,20,0,0,1,0,0,298.4
7335,L54514,L,150.1381246,310.4,1694,30.3,1.811282431,204,0,0,0,0,0,
1406,L48585,L,370.3066369,310.1,1394,42.7,6.029388806,179,0,0,0,0,0,298.9
7362,L54541,L,367.634999,310,1502,38.5,7.668824959,52,0,0,0,0,0,299.5
5378,L52557,L,303.574525,312.4,2030,19.1,2.915124976,192,0,0,0,0,0,302.9
7846,L55025,L,121.1706599,311.8,1798,23.2,1.608308999,210,0,0,0,0,0,300.2
4157,M19016,M,266.890052,310.5,1823,25.1,6.018804732,87,0,0,0,0,0,302
545,M15404,M,247.6234741,309.4,1831,26.6,8.581874783,105,0,0,0,0,0,297.5
6536,H35949,H,115.2448929,310.5,1505,43.6,6.126056975,78,0,0,0,0,0,301.2
101,L47280,L,128.9997748,308.9,1852,25,6.024323979,57,0,0,0,0,0,298.8
6297,L53476,L,250.0441064,310.5,1429,39.4,5.108177508,98,0,0,0,0,0,301
7304,L54483,L,386.6351766,310.6,1374,,3.638375734,119,0,0,0,0,0,300.1
2586,M17445,M,138.3858196,308.7,1620,35.4,7.750666793,199,0,0,0,0,0,299
3828,M18687,M,239.1868462,310.9,1469,41.6,9.665571787,124,0,0,0,0,0,302.4
6451,L53630,L,369.3702164,310.2,1378,47.3,3.15754895,71,0,0,0,0,0,300.6
2160,M17019,M,380.7781713,309,1602,31.3,2.217282143,210,,0,0,0,0,299.5
9635,L56814,L,360.4804981,310.2,1425,52.7,9.495129931,154,,0,0,0,0,299.1
1592,L48771,L,329.0498544,308.4,1355,49.4,2.933872683,209,0,0,0,0,0,298.2
2711,L49890,L,175.634823,309.1,1574,39.2,5.952119412,83,0,0,0,0,0,299.6
3853,L51032,L,242.5484901,310.9,2034,19.7,8.722946539,190,0,0,0,0,0,302.3
9220,M24079,M,180.1817545,308.8,1350,57,8.508388805,105,0,0,0,0,0,297.7
3702,L50881,L,182.6199935,311.2,1417,48,1.883553188,13,0,0,0,0,0,
865,M15724,M,378.1770665,306.7,2044,22.3,1.549033239,48,0,0,0,0,0,296
2096,L49275,L,176.521793,309.3,1525,,7.744567583,30,0,0,0,0,0,299.4
8419,L55598,L,250.9343353,310.2,1971,23.2,8.057422402,155,0,0,0,0,0,298.9
8618,L55797,L,338.6276967,308.6,1529,45.3,5.927463347,15,0,0,0,0,0,297.6
2598,L49777,L,203.4011765,308.7,1449,38.9,2.289530542,18,0,0,0,0,0,299
9992,M24851,M,125.0965814,308.4,1827,26.1,2.802579045,5,0,0,0,0,0,298.9
171,M15030,M,146.371097,308.2,1610,35,9.643730119,24,0,0,0,0,0,298.4
7999,L55178,L,277.9679765,312.1,1359,51.7,7.187028452,146,0,0,0,0,0,
8462,L55641,L,153.4195789,309.9,1446,43.3,2.711248226,46,0,0,0,0,0,
3169,M18028,M,243.9003563,309.6,1614,,5.134124443,161,0,0,0,0,0,300.4
3403,L50582,L,322.201946,310.6,1347,53.3,7.895703196,104,0,0,0,0,0,301.4
5589,M20448,M,338.4498484,311.8,1566,37.6,6.327634399,54,0,0,0,0,0,302.5
9405,L56584,L,382.0973704,308.2,2007,19.3,1.562674136,181,0,0,0,0,0,
215,M15074,M,355.3942826,308.6,1589,37.1,3.786019289,137,0,0,0,0,0,298.3
2989,M17848,M,387.1410383,309.8,1532,42.5,4.592119466,130,0,0,0,0,0,300.6
149,M15008,M,245.9466058,308.3,1379,48,8.840099992,181,0,0,0,0,0,298.3
62,M14921,M,188.6274854,309,1592,38.2,6.78036449,169,0,0,0,0,0,298.8
3063,L50242,L,361.687263,309,1553,40,1.861314289,88,0,0,0,0,0,299.9
8162,H37575,H,374.6417692,311,1714,30.2,2.419764947,128,0,0,0,0,0,299.6
69,L47248,L,321.5771956,308.9,1527,32.4,7.0200552,189,0,0,0,0,0,298.8
1252,M16111,M,216.7324612,308.8,1359,48.7,1.539804179,220,0,0,0,0,0,297.4
2783,M17642,M,198.7717471,309.6,1491,41.8,7.301595455,41,,0,0,0,,300.2
5004,L52183,L,262.283331,312.8,1437,51.3,5.723613801,42,0,0,0,0,0,303.7
1899,L49078,L,127.6375106,307.5,1372,54.1,7.150649298,157,0,0,0,0,0,297.8
1715,L48894,L,298.7364867,307.8,1388,48.6,7.212218344,76,0,0,0,0,0,
8585,L55764,L,306.8179982,307.9,1390,47.7,1.197985936,156,0,0,0,0,0,297.4
2256,L49435,L,278.5720375,308.3,1559,33.7,8.688830597,30,0,0,0,0,0,299.1
2852,L50031,L,323.0699775,309.3,1373,48.8,5.828885636,211,0,0,0,0,0,300.5
8565,M23424,M,153.8778067,308.7,1614,30.7,7.023093312,106,0,0,0,0,0,298
6140,L53319,,361.5709392,310.7,1586,33.4,2.876291905,142,0,0,0,0,0,300.8
2449,L49628,L,132.4741786,308.9,1440,42.5,1.929860185,87,0,0,0,0,0,299.4
6733,L53912,L,395.7209477,311,1503,44.8,2.397308198,134,0,0,0,0,0,301.7
6854,L54033,,211.1898289,311.1,1417,40.7,8.475204094,24,0,0,0,0,0,300.9
9508,L56687,L,151.1220861,310.5,1505,,5.398617623,30,0,0,0,0,0,299.3
3,L47182,L,370.6434422,308.5,1498,49.4,4.449721956,5,0,0,0,0,0,298.1
2440,L49619,L,296.2373604,308.4,1693,31.6,1.653261523,65,,0,0,0,0,
4784,L51963,L,233.094326,312.5,1641,36,9.088154717,125,,0,0,0,0,303.7
5117,L52296,L,256.2952224,313.8,1401,53.9,7.998424102,142,0,0,0,0,0,304.2
9739,L56918,L,223.0401435,310,1509,38,8.999682377,168,0,0,0,0,0,299
7075,M21934,M,351.5354545,310.6,1488,39.2,8.607694482,189,0,0,0,0,0,300.7
7503,H36916,H,153.6487381,311.7,1655,29.9,4.798131772,193,0,0,0,0,0,300.3
2010,M16869,M,217.1521871,308.3,1717,28.7,1.670744716,29,0,0,0,0,0,298.6
3734,L50913,L,235.9458361,311.1,1470,39.6,6.736966445,97,0,0,0,0,0,302.2
1366,L48545,L,128.9260801,310.1,1676,,7.581470514,70,,0,0,0,0,298.7
6723,L53902,L,222.1044567,310.7,1657,28.7,4.328494908,108,0,0,0,0,0,301.4
1849,H31262,H,125.7860982,307.2,1429,44.1,7.534151306,26,0,0,0,0,0,297.7
1327,L48506,L,238.7995895,310.2,1411,46.5,8.307281972,202,0,0,0,0,0,298.9
5741,M20600,,217.60579,311.7,1535,38.3,4.28851591,5,0,0,0,0,0,302.3
1959,H31372,H,251.1576405,307.7,1464,43.2,4.200700896,97,0,0,0,0,0,297.9
2390,L49569,L,251.1196563,308.5,1867,27,5.348122507,138,0,0,0,0,0,299.2
8861,M23720,M,367.1459209,309.1,1488,37.3,9.486132316,30,0,0,0,0,0,297.9
5940,L53119,L,136.8829147,310.5,1409,60.9,4.038531441,73,0,0,0,0,0,300.5
7768,H37181,H,238.072358,311.4,1319,54.6,8.85848652,15,0,0,0,0,0,300.2
3497,L50676,L,227.9986084,310.9,1309,48,6.52168724,124,,0,0,0,0,301.9
5381,L52560,L,168.1778441,312.3,1494,37.5,2.061219086,198,0,0,0,0,0,302.8
8177,L55356,L,315.0264056,311.2,1564,40,4.492977657,172,0,0,0,0,0,299.8
1056,L48235,L,118.9160221,307.8,1480,39.4,3.261074827,122,0,0,0,0,0,296.8
6227,H35640,H,271.5020984,311,1341,59.3,3.573454129,134,0,0,0,0,0,301.3
5936,L53115,L,397.7880469,310.5,1646,34.5,9.028891934,63,0,0,0,0,0,300.5
549,L47728,L,294.573941,309.3,1332,53.2,6.781377957,115,0,0,0,0,0,297.4
7240,L54419,L,258.3344254,310.1,1553,42,8.465034108,177,0,0,0,0,0,299.8
2004,M16863,M,389.3007403,308.2,1564,37.5,5.005320698,15,0,0,0,0,0,298.5
3559,L50738,L,213.6214175,310.6,1743,26.2,8.201690565,71,0,0,0,0,0,301.7
6190,M21049,M,209.5483861,310.9,1910,21.9,9.784056281,37,0,0,0,0,0,301
4973,H34386,H,378.1320706,312.6,1811,24.9,5.199634189,183,0,0,0,0,0,303.8
4379,M19238,M,158.1379924,309.6,1385,45.8,3.059526171,217,0,0,0,0,0,
5808,M20667,M,335.7019883,310.9,1489,38.9,7.333749512,179,0,0,0,0,0,301.4
6967,L54146,L,289.038014,311,1969,20.7,3.521050773,109,0,0,0,0,0,300.7
1103,L48282,L,126.8561253,307.5,1347,54.8,2.118592008,43,0,0,0,0,0,296.8
4809,L51988,L,238.9182319,312.3,1404,48.6,2.417124858,193,0,0,0,0,0,303.5
7823,H37236,H,271.1497392,311.3,1413,41.8,8.25461626,153,0,0,0,0,0,299.9
9543,L56722,L,160.7796614,310.9,1716,28.5,7.353731424,117,0,0,0,0,0,299.6
2652,L49831,L,244.9887715,309.5,2008,20.4,2.981576029,165,0,0,0,0,0,299.9
7687,M22546,M,194.3050823,311.7,1504,36.9,5.05845287,229,0,0,0,0,0,300.7
3225,M18084,M,137.32055,309.5,1557,33.8,7.596999975,84,0,0,0,0,0,300.6
1464,L48643,L,223.8786383,310.1,1607,,7.473997901,105,0,0,0,0,0,298.8
6745,M21604,M,195.5203406,311,1298,58.1,1.88615731,168,0,0,0,0,0,301.7
6873,L54052,L,200.5062317,311.3,1472,35.3,7.658080424,73,0,0,0,0,0,301
7505,L54684,L,195.7603468,311.8,1589,42,2.928927696,201,0,0,0,0,0,300.4
4771,L51950,L,392.262782,311.9,1344,49.3,6.944194813,93,0,1,0,0,0,303.5
6316,M21175,M,173.184782,310.4,1517,46.1,5.159850791,145,,0,0,0,0,301
9780,L56959,L,189.9117192,309.8,1509,36.2,3.032003467,57,,0,0,0,0,298.8
5485,M20344,,302.6379864,312,1826,25.3,7.84864033,203,0,0,0,0,0,302.5
7288,M22147,M,222.7690533,310.4,1530,35.7,6.344735574,80,0,0,0,0,0,300.2
4585,L51764,L,343.0599032,311.1,1550,32.3,9.355847123,76,,0,0,0,0,302.8
9715,L56894,L,200.2177891,310.1,1894,20.1,9.823266685,106,,0,0,0,0,299.1
9665,L56844,L,182.2407699,310.2,1317,54.8,9.884055016,231,0,0,0,1,0,299.1
2687,L49866,L,306.2532519,309.4,1633,27.5,7.778892541,29,,0,0,0,0,299.8
5907,L53086,L,127.4394791,310.3,1533,35.6,2.696970514,198,,0,0,0,0,300.7
5487,L52666,L,366.6694581,312.2,1520,43,2.357956977,208,0,0,0,0,0,302.6
8485,L55664,L,309.5680361,309.5,1397,,4.999478601,110,0,0,0,0,,298.4
9949,L57128,L,133.5337606,307.8,1804,25.1,8.157899349,108,0,0,0,0,0,
3251,H32664,H,304.7336107,309.8,1709,27,6.543440144,151,0,0,0,0,0,301.2
945,M15804,M,176.3632152,306.3,1712,28.5,5.733246378,43,0,0,0,0,0,295.7
1080,L48259,L,242.6279148,307.7,1731,28.5,3.99224434,186,0,0,0,0,0,297
1645,L48824,L,345.2323983,307.8,1622,33.3,8.422053683,121,0,0,0,0,0,298
7951,L55130,L,118.3161372,311.6,1568,36,4.268001492,23,0,0,0,0,0,300.8
2165,L49344,L,257.0048824,309.2,1540,36.7,4.28926803,221,0,0,0,0,0,299.6
3723,L50902,L,244.1844717,311.2,1451,41.8,2.262769624,66,0,0,0,0,0,
9742,L56921,L,117.4960681,310.1,1495,42.9,5.41845056,175,0,0,0,0,0,298.9
8564,L55743,L,167.767216,308.9,1500,36.7,4.433575161,104,0,0,0,0,0,298
7449,L54628,L,329.5050075,311.8,1488,38.4,1.258461815,51,0,0,0,0,0,300.3
8742,L55921,L,286.5149688,308.8,1538,41.2,8.697802025,126,0,0,0,0,0,297.4
9127,L56306,L,240.3056068,308.5,1477,40.7,1.420973399,74,0,0,0,0,0,297.4
4172,M19031,M,339.1238983,310.5,1832,23.7,2.56644186,129,0,0,0,0,0,302.2
6337,L53516,L,141.0206944,309.8,1395,,6.833549356,201,,0,0,0,0,300.4
4292,L51471,L,230.2260795,310,2032,19,7.863165591,203,0,0,0,0,0,301.8
5511,L52690,L,342.7046196,312.1,1418,51.4,4.705505054,54,0,0,0,0,0,302.8
1997,M16856,M,302.0408486,308,1416,38.2,5.354223568,198,1,0,0,0,0,298.4
3539,L50718,L,174.8441566,311.1,1635,36,7.186627241,23,0,0,0,0,0,302
2685,L49864,L,272.2541388,309.4,1460,37.4,9.660989583,25,0,0,0,0,0,299.8
993,L48172,L,220.1030314,307.1,1651,35.7,7.915281492,167,0,0,0,0,0,296.1
9375,M24234,M,192.8335587,308.5,1466,44.7,1.047340352,88,0,0,0,0,0,297.8
345,M15204,M,219.2623615,308.2,2448,13.8,5.840508343,29,0,0,0,0,0,297.5
8881,L56060,L,217.0803545,309.2,1458,39.8,5.225241776,87,0,0,0,0,0,298
3902,H33315,H,206.0318557,311.1,1553,34.1,5.471549407,89,0,0,0,0,0,302.2
2566,L49745,L,341.5645303,309.1,1304,50.5,1.025984372,153,0,0,0,0,0,299.4
8523,H37936,H,229.2603422,309.4,1631,29.8,8.005422641,0,0,0,0,0,0,298.3
8498,M23357,M,389.4442744,309.4,1509,34.2,9.114048626,141,0,0,0,0,0,298.3
3004,M17863,M,284.3683623,309.9,1449,42.4,9.941878281,169,0,0,0,0,0,300.6
2334,L49513,L,319.7785345,308.5,1445,45.2,4.79978921,222,0,0,0,0,0,
3045,L50224,L,279.4530019,309.4,1981,21.4,3.608410875,44,0,0,0,0,0,
2036,M16895,M,232.9632213,308.6,1469,34.2,7.285605294,93,0,0,0,0,0,298.9
4308,L51487,L,337.3651526,309.9,1259,63.9,8.056315659,20,0,1,0,0,0,301.4
5947,L53126,L,148.4179659,310.8,1496,46.4,3.181492602,90,0,0,0,0,0,300.7
8047,L55226,L,360.6534769,311.8,1471,41.4,1.452700461,39,0,0,0,0,0,300.6
5142,L52321,L,236.1096649,313.7,1509,35,9.969533262,205,1,0,0,0,0,304.4
220,M15079,M,121.3283972,308.5,1434,46.2,4.008130855,148,0,0,0,0,0,298.3
8891,L56070,L,385.2248714,308.8,1616,34.2,8.037506832,114,0,0,0,0,0,297.7
4688,L51867,L,282.0199143,311.6,2183,17,8.25611921,110,0,0,0,0,0,303.5
2003,L49182,L,174.3260484,308.2,1654,27.1,5.575328725,13,0,0,0,0,0,298.5
8061,H37474,H,125.0144662,311.5,1426,44.3,8.94146497,73,0,0,0,0,0,300.2
3492,H32905,H,102.4247712,310.9,1590,34.3,4.063807501,106,0,0,0,0,0,301.9
2967,L50146,L,235.6647102,309.3,1601,40.2,7.71686524,69,0,0,0,0,0,300.6
3612,L50791,L,265.5453182,310.9,1405,46.4,4.014310892,207,1,0,0,0,1,301.7
9537,L56716,L,109.1857015,310.5,1818,26,4.774172445,102,,0,0,0,0,299.3
9825,L57004,L,366.2253827,309.3,1504,39.3,9.180543657,192,0,0,0,0,0,298.4
8411,L55590,L,385.4921843,309.5,1548,44.5,3.922018061,132,0,0,0,0,0,298.5
6712,L53891,L,295.6317537,310.7,1426,46.1,9.682371253,81,0,0,0,0,0,
7629,L54808,L,229.9428371,311.7,1619,32.7,9.76390943,85,0,0,0,0,0,300.5
3328,M18187,M,280.0990342,310.6,2432,14.2,1.746337366,126,0,0,0,0,0,301.5
9457,L56636,L,126.837228,309.3,1630,33.3,6.709663326,116,0,0,0,0,0,298.5
6145,M21004,M,398.2447872,311.1,1615,37.7,4.270261127,153,0,0,0,0,0,301.1
7790,L54969,L,297.4378772,311.5,1495,38.5,1.462680808,69,0,0,0,0,0,300.2
3610,M18469,M,204.2118463,310.9,1644,32.5,5.255009818,201,0,0,0,0,0,301.7
7546,L54725,L,133.8800954,311.4,1891,,6.524766614,86,0,0,0,0,0,300.2
7780,L54959,L,349.67945,311.7,1811,26.8,1.783325573,47,0,0,0,0,0,300.5
8052,L55231,L,240.3887855,311.8,1652,27.2,8.909584558,52,0,0,0,0,0,300.6
2784,M17643,M,390.9076473,309.6,1528,35.1,8.584229262,44,0,0,0,0,0,300.2
5973,L53152,L,382.7716085,310.8,1445,46.6,9.899065584,155,0,0,0,0,0,300.5
7426,M22285,M,106.4775872,311.4,1791,24.1,1.495190408,213,0,0,0,0,0,300
119,M14978,M,109.8588,308.6,1707,28.1,6.571837904,103,0,0,0,0,0,298.8
1042,L48221,L,211.627463,307.6,1809,25.1,7.074043368,86,0,0,0,0,0,296.6
6045,M20904,M,306.6676397,310.9,1522,41.7,5.08428535,115,0,0,0,0,0,300.8
2552,L49731,L,391.3726056,309.2,1541,37.2,7.61479959,118,0,0,0,0,0,299.3
4924,M19783,M,167.9678148,312.2,1972,23.5,8.220780314,59,0,0,0,0,,303.4
768,L47947,L,143.6832504,308,1546,31.1,7.414954044,11,0,0,0,0,0,296.9
5989,H35402,H,231.2967419,310.8,1296,58.2,2.090729271,204,,0,0,0,0,300.7
7993,M22852,M,239.3555502,312.3,1852,25.9,1.418045101,131,0,0,0,0,0,301.1
2594,H32007,H,147.7686908,308.5,1415,54,1.265035586,6,0,0,0,0,0,298.9
8551,L55730,L,287.8586729,309.2,1456,45.5,7.501581953,75,,0,0,0,0,298.3
7502,L54681,L,172.5500401,311.7,1640,30.8,8.035721725,191,0,0,0,0,0,300.2
1396,L48575,L,304.827502,310.4,1452,39.7,9.956905396,151,0,0,0,0,0,299.1
4315,H33728,H,180.5756902,310.1,1623,32.3,2.668868852,39,,0,0,0,0,301.4
1649,L48828,L,300.3739479,307.8,1373,50.2,1.323405243,130,0,0,0,0,0,297.9
167,H29580,H,201.2548728,308.2,1612,32.6,7.412627001,10,0,0,0,0,0,298.4
1018,L48197,L,186.9852616,307.2,1637,31.6,3.690500089,27,,0,0,0,0,296.3
1338,H30751,H,239.0361765,310.2,1613,36,4.831003122,0,0,0,0,0,0,298.7
8112,M22971,M,134.8031075,311.8,1553,33.1,9.432687051,209,1,0,0,0,0,300.4
6414,L53593,L,216.2878912,310.1,1614,33.5,5.814420773,191,0,0,0,0,0,300.4
9067,L56246,L,384.9766506,308.3,1656,30.3,9.538609224,124,0,0,0,0,0,297.2
732,M15591,M,109.6474622,308.6,1431,53,1.443560228,160,0,0,0,0,0,297.3
9125,L56304,L,354.8463371,308.4,1426,50.4,9.04481838,70,0,0,0,0,0,297.4
3419,H32832,H,309.6253157,310.6,1555,40.4,2.980190368,139,0,0,0,0,0,301.6
504,M15363,M,300.8037302,309.2,1442,48.1,9.312873071,0,0,0,0,0,0,297.6
446,L47625,L,229.8200965,308.6,1793,26.7,3.468007517,70,0,0,0,0,0,297.5
2773,L49952,L,325.4649319,309.4,1467,41.2,3.303904144,20,0,0,0,0,0,299.9
1288,L48467,L,356.2425959,309.6,1419,41.5,5.535634361,105,0,0,0,0,0,298.5
5515,L52694,L,201.4479318,312,1828,24,9.229703748,63,0,0,0,0,0,302.7
5372,L52551,L,305.8037281,312.3,1435,47.7,2.745459992,173,0,0,0,0,0,302.9
480,M15339,M,303.8324874,308.9,1323,57.3,6.045943662,163,0,0,0,0,0,297.4
6426,L53605,L,331.3479656,309.9,1393,56.1,9.842426023,12,0,0,0,0,0,300.3
589,L47768,L,316.0070773,309.4,1628,33.4,6.322313567,229,0,0,0,0,0,
3090,H32503,H,376.18791,309.3,1520,38.2,1.31057838,158,0,0,0,0,0,300.1
447,L47626,L,187.9549456,308.6,1452,39,7.768547327,72,0,0,0,0,0,297.5
770,L47949,L,310.4574968,308,1343,44.5,6.037329371,15,0,0,0,0,0,296.9
2921,L50100,L,132.7187996,309.7,1598,33.7,6.930531203,149,,0,0,0,0,
1335,L48514,L,248.8507751,310.4,1365,49.1,9.561415592,226,0,0,0,1,0,
9438,M24297,M,175.895717,308.7,1527,43,2.128670619,56,0,0,0,0,0,298.1
7753,M22612,M,117.8316409,311.7,1832,24.2,2.413749459,179,0,0,0,0,0,300.4
4307,L51486,L,122.8747204,310,1869,22.9,4.945952252,18,0,0,0,0,0,301.6
8212,L55391,L,116.243563,310.6,1675,33.3,6.405297751,28,0,0,0,0,0,299.2
5327,M20186,M,111.1238705,312.7,1420,,8.481760959,42,0,0,0,0,0,303.5
86,M14945,M,174.3575515,309,1804,,4.938845372,17,0,0,0,0,0,299
8596,M23455,M,371.7399853,308.2,1624,30.9,5.400256069,186,,0,0,0,0,297.5
2745,L49924,L,171.5279414,309.2,1620,30,6.516460244,168,0,0,0,0,0,
2248,M17107,M,343.7870501,308.4,1396,48.5,5.060656278,5,0,0,0,0,0,299.2
8252,L55431,L,154.9856603,310.4,1981,21.2,7.452864209,125,0,0,0,0,0,299
6709,M21568,M,253.6140921,310.6,1464,37.4,3.984225564,74,0,0,0,0,0,301.4
9559,M24418,M,384.7094418,310.9,1577,34.6,2.530671346,159,0,0,0,0,0,299.5
5856,M20715,M,301.1601229,310.9,1424,45.2,8.869998705,68,0,0,0,0,0,301.2
2853,M17712,M,274.53376,309.4,1347,50.1,2.655979038,213,0,0,0,0,0,300.5
1702,L48881,L,283.2578184,307.7,1479,42.5,6.224646309,47,0,0,0,0,0,298
2715,M17574,M,296.2850596,309.1,1366,,7.506811308,95,,0,0,0,0,299.6
8902,L56081,L,166.0045479,308.6,1446,50.1,4.294273719,144,,0,0,0,0,
2963,L50142,L,352.9679241,309.5,1508,39.9,9.05754586,59,0,0,0,0,0,300.7
3980,L51159,L,261.808667,311.3,1439,41.8,1.101189613,96,0,0,0,0,0,302.3
7346,L54525,L,241.6736167,310.2,1381,60.5,8.94563071,13,0,0,0,0,0,299.6
726,L47905,L,365.0000716,308.8,1640,34.2,8.336797949,142,0,0,0,0,0,297.4
9470,L56649,L,386.1222361,309.4,1698,33.2,9.788389285,147,0,0,0,0,0,298.6
1188,M16047,M,255.5974946,308.6,1522,38,2.479540971,33,0,0,0,0,0,
3907,L51086,L,130.0409821,311.2,1297,62.5,8.756462413,109,0,0,0,0,0,
1068,L48247,L,338.9047351,307.8,1466,45.7,6.634158318,153,0,0,0,0,0,296.9
3104,L50283,L,358.8087877,309.1,1668,30.3,1.840056946,200,0,0,0,0,0,299.8
5277,L52456,L,235.0887264,313,1606,34,2.647182672,126,0,0,0,0,0,303.5
4019,M18878,M,258.0128821,310.8,1783,23.1,9.51930946,190,0,0,0,0,0,302
6116,L53295,L,363.2813749,310.9,1457,47.7,4.740237906,82,0,0,0,0,0,300.8
2954,L50133,L,390.1939629,309.5,1578,35.4,6.501525206,34,0,0,0,0,0,300.7
3414,L50593,L,180.9079847,310.3,1560,36.3,2.781500651,129,0,0,0,0,0,
1932,M16791,M,225.3389531,308,1969,21.7,5.376267868,32,0,0,0,0,0,298.2
4518,L51697,L,256.0069846,310.3,1520,31.6,6.118493754,121,0,0,0,0,0,302.4
1557,H30970,H,167.9164321,308.5,1398,47.1,9.889861265,122,0,0,0,0,0,298.4
5967,L53146,L,154.5283962,310.8,1396,,6.899473248,142,,0,0,0,0,300.4
6530,L53709,L,189.3676253,310.6,1481,40.9,6.986231956,57,0,0,0,0,0,
7704,H37117,H,243.0159964,311.7,1864,23.6,4.644168889,47,0,0,0,0,0,300.7
7016,L54195,L,321.9853711,310.5,1452,42.9,2.238429618,29,0,0,0,0,0,300.5
8767,L55946,L,294.4078037,308.8,1360,50.7,2.944631879,190,0,0,0,0,0,297.5
8398,L55577,L,101.9420247,309.6,1724,26.4,3.766456132,100,0,0,0,0,0,298.5
5851,L53030,L,118.6138758,311.1,1560,35.3,6.549279765,55,0,0,0,0,0,301.3
5569,L52748,L,348.3415023,312.1,1534,38.6,2.284648427,3,0,0,0,0,0,302.5
572,M15431,M,359.5038695,309.8,1676,29,4.416865309,178,0,0,0,0,0,297.8
6742,M21601,M,372.2383802,311.1,1506,39.5,6.488628178,158,0,0,0,0,0,301.7
432,L47611,L,248.0650615,308.5,1446,41.9,6.774977696,32,0,0,0,0,0,297.5
8506,L55685,L,106.4583906,309.7,1530,38.6,1.361183376,161,0,0,0,0,0,298.4
6486,L53665,L,305.0236444,309.8,1629,37.6,6.948285286,162,0,0,0,0,,300.6
6417,H35830,H,174.9045068,310.1,1484,38,3.277900582,198,0,0,0,0,0,300.4
8650,L55829,L,173.437401,308.4,1328,61.8,4.319930026,98,0,0,0,0,0,297.4
1050,L48229,L,299.494587,307.6,1415,44.2,1.292138361,106,0,0,0,0,0,296.5
3944,L51123,L,211.2346315,311.4,1333,66.7,9.207082994,205,0,0,1,1,0,302.3
5651,L52830,,111.1547178,312,1456,46.3,9.180041355,208,0,0,0,0,0,302.5
5340,M20199,M,109.2475112,312.7,1594,32.8,5.951989818,79,0,0,0,0,0,303.4
7417,M22276,M,355.6596132,311.2,1452,42.4,3.949348116,190,,0,0,0,0,300.1
7529,M22388,M,384.8851101,311.3,1748,26.6,9.667863228,42,0,0,0,0,0,300.1
4782,L51961,L,376.8397996,312.3,1384,45.9,1.22949367,121,0,0,0,0,0,303.7
3284,L50463,L,240.0437175,309.9,1449,,1.994498332,23,0,0,0,0,0,301.2
8790,L55969,L,393.4201352,308.5,1471,43.9,7.368709204,45,0,0,0,0,0,297.4
2639,L49818,L,178.8617233,309.5,1739,27.5,9.865168098,128,0,0,0,0,0,299.8
2650,M17509,M,104.7659477,309.5,1582,38.2,7.861755078,160,0,0,0,0,0,299.9
9957,M24816,M,100.5946823,307.8,1578,34.5,5.165042355,127,0,0,0,0,0,298.2
6051,M20910,M,148.8169628,311.1,1546,37.7,6.588922679,133,0,0,0,0,0,300.9
2761,L49940,L,387.3461854,309.2,1400,42.6,8.640528659,210,0,0,0,0,0,299.8
4683,L51862,L,115.679329,311.8,1567,31.7,3.387627145,97,0,0,0,0,0,303.6
4109,L51288,L,369.988811,310.5,1892,21.8,6.566113243,177,0,0,0,0,0,301.9
3956,L51135,L,180.5681947,311.5,1448,,1.453134262,28,0,0,0,0,0,302.3
2402,M17261,M,265.6284651,308.6,1367,47.6,7.227572239,168,0,0,0,0,0,
9032,H38445,H,230.6286437,308.4,1793,23.9,4.143818764,28,0,0,0,0,0,297.5
5115,M19974,M,330.5046376,313.8,1481,44.9,2.986690697,136,0,0,0,0,0,304.2
2553,H31966,H,215.3101723,309.1,1552,40.7,7.509654124,120,0,0,0,0,0,299.3
2737,M17596,M,226.9985078,309.1,1576,,8.60838516,149,0,0,0,0,0,299.7
8481,L55660,L,301.0726625,309.6,1477,35.6,5.458159782,101,0,0,0,0,0,298.4
5163,L52342,L,265.7703342,313.3,1464,45.9,1.926524303,48,0,0,0,0,0,304.2
565,H29978,H,344.3164442,309.6,1669,32.1,6.642405547,155,0,0,0,0,0,297.6
2720,L49899,L,307.875331,309.2,1690,,8.88613784,108,0,0,0,0,0,299.5
3948,H33361,H,335.2964234,311.3,1749,29.2,8.842804558,5,0,0,0,0,0,302.2
4746,H34159,H,245.0532744,311.2,1475,43.1,3.274896254,20,0,0,0,0,0,303.2
8967,L56146,L,310.152001,307.8,1636,30.3,9.496917225,90,0,0,0,0,0,297.1
281,M15140,M,172.8632735,308.1,1456,43.7,5.527286262,80,,0,0,0,0,
3159,L50338,L,181.8998294,309.7,1679,30.1,3.765289766,136,0,0,0,0,0,300.4
8624,M23483,M,137.5524599,308.3,1476,45.6,9.268954464,31,0,0,0,0,0,297.5
8919,L56098,L,210.8265091,308.2,1402,51.2,2.120377048,186,0,0,0,0,,297.1
9266,M24125,M,213.2751527,308.9,1390,49.7,8.604928051,23,0,0,0,0,0,298.3
1979,L49158,L,162.8445708,307.7,1442,43.6,2.605176965,148,,0,0,0,0,298
1799,M16658,M,332.7903057,307.5,1431,52.9,3.251845809,92,0,0,0,0,0,298
5972,L53151,L,179.4149704,310.8,1509,33,4.115109909,153,0,0,0,0,0,300.5
1917,L49096,L,290.8621137,307.7,1387,50.8,7.680647779,204,0,0,0,0,0,298
2554,L49733,L,381.5603216,309.1,1473,40.3,5.243311742,125,0,0,0,0,0,299.3
9655,L56834,L,370.6570366,310,1367,56.3,7.406452989,203,0,0,0,1,0,299.1
3237,M18096,M,212.2887893,309.4,1342,62.4,9.004236135,113,0,1,0,0,0,300.8
4634,L51813,L,204.8061821,311.2,1382,50.5,9.053779021,203,0,0,0,0,0,303
6751,M21610,M,299.1030905,311,1505,44,3.91785363,187,0,0,0,0,0,301.7
1976,L49155,L,325.456789,307.7,1422,45.6,8.947721884,140,0,0,0,0,0,298
3304,L50483,L,306.8507728,310.4,1390,49.9,4.22162122,74,0,0,0,0,0,301.2
2571,L49750,L,296.8063531,309.2,1713,26.5,9.588360953,167,,0,0,0,0,299.6
3025,L50204,L,238.481192,309.6,1465,41.6,5.414895948,217,0,0,0,0,0,300.5
3344,M18203,M,182.0993125,310.8,1628,36.4,6.611738115,167,0,0,0,0,0,301.5
4938,L52117,L,126.5132162,312.3,1540,38.7,4.038379731,96,0,0,0,0,0,303.4
3125,L50304,L,179.2205514,309.4,1568,39.7,7.194347382,42,0,0,0,0,0,300.1
1706,M16565,M,239.059144,307.8,1608,32.6,5.533106555,57,0,0,0,0,0,298.1
8229,M23088,M,383.1229496,310.4,1422,49.3,3.982520954,69,0,0,0,0,0,299.1
7618,L54797,L,129.6470379,311.4,1556,45.3,6.281747726,58,0,0,0,0,0,300.5
399,H29812,H,227.2508146,308.3,1502,43.6,9.638887056,169,0,0,0,0,0,297.4
8625,H38038,H,311.1232978,308.4,1490,39.7,9.583550551,34,0,0,0,0,0,297.5
5230,H34643,H,218.8882613,313.1,1790,26.7,4.572617367,17,0,0,0,0,0,303.9
1317,L48496,L,170.435692,310.3,1507,36.7,5.302423043,173,0,0,0,0,0,299
6531,H35944,H,177.9892699,310.6,1605,32.5,1.504168239,59,0,0,0,0,0,301.3
9572,L56751,L,348.7615842,310.8,1589,,5.910290446,190,0,0,0,0,0,
7015,H36428,H,158.3680695,310.5,1403,47.7,1.405866558,24,0,0,0,0,0,300.5
2445,L49624,L,232.2327553,308.6,1267,68.2,7.31578556,76,,0,1,0,0,
2450,L49629,L,293.6641199,308.8,1772,25.2,5.332430672,89,0,0,0,0,0,299.3
1207,H30620,H,280.3490036,308,1318,,1.37717137,88,0,0,0,0,0,296.9
2537,L49716,L,314.2996916,308.8,1281,53.9,7.381809516,77,0,0,0,0,0,298.9
7986,L55165,L,399.3449086,312.2,1540,34.1,8.603041145,113,0,0,0,0,0,301
2830,L50009,L,105.259031,309.3,1612,36,9.577655081,158,0,0,0,0,0,300.3
4870,L52049,L,115.1524441,312.4,1718,26.5,4.761709949,130,0,0,0,0,0,303.7
1532,H30945,H,386.3607169,309,1438,41.4,1.125732582,60,,0,0,0,0,
4132,L51311,L,236.3677734,310.3,1485,46.3,8.422891829,24,0,0,0,0,0,301.9
6400,M21259,M,177.9485053,309.6,1501,,2.63971218,157,,0,0,0,0,
9720,L56899,L,178.8944664,309.9,1309,56.2,9.887909424,119,0,0,0,0,0,298.9
8255,M23114,M,189.4780559,310.4,1625,37.1,6.851337534,131,,0,0,0,0,299
9568,L56747,L,124.881348,311.1,1412,42.5,1.061613147,181,0,0,0,0,0,299.8
65,L47244,L,131.9675386,309.1,1523,38.6,4.753152693,177,0,0,0,0,0,299
1386,M16245,M,151.785501,310.2,1603,36.1,1.773625081,126,0,0,0,0,0,298.9
3006,L50185,L,366.1365254,309.9,1503,37.4,2.158770705,175,0,0,0,0,0,300.5
8987,M23846,M,242.0475052,307.8,1443,43.9,9.638768013,137,0,0,0,0,0,297.1
4826,L52005,L,223.8634214,311.8,1692,30.6,4.308997207,18,0,0,0,0,0,303.3
6127,L53306,,243.2477434,310.9,1370,52.5,9.122539592,107,0,0,0,0,0,
847,M15706,M,122.3130296,307.4,1416,50,9.929556876,210,0,0,0,0,0,296.4
8141,L55320,,164.3969112,310.9,1658,28,4.44109273,76,0,0,0,0,0,299.6
6340,L53519,L,106.955138,310,1451,48.6,9.317621985,208,0,0,0,0,0,300.5
4558,L51737,L,260.4870528,310.6,1686,26.3,1.642990752,9,0,0,0,0,0,302.7
9610,L56789,L,286.3812551,310.1,1470,,5.164836238,83,0,0,0,0,0,299
6456,L53635,L,383.0918426,310.1,1565,,8.088629504,81,0,0,0,0,0,
78,L47257,L,169.3912623,308.9,1455,41.3,4.598419801,208,1,0,0,0,0,298.8
5576,H34989,H,282.650968,312,1477,39.7,6.456654732,18,0,0,0,0,0,302.4
5828,L53007,L,189.1504526,311.1,1624,40.9,1.208675637,0,0,0,0,0,0,301.3
3641,H33054,H,284.5469901,311.6,1544,39.1,2.002617919,70,0,0,0,0,0,302.4
3945,L51124,L,193.7475294,311.2,1381,,6.761929755,207,,0,0,0,0,302.2
598,H30011,,271.6993838,309.6,1428,46.6,4.522312796,13,0,0,0,0,0,
9934,L57113,L,138.9771021,308.3,1597,32.4,4.558039578,69,0,0,0,0,0,298.3
7098,M21957,M,233.350692,310.2,1233,52.3,7.327239783,23,,0,0,0,0,300.6
7187,M22046,M,203.3106394,310.5,1644,31.4,4.608047557,41,0,0,0,0,0,300.4
3840,M18699,M,334.8950648,311,1578,33.5,6.680619118,158,0,0,0,0,0,302.3
6055,H35468,H,133.8991609,310.8,1518,40.1,8.489819254,142,,0,0,0,0,300.7
7500,L54679,L,153.4852143,311.8,1746,26.3,5.847619354,187,0,0,0,0,0,300.3
8508,L55687,L,218.4700428,309.7,1518,39.8,3.787385092,165,0,0,0,0,0,298.4
3747,H33160,H,106.5679114,311.3,1393,47.5,5.515484995,130,0,0,0,0,0,302.5
5728,M20587,M,188.7014362,311.8,1559,34.4,8.615087121,191,0,0,0,0,0,302.3
7749,L54928,L,133.9218819,311.7,1515,47.4,9.814780892,170,0,0,0,0,0,300.4
8994,M23853,M,384.9191734,307.9,1632,37.5,4.937564743,156,0,0,0,0,,297.2
2716,M17575,M,320.6038407,309,1701,28.6,2.441497389,98,0,0,0,0,0,299.5
8274,M23133,M,236.4601295,310.6,1787,22.2,8.078780355,192,0,0,0,0,0,299
5556,L52735,L,160.2794416,312,1411,44.2,2.071429948,177,0,0,0,0,0,302.5
862,M15721,M,181.2392399,306.9,1951,23.3,8.327615261,38,0,0,0,0,0,
4496,L51675,L,163.756827,310.4,1359,57.2,9.816528597,67,0,1,0,0,0,302.6
3553,M18412,M,167.5883593,310.9,1358,52.3,2.570702327,56,0,0,0,0,0,301.8
1937,M16796,M,195.8539586,308,2129,18.4,4.270867359,45,0,0,0,0,0,298.1
2104,M16963,M,271.7367061,309.1,1376,46.7,6.867975411,49,0,0,0,0,0,
2861,H32274,H,320.1729701,309.4,1463,49.2,3.125313344,235,0,0,0,0,0,300.6
7845,L55024,L,148.2757401,311.7,1503,42.6,7.504314385,208,0,0,0,0,0,300.1
7871,M22730,M,218.3434681,312.1,1293,52.3,7.484234293,49,0,0,0,0,0,300.6
3293,L50472,L,197.5248497,310.3,1400,44.3,7.976497994,47,0,0,0,0,0,301.3
9760,L56939,L,318.5422054,309.7,1613,36.7,8.18391336,0,0,0,0,0,0,298.5
3693,L50872,L,356.204082,311.3,1758,24.4,7.081509452,200,0,0,0,0,0,302.1
6715,L53894,L,109.4632727,310.6,1440,53.8,4.464244935,90,0,0,0,0,0,301.3
9962,L57141,L,332.0337236,307.9,1399,54.9,7.767077689,139,0,0,0,0,0,
7077,L54256,L,213.2156384,310.5,1960,21,6.329525476,194,0,0,0,0,0,300.7
668,L47847,L,381.5079024,308.9,1459,48.5,9.045111541,193,0,0,0,0,0,297.5
419,L47598,L,394.6160952,308.4,2151,17.7,2.434501764,0,0,0,0,0,0,297.4
6848,L54027,L,385.6412486,311.4,1757,28,5.378006878,6,0,0,0,0,0,301.2
8345,L55524,L,367.266565,309.7,1609,40.4,3.887458347,169,0,0,0,0,0,298.8
858,M15717,M,300.6794227,307.1,1350,53.3,5.709328254,22,0,0,0,0,0,296.1
5022,L52201,L,134.3352873,313,1350,61.1,5.72050739,88,0,0,0,0,0,304
7214,M22073,M,368.1555615,309.8,1427,45.2,8.807307782,106,0,0,0,0,0,299.8
6303,L53482,L,199.1514124,310.6,1437,51.2,2.080729797,112,0,0,0,0,0,301.2
6615,L53794,L,174.1583831,310.6,1660,28.7,2.255121948,66,0,0,0,0,0,301.7
8912,L56091,L,352.9983254,308.3,1773,,7.97426161,169,0,0,0,0,0,
430,L47609,L,122.0074555,308.6,1208,62.3,6.162084393,28,0,0,0,0,0,297.5
7608,M22467,M,104.194499,311.3,1468,41.1,6.892997864,34,0,0,0,0,0,300.5
3519,L50698,L,197.6307481,311,1376,44.9,9.452631011,186,0,0,0,0,0,301.9
1126,M15985,M,170.3824703,307.8,1375,51.4,2.828755724,108,0,0,0,0,0,296.7
720,L47899,L,163.0550538,308.8,1447,58.1,6.386498229,129,0,0,0,0,0,297.4
3138,L50317,L,255.1142659,309.9,1567,36.5,1.851762463,72,0,0,0,0,0,300.4
3600,H33013,H,309.8563013,310.5,1388,,2.091837966,176,,0,0,0,0,301.7
8807,L55986,L,164.8429593,308.5,1692,34.3,7.963233764,83,0,0,0,0,0,297.4
396,L47575,L,281.7634561,308.3,1571,37.7,3.653590709,162,,0,0,0,0,
9052,L56231,L,213.6706151,308.6,1820,24.6,8.067866577,79,0,0,0,0,0,297.4
8897,L56076,L,137.3530893,308.7,1638,31.9,3.755239443,131,0,0,0,0,0,297.4
8428,L55607,L,278.9040456,310.4,1505,46.1,4.627768118,176,0,0,0,0,,
8348,L55527,L,390.216088,309.6,1665,31.1,3.081907721,178,0,0,0,0,0,298.7
1026,L48205,L,255.5750709,307.3,1475,37,8.206539576,44,0,0,0,0,0,
4642,H34055,H,238.6469054,311.3,1494,42.7,5.741611688,221,0,0,0,0,0,303.1
5429,L52608,L,332.089965,312.4,1453,47.3,2.540438358,62,0,0,0,0,0,302.7
5625,M20484,M,275.5592985,312.2,1469,,7.770446935,143,0,0,0,0,0,302.8
9314,L56493,L,131.6159526,309.4,1418,45.1,1.905665934,148,0,0,0,0,0,298.5
7590,L54769,L,330.2531932,311,1802,26,9.489081466,197,0,0,0,0,0,
1956,L49135,L,104.1853678,307.7,1308,55.2,7.021172678,87,0,0,0,0,0,297.9
1318,L48497,L,295.7259508,310.3,1428,46.3,4.141048783,175,0,0,0,0,0,299
310,M15169,M,189.6229498,308.5,1449,40.8,9.575864794,157,0,0,0,0,0,297.9
1487,M16346,M,277.76433,309.2,1524,34.6,5.030412154,161,0,0,0,0,0,298.2
7040,H36453,H,180.1878355,310.5,1519,37,3.339993923,91,0,0,0,0,0,300.6
2189,L49368,,279.6140152,309.3,1420,44.1,5.508036684,60,0,0,0,0,0,299.7
5768,M20627,M,232.9848492,311.2,1415,46.5,4.431663754,82,0,0,0,0,0,301.6
7945,L55124,L,356.220104,311.7,1414,49,8.89549469,10,0,0,0,0,0,300.8
2074,L49253,L,269.7937009,309.4,1677,31.1,7.861143756,191,0,0,0,0,0,299.6
2290,L49469,L,157.4963639,308.7,1504,37.8,4.935332651,112,0,0,0,0,0,299.4
1633,L48812,L,391.1725472,307.9,1426,43.6,2.753019351,89,0,0,0,0,0,297.9
1201,M16060,M,309.1036987,308,1430,55.9,9.084566605,71,0,0,0,0,0,
1583,H30996,H,295.3456108,308.3,1530,42,7.428961493,184,0,0,0,0,0,298.1
5479,L52658,L,242.8079624,312.2,1611,34.1,6.368601001,186,0,0,0,0,0,302.7
269,H29682,H,120.13373,308,1800,24.8,1.388262675,44,0,0,0,0,0,297.9
5296,L52475,L,206.2405735,313.2,1336,47.8,4.347508333,176,0,0,0,0,0,303.8
6638,H36051,H,315.111507,310.5,1453,48,2.27964757,124,0,0,0,0,0,301.5
7682,L54861,L,201.3399597,311.8,1443,43.7,8.157879659,217,0,0,0,0,0,300.7
2947,M17806,M,167.5439657,309.5,1622,30.5,6.88632979,14,0,0,0,0,0,300.7
9184,L56363,L,354.7080764,309.1,1543,36.6,8.386927921,20,0,0,0,0,0,297.9
8124,H37537,H,284.3633454,311.5,1515,36.8,6.791454353,27,0,0,0,0,0,300.2
5169,H34582,H,211.8192737,313.4,1696,29.6,8.973851384,65,0,0,0,0,0,304.1
2700,L49879,L,317.4411711,309.4,1363,60.9,4.773311727,57,0,0,0,0,0,299.9
632,L47811,L,337.4471944,310,1554,37.3,4.660283099,103,0,0,0,0,0,298.4
8387,M23246,M,122.054463,309.9,1501,37.1,8.000184303,70,0,0,0,0,0,298.9
8544,M23403,M,245.93529,309.4,1365,48.7,6.580840889,56,0,0,0,0,0,298.5
9303,M24162,M,390.1253356,308.9,1804,25.1,4.3179042,118,0,0,0,0,0,298.1
6905,M21764,M,387.363333,311.5,1704,31.3,6.778353065,159,0,0,0,0,0,300.9
3586,L50765,L,175.4928822,310.7,1947,25,4.556348924,137,0,0,0,0,0,301.9
5993,L53172,L,324.0926284,310.6,1288,47.2,4.262487494,216,0,0,0,0,0,300.7
8041,L55220,L,360.5862618,311.9,1498,39.3,6.709874814,23,0,0,0,0,0,300.8
7695,H37108,H,187.4355023,311.7,1500,36.7,3.360356951,17,0,0,0,0,0,300.6
1980,H31393,H,223.5883965,307.6,1420,45.8,1.611533405,150,,0,0,0,0,298
6692,M21551,M,360.9637963,311,1510,47.8,1.58243644,27,0,0,0,0,0,301.7
7023,L54202,L,159.9717121,310.5,1561,33.2,7.718686014,48,0,0,0,0,0,300.7
8832,H38245,H,111.6047144,308.7,1726,26.8,8.832615035,158,0,0,0,0,0,297.4
930,L48109,L,262.2113614,306,1419,51.1,4.292012144,7,0,0,0,0,0,295.6
6874,L54053,L,381.608953,311.4,1478,39.5,1.295931768,75,0,0,0,0,0,301
8960,L56139,L,249.0257532,308,1420,,7.852691271,73,,0,0,0,0,297.3
5224,M20083,M,264.9800429,313.2,1350,47.2,7.765230769,2,0,0,0,0,0,
3620,L50799,L,295.9652063,311.2,1435,,5.781090503,16,0,0,0,0,0,301.9
1894,L49073,L,175.9055954,307.5,1631,29.9,7.079824558,144,0,0,0,0,0,297.8
1691,M16550,M,298.4756967,307.4,1435,42.9,3.715193484,18,0,0,0,0,0,297.9
92,L47271,L,158.1224056,308.9,1830,24.9,4.267531869,35,0,0,0,0,0,298.9
1745,M16604,M,313.1602379,308,1461,51.9,5.781085808,157,0,0,0,0,0,298.5
5266,M20125,M,187.3317513,312.9,1883,23.3,2.60773563,100,0,0,0,0,0,303.5
2794,L49973,L,151.8423581,309.6,1597,31.8,2.236937403,73,,0,0,0,0,300.3
6289,L53468,L,255.160691,310.5,1317,50.9,6.19637454,75,0,0,0,0,0,301
7391,M22250,M,328.9290497,310.5,1490,41.2,1.3980436,126,0,0,0,0,0,299.7
5016,L52195,L,364.0368116,313,1759,28.4,9.9939949,74,0,0,0,0,0,303.9
9036,M23895,M,374.5309185,308.1,1731,27.7,3.977105445,42,0,0,0,0,0,297.3
6935,L54114,L,377.9577911,311.4,1536,40.9,9.00554126,22,0,0,0,0,0,300.8
3047,M17906,M,382.6598229,309.4,1501,,3.650227998,48,0,0,0,0,0,
9160,M24019,M,267.3153246,308.6,1510,35.5,1.909647422,155,0,0,0,0,0,297.5
5697,H35110,H,306.3152362,311.9,1595,34.6,5.033938023,112,0,0,0,0,0,
9280,M24139,M,108.6109412,308.8,1645,28.2,3.223683704,58,0,0,0,0,0,298.2
7863,M22722,M,348.2237155,312,1382,54.1,7.941481347,27,0,0,0,0,0,300.5
7583,H36996,H,356.3905913,311.2,1489,45.3,2.62935194,180,0,0,0,0,0,300.4
1100,M15959,M,156.2587028,307.4,1472,43.9,2.44162665,30,,0,0,0,0,296.8
782,L47961,L,254.7902322,308,1675,29.7,6.318202848,46,0,0,0,0,0,296.8
4968,L52147,L,378.3289717,312.6,1426,53.4,1.065902819,172,0,0,0,0,0,303.9
1239,M16098,M,253.354315,308.4,1615,32.6,6.460377221,184,0,0,0,0,0,
6416,L53595,L,177.026819,310.1,1503,42.2,2.215344063,196,0,0,0,0,0,300.4
7563,M22422,M,178.800805,311.1,1350,58.7,1.362173955,130,0,0,0,0,0,300.3
1474,M16333,M,255.7736277,309.5,1315,48.9,6.345237424,127,0,0,0,0,0,298.5
7821,M22680,M,311.5990663,311.2,1706,29.2,9.153818444,148,0,0,0,0,0,299.8
7234,L54413,L,139.7587123,310,1447,45.9,7.874451178,162,0,0,0,0,0,299.9
7900,L55079,L,197.2292993,312.4,1364,52.5,3.46475983,125,0,0,0,0,0,300.9
6106,M20965,M,347.4896194,310.9,1522,46.2,6.434826115,56,0,0,0,0,0,300.8
4946,L52125,L,330.1017852,312.7,1418,,4.780270509,118,0,0,0,0,0,303.6
7409,L54588,L,344.0334965,310.9,1292,51.1,6.526883712,173,0,0,0,0,0,299.9
8044,L55223,L,325.1731576,311.9,1486,35.8,9.776204922,32,0,0,0,0,0,300.7
5949,L53128,L,119.4242106,310.8,2113,18.5,6.593962967,95,0,0,0,0,0,300.7
4460,L51639,L,190.8251936,310.4,1743,26.3,1.540292418,191,0,0,0,0,0,302.6
805,M15664,M,269.6879997,307.8,1544,37.6,3.386375809,109,0,0,0,0,0,296.9
2669,M17528,M,382.6970682,309.3,1640,31.1,8.858547259,211,0,0,0,0,0,299.8
7638,H37051,H,311.1283244,311.4,1445,52.4,6.189605363,105,0,0,0,0,0,300.4
4403,H33816,H,269.5513857,310.2,1506,33.8,6.822771557,43,0,0,0,0,0,302.3
2855,L50034,L,304.9225902,309.3,1470,40.8,9.663403686,219,0,0,0,0,0,300.5
9198,M24057,M,346.5464587,308.8,1469,49,5.145711127,51,0,0,0,0,0,
7044,M21903,M,317.4195482,310.6,2006,19.1,1.970764805,102,0,0,0,0,0,300.7
3091,H32504,H,305.2996181,309.3,1448,45.8,3.467026994,163,0,0,0,0,0,300.1
365,L47544,L,284.0541882,308.4,1407,55.2,1.960933093,86,0,0,0,0,0,297.6
2999,L50178,L,205.6695402,309.7,1616,34.5,7.016081189,155,0,0,0,0,0,300.5
1566,L48745,L,320.730909,308.2,1459,42.1,3.568101584,146,0,0,0,0,0,298
9155,L56334,L,133.8460675,308.6,1596,,2.648939645,141,,0,0,0,0,
5520,L52699,L,301.5014897,311.9,1452,47.4,2.582227376,77,0,0,0,0,0,302.5
5387,L52566,L,319.0093034,312.2,1469,42,2.344474625,214,0,0,0,0,0,302.9
3259,L50438,L,329.1908424,309.9,1643,32.9,3.517974517,171,0,0,0,0,0,301.2
7055,H36468,H,280.8301583,310.5,1476,43.1,3.038362831,134,0,0,0,0,0,300.7
7133,L54312,L,393.1947215,309.9,1423,47.9,9.773994446,114,0,0,0,0,0,300.5
991,L48170,L,244.6295749,307,1414,48.3,9.698286025,162,,0,0,0,0,296.2
5003,L52182,L,280.954816,312.8,1627,31.7,7.580965221,40,,0,0,0,0,303.7
1503,L48682,L,347.5890237,308.7,1462,48.2,2.412895608,204,0,0,0,0,0,298
3264,L50443,L,273.0767049,310,1344,54.8,8.843338272,186,0,0,0,0,0,301.3
7779,L54958,L,109.399167,311.6,1517,39,3.115339557,45,0,0,0,0,0,
289,H29702,H,398.3849978,308.4,1385,42.2,4.969337697,98,0,0,0,0,0,298.2
3624,M18483,M,109.2812473,311.3,1530,36.4,5.171701099,27,0,0,0,0,0,302
1210,H30623,H,190.8606621,308.1,2540,13.3,9.473216087,98,0,0,0,0,0,297
9919,L57098,L,279.5790007,308.8,1352,56.7,4.19943401,24,0,0,0,0,0,298.4
9021,L56200,L,159.3836254,308.2,1553,33.5,8.625861525,2,0,0,0,0,0,
9668,L56847,L,274.1928082,310.3,1352,48.9,4.631215472,238,0,0,0,1,0,299.2
438,L47617,L,326.3816878,308.3,1538,38.5,5.171263524,47,0,0,0,0,0,297.3
5028,L52207,L,325.201407,313.3,1294,54.6,3.11077596,102,0,0,0,0,0,304
6753,L53932,L,295.3604898,310.9,1706,29.5,3.910821383,193,,0,0,0,0,301.6
9346,L56525,L,186.4532172,308.8,1442,47,9.194556349,18,0,0,0,0,0,298.2
7309,L54488,L,310.2773529,310.4,1333,49.1,7.054257675,131,0,0,0,0,0,300
6168,M21027,M,137.2066514,310.7,1362,51.6,6.873138287,212,0,0,0,0,0,300.9
8802,L55981,L,284.2717844,308.6,1488,36.4,7.09802899,71,0,0,0,0,0,297.4
4179,L51358,L,215.8841954,310.9,1624,34.4,9.34435329,146,0,0,0,0,0,302.5
3114,M17973,M,167.2931184,309.1,1345,56.8,4.36406911,10,0,0,0,0,0,299.9
5756,L52935,L,226.8916782,311.4,1391,49.2,6.076964417,52,0,0,0,0,0,302.1
5186,L52365,L,191.9443436,313,2012,21.1,6.585754903,115,0,0,0,0,0,304
1522,M16381,M,180.900397,308.9,1585,34.3,7.332306564,33,0,0,0,0,0,298.2
3262,H32675,H,214.4574275,310.1,1469,,5.278786152,179,0,0,0,0,0,301.3
658,L47837,L,213.8344802,309.2,1365,58.6,9.81657464,170,0,0,0,0,0,297.7
2408,M17267,M,342.6770972,308.6,1499,45.1,6.953889443,185,0,0,0,0,0,299.1
8952,L56131,L,359.7064128,308.1,1763,28.4,5.919361544,54,0,0,0,0,0,297.3
5992,L53171,L,170.505752,310.7,1416,40.4,6.33466894,214,0,0,0,0,0,300.7
156,H29569,H,261.9897097,308.2,1987,19.8,5.197670553,198,0,0,0,0,0,298.4
7510,L54689,L,229.712847,311.9,1372,60.1,2.553593893,212,0,0,0,1,0,300.6
5389,M20248,M,332.6367157,312.3,1432,49,4.630045775,218,0,0,0,0,0,302.8
9339,H38752,H,318.8608716,309,1531,30.8,2.120557343,212,0,0,0,0,0,298.5
9924,M24783,M,188.2840872,308.7,1615,33.3,9.261636294,41,0,0,0,0,0,298.5
8183,M23042,M,168.7089136,311.1,1649,32.7,4.732911703,185,0,0,0,0,0,299.7
4392,M19251,M,360.7423464,310.1,1368,51.6,9.985440201,12,0,1,0,0,0,302.2
1824,L49003,L,105.1528511,307.7,1414,,5.377475891,159,0,0,0,0,0,298.1
2221,M17080,M,298.7215953,309,1736,26.1,7.635706509,146,0,0,0,0,0,299.6
4129,L51308,L,238.5773432,310.4,1708,24.8,5.636820295,17,0,0,0,0,,301.9
1963,L49142,L,223.3913308,307.5,1391,48.6,2.733218485,109,0,0,0,0,0,297.8
8676,H38089,H,354.5277804,308.6,1688,,8.194329786,166,,0,0,0,0,297.3
8416,M23275,M,339.3982914,309.9,1434,53,2.868123476,144,0,0,0,0,0,298.7
5094,M19953,M,342.8582224,313.3,1415,,2.088724791,82,0,0,0,0,0,304
4146,M19005,M,143.8723976,310.3,1465,46.5,5.101986145,60,0,0,0,0,0,301.8
3546,L50725,L,172.8648284,310.8,1576,38.6,3.979194686,38,0,0,0,0,0,301.8
6139,M20998,M,223.8527756,310.7,1452,43,1.60076529,139,0,0,0,0,0,300.8
9010,L56189,L,316.3603213,307.9,1579,34.4,5.362060506,193,0,0,0,0,0,297.3
121,L47300,L,123.7647049,308.7,1433,44.7,7.160994363,108,0,0,0,0,0,298.9
8156,L55335,L,201.1015847,310.8,1283,52.4,8.742706344,112,0,0,0,0,0,299.5
